#_______________________________________________________________________________
#    ######   ####     ##             #####   #####     ##    #    #    ##
#    #       #        #  #            #    #  #    #   #  #   ##  ##   #  #
#    #####    ####   ######           #    #  #####   ######  # ## #  ######
#    #            #  #    #           #    #  #    #  #    #  #    #  #    #
#____######__#####___#____#___________#####___#____#__#____#__#____#__#____#____
#
#              ESA Debris Risk Assessment and Mitigation Analysis
#
#                      ---- DRAMA ( SESAM 2.3.0 ) ----
#                                      ESA 2018 
#
#                              trajectory history file
#-------------------------------------------------------------------------------
# Filename      : PySara.OBC.4a9aeba4-5db7-410e-87ac-ff00eb69a367_Trajectory.txt
# RunID         : PySara
# ObjectID      : 4a9aeba4-5db7-410e-87ac-ff00eb69a367
# ObjectName    : OBC
# Content       : This file contains the trajectory state data of the object,
#                 computed by the DRAMA 3 Re-entry Analysis.
# Documentation : DRAMA Software User Manual, section OPERATIONS MANUAL / Normal operation / SARA / SARA Simulation Output / Re-entry simulation output
#
#--------------------------------------------------------------------------------------------------------------------------------------------------------------------------------------------------------------------------------
#  Time [s]  Altitude [km]  Lat [deg]  Lon [deg]  Velocity [km/s]   Downrange [km]       Drag       Lift       Side    Knudsen       Mach  Flight Path [deg]  Heading [deg]  Density [kg/m^2]  DynPressure [Pa]   Load Factor [g]
#--------------------------------------------------------------------------------------------------------------------------------------------------------------------------------------------------------------------------------
  1370.750          90.959    -46.230    -68.191            7.672        10664.955      1.122      0.000      0.000    0.21942   27.96062           -0.74942      194.59300         2.881e-06         8.479e+01         8.356e-01 
  1370.850          90.949    -46.237    -68.194            7.671        10665.713      1.121      0.000      0.000    0.21908   27.95815           -0.74988      194.59418         2.885e-06         8.491e+01         8.364e-01 
  1371.300          90.903    -46.267    -68.205            7.668        10669.119      1.119      0.000      0.000    0.21750   27.94667           -0.75198      194.59946         2.906e-06         8.545e+01         8.402e-01 
  1372.300          90.803    -46.332    -68.229            7.660        10676.684      1.114      0.000      0.000    0.21392   27.92011           -0.75674      194.61123         2.955e-06         8.672e+01         8.490e-01 
  1373.300          90.701    -46.398    -68.254            7.651        10684.241      1.109      0.000      0.000    0.21011   27.89125           -0.76166      194.62302         3.009e-06         8.811e+01         8.586e-01 
  1374.300          90.599    -46.464    -68.279            7.643        10691.790      1.104      0.000      0.000    0.20635   27.86202           -0.76672      194.63484         3.064e-06         8.953e+01         8.682e-01 
  1375.300          90.497    -46.529    -68.304            7.635        10699.330      1.098      0.000      0.000    0.20264   27.83243           -0.77195      194.64669         3.121e-06         9.097e+01         8.779e-01 
  1376.300          90.393    -46.595    -68.329            7.626        10706.862      1.093      0.000      0.000    0.19898   27.80246           -0.77733      194.65857         3.178e-06         9.245e+01         8.878e-01 
  1377.300          90.290    -46.660    -68.353            7.617        10714.385      1.088      0.000      0.000    0.19536   27.77211           -0.78286      194.67048         3.237e-06         9.395e+01         8.978e-01 
  1378.300          90.185    -46.726    -68.378            7.609        10721.900      1.082      0.000      0.000    0.19178   27.74137           -0.78856      194.68242         3.298e-06         9.549e+01         9.079e-01 
  1379.300          90.080    -46.791    -68.403            7.600        10729.407      1.077      0.000      0.000    0.18825   27.71025           -0.79442      194.69439         3.360e-06         9.707e+01         9.182e-01 
  1380.300          89.974    -46.856    -68.428            7.591        10736.904      1.071      0.000      0.000    0.18477   27.67874           -0.80045      194.70638         3.424e-06         9.867e+01         9.286e-01 
  1381.300          89.868    -46.921    -68.453            7.582        10744.393      1.065      0.000      0.000    0.18132   27.64683           -0.80664      194.71840         3.489e-06         1.003e+02         9.391e-01 
  1382.300          89.761    -46.986    -68.478            7.573        10751.873      1.060      0.000      0.000    0.17792   27.61452           -0.81300      194.73045         3.556e-06         1.020e+02         9.497e-01 
  1383.300          89.653    -47.051    -68.503            7.564        10759.343      1.054      0.000      0.000    0.17456   27.58180           -0.81954      194.74252         3.625e-06         1.037e+02         9.605e-01 
  1384.300          89.545    -47.116    -68.528            7.554        10766.805      1.048      0.000      0.000    0.17123   27.54866           -0.82624      194.75463         3.695e-06         1.055e+02         9.715e-01 
  1385.300          89.435    -47.181    -68.553            7.545        10774.257      1.042      0.000      0.000    0.16795   27.51511           -0.83312      194.76676         3.768e-06         1.073e+02         9.826e-01 
  1386.300          89.325    -47.245    -68.578            7.535        10781.700      1.037      0.000      0.000    0.16471   27.48114           -0.84018      194.77891         3.842e-06         1.091e+02         9.939e-01 
  1387.300          89.214    -47.310    -68.603            7.525        10789.134      1.031      0.000      0.000    0.16151   27.44673           -0.84742      194.79109         3.919e-06         1.110e+02         1.005e+00 
  1388.300          89.103    -47.374    -68.628            7.516        10796.558      1.025      0.000      0.000    0.15834   27.41189           -0.85484      194.80330         3.997e-06         1.129e+02         1.017e+00 
  1389.300          88.990    -47.439    -68.653            7.506        10803.972      1.019      0.000      0.000    0.15522   27.37661           -0.86244      194.81553         4.078e-06         1.149e+02         1.029e+00 
  1390.300          88.877    -47.503    -68.678            7.496        10811.377      1.013      0.000      0.000    0.15213   27.34088           -0.87024      194.82779         4.161e-06         1.169e+02         1.041e+00 
  1391.300          88.762    -47.567    -68.703            7.486        10818.771      1.007      0.000      0.000    0.14908   27.30469           -0.87822      194.84007         4.246e-06         1.190e+02         1.053e+00 
  1392.300          88.647    -47.631    -68.728            7.475        10826.156      1.001      0.000      0.000    0.14607   27.26804           -0.88639      194.85238         4.334e-06         1.211e+02         1.065e+00 
  1393.300          88.531    -47.695    -68.754            7.465        10833.530      0.995      0.000      0.000    0.14309   27.23092           -0.89476      194.86471         4.424e-06         1.233e+02         1.078e+00 
  1394.300          88.414    -47.759    -68.779            7.454        10840.894      0.988      0.000      0.000    0.14016   27.19333           -0.90332      194.87707         4.517e-06         1.256e+02         1.090e+00 
  1395.300          88.296    -47.823    -68.804            7.444        10848.248      0.982      0.000      0.000    0.13725   27.15525           -0.91209      194.88945         4.613e-06         1.279e+02         1.103e+00 
  1396.300          88.177    -47.887    -68.829            7.433        10855.591      0.976      0.000      0.000    0.13439   27.11669           -0.92105      194.90185         4.712e-06         1.302e+02         1.117e+00 
  1397.300          88.057    -47.951    -68.854            7.422        10862.924      0.970      0.000      0.000    0.13156   27.07762           -0.93022      194.91428         4.813e-06         1.326e+02         1.130e+00 
  1398.300          87.936    -48.014    -68.880            7.411        10870.245      0.963      0.000      0.000    0.12877   27.03805           -0.93960      194.92673         4.918e-06         1.351e+02         1.144e+00 
  1399.300          87.814    -48.078    -68.905            7.400        10877.556      0.957      0.000      0.000    0.12601   26.99797           -0.94919      194.93920         5.026e-06         1.377e+02         1.158e+00 
  1400.300          87.691    -48.141    -68.930            7.389        10884.856      0.951      0.000      0.000    0.12329   26.95737           -0.95899      194.95170         5.137e-06         1.403e+02         1.172e+00 
  1401.300          87.567    -48.204    -68.955            7.377        10892.145      0.944      0.000      0.000    0.12060   26.91624           -0.96901      194.96421         5.251e-06         1.430e+02         1.186e+00 
  1402.300          87.441    -48.267    -68.981            7.366        10899.422      0.938      0.000      0.000    0.11795   26.87457           -0.97925      194.97675         5.369e-06         1.457e+02         1.201e+00 
  1403.300          87.315    -48.331    -69.006            7.354        10906.688      0.931      0.000      0.000    0.11534   26.83236           -0.98971      194.98931         5.491e-06         1.486e+02         1.216e+00 
  1404.300          87.187    -48.393    -69.031            7.342        10913.943      0.925      0.000      0.000    0.11275   26.78959           -1.00040      195.00188         5.617e-06         1.515e+02         1.231e+00 
  1405.300          87.058    -48.456    -69.057            7.330        10921.185      0.918      0.000      0.000    0.11021   26.74626           -1.01131      195.01448         5.747e-06         1.545e+02         1.247e+00 
  1406.300          86.928    -48.519    -69.082            7.318        10928.416      0.912      0.000      0.000    0.10770   26.70236           -1.02246      195.02710         5.881e-06         1.576e+02         1.262e+00 
  1407.300          86.797    -48.582    -69.107            7.306        10935.635      0.905      0.000      0.000    0.10522   26.65788           -1.03385      195.03973         6.020e-06         1.607e+02         1.279e+00 
  1408.300          86.665    -48.644    -69.133            7.293        10942.841      0.899      0.000      0.000    0.10278   26.61281           -1.04547      195.05239         6.163e-06         1.640e+02         1.295e+00 
  1409.300          86.531    -48.707    -69.158            7.281        10950.036      0.892      0.000      0.000    0.10037   26.56714           -1.05733      195.06506         6.311e-06         1.674e+02         1.312e+00 
  1410.300          86.396    -48.769    -69.183            7.268        10957.217      0.886      0.000      0.000    0.09799   26.52086           -1.06944      195.07775         6.465e-06         1.708e+02         1.329e+00 
  1411.300          86.260    -48.831    -69.209            7.255        10964.386      0.879      0.000      0.000    0.09565   26.47397           -1.08180      195.09046         6.623e-06         1.744e+02         1.347e+00 
  1412.300          86.122    -48.893    -69.234            7.242        10971.543      0.872      0.000      0.000    0.09333   26.42644           -1.09442      195.10318         6.788e-06         1.781e+02         1.365e+00 
  1413.300          85.983    -48.955    -69.260            7.229        10978.686      0.866      0.000      0.000    0.09105   26.37828           -1.10729      195.11592         6.958e-06         1.819e+02         1.383e+00 
  1414.300          85.843    -49.017    -69.285            7.215        10985.816      0.860      0.000      0.000    0.08895   26.30998           -1.12043      195.12867         7.122e-06         1.855e+02         1.401e+00 
  1415.300          85.701    -49.079    -69.310            7.201        10992.932      0.853      0.000      0.000    0.08687   26.24095           -1.13383      195.14144         7.293e-06         1.892e+02         1.419e+00 
  1416.300          85.558    -49.140    -69.336            7.188        11000.036      0.847      0.000      0.000    0.08482   26.17120           -1.14749      195.15423         7.469e-06         1.930e+02         1.437e+00 
  1417.300          85.413    -49.202    -69.361            7.174        11007.125      0.841      0.000      0.000    0.08281   26.10072           -1.16144      195.16702         7.651e-06         1.970e+02         1.455e+00 
  1418.300          85.267    -49.263    -69.387            7.159        11014.201      0.835      0.000      0.000    0.08082   26.02951           -1.17566      195.17983         7.839e-06         2.010e+02         1.474e+00 
  1419.300          85.119    -49.324    -69.412            7.145        11021.262      0.829      0.000      0.000    0.07887   25.95753           -1.19016      195.19266         8.034e-06         2.052e+02         1.494e+00 
  1420.300          84.970    -49.386    -69.437            7.130        11028.309      0.823      0.000      0.000    0.07694   25.88479           -1.20494      195.20549         8.235e-06         2.094e+02         1.514e+00 
  1421.300          84.819    -49.447    -69.463            7.116        11035.342      0.816      0.000      0.000    0.07505   25.81126           -1.22002      195.21834         8.443e-06         2.138e+02         1.534e+00 
  1422.300          84.667    -49.507    -69.488            7.101        11042.360      0.810      0.000      0.000    0.07318   25.73693           -1.23540      195.23119         8.658e-06         2.184e+02         1.555e+00 
  1423.300          84.513    -49.568    -69.514            7.085        11049.364      0.804      0.000      0.000    0.07135   25.66178           -1.25107      195.24406         8.880e-06         2.230e+02         1.576e+00 
  1424.300          84.358    -49.629    -69.539            7.070        11056.352      0.798      0.000      0.000    0.06955   25.58579           -1.26705      195.25693         9.111e-06         2.278e+02         1.598e+00 
  1425.300          84.201    -49.689    -69.564            7.054        11063.325      0.792      0.000      0.000    0.06777   25.50895           -1.28333      195.26981         9.349e-06         2.328e+02         1.621e+00 
  1426.300          84.042    -49.749    -69.590            7.039        11070.283      0.787      0.000      0.000    0.06603   25.43123           -1.29994      195.28270         9.596e-06         2.378e+02         1.644e+00 
  1427.300          83.881    -49.810    -69.615            7.023        11077.225      0.781      0.000      0.000    0.06432   25.35262           -1.31686      195.29560         9.852e-06         2.431e+02         1.667e+00 
  1428.300          83.719    -49.870    -69.641            7.006        11084.151      0.775      0.000      0.000    0.06263   25.27310           -1.33410      195.30850         1.012e-05         2.485e+02         1.692e+00 
  1429.300          83.555    -49.929    -69.666            6.990        11091.061      0.769      0.000      0.000    0.06098   25.19264           -1.35168      195.32141         1.039e-05         2.540e+02         1.717e+00 
  1430.300          83.389    -49.989    -69.691            6.973        11097.954      0.763      0.000      0.000    0.05935   25.11123           -1.36960      195.33432         1.068e-05         2.597e+02         1.742e+00 
  1431.300          83.222    -50.049    -69.717            6.956        11104.831      0.758      0.000      0.000    0.05775   25.02884           -1.38786      195.34723         1.097e-05         2.656e+02         1.768e+00 
  1432.300          83.052    -50.108    -69.742            6.939        11111.691      0.752      0.000      0.000    0.05619   24.94545           -1.40646      195.36015         1.128e-05         2.717e+02         1.796e+00 
  1433.300          82.881    -50.168    -69.767            6.921        11118.534      0.747      0.000      0.000    0.05465   24.86102           -1.42543      195.37307         1.160e-05         2.779e+02         1.823e+00 
  1434.300          82.708    -50.227    -69.793            6.903        11125.360      0.741      0.000      0.000    0.05314   24.77555           -1.44475      195.38599         1.193e-05         2.844e+02         1.852e+00 
  1435.300          82.533    -50.286    -69.818            6.885        11132.168      0.736      0.000      0.000    0.05165   24.68899           -1.46444      195.39890         1.227e-05         2.910e+02         1.882e+00 
  1436.300          82.356    -50.344    -69.843            6.867        11138.958      0.731      0.000      0.000    0.05020   24.60133           -1.48451      195.41182         1.262e-05         2.978e+02         1.912e+00 
  1437.300          82.177    -50.403    -69.869            6.848        11145.729      0.725      0.000      0.000    0.04877   24.51253           -1.50496      195.42473         1.299e-05         3.049e+02         1.943e+00 
  1438.300          81.996    -50.462    -69.894            6.829        11152.482      0.720      0.000      0.000    0.04737   24.42256           -1.52581      195.43764         1.338e-05         3.122e+02         1.976e+00 
  1439.300          81.813    -50.520    -69.919            6.810        11159.217      0.715      0.000      0.000    0.04600   24.33139           -1.54705      195.45055         1.378e-05         3.197e+02         2.009e+00 
  1440.300          81.628    -50.578    -69.945            6.790        11165.932      0.710      0.000      0.000    0.04466   24.23899           -1.56869      195.46344         1.419e-05         3.274e+02         2.044e+00 
  1441.300          81.442    -50.636    -69.970            6.770        11172.627      0.706      0.000      0.000    0.04334   24.14532           -1.59075      195.47633         1.462e-05         3.354e+02         2.079e+00 
  1442.300          81.253    -50.694    -69.995            6.750        11179.303      0.701      0.000      0.000    0.04205   24.05034           -1.61324      195.48921         1.507e-05         3.436e+02         2.116e+00 
  1443.300          81.062    -50.751    -70.020            6.729        11185.958      0.696      0.000      0.000    0.04079   23.95403           -1.63615      195.50208         1.554e-05         3.520e+02         2.154e+00 
  1444.300          80.868    -50.809    -70.045            6.708        11192.593      0.692      0.000      0.000    0.03956   23.85633           -1.65951      195.51494         1.602e-05         3.608e+02         2.193e+00 
  1445.300          80.673    -50.866    -70.070            6.687        11199.207      0.688      0.000      0.000    0.03835   23.75722           -1.68332      195.52779         1.653e-05         3.698e+02         2.234e+00 
  1446.300          80.475    -50.923    -70.095            6.665        11205.800      0.683      0.000      0.000    0.03717   23.65664           -1.70759      195.54062         1.705e-05         3.790e+02         2.276e+00 
  1447.300          80.276    -50.980    -70.120            6.642        11212.370      0.679      0.000      0.000    0.03601   23.55456           -1.73233      195.55344         1.760e-05         3.886e+02         2.319e+00 
  1448.300          80.074    -51.037    -70.145            6.620        11218.919      0.675      0.000      0.000    0.03488   23.45093           -1.75756      195.56623         1.817e-05         3.985e+02         2.364e+00 
  1449.300          79.870    -51.093    -70.170            6.597        11225.445      0.671      0.000      0.000    0.03377   23.34569           -1.78327      195.57901         1.877e-05         4.086e+02         2.411e+00 
  1450.300          79.663    -51.150    -70.195            6.573        11231.948      0.668      0.000      0.000    0.03269   23.23881           -1.80950      195.59177         1.939e-05         4.191e+02         2.459e+00 
  1451.300          79.455    -51.206    -70.220            6.549        11238.427      0.664      0.000      0.000    0.03164   23.13022           -1.83624      195.60450         2.003e-05         4.299e+02         2.509e+00 
  1452.300          79.244    -51.261    -70.245            6.524        11244.883      0.661      0.000      0.000    0.03061   23.01988           -1.86352      195.61721         2.070e-05         4.411e+02         2.560e+00 
  1453.300          79.030    -51.317    -70.270            6.499        11251.314      0.657      0.000      0.000    0.02961   22.90772           -1.89133      195.62989         2.141e-05         4.525e+02         2.614e+00 
  1454.300          78.815    -51.373    -70.295            6.473        11257.720      0.654      0.000      0.000    0.02863   22.79370           -1.91971      195.64254         2.214e-05         4.644e+02         2.669e+00 
  1455.300          78.597    -51.428    -70.319            6.447        11264.100      0.651      0.000      0.000    0.02767   22.67775           -1.94866      195.65516         2.291e-05         4.765e+02         2.727e+00 
  1456.300          78.376    -51.483    -70.344            6.420        11270.454      0.648      0.000      0.000    0.02674   22.55981           -1.97820      195.66775         2.370e-05         4.891e+02         2.786e+00 
  1457.300          78.153    -51.537    -70.369            6.393        11276.782      0.646      0.000      0.000    0.02583   22.43982           -2.00834      195.68030         2.454e-05         5.020e+02         2.848e+00 
  1458.300          77.928    -51.592    -70.393            6.365        11283.082      0.643      0.000      0.000    0.02494   22.31771           -2.03910      195.69282         2.541e-05         5.153e+02         2.912e+00 
  1459.300          77.700    -51.646    -70.418            6.336        11289.354      0.641      0.000      0.000    0.02408   22.19342           -2.07050      195.70529         2.632e-05         5.290e+02         2.978e+00 
  1460.300          77.470    -51.700    -70.442            6.307        11295.598      0.638      0.000      0.000    0.02324   22.06687           -2.10256      195.71772         2.727e-05         5.431e+02         3.047e+00 
  1461.300          77.238    -51.754    -70.467            6.277        11301.813      0.636      0.000      0.000    0.02242   21.93799           -2.13529      195.73011         2.826e-05         5.575e+02         3.118e+00 
  1462.300          77.002    -51.807    -70.491            6.247        11307.997      0.634      0.000      0.000    0.02163   21.80671           -2.16871      195.74245         2.930e-05         5.724e+02         3.191e+00 
  1463.300          76.765    -51.861    -70.515            6.215        11314.151      0.633      0.000      0.000    0.02085   21.67297           -2.20285      195.75474         3.039e-05         5.877e+02         3.267e+00 
  1464.300          76.525    -51.914    -70.539            6.183        11320.274      0.631      0.000      0.000    0.02010   21.53667           -2.23773      195.76697         3.153e-05         6.034e+02         3.346e+00 
  1465.300          76.282    -51.966    -70.563            6.150        11326.365      0.629      0.000      0.000    0.01937   21.39775           -2.27337      195.77915         3.272e-05         6.196e+02         3.427e+00 
  1466.300          76.037    -52.019    -70.587            6.116        11332.423      0.628      0.000      0.000    0.01866   21.25613           -2.30979      195.79126         3.396e-05         6.361e+02         3.511e+00 
  1467.300          75.789    -52.071    -70.611            6.082        11338.447      0.627      0.000      0.000    0.01797   21.11173           -2.34702      195.80332         3.526e-05         6.531e+02         3.597e+00 
  1468.300          75.539    -52.123    -70.635            6.046        11344.436      0.626      0.000      0.000    0.01730   20.96447           -2.38508      195.81530         3.663e-05         6.705e+02         3.687e+00 
  1469.300          75.286    -52.174    -70.659            6.010        11350.390      0.625      0.000      0.000    0.01666   20.81427           -2.42401      195.82722         3.805e-05         6.883e+02         3.779e+00 
  1470.300          75.030    -52.225    -70.682            5.973        11356.308      0.624      0.000      0.000    0.01603   20.66106           -2.46382      195.83906         3.955e-05         7.065e+02         3.874e+00 
  1471.300          74.772    -52.276    -70.706            5.935        11362.188      0.623      0.000      0.000    0.01542   20.50476           -2.50455      195.85083         4.111e-05         7.252e+02         3.972e+00 
  1472.300          74.512    -52.326    -70.729            5.895        11368.031      0.623      0.000      0.000    0.01482   20.34529           -2.54623      195.86251         4.275e-05         7.442e+02         4.072e+00 
  1473.300          74.248    -52.377    -70.753            5.855        11373.834      0.622      0.000      0.000    0.01425   20.18258           -2.58890      195.87411         4.447e-05         7.637e+02         4.175e+00 
  1474.300          73.983    -52.426    -70.776            5.814        11379.597      0.622      0.000      0.000    0.01370   20.01656           -2.63258      195.88562         4.627e-05         7.836e+02         4.281e+00 
  1475.300          73.714    -52.476    -70.799            5.772        11385.319      0.621      0.000      0.000    0.01316   19.84717           -2.67731      195.89704         4.816e-05         8.038e+02         4.389e+00 
  1476.300          73.443    -52.525    -70.822            5.729        11390.999      0.621      0.000      0.000    0.01264   19.67433           -2.72312      195.90836         5.014e-05         8.244e+02         4.500e+00 
  1477.300          73.170    -52.574    -70.844            5.684        11396.635      0.621      0.000      0.000    0.01214   19.49782           -2.77007      195.91957         5.222e-05         8.453e+02         4.619e+00 
  1478.300          72.894    -52.622    -70.867            5.639        11402.227      0.621      0.000      0.000    0.01165   19.31720           -2.81818      195.93068         5.440e-05         8.665e+02         4.752e+00 
  1479.300          72.615    -52.670    -70.890            5.592        11407.773      0.621      0.000      0.000    0.01118   19.13234           -2.86751      195.94168         5.668e-05         8.879e+02         4.888e+00 
  1480.300          72.334    -52.717    -70.912            5.543        11413.271      0.621      0.000      0.000    0.01073   18.94317           -2.91811      195.95256         5.907e-05         9.096e+02         5.028e+00 
  1481.300          72.051    -52.764    -70.934            5.493        11418.722      0.621      0.000      0.000    0.01029   18.74964           -2.97002      195.96331         6.158e-05         9.314e+02         5.169e+00 
  1482.300          71.765    -52.811    -70.956            5.442        11424.122      0.621      0.000      0.000    0.00987   18.55166           -3.02330      195.97394         6.422e-05         9.533e+02         5.311e+00 
  1483.300          71.477    -52.857    -70.978            5.390        11429.471      0.621      0.000      0.000    0.00947   18.33988           -3.07801      195.98443         6.691e-05         9.743e+02         5.449e+00 
  1484.300          71.186    -52.903    -71.000            5.336        11434.768      0.621      0.000      0.000    0.00909   18.12409           -3.13420      195.99479         6.973e-05         9.952e+02         5.586e+00 
  1485.300          70.894    -52.948    -71.021            5.281        11440.010      0.621      0.000      0.000    0.00872   17.90440           -3.19193      196.00500         7.268e-05         1.016e+03         5.722e+00 
  1486.300          70.598    -52.993    -71.042            5.224        11445.198      0.621      0.000      0.000    0.00837   17.68091           -3.25125      196.01505         7.577e-05         1.037e+03         5.856e+00 
  1487.300          70.301    -53.037    -71.064            5.167        11450.329      0.621      0.000      0.000    0.00802   17.45374           -3.31224      196.02495         7.900e-05         1.057e+03         5.987e+00 
  1488.300          70.001    -53.081    -71.084            5.108        11455.402      0.621      0.000      0.000    0.00769   17.22305           -3.37495      196.03469         8.238e-05         1.078e+03         6.114e+00 
  1489.300          69.700    -53.125    -71.105            5.047        11460.416      0.621      0.000      0.000    0.00738   16.98902           -3.43944      196.04427         8.592e-05         1.098e+03         6.236e+00 
  1490.300          69.396    -53.167    -71.126            4.986        11465.370      0.621      0.000      0.000    0.00707   16.75185           -3.50579      196.05367         8.962e-05         1.118e+03         6.353e+00 
  1491.300          69.090    -53.210    -71.146            4.924        11470.263      0.621      0.000      0.000    0.00678   16.51179           -3.57405      196.06289         9.350e-05         1.137e+03         6.463e+00 
  1492.300          68.782    -53.251    -71.166            4.860        11475.094      0.621      0.000      0.000    0.00650   16.26893           -3.64431      196.07193         9.756e-05         1.156e+03         6.572e+00 
  1493.300          68.472    -53.292    -71.186            4.796        11479.861      0.621      0.000      0.000    0.00623   16.02339           -3.71662      196.08078         1.018e-04         1.175e+03         6.678e+00 
  1494.300          68.160    -53.333    -71.205            4.730        11484.564      0.621      0.000      0.000    0.00597   15.77528           -3.79106      196.08944         1.062e-04         1.193e+03         6.780e+00 
  1495.300          67.846    -53.373    -71.224            4.664        11489.201      0.621      0.000      0.000    0.00572   15.52473           -3.86771      196.09791         1.109e-04         1.210e+03         6.880e+00 
  1496.300          67.531    -53.413    -71.244            4.596        11493.773      0.621      0.000      0.000    0.00548   15.27189           -3.94665      196.10617         1.157e-04         1.227e+03         6.976e+00 
  1497.300          67.214    -53.451    -71.262            4.528        11498.277      0.621      0.000      0.000    0.00525   15.01689           -4.02796      196.11423         1.208e-04         1.243e+03         7.068e+00 
  1498.300          66.895    -53.490    -71.281            4.459        11502.712      0.621      0.000      0.000    0.00502   14.75991           -4.11172      196.12208         1.261e-04         1.259e+03         7.156e+00 
  1499.300          66.574    -53.527    -71.299            4.389        11507.079      0.621      0.000      0.000    0.00481   14.50110           -4.19802      196.12971         1.317e-04         1.273e+03         7.239e+00 
  1500.300          66.252    -53.564    -71.317            4.318        11511.376      0.621      0.000      0.000    0.00461   14.24066           -4.28695      196.13713         1.375e-04         1.287e+03         7.317e+00 
  1501.300          65.929    -53.601    -71.335            4.247        11515.603      0.621      0.000      0.000    0.00442   13.97876           -4.37861      196.14432         1.435e-04         1.300e+03         7.389e+00 
  1502.300          65.604    -53.637    -71.352            4.175        11519.758      0.621      0.000      0.000    0.00423   13.71561           -4.47309      196.15129         1.499e-04         1.312e+03         7.456e+00 
  1503.300          65.278    -53.672    -71.370            4.102        11523.842      0.621      0.000      0.000    0.00405   13.45141           -4.57050      196.15802         1.565e-04         1.322e+03         7.517e+00 
  1504.300          64.950    -53.707    -71.386            4.029        11527.853      0.621      0.000      0.000    0.00388   13.18637           -4.67094      196.16452         1.634e-04         1.332e+03         7.572e+00 
  1505.300          64.622    -53.741    -71.403            3.955        11531.791      0.621      0.000      0.000    0.00371   12.92073           -4.77452      196.17079         1.706e-04         1.340e+03         7.620e+00 
  1506.300          64.292    -53.774    -71.419            3.881        11535.656      0.621      0.000      0.000    0.00356   12.65470           -4.88134      196.17682         1.781e-04         1.348e+03         7.662e+00 
  1507.300          63.961    -53.807    -71.435            3.806        11539.447      0.621      0.000      0.000    0.00341   12.38851           -4.99153      196.18260         1.860e-04         1.354e+03         7.696e+00 
  1508.300          63.630    -53.839    -71.451            3.731        11543.164      0.621      0.000      0.000    0.00326   12.12241           -5.10521      196.18814         1.942e-04         1.359e+03         7.723e+00 
  1509.300          63.297    -53.870    -71.467            3.656        11546.806      0.621      0.000      0.000    0.00313   11.85663           -5.22250      196.19343         2.027e-04         1.362e+03         7.743e+00 
  1510.300          62.964    -53.901    -71.482            3.581        11550.374      0.621      0.000      0.000    0.00299   11.59142           -5.34353      196.19847         2.116e-04         1.364e+03         7.755e+00 
  1511.300          62.630    -53.931    -71.497            3.506        11553.868      0.621      0.000      0.000    0.00287   11.32703           -5.46843      196.20326         2.209e-04         1.365e+03         7.759e+00 
  1512.300          62.296    -53.961    -71.511            3.431        11557.286      0.621      0.000      0.000    0.00275   11.06369           -5.59734      196.20779         2.306e-04         1.364e+03         7.756e+00 
  1513.300          61.961    -53.989    -71.525            3.356        11560.630      0.621      0.000      0.000    0.00263   10.80166           -5.73041      196.21208         2.406e-04         1.362e+03         7.745e+00 
  1514.300          61.626    -54.018    -71.539            3.281        11563.900      0.621      0.000      0.000    0.00252   10.54117           -5.86778      196.21611         2.511e-04         1.359e+03         7.727e+00 
  1515.300          61.290    -54.045    -71.553            3.206        11567.095      0.621      0.000      0.000    0.00242   10.28246           -6.00960      196.21988         2.620e-04         1.355e+03         7.700e+00 
  1516.300          60.954    -54.072    -71.566            3.132        11570.216      0.621      0.000      0.000    0.00232   10.02577           -6.15603      196.22339         2.733e-04         1.349e+03         7.667e+00 
  1517.300          60.618    -54.098    -71.579            3.058        11573.264      0.621      0.000      0.000    0.00222    9.77133           -6.30724      196.22665         2.851e-04         1.341e+03         7.625e+00 
  1518.300          60.282    -54.124    -71.592            2.985        11576.238      0.621      0.000      0.000    0.00213    9.51936           -6.46340      196.22966         2.974e-04         1.333e+03         7.577e+00 
  1519.300          59.946    -54.149    -71.604            2.912        11579.140      0.621      0.000      0.000    0.00204    9.27007           -6.62467      196.23240         3.101e-04         1.323e+03         7.521e+00 
  1520.300          59.611    -54.174    -71.616            2.840        11581.969      0.621      0.000      0.000    0.00196    9.02368           -6.79124      196.23490         3.234e-04         1.312e+03         7.458e+00 
  1521.300          59.275    -54.197    -71.628            2.768        11584.727      0.621      0.000      0.000    0.00188    8.78038           -6.96329      196.23713         3.371e-04         1.300e+03         7.389e+00 
  1522.300          58.939    -54.221    -71.640            2.697        11587.413      0.621      0.000      0.000    0.00180    8.54036           -7.14102      196.23912         3.513e-04         1.286e+03         7.313e+00 
  1523.300          58.604    -54.243    -71.651            2.627        11590.030      0.621      0.000      0.000    0.00173    8.30380           -7.32462      196.24085         3.661e-04         1.272e+03         7.231e+00 
  1524.300          58.270    -54.265    -71.662            2.558        11592.577      0.621      0.000      0.000    0.00166    8.07086           -7.51430      196.24234         3.815e-04         1.257e+03         7.143e+00 
  1525.300          57.935    -54.286    -71.673            2.490        11595.056      0.621      0.000      0.000    0.00159    7.84170           -7.71027      196.24357         3.974e-04         1.240e+03         7.050e+00 
  1526.300          57.601    -54.307    -71.683            2.423        11597.468      0.621      0.000      0.000    0.00153    7.61647           -7.91274      196.24456         4.139e-04         1.223e+03         6.952e+00 
  1527.300          57.268    -54.328    -71.693            2.356        11599.812      0.621      0.000      0.000    0.00147    7.39528           -8.12195      196.24531         4.309e-04         1.205e+03         6.849e+00 
  1528.300          56.936    -54.347    -71.703            2.291        11602.092      0.621      0.000      0.000    0.00141    7.17826           -8.33810      196.24581         4.486e-04         1.186e+03         6.742e+00 
  1529.300          56.604    -54.366    -71.712            2.227        11604.306      0.621      0.000      0.000    0.00136    6.96551           -8.56146      196.24607         4.669e-04         1.166e+03         6.631e+00 
  1530.300          56.272    -54.385    -71.722            2.164        11606.458      0.621      0.000      0.000    0.00130    6.75713           -8.79225      196.24610         4.859e-04         1.146e+03         6.516e+00 
  1531.300          55.942    -54.403    -71.731            2.103        11608.547      0.621      0.000      0.000    0.00125    6.55319           -9.03072      196.24589         5.055e-04         1.126e+03         6.399e+00 
  1532.300          55.612    -54.420    -71.739            2.042        11610.575      0.621      0.000      0.000    0.00121    6.35375           -9.27714      196.24546         5.257e-04         1.104e+03         6.278e+00 
  1533.300          55.284    -54.437    -71.748            1.983        11612.543      0.621      0.000      0.000    0.00116    6.15888           -9.53175      196.24479         5.467e-04         1.083e+03         6.156e+00 
  1534.300          54.956    -54.454    -71.756            1.925        11614.453      0.621      0.000      0.000    0.00112    5.96861           -9.79485      196.24390         5.683e-04         1.061e+03         6.031e+00 
  1535.300          54.629    -54.470    -71.764            1.868        11616.305      0.621      0.000      0.000    0.00107    5.78296          -10.06668      196.24279         5.907e-04         1.039e+03         5.905e+00 
  1536.300          54.302    -54.485    -71.772            1.813        11618.100      0.621      0.000      0.000    0.00103    5.60197          -10.34755      196.24147         6.138e-04         1.016e+03         5.777e+00 
  1537.300          53.977    -54.500    -71.779            1.759        11619.841      0.621      0.000      0.000    0.00099    5.42563          -10.63773      196.23992         6.377e-04         9.938e+02         5.649e+00 
  1538.300          53.653    -54.515    -71.787            1.706        11621.528      0.621      0.000      0.000    0.00096    5.25395          -10.93752      196.23817         6.623e-04         9.712e+02         5.521e+00 
  1539.300          53.330    -54.529    -71.794            1.654        11623.163      0.621      0.000      0.000    0.00092    5.08691          -11.24721      196.23620         6.877e-04         9.485e+02         5.392e+00 
  1540.300          53.008    -54.543    -71.801            1.604        11624.747      0.621      0.000      0.000    0.00089    4.92448          -11.56711      196.23404         7.139e-04         9.259e+02         5.263e+00 
  1541.300          52.687    -54.556    -71.807            1.555        11626.281      0.621      0.000      0.000    0.00086    4.76664          -11.89752      196.23167         7.410e-04         9.033e+02         5.135e+00 
  1542.300          52.366    -54.569    -71.814            1.508        11627.766      0.621      0.000      0.000    0.00082    4.61335          -12.23876      196.22910         7.689e-04         8.809e+02         5.008e+00 
  1543.300          52.047    -54.581    -71.820            1.462        11629.204      0.621      0.000      0.000    0.00079    4.46456          -12.59115      196.22634         7.976e-04         8.587e+02         4.881e+00 
  1544.300          51.729    -54.593    -71.826            1.417        11630.596      0.621      0.000      0.000    0.00077    4.32022          -12.95500      196.22338         8.272e-04         8.366e+02         4.756e+00 
  1545.300          51.412    -54.605    -71.832            1.373        11631.943      0.621      0.000      0.000    0.00074    4.18040          -13.33063      196.22024         8.578e-04         8.149e+02         4.632e+00 
  1546.300          51.096    -54.616    -71.837            1.330        11633.247      0.621      0.000      0.000    0.00071    4.05017          -13.71838      196.21691         8.918e-04         7.955e+02         4.522e+00 
  1547.300          50.781    -54.627    -71.843            1.289        11634.508      0.621      0.000      0.000    0.00068    3.92431          -14.11860      196.21340         9.274e-04         7.767e+02         4.415e+00 
  1548.300          50.467    -54.637    -71.848            1.249        11635.727      0.621      0.000      0.000    0.00066    3.80183          -14.53168      196.20970         9.643e-04         7.580e+02         4.309e+00 
  1549.300          50.154    -54.647    -71.853            1.210        11636.906      0.621      0.000      0.000    0.00063    3.68270          -14.95798      196.20583         1.002e-03         7.394e+02         4.203e+00 
  1550.300          49.843    -54.657    -71.858            1.172        11638.046      0.621      0.000      0.000    0.00061    3.56691          -15.39790      196.20179         1.042e-03         7.210e+02         4.099e+00 
  1551.300          49.532    -54.667    -71.863            1.135        11639.148      0.621      0.000      0.000    0.00059    3.45443          -15.85181      196.19757         1.083e-03         7.029e+02         3.996e+00 
  1552.300          49.223    -54.676    -71.867            1.099        11640.213      0.621      0.000      0.000    0.00056    3.34522          -16.32009      196.19317         1.126e-03         6.850e+02         3.894e+00 
  1553.300          48.915    -54.685    -71.872            1.064        11641.241      0.621      0.000      0.000    0.00054    3.23924          -16.80312      196.18861         1.170e-03         6.674e+02         3.794e+00 
  1554.300          48.608    -54.693    -71.876            1.030        11642.234      0.621      0.000      0.000    0.00052    3.13646          -17.30129      196.18388         1.215e-03         6.501e+02         3.695e+00 
  1555.300          48.302    -54.702    -71.880            0.998        11643.194      0.621      0.000      0.000    0.00050    3.03683          -17.81496      196.17899         1.262e-03         6.330e+02         3.599e+00 
  1556.300          47.997    -54.710    -71.884            0.966        11644.119      0.621      0.000      0.000    0.00048    2.94030          -18.34451      196.17393         1.311e-03         6.164e+02         3.504e+00 
  1557.300          47.694    -54.717    -71.888            0.935        11645.013      0.621      0.000      0.000    0.00047    2.84682          -18.89030      196.16871         1.361e-03         6.000e+02         3.411e+00 
  1558.300          47.392    -54.725    -71.892            0.905        11645.876      0.621      0.000      0.000    0.00045    2.75635          -19.45267      196.16333         1.414e-03         5.840e+02         3.320e+00 
  1559.300          47.091    -54.732    -71.895            0.877        11646.708      0.621      0.000      0.000    0.00043    2.67175          -20.03197      196.15779         1.471e-03         5.697e+02         3.238e+00 
  1560.300          46.791    -54.739    -71.899            0.849        11647.511      0.621      0.000      0.000    0.00041    2.59064          -20.62858      196.15210         1.532e-03         5.560e+02         3.161e+00 
  1561.300          46.493    -54.746    -71.902            0.822        11648.285      0.621      0.000      0.000    0.00040    2.51185          -21.24287      196.14624         1.595e-03         5.427e+02         3.085e+00 
  1562.300          46.196    -54.752    -71.905            0.795        11649.031      0.621      0.000      0.000    0.00038    2.43536          -21.87521      196.14023         1.661e-03         5.295e+02         3.010e+00 
  1563.300          45.900    -54.758    -71.909            0.770        11649.751      0.621      0.000      0.000    0.00037    2.36115          -22.52594      196.13407         1.729e-03         5.166e+02         2.937e+00 
  1564.300          45.606    -54.764    -71.912            0.745        11650.444      0.621      0.000      0.000    0.00035    2.28919          -23.19538      196.12775         1.800e-03         5.041e+02         2.865e+00 
  1565.300          45.313    -54.770    -71.914            0.722        11651.111      0.621      0.000      0.000    0.00034    2.21944          -23.88385      196.12127         1.874e-03         4.917e+02         2.795e+00 
  1566.300          45.022    -54.776    -71.917            0.699        11651.754      0.621      0.000      0.000    0.00032    2.15189          -24.59161      196.11464         1.951e-03         4.797e+02         2.727e+00 
  1567.300          44.732    -54.781    -71.920            0.676        11652.373      0.621      0.000      0.000    0.00031    2.08648          -25.31889      196.10785         2.030e-03         4.680e+02         2.661e+00 
  1568.300          44.443    -54.786    -71.922            0.655        11652.968      0.621      0.000      0.000    0.00030    2.02319          -26.06592      196.10091         2.113e-03         4.566e+02         2.596e+00 
  1569.300          44.156    -54.791    -71.925            0.634        11653.541      0.621      0.000      0.000    0.00029    1.96199          -26.83284      196.09381         2.199e-03         4.456e+02         2.533e+00 
  1570.300          43.871    -54.796    -71.927            0.614        11654.092      0.621      0.000      0.000    0.00028    1.90283          -27.61978      196.08656         2.289e-03         4.348e+02         2.472e+00 
  1571.300          43.587    -54.800    -71.930            0.595        11654.621      0.621      0.000      0.000    0.00027    1.84568          -28.42681      196.07915         2.381e-03         4.244e+02         2.412e+00 
  1572.300          43.305    -54.805    -71.932            0.576        11655.131      0.621      0.000      0.000    0.00026    1.79049          -29.25394      196.07158         2.477e-03         4.143e+02         2.355e+00 
  1573.300          43.024    -54.809    -71.934            0.558        11655.620      0.621      0.000      0.000    0.00025    1.73722          -30.10113      196.06386         2.577e-03         4.045e+02         2.299e+00 
  1574.300          42.745    -54.813    -71.936            0.541        11656.090      0.621      0.000      0.000    0.00024    1.68584          -30.96828      196.05597         2.681e-03         3.951e+02         2.246e+00 
  1575.300          42.468    -54.817    -71.938            0.524        11656.541      0.621      0.000      0.000    0.00023    1.63630          -31.85520      196.04792         2.788e-03         3.859e+02         2.194e+00 
  1576.300          42.192    -54.821    -71.940            0.508        11656.974      0.621      0.000      0.000    0.00022    1.58856          -32.76165      196.03971         2.900e-03         3.772e+02         2.144e+00 
  1577.300          41.918    -54.824    -71.942            0.493        11657.390      0.621      0.000      0.000    0.00021    1.54256          -33.68731      196.03133         3.015e-03         3.687e+02         2.096e+00 
  1578.300          41.645    -54.828    -71.943            0.478        11657.789      0.621      0.000      0.000    0.00020    1.49828          -34.63178      196.02278         3.135e-03         3.606e+02         2.050e+00 
  1579.300          41.375    -54.831    -71.945            0.464        11658.171      0.621      0.000      0.000    0.00019    1.45566          -35.59458      196.01406         3.259e-03         3.528e+02         2.006e+00 
  1580.300          41.106    -54.834    -71.946            0.450        11658.538      0.621      0.000      0.000    0.00019    1.41465          -36.57513      196.00517         3.388e-03         3.453e+02         1.963e+00 
  1581.300          40.839    -54.837    -71.948            0.437        11658.889      0.621      0.000      0.000    0.00018    1.37522          -37.57278      195.99610         3.521e-03         3.382e+02         1.923e+00 
  1582.300          40.573    -54.840    -71.949            0.424        11659.226      0.621      0.000      0.000    0.00017    1.33731          -38.58679      195.98685         3.659e-03         3.314e+02         1.884e+00 
  1583.300          40.310    -54.843    -71.951            0.412        11659.548      0.621      0.000      0.000    0.00017    1.30087          -39.61633      195.97742         3.801e-03         3.248e+02         1.847e+00 
  1584.300          40.048    -54.846    -71.952            0.400        11659.856      0.621      0.000      0.000    0.00016    1.26587          -40.66047      195.96779         3.949e-03         3.186e+02         1.811e+00 
  1585.300          39.788    -54.848    -71.953            0.389        11660.151      0.621      0.000      0.000    0.00015    1.23225          -41.71822      195.95798         4.102e-03         3.127e+02         1.778e+00 
  1586.300          39.530    -54.851    -71.955            0.378        11660.434      0.621      0.000      0.000    0.00015    1.19997          -42.78848      195.94796         4.260e-03         3.071e+02         1.746e+00 
  1587.300          39.274    -54.853    -71.956            0.368        11660.703      0.621      0.000      0.000    0.00014    1.16898          -43.87009      195.93774         4.423e-03         3.017e+02         1.715e+00 
  1588.300          39.020    -54.855    -71.957            0.358        11660.961      0.621      0.000      0.000    0.00014    1.13923          -44.96179      195.92731         4.592e-03         2.966e+02         1.686e+00 
  1589.300          38.768    -54.857    -71.958            0.349        11661.207      0.621      0.000      0.000    0.00013    1.11069          -46.06227      195.91666         4.766e-03         2.918e+02         1.659e+00 
  1590.300          38.518    -54.859    -71.959            0.340        11661.442      0.621      0.000      0.000    0.00013    1.08329          -47.17016      195.90579         4.946e-03         2.873e+02         1.633e+00 
  1591.300          38.269    -54.861    -71.960            0.331        11661.666      0.621      0.000      0.000    0.00012    1.05700          -48.28400      195.89469         5.132e-03         2.830e+02         1.609e+00 
  1592.300          38.023    -54.863    -71.961            0.323        11661.880      0.621      0.000      0.000    0.00012    1.03177          -49.40233      195.88335         5.324e-03         2.790e+02         1.586e+00 
  1593.300          37.779    -54.865    -71.962            0.315        11662.084      0.621      0.000      0.000    0.00011    1.00756          -50.52360      195.87177         5.521e-03         2.751e+02         1.564e+00 
  1593.363          37.764    -54.865    -71.962            0.314        11662.097      0.621      0.000      0.000    0.00011    1.00330          -50.59441      195.87103         5.558e-03         2.745e+02         1.560e+00 
  1593.429          37.748    -54.865    -71.962            0.314        11662.110      0.621      0.000      0.000    0.00011    1.00175          -50.66866      195.87025         5.571e-03         2.742e+02         1.559e+00 
  1593.495          37.732    -54.865    -71.962            0.313        11662.122      0.621      0.000      0.000    0.00011    1.00022          -50.74191      195.86948         5.584e-03         2.740e+02         1.558e+00 
  1593.512          37.728    -54.865    -71.962            0.313        11662.126      0.310      0.000      0.000    0.00011    0.99999          -50.76102      195.86928         5.589e-03         2.741e+02         7.790e-01 
  1593.529          37.724    -54.865    -71.962            0.313        11662.129      0.310      0.000      0.000    0.00011    0.99985          -50.78012      195.86908         5.592e-03         2.742e+02         7.793e-01 
  1593.605          37.705    -54.865    -71.962            0.313        11662.144      0.310      0.000      0.000    0.00011    0.99992          -50.86601      195.86818         5.606e-03         2.748e+02         7.812e-01 
  1593.647          37.695    -54.865    -71.962            0.313        11662.153      0.310      0.000      0.000    0.00011    0.99996          -50.91323      195.86768         5.616e-03         2.753e+02         7.825e-01 
  1593.672          37.689    -54.865    -71.962            0.313        11662.157      0.310      0.000      0.000    0.00011    0.99999          -50.94127      195.86738         5.621e-03         2.756e+02         7.832e-01 
  1593.684          37.686    -54.865    -71.962            0.313        11662.160      0.310      0.000      0.000    0.00011    1.00000          -50.95461      195.86724         5.624e-03         2.757e+02         7.836e-01 
  1593.690          37.685    -54.865    -71.962            0.313        11662.161      0.310      0.000      0.000    0.00011    0.99999          -50.96137      195.86717         5.625e-03         2.757e+02         7.838e-01 
  1593.702          37.682    -54.866    -71.962            0.313        11662.163      0.310      0.000      0.000    0.00011    0.99995          -50.97415      195.86704         5.628e-03         2.758e+02         7.840e-01 
  1593.753          37.669    -54.866    -71.962            0.313        11662.173      0.310      0.000      0.000    0.00011    0.99999          -51.03158      195.86643         5.637e-03         2.763e+02         7.853e-01 
  1593.758          37.668    -54.866    -71.962            0.313        11662.174      0.310      0.000      0.000    0.00011    0.99992          -51.03661      195.86638         5.639e-03         2.763e+02         7.854e-01 
  1593.762          37.667    -54.866    -71.962            0.313        11662.175      0.310      0.000      0.000    0.00011    0.99998          -51.04165      195.86632         5.640e-03         2.764e+02         7.856e-01 
  1593.776          37.664    -54.866    -71.962            0.313        11662.178      0.310      0.000      0.000    0.00011    0.99999          -51.05693      195.86616         5.643e-03         2.765e+02         7.860e-01 
  1593.800          37.658    -54.866    -71.962            0.313        11662.182      0.310      0.000      0.000    0.00011    0.99995          -51.08340      195.86588         5.647e-03         2.767e+02         7.865e-01 
  1593.833          37.650    -54.866    -71.962            0.313        11662.189      0.310      0.000      0.000    0.00011    0.99981          -51.12071      195.86548         5.654e-03         2.769e+02         7.872e-01 
  1593.984          37.613    -54.866    -71.962            0.313        11662.218      0.310      0.000      0.000    0.00011    0.99992          -51.28825      195.86370         5.682e-03         2.783e+02         7.910e-01 
  1594.032          37.601    -54.866    -71.962            0.313        11662.228      0.310      0.000      0.000    0.00011    0.99996          -51.34197      195.86312         5.695e-03         2.789e+02         7.927e-01 
  1594.070          37.592    -54.866    -71.962            0.313        11662.235      0.310      0.000      0.000    0.00011    0.99999          -51.38401      195.86267         5.703e-03         2.793e+02         7.938e-01 
  1594.078          37.590    -54.866    -71.962            0.313        11662.237      0.310      0.000      0.000    0.00011    0.99999          -51.39288      195.86257         5.706e-03         2.794e+02         7.941e-01 
  1594.085          37.588    -54.866    -71.962            0.313        11662.238      0.310      0.000      0.000    0.00011    0.99999          -51.40049      195.86249         5.707e-03         2.794e+02         7.943e-01 
  1594.092          37.587    -54.866    -71.962            0.313        11662.239      0.310      0.000      0.000    0.00011    0.99999          -51.40810      195.86241         5.709e-03         2.795e+02         7.945e-01 
  1594.123          37.579    -54.866    -71.962            0.313        11662.245      0.310      0.000      0.000    0.00011    0.99993          -51.44233      195.86204         5.714e-03         2.797e+02         7.951e-01 
  1594.164          37.569    -54.866    -71.962            0.313        11662.253      0.310      0.000      0.000    0.00011    0.99973          -51.48767      195.86155         5.723e-03         2.800e+02         7.959e-01 
  1594.348          37.524    -54.867    -71.962            0.313        11662.289      0.310      0.000      0.000    0.00011    0.99984          -51.69117      195.85935         5.758e-03         2.817e+02         8.006e-01 
  1594.514          37.483    -54.867    -71.963            0.313        11662.321      0.310      0.000      0.000    0.00011    0.99994          -51.87358      195.85736         5.794e-03         2.833e+02         8.053e-01 
  1594.566          37.470    -54.867    -71.963            0.313        11662.331      0.310      0.000      0.000    0.00011    0.99997          -51.92987      195.85674         5.808e-03         2.840e+02         8.072e-01 
  1594.593          37.464    -54.867    -71.963            0.313        11662.336      0.310      0.000      0.000    0.00011    0.99999          -51.95936      195.85642         5.814e-03         2.843e+02         8.080e-01 
  1594.609          37.460    -54.867    -71.963            0.313        11662.339      0.310      0.000      0.000    0.00011    1.00000          -51.97769      195.85622         5.818e-03         2.845e+02         8.085e-01 
  1594.616          37.458    -54.867    -71.963            0.313        11662.340      0.310      0.000      0.000    0.00011    0.99999          -51.98461      195.85614         5.820e-03         2.845e+02         8.087e-01 
  1594.622          37.457    -54.867    -71.963            0.313        11662.341      0.310      0.000      0.000    0.00011    0.99999          -51.99154      195.85606         5.821e-03         2.846e+02         8.089e-01 
  1594.628          37.455    -54.867    -71.963            0.313        11662.343      0.310      0.000      0.000    0.00011    0.99999          -51.99847      195.85599         5.822e-03         2.847e+02         8.091e-01 
  1594.645          37.451    -54.867    -71.963            0.313        11662.346      0.310      0.000      0.000    0.00011    1.00000          -52.01708      195.85578         5.826e-03         2.848e+02         8.095e-01 
  1594.652          37.449    -54.867    -71.963            0.313        11662.347      0.310      0.000      0.000    0.00011    0.99999          -52.02402      195.85571         5.828e-03         2.849e+02         8.097e-01 
  1594.663          37.446    -54.867    -71.963            0.313        11662.349      0.310      0.000      0.000    0.00011    0.99994          -52.03690      195.85556         5.830e-03         2.850e+02         8.100e-01 
  1594.716          37.433    -54.867    -71.963            0.313        11662.359      0.310      0.000      0.000    0.00011    0.99996          -52.09485      195.85492         5.840e-03         2.854e+02         8.113e-01 
  1594.774          37.419    -54.867    -71.963            0.313        11662.371      0.310      0.000      0.000    0.00011    0.99999          -52.15816      195.85422         5.853e-03         2.860e+02         8.130e-01 
  1594.798          37.413    -54.867    -71.963            0.313        11662.375      0.310      0.000      0.000    0.00011    1.00000          -52.18370      195.85394         5.859e-03         2.863e+02         8.138e-01 
  1594.803          37.412    -54.867    -71.963            0.313        11662.376      0.310      0.000      0.000    0.00011    0.99999          -52.18956      195.85388         5.860e-03         2.864e+02         8.140e-01 
  1594.814          37.409    -54.867    -71.963            0.313        11662.378      0.310      0.000      0.000    0.00011    0.99995          -52.20080      195.85375         5.862e-03         2.864e+02         8.142e-01 
  1594.860          37.398    -54.867    -71.963            0.313        11662.387      0.310      0.000      0.000    0.00011    0.99997          -52.25137      195.85319         5.872e-03         2.869e+02         8.154e-01 
  1594.913          37.385    -54.868    -71.963            0.313        11662.397      0.310      0.000      0.000    0.00011    0.99998          -52.30904      195.85255         5.883e-03         2.874e+02         8.169e-01 
  1594.940          37.378    -54.868    -71.963            0.313        11662.402      0.310      0.000      0.000    0.00011    0.99999          -52.33854      195.85222         5.890e-03         2.877e+02         8.177e-01 
  1594.952          37.375    -54.868    -71.963            0.313        11662.404      0.310      0.000      0.000    0.00011    1.00000          -52.35145      195.85207         5.893e-03         2.878e+02         8.181e-01 
  1594.973          37.370    -54.868    -71.963            0.312        11662.408      0.310      0.000      0.000    0.00011    0.99995          -52.37462      195.85182         5.897e-03         2.880e+02         8.186e-01 
  1595.004          37.362    -54.868    -71.963            0.312        11662.414      0.310      0.000      0.000    0.00011    0.99979          -52.40780      195.85144         5.904e-03         2.882e+02         8.192e-01 
  1595.142          37.328    -54.868    -71.963            0.312        11662.440      0.310      0.000      0.000    0.00011    0.99983          -52.55681      195.84977         5.931e-03         2.895e+02         8.227e-01 
  1595.761          37.174    -54.869    -71.964            0.312        11662.556      0.310      0.000      0.000    0.00010    0.99987          -53.22146      195.84219         6.056e-03         2.951e+02         8.389e-01 
  1596.761          36.922    -54.870    -71.964            0.312        11662.739      0.310      0.000      0.000    0.00010    0.99956          -54.27502      195.82973         6.279e-03         3.050e+02         8.668e-01 
  1597.761          36.668    -54.872    -71.965            0.311        11662.918      0.310      0.000      0.000    0.00010    0.99867          -55.30459      195.81700         6.525e-03         3.154e+02         8.965e-01 
  1598.761          36.411    -54.874    -71.966            0.310        11663.091      0.310      0.000      0.000    0.00009    0.99716          -56.31094      195.80401         6.784e-03         3.260e+02         9.265e-01 
  1599.761          36.153    -54.875    -71.967            0.309        11663.260      0.310      0.000      0.000    0.00009    0.99502          -57.29487      195.79074         7.056e-03         3.366e+02         9.567e-01 
  1600.761          35.892    -54.876    -71.967            0.307        11663.423      0.310      0.000      0.000    0.00009    0.99223          -58.25714      195.77718         7.342e-03         3.472e+02         9.870e-01 
  1601.761          35.630    -54.878    -71.968            0.306        11663.581      0.310      0.000      0.000    0.00008    0.98875          -59.19850      195.76333         7.642e-03         3.578e+02         1.017e+00 
  1602.761          35.367    -54.879    -71.969            0.304        11663.734      0.310      0.000      0.000    0.00008    0.98459          -60.11970      195.74917         7.958e-03         3.683e+02         1.047e+00 
  1603.761          35.103    -54.880    -71.969            0.302        11663.882      0.310      0.000      0.000    0.00008    0.97974          -61.02143      195.73470         8.288e-03         3.787e+02         1.076e+00 
  1604.761          34.838    -54.882    -71.970            0.300        11664.025      0.310      0.000      0.000    0.00007    0.97419          -61.90440      195.71991         8.633e-03         3.888e+02         1.105e+00 
  1605.761          34.574    -54.883    -71.970            0.297        11664.163      0.310      0.000      0.000    0.00007    0.96794          -62.76925      195.70478         8.995e-03         3.987e+02         1.133e+00 
  1606.761          34.310    -54.884    -71.971            0.295        11664.296      0.310      0.000      0.000    0.00007    0.96103          -63.61659      195.68931         9.372e-03         4.082e+02         1.160e+00 
  1607.761          34.046    -54.885    -71.972            0.292        11664.424      0.310      0.000      0.000    0.00006    0.95344          -64.44702      195.67347         9.766e-03         4.174e+02         1.186e+00 
  1608.761          33.783    -54.886    -71.972            0.289        11664.547      0.310      0.000      0.000    0.00006    0.94522          -65.26106      195.65727         1.018e-02         4.261e+02         1.211e+00 
  1609.761          33.521    -54.887    -71.973            0.286        11664.664      0.310      0.000      0.000    0.00006    0.93638          -66.05921      195.64067         1.060e-02         4.344e+02         1.235e+00 
  1610.761          33.260    -54.888    -71.973            0.282        11664.777      0.310      0.000      0.000    0.00006    0.92695          -66.84193      195.62368         1.105e-02         4.422e+02         1.257e+00 
  1611.761          33.002    -54.889    -71.973            0.279        11664.885      0.310      0.000      0.000    0.00006    0.91698          -67.60963      195.60626         1.151e-02         4.494e+02         1.277e+00 
  1612.761          32.745    -54.890    -71.974            0.275        11664.989      0.310      0.000      0.000    0.00005    0.90650          -68.36267      195.58840         1.199e-02         4.561e+02         1.296e+00 
  1613.761          32.490    -54.891    -71.974            0.272        11665.087      0.310      0.000      0.000    0.00005    0.89555          -69.10138      195.57009         1.249e-02         4.621e+02         1.314e+00 
  1614.761          32.237    -54.892    -71.975            0.268        11665.181      0.310      0.000      0.000    0.00005    0.88417          -69.82603      195.55130         1.300e-02         4.676e+02         1.329e+00 
  1615.761          31.987    -54.892    -71.975            0.264        11665.271      0.310      0.000      0.000    0.00005    0.87195          -70.53685      195.53201         1.352e-02         4.719e+02         1.341e+00 
  1616.761          31.740    -54.893    -71.975            0.260        11665.356      0.310      0.000      0.000    0.00005    0.85913          -71.23398      195.51220         1.404e-02         4.752e+02         1.351e+00 
  1617.761          31.495    -54.894    -71.976            0.256        11665.437      0.310      0.000      0.000    0.00004    0.84614          -71.91751      195.49183         1.457e-02         4.780e+02         1.359e+00 
  1618.761          31.254    -54.894    -71.976            0.252        11665.514      0.310      0.000      0.000    0.00004    0.83302          -72.58749      195.47089         1.512e-02         4.802e+02         1.365e+00 
  1619.761          31.016    -54.895    -71.976            0.247        11665.587      0.310      0.000      0.000    0.00004    0.81981          -73.24395      195.44934         1.568e-02         4.819e+02         1.370e+00 
  1620.761          30.780    -54.896    -71.977            0.243        11665.656      0.310      0.000      0.000    0.00004    0.80656          -73.88689      195.42714         1.626e-02         4.831e+02         1.373e+00 
  1621.761          30.548    -54.896    -71.977            0.239        11665.722      0.310      0.000      0.000    0.00004    0.79331          -74.51627      195.40427         1.685e-02         4.838e+02         1.375e+00 
  1622.761          30.319    -54.897    -71.977            0.235        11665.783      0.310      0.000      0.000    0.00004    0.78009          -75.13205      195.38069         1.745e-02         4.841e+02         1.376e+00 
  1623.761          30.094    -54.897    -71.977            0.231        11665.842      0.310      0.000      0.000    0.00004    0.76693          -75.73415      195.35635         1.807e-02         4.840e+02         1.376e+00 
  1624.761          29.872    -54.898    -71.978            0.227        11665.897      0.310      0.000      0.000    0.00003    0.75387          -76.32250      195.33121         1.870e-02         4.834e+02         1.374e+00 
  1625.761          29.653    -54.898    -71.978            0.223        11665.948      0.310      0.000      0.000    0.00003    0.74095          -76.89701      195.30523         1.934e-02         4.826e+02         1.372e+00 
  1626.761          29.438    -54.899    -71.978            0.219        11665.997      0.310      0.000      0.000    0.00003    0.72817          -77.45757      195.27834         1.999e-02         4.814e+02         1.368e+00 
  1627.761          29.225    -54.899    -71.978            0.215        11666.043      0.310      0.000      0.000    0.00003    0.71557          -78.00409      195.25051         2.066e-02         4.799e+02         1.364e+00 
  1628.761          29.017    -54.899    -71.978            0.211        11666.086      0.310      0.000      0.000    0.00003    0.70317          -78.53647      195.22166         2.134e-02         4.782e+02         1.359e+00 
  1629.761          28.811    -54.900    -71.979            0.207        11666.127      0.310      0.000      0.000    0.00003    0.69098          -79.05461      195.19173         2.203e-02         4.762e+02         1.354e+00 
  1630.761          28.609    -54.900    -71.979            0.204        11666.165      0.310      0.000      0.000    0.00003    0.67903          -79.55842      195.16066         2.273e-02         4.741e+02         1.348e+00 
  1631.761          28.411    -54.900    -71.979            0.200        11666.200      0.310      0.000      0.000    0.00003    0.66731          -80.04783      195.12836         2.344e-02         4.718e+02         1.341e+00 
  1632.761          28.215    -54.901    -71.979            0.197        11666.234      0.310      0.000      0.000    0.00003    0.65585          -80.52277      195.09476         2.416e-02         4.694e+02         1.334e+00 
  1633.761          28.023    -54.901    -71.979            0.193        11666.265      0.310      0.000      0.000    0.00003    0.64465          -80.98319      195.05976         2.490e-02         4.669e+02         1.327e+00 
  1634.761          27.833    -54.901    -71.979            0.190        11666.294      0.310      0.000      0.000    0.00002    0.63372          -81.42907      195.02327         2.564e-02         4.643e+02         1.320e+00 
  1635.761          27.647    -54.901    -71.979            0.187        11666.321      0.310      0.000      0.000    0.00002    0.62306          -81.86040      194.98519         2.639e-02         4.616e+02         1.312e+00 
  1636.761          27.464    -54.902    -71.980            0.183        11666.347      0.310      0.000      0.000    0.00002    0.61267          -82.27719      194.94540         2.716e-02         4.589e+02         1.304e+00 
  1637.761          27.283    -54.902    -71.980            0.180        11666.370      0.310      0.000      0.000    0.00002    0.60255          -82.67949      194.90378         2.793e-02         4.562e+02         1.297e+00 
  1638.761          27.106    -54.902    -71.980            0.177        11666.392      0.310      0.000      0.000    0.00002    0.59271          -83.06734      194.86020         2.872e-02         4.534e+02         1.289e+00 
  1639.761          26.931    -54.902    -71.980            0.174        11666.413      0.310      0.000      0.000    0.00002    0.58314          -83.44085      194.81450         2.951e-02         4.507e+02         1.281e+00 
  1640.761          26.759    -54.902    -71.980            0.172        11666.432      0.310      0.000      0.000    0.00002    0.57384          -83.80012      194.76655         3.032e-02         4.480e+02         1.273e+00 
  1641.761          26.590    -54.903    -71.980            0.169        11666.450      0.310      0.000      0.000    0.00002    0.56480          -84.14529      194.71615         3.113e-02         4.453e+02         1.266e+00 
  1642.761          26.424    -54.903    -71.980            0.166        11666.466      0.310      0.000      0.000    0.00002    0.55603          -84.47651      194.66314         3.195e-02         4.427e+02         1.258e+00 
  1643.761          26.260    -54.903    -71.980            0.164        11666.482      0.310      0.000      0.000    0.00002    0.54750          -84.79399      194.60729         3.279e-02         4.400e+02         1.251e+00 
  1644.761          26.098    -54.903    -71.980            0.161        11666.496      0.310      0.000      0.000    0.00002    0.53923          -85.09792      194.54841         3.363e-02         4.375e+02         1.244e+00 
  1645.761          25.939    -54.903    -71.980            0.159        11666.509      0.310      0.000      0.000    0.00002    0.53120          -85.38854      194.48623         3.448e-02         4.350e+02         1.236e+00 
  1646.761          25.782    -54.903    -71.980            0.156        11666.521      0.310      0.000      0.000    0.00002    0.52341          -85.66609      194.42051         3.534e-02         4.326e+02         1.229e+00 
  1647.761          25.627    -54.903    -71.980            0.154        11666.533      0.310      0.000      0.000    0.00002    0.51584          -85.93086      194.35095         3.621e-02         4.302e+02         1.223e+00 
  1648.761          25.475    -54.903    -71.980            0.152        11666.543      0.310      0.000      0.000    0.00002    0.50850          -86.18313      194.27725         3.709e-02         4.279e+02         1.216e+00 
  1649.761          25.325    -54.903    -71.980            0.149        11666.553      0.310      0.000      0.000    0.00002    0.50138          -86.42320      194.19905         3.798e-02         4.256e+02         1.210e+00 
  1650.761          25.177    -54.904    -71.980            0.147        11666.562      0.310      0.000      0.000    0.00002    0.49446          -86.65139      194.11599         3.887e-02         4.235e+02         1.204e+00 
  1651.761          25.030    -54.904    -71.980            0.145        11666.570      0.310      0.000      0.000    0.00002    0.48775          -86.86804      194.02766         3.978e-02         4.214e+02         1.198e+00 
  1652.761          24.886    -54.904    -71.980            0.143        11666.578      0.310      0.000      0.000    0.00002    0.48122          -87.07349      193.93361         4.069e-02         4.193e+02         1.192e+00 
  1653.761          24.744    -54.904    -71.980            0.141        11666.585      0.310      0.000      0.000    0.00002    0.47489          -87.26809      193.83334         4.162e-02         4.174e+02         1.186e+00 
  1654.761          24.604    -54.904    -71.980            0.140        11666.591      0.310      0.000      0.000    0.00001    0.46874          -87.45219      193.72631         4.255e-02         4.155e+02         1.181e+00 
  1655.761          24.465    -54.904    -71.980            0.138        11666.597      0.310      0.000      0.000    0.00001    0.46276          -87.62618      193.61194         4.349e-02         4.137e+02         1.176e+00 
  1656.761          24.329    -54.904    -71.981            0.136        11666.602      0.310      0.000      0.000    0.00001    0.45695          -87.79040      193.48957         4.444e-02         4.119e+02         1.171e+00 
  1657.761          24.194    -54.904    -71.981            0.134        11666.607      0.310      0.000      0.000    0.00001    0.45130          -87.94523      193.35848         4.540e-02         4.102e+02         1.166e+00 
  1658.761          24.060    -54.904    -71.981            0.133        11666.612      0.310      0.000      0.000    0.00001    0.44581          -88.09105      193.21788         4.637e-02         4.086e+02         1.161e+00 
  1659.761          23.929    -54.904    -71.981            0.131        11666.616      0.310      0.000      0.000    0.00001    0.44047          -88.22822      193.06691         4.735e-02         4.070e+02         1.157e+00 
  1660.761          23.799    -54.904    -71.981            0.129        11666.620      0.310      0.000      0.000    0.00001    0.43527          -88.35711      192.90461         4.833e-02         4.055e+02         1.153e+00 
  1661.761          23.670    -54.904    -71.981            0.128        11666.624      0.310      0.000      0.000    0.00001    0.43020          -88.47809      192.72991         4.933e-02         4.040e+02         1.148e+00 
  1662.761          23.543    -54.904    -71.981            0.126        11666.627      0.310      0.000      0.000    0.00001    0.42527          -88.59151      192.54164         5.033e-02         4.026e+02         1.144e+00 
  1663.761          23.418    -54.904    -71.981            0.125        11666.630      0.310      0.000      0.000    0.00001    0.42047          -88.69772      192.33852         5.135e-02         4.013e+02         1.141e+00 
  1664.761          23.294    -54.904    -71.981            0.123        11666.632      0.310      0.000      0.000    0.00001    0.41579          -88.79709      192.11912         5.237e-02         4.000e+02         1.137e+00 
  1665.761          23.171    -54.904    -71.981            0.122        11666.635      0.310      0.000      0.000    0.00001    0.41122          -88.88994      191.88184         5.340e-02         3.988e+02         1.133e+00 
  1666.761          23.050    -54.904    -71.981            0.121        11666.637      0.310      0.000      0.000    0.00001    0.40677          -88.97661      191.62492         5.444e-02         3.976e+02         1.130e+00 
  1667.761          22.930    -54.904    -71.981            0.119        11666.639      0.310      0.000      0.000    0.00001    0.40243          -89.05742      191.34643         5.549e-02         3.964e+02         1.127e+00 
  1668.761          22.811    -54.904    -71.981            0.118        11666.641      0.310      0.000      0.000    0.00001    0.39819          -89.13268      191.04418         5.655e-02         3.953e+02         1.124e+00 
  1669.761          22.693    -54.904    -71.981            0.117        11666.643      0.310      0.000      0.000    0.00001    0.39406          -89.20271      190.71579         5.762e-02         3.942e+02         1.121e+00 
  1670.761          22.577    -54.904    -71.981            0.116        11666.644      0.310      0.000      0.000    0.00001    0.39001          -89.26778      190.35856         5.870e-02         3.932e+02         1.118e+00 
  1671.761          22.462    -54.904    -71.981            0.114        11666.646      0.310      0.000      0.000    0.00001    0.38607          -89.32819      189.96951         5.979e-02         3.922e+02         1.115e+00 
  1672.761          22.348    -54.904    -71.981            0.113        11666.647      0.310      0.000      0.000    0.00001    0.38221          -89.38421      189.54533         6.088e-02         3.913e+02         1.112e+00 
  1673.761          22.236    -54.904    -71.981            0.112        11666.648      0.310      0.000      0.000    0.00001    0.37844          -89.43609      189.08233         6.199e-02         3.903e+02         1.110e+00 
  1674.761          22.124    -54.904    -71.981            0.111        11666.649      0.310      0.000      0.000    0.00001    0.37475          -89.48410      188.57636         6.310e-02         3.895e+02         1.107e+00 
  1675.761          22.014    -54.904    -71.981            0.110        11666.650      0.310      0.000      0.000    0.00001    0.37115          -89.52846      188.02285         6.423e-02         3.886e+02         1.105e+00 
  1676.761          21.904    -54.904    -71.981            0.109        11666.651      0.310      0.000      0.000    0.00001    0.36762          -89.56940      187.41665         6.536e-02         3.878e+02         1.102e+00 
  1677.761          21.796    -54.904    -71.981            0.108        11666.652      0.310      0.000      0.000    0.00001    0.36416          -89.60715      186.75207         6.650e-02         3.870e+02         1.100e+00 
  1678.761          21.689    -54.904    -71.981            0.107        11666.653      0.310      0.000      0.000    0.00001    0.36078          -89.64191      186.02275         6.765e-02         3.862e+02         1.098e+00 
  1679.761          21.583    -54.904    -71.981            0.106        11666.653      0.310      0.000      0.000    0.00001    0.35746          -89.67388      185.22160         6.882e-02         3.855e+02         1.096e+00 
  1680.761          21.478    -54.904    -71.981            0.105        11666.654      0.310      0.000      0.000    0.00001    0.35422          -89.70323      184.34079         6.999e-02         3.848e+02         1.094e+00 
  1681.761          21.373    -54.904    -71.981            0.104        11666.654      0.310      0.000      0.000    0.00001    0.35104          -89.73015      183.37163         7.117e-02         3.841e+02         1.092e+00 
  1682.761          21.270    -54.904    -71.981            0.103        11666.655      0.310      0.000      0.000    0.00001    0.34792          -89.75480      182.30455         7.236e-02         3.834e+02         1.090e+00 
  1683.761          21.168    -54.904    -71.981            0.102        11666.655      0.310      0.000      0.000    0.00001    0.34486          -89.77733      181.12906         7.355e-02         3.828e+02         1.088e+00 
  1684.761          21.066    -54.904    -71.981            0.101        11666.655      0.310      0.000      0.000    0.00001    0.34186          -89.79790      179.83373         7.476e-02         3.821e+02         1.086e+00 
  1685.761          20.966    -54.904    -71.981            0.100        11666.656      0.310      0.000      0.000    0.00001    0.33892          -89.81663      178.40629         7.598e-02         3.815e+02         1.084e+00 
  1686.761          20.866    -54.904    -71.981            0.099        11666.656      0.310      0.000      0.000    0.00001    0.33603          -89.83366      176.83367         7.721e-02         3.810e+02         1.083e+00 
  1687.761          20.767    -54.904    -71.981            0.098        11666.656      0.310      0.000      0.000    0.00001    0.33320          -89.84910      175.10228         7.845e-02         3.804e+02         1.081e+00 
  1688.761          20.669    -54.904    -71.981            0.098        11666.657      0.310      0.000      0.000    0.00001    0.33042          -89.86306      173.19831         7.969e-02         3.798e+02         1.080e+00 
  1689.761          20.572    -54.904    -71.981            0.097        11666.657      0.310      0.000      0.000    0.00001    0.32769          -89.87565      171.10829         8.095e-02         3.793e+02         1.078e+00 
  1690.761          20.476    -54.904    -71.981            0.096        11666.657      0.310      0.000      0.000    0.00001    0.32501          -89.88696      168.81983         8.221e-02         3.788e+02         1.077e+00 
  1691.761          20.380    -54.904    -71.981            0.095        11666.657      0.310      0.000      0.000    0.00001    0.32237          -89.89709      166.32266         8.349e-02         3.783e+02         1.075e+00 
  1692.761          20.286    -54.904    -71.981            0.094        11666.657      0.310      0.000      0.000    0.00001    0.31979          -89.90611      163.60984         8.477e-02         3.778e+02         1.074e+00 
  1693.761          20.192    -54.904    -71.981            0.094        11666.658      0.310      0.000      0.000    0.00001    0.31724          -89.91410      160.67937         8.607e-02         3.773e+02         1.072e+00 
  1694.761          20.098    -54.904    -71.981            0.093        11666.658      0.310      0.000      0.000    0.00001    0.31474          -89.92115      157.53575         8.737e-02         3.769e+02         1.071e+00 
  1695.761          20.006    -54.904    -71.981            0.092        11666.658      0.310      0.000      0.000    0.00001    0.31225          -89.92732      154.19163         8.866e-02         3.763e+02         1.070e+00 
  1696.761          19.914    -54.904    -71.981            0.091        11666.658      0.310      0.000      0.000    0.00001    0.30978          -89.93268      150.66896         8.995e-02         3.758e+02         1.068e+00 
  1697.761          19.823    -54.904    -71.981            0.091        11666.658      0.310      0.000      0.000    0.00001    0.30737          -89.93730      146.99949         9.124e-02         3.753e+02         1.067e+00 
  1698.761          19.733    -54.904    -71.981            0.090        11666.658      0.310      0.000      0.000    0.00001    0.30500          -89.94124      143.22419         9.254e-02         3.748e+02         1.065e+00 
  1699.761          19.644    -54.904    -71.981            0.089        11666.658      0.310      0.000      0.000    0.00001    0.30268          -89.94459      139.39143         9.385e-02         3.743e+02         1.064e+00 
  1700.761          19.555    -54.904    -71.981            0.089        11666.659      0.310      0.000      0.000    0.00001    0.30040          -89.94739      135.55397         9.517e-02         3.739e+02         1.063e+00 
  1701.761          19.467    -54.904    -71.981            0.088        11666.659      0.310      0.000      0.000    0.00001    0.29816          -89.94973      131.76528         9.650e-02         3.735e+02         1.061e+00 
  1702.761          19.379    -54.904    -71.981            0.087        11666.659      0.310      0.000      0.000    0.00001    0.29596          -89.95166      128.07568         9.783e-02         3.731e+02         1.060e+00 
  1703.761          19.292    -54.904    -71.981            0.087        11666.659      0.310      0.000      0.000    0.00001    0.29380          -89.95324      124.52899         9.917e-02         3.727e+02         1.059e+00 
  1704.761          19.206    -54.904    -71.981            0.086        11666.659      0.310      0.000      0.000    0.00001    0.29168          -89.95452      121.16031         1.005e-01         3.723e+02         1.058e+00 
  1705.761          19.120    -54.904    -71.981            0.085        11666.659      0.310      0.000      0.000    0.00001    0.28959          -89.95557      117.99495         1.019e-01         3.720e+02         1.057e+00 
  1706.761          19.035    -54.904    -71.981            0.085        11666.659      0.310      0.000      0.000    0.00001    0.28753          -89.95642      115.04854         1.033e-01         3.716e+02         1.056e+00 
  1707.761          18.950    -54.904    -71.981            0.084        11666.659      0.310      0.000      0.000    0.00001    0.28551          -89.95711      112.32802         1.046e-01         3.713e+02         1.055e+00 
  1708.761          18.867    -54.904    -71.981            0.084        11666.659      0.310      0.000      0.000    0.00001    0.28351          -89.95767      109.83312         1.060e-01         3.710e+02         1.054e+00 
  1709.761          18.783    -54.904    -71.981            0.083        11666.659      0.310      0.000      0.000    0.00001    0.28155          -89.95814      107.55803         1.074e-01         3.707e+02         1.054e+00 
  1710.761          18.701    -54.904    -71.981            0.082        11666.659      0.310      0.000      0.000    0.00001    0.27962          -89.95853      105.49296         1.088e-01         3.704e+02         1.053e+00 
  1711.761          18.618    -54.904    -71.981            0.082        11666.659      0.310      0.000      0.000    0.00001    0.27771          -89.95886      103.62558         1.102e-01         3.701e+02         1.052e+00 
  1712.761          18.537    -54.904    -71.981            0.081        11666.659      0.310      0.000      0.000    0.00001    0.27583          -89.95915      101.94207         1.116e-01         3.698e+02         1.051e+00 
  1713.761          18.456    -54.904    -71.981            0.081        11666.659      0.310      0.000      0.000    0.00001    0.27398          -89.95941      100.42803         1.131e-01         3.695e+02         1.050e+00 
  1714.761          18.375    -54.904    -71.981            0.080        11666.659      0.310      0.000      0.000    0.00001    0.27216          -89.95965       99.06908         1.145e-01         3.693e+02         1.050e+00 
  1715.761          18.295    -54.904    -71.981            0.080        11666.659      0.310      0.000      0.000    0.00001    0.27036          -89.95987       97.85127         1.160e-01         3.690e+02         1.049e+00 
  1716.761          18.216    -54.904    -71.981            0.079        11666.659      0.310      0.000      0.000    0.00001    0.26859          -89.96008       96.76135         1.174e-01         3.687e+02         1.048e+00 
  1717.761          18.137    -54.904    -71.981            0.079        11666.659      0.310      0.000      0.000    0.00001    0.26684          -89.96029       95.78693         1.189e-01         3.685e+02         1.047e+00 
  1718.761          18.059    -54.904    -71.981            0.078        11666.659      0.310      0.000      0.000    0.00001    0.26512          -89.96050       94.91655         1.204e-01         3.683e+02         1.047e+00 
  1719.761          17.981    -54.904    -71.981            0.078        11666.659      0.310      0.000      0.000    0.00001    0.26342          -89.96070       94.13968         1.218e-01         3.680e+02         1.046e+00 
  1720.761          17.903    -54.904    -71.981            0.077        11666.659      0.310      0.000      0.000    0.00001    0.26174          -89.96090       93.44674         1.233e-01         3.678e+02         1.045e+00 
  1721.761          17.826    -54.904    -71.981            0.077        11666.659      0.310      0.000      0.000    0.00001    0.26008          -89.96110       92.82903         1.248e-01         3.676e+02         1.045e+00 
  1722.761          17.750    -54.904    -71.981            0.076        11666.659      0.310      0.000      0.000    0.00001    0.25845          -89.96131       92.27867         1.263e-01         3.673e+02         1.044e+00 
  1723.761          17.674    -54.904    -71.981            0.076        11666.659      0.310      0.000      0.000    0.00000    0.25684          -89.96152       91.78856         1.278e-01         3.671e+02         1.043e+00 
  1724.761          17.598    -54.904    -71.981            0.075        11666.659      0.310      0.000      0.000    0.00000    0.25525          -89.96173       91.35230         1.294e-01         3.669e+02         1.043e+00 
  1725.761          17.523    -54.904    -71.981            0.075        11666.659      0.310      0.000      0.000    0.00000    0.25368          -89.96194       90.96416         1.309e-01         3.667e+02         1.042e+00 
  1726.761          17.449    -54.904    -71.981            0.074        11666.659      0.310      0.000      0.000    0.00000    0.25213          -89.96215       90.61896         1.324e-01         3.665e+02         1.042e+00 
  1727.761          17.375    -54.904    -71.981            0.074        11666.659      0.310      0.000      0.000    0.00000    0.25060          -89.96237       90.31208         1.340e-01         3.663e+02         1.041e+00 
  1728.761          17.301    -54.904    -71.981            0.073        11666.660      0.310      0.000      0.000    0.00000    0.24909          -89.96258       90.03937         1.355e-01         3.661e+02         1.041e+00 
  1729.761          17.228    -54.904    -71.981            0.073        11666.660      0.310      0.000      0.000    0.00000    0.24760          -89.96280       89.79710         1.371e-01         3.659e+02         1.040e+00 
  1730.761          17.155    -54.904    -71.981            0.073        11666.660      0.310      0.000      0.000    0.00000    0.24612          -89.96302       89.58194         1.387e-01         3.657e+02         1.040e+00 
  1731.761          17.083    -54.904    -71.981            0.072        11666.660      0.310      0.000      0.000    0.00000    0.24467          -89.96323       89.39091         1.403e-01         3.655e+02         1.039e+00 
  1732.761          17.011    -54.904    -71.981            0.072        11666.660      0.310      0.000      0.000    0.00000    0.24323          -89.96345       89.22136         1.419e-01         3.654e+02         1.038e+00 
  1733.761          16.939    -54.904    -71.981            0.071        11666.660      0.310      0.000      0.000    0.00000    0.24181          -89.96367       89.07089         1.435e-01         3.652e+02         1.038e+00 
  1734.761          16.868    -54.904    -71.981            0.071        11666.660      0.310      0.000      0.000    0.00000    0.24041          -89.96388       88.93737         1.451e-01         3.650e+02         1.038e+00 
  1735.761          16.797    -54.904    -71.981            0.070        11666.660      0.310      0.000      0.000    0.00000    0.23902          -89.96410       88.81890         1.467e-01         3.648e+02         1.037e+00 
  1736.761          16.727    -54.904    -71.981            0.070        11666.660      0.310      0.000      0.000    0.00000    0.23766          -89.96432       88.71379         1.483e-01         3.647e+02         1.037e+00 
  1737.761          16.657    -54.904    -71.981            0.070        11666.660      0.310      0.000      0.000    0.00000    0.23630          -89.96453       88.62052         1.500e-01         3.645e+02         1.036e+00 
  1738.761          16.588    -54.904    -71.981            0.069        11666.660      0.310      0.000      0.000    0.00000    0.23497          -89.96474       88.53774         1.516e-01         3.644e+02         1.036e+00 
  1739.761          16.519    -54.904    -71.981            0.069        11666.660      0.310      0.000      0.000    0.00000    0.23364          -89.96495       88.46424         1.533e-01         3.642e+02         1.035e+00 
  1740.761          16.450    -54.904    -71.981            0.069        11666.660      0.310      0.000      0.000    0.00000    0.23234          -89.96516       88.39896         1.549e-01         3.640e+02         1.035e+00 
  1741.761          16.382    -54.904    -71.981            0.068        11666.660      0.310      0.000      0.000    0.00000    0.23105          -89.96537       88.34095         1.566e-01         3.639e+02         1.034e+00 
  1742.761          16.314    -54.904    -71.981            0.068        11666.660      0.310      0.000      0.000    0.00000    0.22977          -89.96558       88.28935         1.583e-01         3.637e+02         1.034e+00 
  1743.761          16.246    -54.904    -71.981            0.067        11666.660      0.310      0.000      0.000    0.00000    0.22851          -89.96578       88.24341         1.600e-01         3.636e+02         1.033e+00 
  1744.761          16.179    -54.904    -71.981            0.067        11666.660      0.310      0.000      0.000    0.00000    0.22727          -89.96598       88.20247         1.616e-01         3.635e+02         1.033e+00 
  1745.761          16.112    -54.904    -71.981            0.067        11666.660      0.310      0.000      0.000    0.00000    0.22603          -89.96618       88.16593         1.634e-01         3.633e+02         1.033e+00 
  1746.761          16.046    -54.904    -71.981            0.066        11666.660      0.310      0.000      0.000    0.00000    0.22481          -89.96638       88.13327         1.651e-01         3.632e+02         1.032e+00 
  1747.761          15.980    -54.904    -71.981            0.066        11666.660      0.310      0.000      0.000    0.00000    0.22361          -89.96658       88.10403         1.668e-01         3.630e+02         1.032e+00 
  1748.761          15.914    -54.904    -71.981            0.066        11666.660      0.310      0.000      0.000    0.00000    0.22242          -89.96677       88.07778         1.685e-01         3.629e+02         1.032e+00 
  1749.761          15.848    -54.904    -71.981            0.065        11666.660      0.310      0.000      0.000    0.00000    0.22124          -89.96696       88.05418         1.703e-01         3.628e+02         1.031e+00 
  1750.761          15.783    -54.904    -71.981            0.065        11666.660      0.310      0.000      0.000    0.00000    0.22007          -89.96715       88.03289         1.720e-01         3.627e+02         1.031e+00 
  1751.761          15.719    -54.904    -71.981            0.065        11666.660      0.310      0.000      0.000    0.00000    0.21892          -89.96734       88.01364         1.738e-01         3.625e+02         1.030e+00 
  1752.761          15.654    -54.904    -71.981            0.064        11666.660      0.310      0.000      0.000    0.00000    0.21778          -89.96753       87.99617         1.755e-01         3.624e+02         1.030e+00 
  1753.761          15.590    -54.904    -71.981            0.064        11666.660      0.310      0.000      0.000    0.00000    0.21665          -89.96771       87.98027         1.773e-01         3.623e+02         1.030e+00 
  1754.761          15.526    -54.904    -71.981            0.064        11666.660      0.310      0.000      0.000    0.00000    0.21553          -89.96789       87.96574         1.791e-01         3.622e+02         1.029e+00 
  1755.761          15.463    -54.904    -71.981            0.063        11666.660      0.310      0.000      0.000    0.00000    0.21443          -89.96807       87.95241         1.809e-01         3.620e+02         1.029e+00 
  1756.761          15.400    -54.904    -71.981            0.063        11666.660      0.310      0.000      0.000    0.00000    0.21333          -89.96825       87.94014         1.827e-01         3.619e+02         1.029e+00 
  1757.761          15.337    -54.904    -71.981            0.063        11666.660      0.310      0.000      0.000    0.00000    0.21225          -89.96843       87.92878         1.845e-01         3.618e+02         1.028e+00 
  1758.761          15.275    -54.904    -71.981            0.062        11666.660      0.310      0.000      0.000    0.00000    0.21118          -89.96860       87.91823         1.863e-01         3.617e+02         1.028e+00 
  1759.761          15.213    -54.904    -71.981            0.062        11666.660      0.310      0.000      0.000    0.00000    0.21012          -89.96877       87.90839         1.881e-01         3.616e+02         1.028e+00 
  1760.761          15.151    -54.904    -71.981            0.062        11666.660      0.310      0.000      0.000    0.00000    0.20907          -89.96894       87.89916         1.900e-01         3.615e+02         1.027e+00 
  1761.761          15.089    -54.904    -71.981            0.061        11666.660      0.310      0.000      0.000    0.00000    0.20804          -89.96911       87.89047         1.918e-01         3.614e+02         1.027e+00 
  1762.761          15.028    -54.904    -71.981            0.061        11666.660      0.310      0.000      0.000    0.00000    0.20701          -89.96928       87.88226         1.937e-01         3.613e+02         1.027e+00 
  1763.761          14.967    -54.904    -71.981            0.061        11666.660      0.310      0.000      0.000    0.00000    0.20599          -89.96944       87.87445         1.955e-01         3.612e+02         1.027e+00 
  1764.761          14.907    -54.904    -71.981            0.060        11666.660      0.310      0.000      0.000    0.00000    0.20499          -89.96961       87.86701         1.974e-01         3.611e+02         1.026e+00 
  1765.761          14.846    -54.904    -71.981            0.060        11666.660      0.310      0.000      0.000    0.00000    0.20399          -89.96977       87.85989         1.993e-01         3.610e+02         1.026e+00 
  1766.761          14.786    -54.904    -71.981            0.060        11666.660      0.310      0.000      0.000    0.00000    0.20300          -89.96993       87.85304         2.012e-01         3.609e+02         1.026e+00 
  1767.761          14.727    -54.904    -71.981            0.060        11666.660      0.310      0.000      0.000    0.00000    0.20203          -89.97008       87.84644         2.031e-01         3.608e+02         1.025e+00 
  1768.761          14.667    -54.904    -71.981            0.059        11666.660      0.310      0.000      0.000    0.00000    0.20106          -89.97024       87.84006         2.050e-01         3.607e+02         1.025e+00 
  1769.761          14.608    -54.904    -71.981            0.059        11666.660      0.310      0.000      0.000    0.00000    0.20010          -89.97039       87.83386         2.069e-01         3.606e+02         1.025e+00 
  1770.761          14.549    -54.904    -71.981            0.059        11666.660      0.310      0.000      0.000    0.00000    0.19915          -89.97055       87.82784         2.088e-01         3.605e+02         1.025e+00 
  1771.761          14.491    -54.904    -71.981            0.058        11666.660      0.310      0.000      0.000    0.00000    0.19821          -89.97070       87.82196         2.107e-01         3.604e+02         1.024e+00 
  1772.761          14.432    -54.904    -71.981            0.058        11666.660      0.310      0.000      0.000    0.00000    0.19728          -89.97085       87.81621         2.127e-01         3.603e+02         1.024e+00 
  1773.761          14.374    -54.904    -71.981            0.058        11666.660      0.310      0.000      0.000    0.00000    0.19636          -89.97099       87.81058         2.146e-01         3.602e+02         1.024e+00 
  1774.761          14.316    -54.904    -71.981            0.058        11666.660      0.310      0.000      0.000    0.00000    0.19545          -89.97114       87.80505         2.166e-01         3.602e+02         1.024e+00 
  1775.761          14.259    -54.904    -71.981            0.057        11666.660      0.310      0.000      0.000    0.00000    0.19455          -89.97128       87.79962         2.185e-01         3.601e+02         1.023e+00 
  1776.761          14.202    -54.904    -71.981            0.057        11666.660      0.310      0.000      0.000    0.00000    0.19365          -89.97143       87.79427         2.205e-01         3.600e+02         1.023e+00 
  1777.761          14.145    -54.904    -71.981            0.057        11666.660      0.310      0.000      0.000    0.00000    0.19277          -89.97157       87.78899         2.225e-01         3.599e+02         1.023e+00 
  1778.761          14.088    -54.904    -71.981            0.057        11666.660      0.310      0.000      0.000    0.00000    0.19189          -89.97171       87.78379         2.245e-01         3.598e+02         1.023e+00 
  1779.761          14.032    -54.904    -71.981            0.056        11666.660      0.310      0.000      0.000    0.00000    0.19102          -89.97185       87.77865         2.265e-01         3.597e+02         1.023e+00 
  1780.761          13.975    -54.904    -71.981            0.056        11666.660      0.310      0.000      0.000    0.00000    0.19016          -89.97198       87.77356         2.285e-01         3.597e+02         1.022e+00 
  1781.761          13.919    -54.904    -71.981            0.056        11666.660      0.310      0.000      0.000    0.00000    0.18930          -89.97212       87.76853         2.305e-01         3.596e+02         1.022e+00 
  1782.761          13.864    -54.904    -71.981            0.056        11666.660      0.310      0.000      0.000    0.00000    0.18845          -89.97225       87.76355         2.325e-01         3.595e+02         1.022e+00 
  1783.761          13.808    -54.904    -71.981            0.055        11666.660      0.310      0.000      0.000    0.00000    0.18762          -89.97239       87.75862         2.346e-01         3.594e+02         1.022e+00 
  1784.761          13.753    -54.904    -71.981            0.055        11666.660      0.310      0.000      0.000    0.00000    0.18679          -89.97252       87.75373         2.366e-01         3.594e+02         1.021e+00 
  1785.761          13.698    -54.904    -71.981            0.055        11666.660      0.310      0.000      0.000    0.00000    0.18596          -89.97265       87.74888         2.387e-01         3.593e+02         1.021e+00 
  1786.761          13.643    -54.904    -71.981            0.055        11666.660      0.310      0.000      0.000    0.00000    0.18515          -89.97278       87.74407         2.407e-01         3.592e+02         1.021e+00 
  1787.761          13.589    -54.904    -71.981            0.054        11666.660      0.310      0.000      0.000    0.00000    0.18434          -89.97290       87.73929         2.428e-01         3.591e+02         1.021e+00 
  1788.761          13.535    -54.904    -71.981            0.054        11666.660      0.310      0.000      0.000    0.00000    0.18354          -89.97303       87.73455         2.449e-01         3.591e+02         1.021e+00 
  1789.761          13.481    -54.904    -71.981            0.054        11666.660      0.310      0.000      0.000    0.00000    0.18274          -89.97316       87.72985         2.470e-01         3.590e+02         1.020e+00 
  1790.761          13.427    -54.904    -71.981            0.054        11666.660      0.310      0.000      0.000    0.00000    0.18195          -89.97328       87.72518         2.490e-01         3.589e+02         1.020e+00 
  1791.761          13.373    -54.904    -71.981            0.053        11666.660      0.310      0.000      0.000    0.00000    0.18117          -89.97340       87.72053         2.512e-01         3.589e+02         1.020e+00 
  1792.761          13.320    -54.904    -71.981            0.053        11666.660      0.310      0.000      0.000    0.00000    0.18040          -89.97353       87.71592         2.533e-01         3.588e+02         1.020e+00 
  1793.761          13.267    -54.904    -71.981            0.053        11666.660      0.310      0.000      0.000    0.00000    0.17963          -89.97365       87.71134         2.554e-01         3.587e+02         1.020e+00 
  1794.761          13.214    -54.904    -71.981            0.053        11666.660      0.310      0.000      0.000    0.00000    0.17887          -89.97377       87.70679         2.575e-01         3.587e+02         1.019e+00 
  1795.761          13.161    -54.904    -71.981            0.053        11666.660      0.310      0.000      0.000    0.00000    0.17812          -89.97388       87.70227         2.597e-01         3.586e+02         1.019e+00 
  1796.761          13.109    -54.904    -71.981            0.052        11666.660      0.310      0.000      0.000    0.00000    0.17737          -89.97400       87.69777         2.618e-01         3.586e+02         1.019e+00 
  1797.761          13.057    -54.904    -71.981            0.052        11666.660      0.310      0.000      0.000    0.00000    0.17663          -89.97412       87.69330         2.640e-01         3.585e+02         1.019e+00 
  1798.761          13.005    -54.904    -71.981            0.052        11666.660      0.310      0.000      0.000    0.00000    0.17589          -89.97423       87.68886         2.661e-01         3.584e+02         1.019e+00 
  1799.761          12.953    -54.904    -71.981            0.052        11666.660      0.310      0.000      0.000    0.00000    0.17517          -89.97435       87.68445         2.683e-01         3.584e+02         1.019e+00 
  1800.761          12.902    -54.904    -71.981            0.051        11666.660      0.310      0.000      0.000    0.00000    0.17444          -89.97446       87.68006         2.705e-01         3.583e+02         1.018e+00 
  1801.761          12.850    -54.904    -71.981            0.051        11666.660      0.310      0.000      0.000    0.00000    0.17373          -89.97457       87.67569         2.727e-01         3.583e+02         1.018e+00 
  1802.761          12.799    -54.904    -71.981            0.051        11666.660      0.310      0.000      0.000    0.00000    0.17302          -89.97468       87.67136         2.749e-01         3.582e+02         1.018e+00 
  1803.761          12.748    -54.904    -71.981            0.051        11666.660      0.310      0.000      0.000    0.00000    0.17231          -89.97479       87.66705         2.771e-01         3.581e+02         1.018e+00 
  1804.761          12.697    -54.904    -71.981            0.051        11666.660      0.310      0.000      0.000    0.00000    0.17161          -89.97490       87.66276         2.793e-01         3.581e+02         1.018e+00 
  1805.761          12.647    -54.904    -71.981            0.050        11666.660      0.310      0.000      0.000    0.00000    0.17092          -89.97501       87.65850         2.815e-01         3.580e+02         1.018e+00 
  1806.761          12.597    -54.904    -71.981            0.050        11666.660      0.310      0.000      0.000    0.00000    0.17023          -89.97512       87.65426         2.838e-01         3.580e+02         1.017e+00 
  1807.761          12.546    -54.904    -71.981            0.050        11666.660      0.310      0.000      0.000    0.00000    0.16955          -89.97522       87.65005         2.860e-01         3.579e+02         1.017e+00 
  1808.761          12.497    -54.904    -71.981            0.050        11666.660      0.310      0.000      0.000    0.00000    0.16888          -89.97533       87.64586         2.882e-01         3.579e+02         1.017e+00 
  1809.761          12.447    -54.904    -71.981            0.050        11666.660      0.310      0.000      0.000    0.00000    0.16821          -89.97543       87.64170         2.905e-01         3.578e+02         1.017e+00 
  1810.761          12.397    -54.904    -71.981            0.049        11666.660      0.310      0.000      0.000    0.00000    0.16754          -89.97554       87.63756         2.928e-01         3.578e+02         1.017e+00 
  1811.761          12.348    -54.904    -71.981            0.049        11666.660      0.310      0.000      0.000    0.00000    0.16688          -89.97564       87.63344         2.951e-01         3.577e+02         1.017e+00 
  1812.761          12.299    -54.904    -71.981            0.049        11666.660      0.310      0.000      0.000    0.00000    0.16623          -89.97574       87.62935         2.973e-01         3.577e+02         1.017e+00 
  1813.761          12.250    -54.904    -71.981            0.049        11666.660      0.310      0.000      0.000    0.00000    0.16558          -89.97584       87.62528         2.996e-01         3.576e+02         1.016e+00 
  1814.761          12.201    -54.904    -71.981            0.049        11666.660      0.310      0.000      0.000    0.00000    0.16493          -89.97594       87.62123         3.019e-01         3.576e+02         1.016e+00 
  1815.761          12.153    -54.904    -71.981            0.048        11666.660      0.310      0.000      0.000    0.00000    0.16429          -89.97604       87.61721         3.043e-01         3.575e+02         1.016e+00 
  1816.761          12.104    -54.904    -71.981            0.048        11666.660      0.310      0.000      0.000    0.00000    0.16366          -89.97614       87.61321         3.066e-01         3.575e+02         1.016e+00 
  1817.761          12.056    -54.904    -71.981            0.048        11666.660      0.310      0.000      0.000    0.00000    0.16303          -89.97623       87.60924         3.089e-01         3.574e+02         1.016e+00 
  1818.761          12.008    -54.904    -71.981            0.048        11666.660      0.310      0.000      0.000    0.00000    0.16241          -89.97633       87.60529         3.112e-01         3.574e+02         1.016e+00 
  1819.761          11.960    -54.904    -71.981            0.048        11666.660      0.310      0.000      0.000    0.00000    0.16179          -89.97643       87.60136         3.136e-01         3.573e+02         1.016e+00 
  1820.761          11.913    -54.904    -71.981            0.048        11666.660      0.310      0.000      0.000    0.00000    0.16117          -89.97652       87.59745         3.159e-01         3.573e+02         1.016e+00 
  1821.761          11.865    -54.904    -71.981            0.047        11666.660      0.310      0.000      0.000    0.00000    0.16056          -89.97662       87.59356         3.183e-01         3.572e+02         1.015e+00 
  1822.761          11.818    -54.904    -71.981            0.047        11666.660      0.310      0.000      0.000    0.00000    0.15996          -89.97671       87.58970         3.207e-01         3.572e+02         1.015e+00 
  1823.761          11.771    -54.904    -71.981            0.047        11666.660      0.310      0.000      0.000    0.00000    0.15936          -89.97680       87.58586         3.231e-01         3.572e+02         1.015e+00 
  1824.761          11.724    -54.904    -71.981            0.047        11666.660      0.310      0.000      0.000    0.00000    0.15876          -89.97689       87.58204         3.255e-01         3.571e+02         1.015e+00 
  1825.761          11.677    -54.904    -71.981            0.047        11666.660      0.310      0.000      0.000    0.00000    0.15817          -89.97699       87.57825         3.279e-01         3.571e+02         1.015e+00 
  1826.761          11.631    -54.904    -71.981            0.046        11666.660      0.310      0.000      0.000    0.00000    0.15758          -89.97708       87.57447         3.303e-01         3.570e+02         1.015e+00 
  1827.761          11.584    -54.904    -71.981            0.046        11666.660      0.310      0.000      0.000    0.00000    0.15700          -89.97717       87.57072         3.327e-01         3.570e+02         1.015e+00 
  1828.761          11.538    -54.904    -71.981            0.046        11666.660      0.310      0.000      0.000    0.00000    0.15642          -89.97725       87.56699         3.351e-01         3.569e+02         1.015e+00 
  1829.761          11.492    -54.904    -71.981            0.046        11666.660      0.310      0.000      0.000    0.00000    0.15585          -89.97734       87.56328         3.375e-01         3.569e+02         1.014e+00 
  1830.761          11.446    -54.904    -71.981            0.046        11666.660      0.310      0.000      0.000    0.00000    0.15528          -89.97743       87.55959         3.400e-01         3.569e+02         1.014e+00 
  1831.761          11.400    -54.904    -71.981            0.046        11666.660      0.310      0.000      0.000    0.00000    0.15471          -89.97752       87.55593         3.424e-01         3.568e+02         1.014e+00 
  1832.761          11.355    -54.904    -71.981            0.045        11666.660      0.310      0.000      0.000    0.00000    0.15415          -89.97760       87.55228         3.449e-01         3.568e+02         1.014e+00 
  1833.761          11.310    -54.904    -71.981            0.045        11666.660      0.310      0.000      0.000    0.00000    0.15359          -89.97769       87.54866         3.474e-01         3.567e+02         1.014e+00 
  1834.761          11.264    -54.904    -71.981            0.045        11666.660      0.310      0.000      0.000    0.00000    0.15304          -89.97777       87.54506         3.498e-01         3.567e+02         1.014e+00 
  1835.761          11.219    -54.904    -71.981            0.045        11666.660      0.310      0.000      0.000    0.00000    0.15249          -89.97786       87.54148         3.523e-01         3.567e+02         1.014e+00 
  1836.761          11.174    -54.904    -71.981            0.045        11666.660      0.310      0.000      0.000    0.00000    0.15195          -89.97794       87.53792         3.548e-01         3.566e+02         1.014e+00 
  1837.761          11.130    -54.904    -71.981            0.045        11666.660      0.310      0.000      0.000    0.00000    0.15141          -89.97803       87.53438         3.573e-01         3.566e+02         1.014e+00 
  1838.761          11.085    -54.904    -71.981            0.044        11666.660      0.310      0.000      0.000    0.00000    0.15087          -89.97811       87.53086         3.598e-01         3.565e+02         1.013e+00 
  1839.761          11.041    -54.904    -71.981            0.044        11666.660      0.310      0.000      0.000    0.00000    0.15032          -89.97819       87.52737         3.623e-01         3.564e+02         1.013e+00 
  1840.761          10.996    -54.904    -71.981            0.044        11666.660      0.310      0.000      0.000    0.00000    0.14978          -89.97827       87.52393         3.647e-01         3.564e+02         1.013e+00 
  1841.761          10.952    -54.904    -71.981            0.044        11666.660      0.310      0.000      0.000    0.00000    0.14919          -89.97835       87.52057         3.668e-01         3.560e+02         1.012e+00 
  1842.761          10.908    -54.904    -71.981            0.044        11666.660      0.310      0.000      0.000    0.00000    0.14862          -89.97843       87.51736         3.688e-01         3.558e+02         1.011e+00 
  1843.761          10.864    -54.904    -71.981            0.044        11666.660      0.310      0.000      0.000    0.00000    0.14808          -89.97850       87.51434         3.709e-01         3.556e+02         1.011e+00 
  1844.761          10.821    -54.904    -71.981            0.044        11666.660      0.310      0.000      0.000    0.00000    0.14755          -89.97858       87.51152         3.729e-01         3.555e+02         1.010e+00 
  1845.761          10.777    -54.904    -71.981            0.044        11666.660      0.310      0.000      0.000    0.00000    0.14703          -89.97865       87.50890         3.750e-01         3.554e+02         1.010e+00 
  1846.761          10.734    -54.904    -71.981            0.043        11666.660      0.310      0.000      0.000    0.00000    0.14652          -89.97872       87.50646         3.771e-01         3.553e+02         1.010e+00 
  1847.761          10.690    -54.904    -71.981            0.043        11666.660      0.310      0.000      0.000    0.00000    0.14601          -89.97879       87.50419         3.791e-01         3.553e+02         1.010e+00 
  1848.761          10.647    -54.904    -71.981            0.043        11666.660      0.310      0.000      0.000    0.00000    0.14552          -89.97885       87.50205         3.812e-01         3.552e+02         1.010e+00 
  1849.761          10.604    -54.904    -71.981            0.043        11666.660      0.310      0.000      0.000    0.00000    0.14502          -89.97892       87.50004         3.833e-01         3.552e+02         1.010e+00 
  1850.761          10.561    -54.904    -71.981            0.043        11666.660      0.310      0.000      0.000    0.00000    0.14453          -89.97898       87.49813         3.853e-01         3.552e+02         1.010e+00 
  1851.761          10.518    -54.904    -71.981            0.043        11666.660      0.310      0.000      0.000    0.00000    0.14405          -89.97904       87.49631         3.874e-01         3.551e+02         1.009e+00 
  1852.761          10.475    -54.904    -71.981            0.043        11666.660      0.310      0.000      0.000    0.00000    0.14357          -89.97911       87.49458         3.895e-01         3.551e+02         1.009e+00 
  1853.761          10.433    -54.904    -71.981            0.043        11666.660      0.310      0.000      0.000    0.00000    0.14309          -89.97917       87.49292         3.916e-01         3.551e+02         1.009e+00 
  1854.761          10.390    -54.904    -71.981            0.042        11666.660      0.310      0.000      0.000    0.00000    0.14262          -89.97923       87.49131         3.937e-01         3.551e+02         1.009e+00 
  1855.761          10.348    -54.904    -71.981            0.042        11666.660      0.310      0.000      0.000    0.00000    0.14214          -89.97929       87.48976         3.958e-01         3.550e+02         1.009e+00 
  1856.761          10.306    -54.904    -71.981            0.042        11666.660      0.310      0.000      0.000    0.00000    0.14168          -89.97935       87.48826         3.979e-01         3.550e+02         1.009e+00 
  1857.761          10.263    -54.904    -71.981            0.042        11666.660      0.310      0.000      0.000    0.00000    0.14121          -89.97940       87.48680         4.000e-01         3.550e+02         1.009e+00 
  1858.761          10.221    -54.904    -71.981            0.042        11666.660      0.310      0.000      0.000    0.00000    0.14075          -89.97946       87.48539         4.021e-01         3.550e+02         1.009e+00 
  1859.761          10.179    -54.904    -71.981            0.042        11666.660      0.310      0.000      0.000    0.00000    0.14030          -89.97952       87.48400         4.042e-01         3.550e+02         1.009e+00 
  1860.761          10.138    -54.904    -71.981            0.042        11666.660      0.310      0.000      0.000    0.00000    0.13984          -89.97958       87.48266         4.063e-01         3.549e+02         1.009e+00 
  1861.761          10.096    -54.904    -71.981            0.042        11666.660      0.310      0.000      0.000    0.00000    0.13939          -89.97963       87.48134         4.084e-01         3.549e+02         1.009e+00 
  1862.761          10.054    -54.904    -71.981            0.042        11666.660      0.310      0.000      0.000    0.00000    0.13895          -89.97969       87.48005         4.105e-01         3.549e+02         1.009e+00 
  1863.761          10.013    -54.904    -71.981            0.041        11666.660      0.310      0.000      0.000    0.00000    0.13850          -89.97975       87.47879         4.126e-01         3.549e+02         1.009e+00 
  1864.761           9.971    -54.904    -71.981            0.041        11666.660      0.310      0.000      0.000    0.00000    0.13806          -89.97980       87.47756         4.147e-01         3.549e+02         1.009e+00 
  1865.761           9.930    -54.904    -71.981            0.041        11666.660      0.310      0.000      0.000    0.00000    0.13762          -89.97986       87.47636         4.168e-01         3.548e+02         1.009e+00 
  1866.761           9.889    -54.904    -71.981            0.041        11666.660      0.310      0.000      0.000    0.00000    0.13719          -89.97991       87.47518         4.190e-01         3.548e+02         1.008e+00 
  1867.761           9.848    -54.904    -71.981            0.041        11666.660      0.310      0.000      0.000    0.00000    0.13676          -89.97996       87.47402         4.211e-01         3.548e+02         1.008e+00 
  1868.761           9.807    -54.904    -71.981            0.041        11666.660      0.310      0.000      0.000    0.00000    0.13633          -89.98002       87.47289         4.232e-01         3.548e+02         1.008e+00 
  1869.761           9.766    -54.904    -71.981            0.041        11666.660      0.310      0.000      0.000    0.00000    0.13590          -89.98007       87.47178         4.253e-01         3.548e+02         1.008e+00 
  1870.761           9.725    -54.904    -71.981            0.041        11666.660      0.310      0.000      0.000    0.00000    0.13548          -89.98012       87.47070         4.275e-01         3.547e+02         1.008e+00 
  1871.761           9.684    -54.904    -71.981            0.041        11666.660      0.310      0.000      0.000    0.00000    0.13506          -89.98018       87.46964         4.296e-01         3.547e+02         1.008e+00 
  1872.761           9.644    -54.904    -71.981            0.041        11666.660      0.310      0.000      0.000    0.00000    0.13464          -89.98023       87.46860         4.317e-01         3.547e+02         1.008e+00 
  1873.761           9.603    -54.904    -71.981            0.040        11666.660      0.310      0.000      0.000    0.00000    0.13423          -89.98028       87.46759         4.339e-01         3.547e+02         1.008e+00 
  1874.761           9.563    -54.904    -71.981            0.040        11666.660      0.310      0.000      0.000    0.00000    0.13382          -89.98033       87.46660         4.360e-01         3.547e+02         1.008e+00 
  1875.761           9.523    -54.904    -71.981            0.040        11666.660      0.310      0.000      0.000    0.00000    0.13341          -89.98038       87.46563         4.382e-01         3.546e+02         1.008e+00 
  1876.761           9.483    -54.904    -71.981            0.040        11666.660      0.310      0.000      0.000    0.00000    0.13300          -89.98043       87.46468         4.403e-01         3.546e+02         1.008e+00 
  1877.761           9.442    -54.904    -71.981            0.040        11666.660      0.310      0.000      0.000    0.00000    0.13260          -89.98048       87.46376         4.425e-01         3.546e+02         1.008e+00 
  1878.761           9.403    -54.904    -71.981            0.040        11666.660      0.310      0.000      0.000    0.00000    0.13220          -89.98053       87.46285         4.446e-01         3.546e+02         1.008e+00 
  1879.761           9.363    -54.904    -71.981            0.040        11666.660      0.310      0.000      0.000    0.00000    0.13180          -89.98058       87.46197         4.468e-01         3.546e+02         1.008e+00 
  1880.761           9.323    -54.904    -71.981            0.040        11666.660      0.310      0.000      0.000    0.00000    0.13141          -89.98063       87.46111         4.490e-01         3.546e+02         1.008e+00 
  1881.761           9.283    -54.904    -71.981            0.040        11666.660      0.310      0.000      0.000    0.00000    0.13101          -89.98068       87.46027         4.511e-01         3.545e+02         1.008e+00 
  1882.761           9.244    -54.904    -71.981            0.040        11666.660      0.310      0.000      0.000    0.00000    0.13063          -89.98073       87.45945         4.533e-01         3.545e+02         1.008e+00 
  1883.761           9.204    -54.904    -71.981            0.039        11666.660      0.310      0.000      0.000    0.00000    0.13024          -89.98078       87.45866         4.555e-01         3.545e+02         1.008e+00 
  1884.761           9.165    -54.904    -71.981            0.039        11666.660      0.310      0.000      0.000    0.00000    0.12985          -89.98083       87.45788         4.576e-01         3.545e+02         1.008e+00 
  1885.761           9.125    -54.904    -71.981            0.039        11666.660      0.310      0.000      0.000    0.00000    0.12947          -89.98088       87.45713         4.598e-01         3.545e+02         1.008e+00 
  1886.761           9.086    -54.904    -71.981            0.039        11666.660      0.310      0.000      0.000    0.00000    0.12909          -89.98093       87.45639         4.620e-01         3.545e+02         1.008e+00 
  1887.761           9.047    -54.904    -71.981            0.039        11666.660      0.310      0.000      0.000    0.00000    0.12871          -89.98097       87.45568         4.642e-01         3.544e+02         1.007e+00 
  1888.761           9.008    -54.904    -71.981            0.039        11666.660      0.310      0.000      0.000    0.00000    0.12834          -89.98102       87.45499         4.663e-01         3.544e+02         1.007e+00 
  1889.761           8.969    -54.904    -71.981            0.039        11666.660      0.310      0.000      0.000    0.00000    0.12796          -89.98107       87.45432         4.685e-01         3.544e+02         1.007e+00 
  1890.761           8.930    -54.904    -71.981            0.039        11666.660      0.310      0.000      0.000    0.00000    0.12759          -89.98111       87.45367         4.707e-01         3.544e+02         1.007e+00 
  1891.761           8.892    -54.904    -71.981            0.039        11666.660      0.310      0.000      0.000    0.00000    0.12723          -89.98116       87.45303         4.729e-01         3.544e+02         1.007e+00 
  1892.761           8.853    -54.904    -71.981            0.039        11666.660      0.310      0.000      0.000    0.00000    0.12686          -89.98121       87.45242         4.751e-01         3.544e+02         1.007e+00 
  1893.761           8.814    -54.904    -71.981            0.039        11666.660      0.310      0.000      0.000    0.00000    0.12650          -89.98125       87.45183         4.773e-01         3.544e+02         1.007e+00 
  1894.761           8.776    -54.904    -71.981            0.038        11666.660      0.310      0.000      0.000    0.00000    0.12614          -89.98130       87.45126         4.795e-01         3.543e+02         1.007e+00 
  1895.761           8.737    -54.904    -71.981            0.038        11666.660      0.310      0.000      0.000    0.00000    0.12578          -89.98134       87.45071         4.817e-01         3.543e+02         1.007e+00 
  1896.761           8.699    -54.904    -71.981            0.038        11666.660      0.310      0.000      0.000    0.00000    0.12542          -89.98139       87.45018         4.839e-01         3.543e+02         1.007e+00 
  1897.761           8.661    -54.904    -71.981            0.038        11666.660      0.310      0.000      0.000    0.00000    0.12507          -89.98143       87.44967         4.861e-01         3.543e+02         1.007e+00 
  1898.761           8.623    -54.904    -71.981            0.038        11666.660      0.310      0.000      0.000    0.00000    0.12472          -89.98148       87.44918         4.883e-01         3.543e+02         1.007e+00 
  1899.761           8.585    -54.904    -71.981            0.038        11666.660      0.310      0.000      0.000    0.00000    0.12437          -89.98152       87.44871         4.905e-01         3.543e+02         1.007e+00 
  1900.761           8.547    -54.904    -71.981            0.038        11666.660      0.310      0.000      0.000    0.00000    0.12402          -89.98157       87.44825         4.927e-01         3.543e+02         1.007e+00 
  1901.761           8.509    -54.904    -71.981            0.038        11666.660      0.310      0.000      0.000    0.00000    0.12367          -89.98161       87.44782         4.950e-01         3.542e+02         1.007e+00 
  1902.761           8.471    -54.904    -71.981            0.038        11666.660      0.310      0.000      0.000    0.00000    0.12333          -89.98165       87.44741         4.972e-01         3.542e+02         1.007e+00 
  1903.761           8.433    -54.904    -71.981            0.038        11666.660      0.310      0.000      0.000    0.00000    0.12299          -89.98170       87.44701         4.994e-01         3.542e+02         1.007e+00 
  1904.761           8.396    -54.904    -71.981            0.038        11666.660      0.310      0.000      0.000    0.00000    0.12265          -89.98174       87.44664         5.016e-01         3.542e+02         1.007e+00 
  1905.761           8.358    -54.904    -71.981            0.037        11666.660      0.310      0.000      0.000    0.00000    0.12231          -89.98178       87.44628         5.038e-01         3.542e+02         1.007e+00 
  1906.761           8.321    -54.904    -71.981            0.037        11666.660      0.310      0.000      0.000    0.00000    0.12198          -89.98182       87.44594         5.061e-01         3.542e+02         1.007e+00 
  1907.761           8.284    -54.904    -71.981            0.037        11666.660      0.310      0.000      0.000    0.00000    0.12164          -89.98187       87.44562         5.083e-01         3.542e+02         1.007e+00 
  1908.761           8.246    -54.904    -71.981            0.037        11666.660      0.310      0.000      0.000    0.00000    0.12131          -89.98191       87.44532         5.105e-01         3.542e+02         1.007e+00 
  1909.761           8.209    -54.904    -71.981            0.037        11666.660      0.310      0.000      0.000    0.00000    0.12098          -89.98195       87.44504         5.128e-01         3.541e+02         1.007e+00 
  1910.761           8.172    -54.904    -71.981            0.037        11666.660      0.310      0.000      0.000    0.00000    0.12065          -89.98199       87.44478         5.150e-01         3.541e+02         1.007e+00 
  1911.761           8.135    -54.904    -71.981            0.037        11666.660      0.310      0.000      0.000    0.00000    0.12033          -89.98203       87.44454         5.173e-01         3.541e+02         1.007e+00 
  1912.761           8.098    -54.904    -71.981            0.037        11666.660      0.310      0.000      0.000    0.00000    0.12001          -89.98207       87.44431         5.195e-01         3.541e+02         1.007e+00 
  1913.761           8.061    -54.904    -71.981            0.037        11666.660      0.310      0.000      0.000    0.00000    0.11968          -89.98211       87.44410         5.218e-01         3.541e+02         1.006e+00 
  1914.761           8.024    -54.904    -71.981            0.037        11666.660      0.310      0.000      0.000    0.00000    0.11936          -89.98215       87.44392         5.240e-01         3.541e+02         1.006e+00 
  1915.761           7.988    -54.904    -71.981            0.037        11666.660      0.310      0.000      0.000    0.00000    0.11905          -89.98219       87.44375         5.263e-01         3.541e+02         1.006e+00 
  1916.761           7.951    -54.904    -71.981            0.037        11666.660      0.310      0.000      0.000    0.00000    0.11873          -89.98224       87.44359         5.285e-01         3.541e+02         1.006e+00 
  1917.761           7.914    -54.904    -71.981            0.037        11666.660      0.310      0.000      0.000    0.00000    0.11842          -89.98228       87.44346         5.308e-01         3.541e+02         1.006e+00 
  1918.761           7.878    -54.904    -71.981            0.036        11666.660      0.310      0.000      0.000    0.00000    0.11810          -89.98231       87.44334         5.330e-01         3.540e+02         1.006e+00 
  1919.761           7.842    -54.904    -71.981            0.036        11666.661      0.310      0.000      0.000    0.00000    0.11779          -89.98235       87.44324         5.353e-01         3.540e+02         1.006e+00 
  1920.761           7.805    -54.904    -71.981            0.036        11666.661      0.310      0.000      0.000    0.00000    0.11749          -89.98239       87.44316         5.376e-01         3.540e+02         1.006e+00 
  1921.761           7.769    -54.904    -71.981            0.036        11666.661      0.310      0.000      0.000    0.00000    0.11718          -89.98243       87.44310         5.398e-01         3.540e+02         1.006e+00 
  1922.761           7.733    -54.904    -71.981            0.036        11666.661      0.310      0.000      0.000    0.00000    0.11687          -89.98247       87.44306         5.421e-01         3.540e+02         1.006e+00 
  1923.761           7.697    -54.904    -71.981            0.036        11666.661      0.310      0.000      0.000    0.00000    0.11657          -89.98251       87.44303         5.444e-01         3.540e+02         1.006e+00 
  1924.761           7.661    -54.904    -71.981            0.036        11666.661      0.310      0.000      0.000    0.00000    0.11627          -89.98255       87.44302         5.467e-01         3.540e+02         1.006e+00 
  1925.761           7.625    -54.904    -71.981            0.036        11666.661      0.310      0.000      0.000    0.00000    0.11597          -89.98259       87.44303         5.489e-01         3.540e+02         1.006e+00 
  1926.761           7.589    -54.904    -71.981            0.036        11666.661      0.310      0.000      0.000    0.00000    0.11567          -89.98262       87.44305         5.512e-01         3.540e+02         1.006e+00 
  1927.761           7.553    -54.904    -71.981            0.036        11666.661      0.310      0.000      0.000    0.00000    0.11537          -89.98266       87.44310         5.535e-01         3.540e+02         1.006e+00 
  1928.761           7.517    -54.904    -71.981            0.036        11666.661      0.310      0.000      0.000    0.00000    0.11508          -89.98270       87.44316         5.558e-01         3.539e+02         1.006e+00 
  1929.761           7.482    -54.904    -71.981            0.036        11666.661      0.310      0.000      0.000    0.00000    0.11479          -89.98274       87.44323         5.581e-01         3.539e+02         1.006e+00 
  1930.761           7.446    -54.904    -71.981            0.036        11666.661      0.310      0.000      0.000    0.00000    0.11449          -89.98277       87.44333         5.604e-01         3.539e+02         1.006e+00 
  1931.761           7.411    -54.904    -71.981            0.035        11666.661      0.310      0.000      0.000    0.00000    0.11420          -89.98281       87.44344         5.627e-01         3.539e+02         1.006e+00 
  1932.761           7.375    -54.904    -71.981            0.035        11666.661      0.310      0.000      0.000    0.00000    0.11392          -89.98285       87.44357         5.650e-01         3.539e+02         1.006e+00 
  1933.761           7.340    -54.904    -71.981            0.035        11666.661      0.310      0.000      0.000    0.00000    0.11363          -89.98289       87.44371         5.673e-01         3.539e+02         1.006e+00 
  1934.761           7.305    -54.904    -71.981            0.035        11666.661      0.310      0.000      0.000    0.00000    0.11334          -89.98292       87.44387         5.696e-01         3.539e+02         1.006e+00 
  1935.761           7.269    -54.904    -71.981            0.035        11666.661      0.310      0.000      0.000    0.00000    0.11306          -89.98296       87.44405         5.719e-01         3.539e+02         1.006e+00 
  1936.761           7.234    -54.904    -71.981            0.035        11666.661      0.310      0.000      0.000    0.00000    0.11278          -89.98299       87.44425         5.742e-01         3.539e+02         1.006e+00 
  1937.761           7.199    -54.904    -71.981            0.035        11666.661      0.310      0.000      0.000    0.00000    0.11250          -89.98303       87.44446         5.765e-01         3.539e+02         1.006e+00 
  1938.761           7.164    -54.904    -71.981            0.035        11666.661      0.310      0.000      0.000    0.00000    0.11222          -89.98307       87.44469         5.788e-01         3.539e+02         1.006e+00 
  1939.761           7.129    -54.904    -71.981            0.035        11666.661      0.310      0.000      0.000    0.00000    0.11194          -89.98310       87.44493         5.811e-01         3.538e+02         1.006e+00 
  1940.761           7.094    -54.904    -71.981            0.035        11666.661      0.310      0.000      0.000    0.00000    0.11167          -89.98314       87.44520         5.834e-01         3.538e+02         1.006e+00 
  1941.761           7.060    -54.904    -71.981            0.035        11666.661      0.310      0.000      0.000    0.00000    0.11139          -89.98317       87.44547         5.857e-01         3.538e+02         1.006e+00 
  1942.761           7.025    -54.904    -71.981            0.035        11666.661      0.310      0.000      0.000    0.00000    0.11112          -89.98321       87.44577         5.881e-01         3.538e+02         1.006e+00 
  1943.761           6.990    -54.904    -71.981            0.035        11666.661      0.310      0.000      0.000    0.00000    0.11085          -89.98324       87.44608         5.904e-01         3.538e+02         1.006e+00 
  1944.761           6.956    -54.904    -71.981            0.035        11666.661      0.310      0.000      0.000    0.00000    0.11058          -89.98328       87.44641         5.927e-01         3.538e+02         1.006e+00 
  1945.761           6.921    -54.904    -71.981            0.034        11666.661      0.310      0.000      0.000    0.00000    0.11031          -89.98331       87.44675         5.950e-01         3.538e+02         1.006e+00 
  1946.761           6.887    -54.904    -71.981            0.034        11666.661      0.310      0.000      0.000    0.00000    0.11004          -89.98334       87.44711         5.974e-01         3.538e+02         1.006e+00 
  1947.761           6.852    -54.904    -71.981            0.034        11666.661      0.310      0.000      0.000    0.00000    0.10978          -89.98338       87.44748         5.997e-01         3.538e+02         1.006e+00 
  1948.761           6.818    -54.904    -71.981            0.034        11666.661      0.310      0.000      0.000    0.00000    0.10951          -89.98341       87.44787         6.020e-01         3.538e+02         1.006e+00 
  1949.761           6.784    -54.904    -71.981            0.034        11666.661      0.310      0.000      0.000    0.00000    0.10925          -89.98345       87.44828         6.044e-01         3.538e+02         1.006e+00 
  1950.761           6.750    -54.904    -71.981            0.034        11666.661      0.310      0.000      0.000    0.00000    0.10899          -89.98348       87.44871         6.067e-01         3.538e+02         1.005e+00 
  1951.761           6.716    -54.904    -71.981            0.034        11666.661      0.310      0.000      0.000    0.00000    0.10873          -89.98351       87.44914         6.090e-01         3.537e+02         1.005e+00 
  1952.761           6.682    -54.904    -71.981            0.034        11666.661      0.310      0.000      0.000    0.00000    0.10847          -89.98355       87.44960         6.114e-01         3.537e+02         1.005e+00 
  1953.761           6.648    -54.904    -71.981            0.034        11666.661      0.310      0.000      0.000    0.00000    0.10821          -89.98358       87.45007         6.137e-01         3.537e+02         1.005e+00 
  1954.761           6.614    -54.904    -71.981            0.034        11666.661      0.310      0.000      0.000    0.00000    0.10795          -89.98361       87.45055         6.161e-01         3.537e+02         1.005e+00 
  1955.761           6.580    -54.904    -71.981            0.034        11666.661      0.310      0.000      0.000    0.00000    0.10770          -89.98365       87.45106         6.184e-01         3.537e+02         1.005e+00 
  1956.761           6.546    -54.904    -71.981            0.034        11666.661      0.310      0.000      0.000    0.00000    0.10745          -89.98368       87.45157         6.208e-01         3.537e+02         1.005e+00 
  1957.761           6.512    -54.904    -71.981            0.034        11666.661      0.310      0.000      0.000    0.00000    0.10719          -89.98371       87.45211         6.232e-01         3.537e+02         1.005e+00 
  1958.761           6.479    -54.904    -71.981            0.034        11666.661      0.310      0.000      0.000    0.00000    0.10694          -89.98374       87.45265         6.255e-01         3.537e+02         1.005e+00 
  1959.761           6.445    -54.904    -71.981            0.034        11666.661      0.310      0.000      0.000    0.00000    0.10669          -89.98378       87.45322         6.279e-01         3.537e+02         1.005e+00 
  1960.761           6.412    -54.904    -71.981            0.033        11666.661      0.310      0.000      0.000    0.00000    0.10644          -89.98381       87.45379         6.302e-01         3.537e+02         1.005e+00 
  1961.761           6.378    -54.904    -71.981            0.033        11666.661      0.310      0.000      0.000    0.00000    0.10620          -89.98384       87.45439         6.326e-01         3.537e+02         1.005e+00 
  1962.761           6.345    -54.904    -71.981            0.033        11666.661      0.310      0.000      0.000    0.00000    0.10595          -89.98387       87.45500         6.350e-01         3.537e+02         1.005e+00 
  1963.761           6.311    -54.904    -71.981            0.033        11666.661      0.310      0.000      0.000    0.00000    0.10571          -89.98390       87.45562         6.373e-01         3.537e+02         1.005e+00 
  1964.761           6.278    -54.904    -71.981            0.033        11666.661      0.310      0.000      0.000    0.00000    0.10546          -89.98393       87.45626         6.397e-01         3.537e+02         1.005e+00 
  1965.761           6.245    -54.904    -71.981            0.033        11666.661      0.310      0.000      0.000    0.00000    0.10522          -89.98396       87.45691         6.421e-01         3.536e+02         1.005e+00 
  1966.761           6.212    -54.904    -71.981            0.033        11666.661      0.310      0.000      0.000    0.00000    0.10498          -89.98400       87.45758         6.445e-01         3.536e+02         1.005e+00 
  1967.761           6.179    -54.904    -71.981            0.033        11666.661      0.310      0.000      0.000    0.00000    0.10474          -89.98403       87.45827         6.468e-01         3.536e+02         1.005e+00 
  1968.761           6.146    -54.904    -71.981            0.033        11666.661      0.310      0.000      0.000    0.00000    0.10450          -89.98406       87.45896         6.492e-01         3.536e+02         1.005e+00 
  1969.761           6.113    -54.904    -71.981            0.033        11666.661      0.310      0.000      0.000    0.00000    0.10427          -89.98409       87.45968         6.516e-01         3.536e+02         1.005e+00 
  1970.761           6.080    -54.904    -71.981            0.033        11666.661      0.310      0.000      0.000    0.00000    0.10403          -89.98412       87.46041         6.540e-01         3.536e+02         1.005e+00 
  1971.761           6.047    -54.904    -71.981            0.033        11666.661      0.310      0.000      0.000    0.00000    0.10379          -89.98415       87.46115         6.564e-01         3.536e+02         1.005e+00 
  1972.761           6.014    -54.904    -71.981            0.033        11666.661      0.310      0.000      0.000    0.00000    0.10356          -89.98418       87.46191         6.588e-01         3.536e+02         1.005e+00 
  1973.761           5.981    -54.904    -71.981            0.033        11666.661      0.310      0.000      0.000    0.00000    0.10333          -89.98421       87.46268         6.612e-01         3.536e+02         1.005e+00 
  1974.761           5.949    -54.904    -71.981            0.033        11666.661      0.310      0.000      0.000    0.00000    0.10310          -89.98424       87.46347         6.636e-01         3.536e+02         1.005e+00 
  1975.761           5.916    -54.904    -71.981            0.033        11666.661      0.310      0.000      0.000    0.00000    0.10287          -89.98427       87.46427         6.660e-01         3.536e+02         1.005e+00 
  1976.761           5.883    -54.904    -71.981            0.033        11666.661      0.310      0.000      0.000    0.00000    0.10264          -89.98430       87.46508         6.684e-01         3.536e+02         1.005e+00 
  1977.761           5.851    -54.904    -71.981            0.032        11666.661      0.310      0.000      0.000    0.00000    0.10241          -89.98433       87.46591         6.708e-01         3.536e+02         1.005e+00 
  1978.761           5.819    -54.904    -71.981            0.032        11666.661      0.310      0.000      0.000    0.00000    0.10218          -89.98436       87.46676         6.732e-01         3.536e+02         1.005e+00 
  1979.761           5.786    -54.904    -71.981            0.032        11666.661      0.310      0.000      0.000    0.00000    0.10196          -89.98439       87.46762         6.756e-01         3.536e+02         1.005e+00 
  1980.761           5.754    -54.904    -71.981            0.032        11666.661      0.310      0.000      0.000    0.00000    0.10173          -89.98442       87.46849         6.780e-01         3.536e+02         1.005e+00 
  1981.761           5.722    -54.904    -71.981            0.032        11666.661      0.310      0.000      0.000    0.00000    0.10151          -89.98445       87.46937         6.804e-01         3.535e+02         1.005e+00 
  1982.761           5.689    -54.904    -71.981            0.032        11666.661      0.310      0.000      0.000    0.00000    0.10129          -89.98447       87.47028         6.828e-01         3.535e+02         1.005e+00 
  1983.761           5.657    -54.904    -71.981            0.032        11666.661      0.310      0.000      0.000    0.00000    0.10106          -89.98450       87.47119         6.852e-01         3.535e+02         1.005e+00 
  1984.761           5.625    -54.904    -71.981            0.032        11666.661      0.310      0.000      0.000    0.00000    0.10084          -89.98453       87.47212         6.877e-01         3.535e+02         1.005e+00 
  1985.761           5.593    -54.904    -71.981            0.032        11666.661      0.310      0.000      0.000    0.00000    0.10062          -89.98456       87.47306         6.901e-01         3.535e+02         1.005e+00 
  1986.761           5.561    -54.904    -71.981            0.032        11666.661      0.310      0.000      0.000    0.00000    0.10041          -89.98459       87.47402         6.925e-01         3.535e+02         1.005e+00 
  1987.761           5.529    -54.904    -71.981            0.032        11666.661      0.310      0.000      0.000    0.00000    0.10019          -89.98462       87.47499         6.949e-01         3.535e+02         1.005e+00 
  1988.761           5.497    -54.904    -71.981            0.032        11666.661      0.310      0.000      0.000    0.00000    0.09997          -89.98465       87.47598         6.974e-01         3.535e+02         1.005e+00 
  1989.761           5.466    -54.904    -71.981            0.032        11666.661      0.310      0.000      0.000    0.00000    0.09976          -89.98467       87.47698         6.998e-01         3.535e+02         1.005e+00 
  1990.761           5.434    -54.904    -71.981            0.032        11666.661      0.310      0.000      0.000    0.00000    0.09954          -89.98470       87.47799         7.022e-01         3.535e+02         1.005e+00 
  1991.761           5.402    -54.904    -71.981            0.032        11666.661      0.310      0.000      0.000    0.00000    0.09933          -89.98473       87.47902         7.047e-01         3.535e+02         1.005e+00 
  1992.761           5.371    -54.904    -71.981            0.032        11666.661      0.310      0.000      0.000    0.00000    0.09912          -89.98476       87.48006         7.071e-01         3.535e+02         1.005e+00 
  1993.761           5.339    -54.904    -71.981            0.032        11666.661      0.310      0.000      0.000    0.00000    0.09891          -89.98478       87.48111         7.095e-01         3.535e+02         1.005e+00 
  1994.761           5.307    -54.904    -71.981            0.032        11666.661      0.310      0.000      0.000    0.00000    0.09870          -89.98481       87.48218         7.120e-01         3.535e+02         1.005e+00 
  1995.761           5.276    -54.904    -71.981            0.031        11666.661      0.310      0.000      0.000    0.00000    0.09849          -89.98484       87.48326         7.144e-01         3.535e+02         1.005e+00 
  1996.761           5.244    -54.904    -71.981            0.031        11666.661      0.310      0.000      0.000    0.00000    0.09828          -89.98487       87.48435         7.169e-01         3.535e+02         1.005e+00 
  1997.761           5.213    -54.904    -71.981            0.031        11666.662      0.310      0.000      0.000    0.00000    0.09807          -89.98489       87.48546         7.193e-01         3.535e+02         1.005e+00 
  1998.761           5.182    -54.904    -71.981            0.031        11666.662      0.310      0.000      0.000    0.00000    0.09786          -89.98492       87.48658         7.218e-01         3.535e+02         1.005e+00 
  1999.761           5.151    -54.904    -71.981            0.031        11666.662      0.310      0.000      0.000    0.00000    0.09766          -89.98495       87.48772         7.242e-01         3.535e+02         1.005e+00 
  2000.761           5.119    -54.904    -71.981            0.031        11666.662      0.310      0.000      0.000    0.00000    0.09745          -89.98497       87.48886         7.267e-01         3.535e+02         1.005e+00 
  2001.761           5.088    -54.904    -71.981            0.031        11666.662      0.310      0.000      0.000    0.00000    0.09725          -89.98500       87.49003         7.291e-01         3.534e+02         1.005e+00 
  2002.761           5.057    -54.904    -71.981            0.031        11666.662      0.310      0.000      0.000    0.00000    0.09705          -89.98503       87.49120         7.316e-01         3.534e+02         1.005e+00 
  2003.761           5.026    -54.904    -71.981            0.031        11666.662      0.310      0.000      0.000    0.00000    0.09685          -89.98505       87.49239         7.341e-01         3.534e+02         1.005e+00 
  2004.761           4.995    -54.904    -71.981            0.031        11666.662      0.310      0.000      0.000    0.00000    0.09665          -89.98508       87.49359         7.365e-01         3.534e+02         1.005e+00 
  2005.761           4.964    -54.904    -71.981            0.031        11666.662      0.310      0.000      0.000    0.00000    0.09645          -89.98510       87.49480         7.390e-01         3.534e+02         1.005e+00 
  2006.761           4.933    -54.904    -71.981            0.031        11666.662      0.310      0.000      0.000    0.00000    0.09625          -89.98513       87.49603         7.414e-01         3.534e+02         1.005e+00 
  2007.761           4.902    -54.904    -71.981            0.031        11666.662      0.310      0.000      0.000    0.00000    0.09605          -89.98516       87.49727         7.439e-01         3.534e+02         1.005e+00 
  2008.761           4.872    -54.904    -71.981            0.031        11666.662      0.310      0.000      0.000    0.00000    0.09585          -89.98518       87.49852         7.464e-01         3.534e+02         1.005e+00 
  2009.761           4.841    -54.904    -71.981            0.031        11666.662      0.310      0.000      0.000    0.00000    0.09566          -89.98521       87.49979         7.489e-01         3.534e+02         1.005e+00 
  2010.761           4.810    -54.904    -71.981            0.031        11666.662      0.310      0.000      0.000    0.00000    0.09546          -89.98523       87.50107         7.513e-01         3.534e+02         1.005e+00 
  2011.761           4.779    -54.904    -71.981            0.031        11666.662      0.310      0.000      0.000    0.00000    0.09527          -89.98526       87.50236         7.538e-01         3.534e+02         1.005e+00 
  2012.761           4.749    -54.904    -71.981            0.031        11666.662      0.310      0.000      0.000    0.00000    0.09507          -89.98528       87.50367         7.563e-01         3.534e+02         1.004e+00 
  2013.761           4.718    -54.904    -71.981            0.031        11666.662      0.310      0.000      0.000    0.00000    0.09488          -89.98531       87.50498         7.588e-01         3.534e+02         1.004e+00 
  2014.761           4.688    -54.904    -71.981            0.030        11666.662      0.310      0.000      0.000    0.00000    0.09469          -89.98534       87.50631         7.613e-01         3.534e+02         1.004e+00 
  2015.761           4.657    -54.904    -71.981            0.030        11666.662      0.310      0.000      0.000    0.00000    0.09450          -89.98536       87.50766         7.638e-01         3.534e+02         1.004e+00 
  2016.761           4.627    -54.904    -71.981            0.030        11666.662      0.310      0.000      0.000    0.00000    0.09431          -89.98539       87.50901         7.662e-01         3.534e+02         1.004e+00 
  2017.761           4.597    -54.904    -71.981            0.030        11666.662      0.310      0.000      0.000    0.00000    0.09412          -89.98541       87.51038         7.687e-01         3.534e+02         1.004e+00 
  2018.761           4.566    -54.904    -71.981            0.030        11666.662      0.310      0.000      0.000    0.00000    0.09393          -89.98543       87.51176         7.712e-01         3.534e+02         1.004e+00 
  2019.761           4.536    -54.904    -71.981            0.030        11666.662      0.310      0.000      0.000    0.00000    0.09374          -89.98546       87.51316         7.737e-01         3.534e+02         1.004e+00 
  2020.761           4.506    -54.904    -71.981            0.030        11666.662      0.310      0.000      0.000    0.00000    0.09355          -89.98548       87.51456         7.762e-01         3.534e+02         1.004e+00 
  2021.761           4.476    -54.904    -71.981            0.030        11666.662      0.310      0.000      0.000    0.00000    0.09337          -89.98551       87.51598         7.787e-01         3.534e+02         1.004e+00 
  2022.761           4.446    -54.904    -71.981            0.030        11666.662      0.310      0.000      0.000    0.00000    0.09318          -89.98553       87.51741         7.812e-01         3.534e+02         1.004e+00 
  2023.761           4.416    -54.904    -71.981            0.030        11666.662      0.310      0.000      0.000    0.00000    0.09300          -89.98556       87.51886         7.837e-01         3.534e+02         1.004e+00 
  2024.761           4.386    -54.904    -71.981            0.030        11666.662      0.310      0.000      0.000    0.00000    0.09281          -89.98558       87.52031         7.862e-01         3.534e+02         1.004e+00 
  2025.761           4.356    -54.904    -71.981            0.030        11666.662      0.310      0.000      0.000    0.00000    0.09263          -89.98561       87.52178         7.888e-01         3.534e+02         1.004e+00 
  2026.761           4.326    -54.904    -71.981            0.030        11666.662      0.310      0.000      0.000    0.00000    0.09245          -89.98563       87.52326         7.913e-01         3.534e+02         1.004e+00 
  2027.761           4.296    -54.904    -71.981            0.030        11666.662      0.310      0.000      0.000    0.00000    0.09227          -89.98565       87.52475         7.938e-01         3.533e+02         1.004e+00 
  2028.761           4.266    -54.904    -71.981            0.030        11666.662      0.310      0.000      0.000    0.00000    0.09209          -89.98568       87.52626         7.963e-01         3.533e+02         1.004e+00 
  2029.761           4.236    -54.904    -71.981            0.030        11666.662      0.310      0.000      0.000    0.00000    0.09191          -89.98570       87.52778         7.988e-01         3.533e+02         1.004e+00 
  2030.761           4.207    -54.904    -71.981            0.030        11666.662      0.310      0.000      0.000    0.00000    0.09173          -89.98572       87.52931         8.013e-01         3.533e+02         1.004e+00 
  2031.761           4.177    -54.904    -71.981            0.030        11666.662      0.310      0.000      0.000    0.00000    0.09155          -89.98575       87.53085         8.039e-01         3.533e+02         1.004e+00 
  2032.761           4.147    -54.904    -71.981            0.030        11666.662      0.310      0.000      0.000    0.00000    0.09137          -89.98577       87.53240         8.064e-01         3.533e+02         1.004e+00 
  2033.761           4.118    -54.904    -71.981            0.030        11666.662      0.310      0.000      0.000    0.00000    0.09120          -89.98579       87.53397         8.089e-01         3.533e+02         1.004e+00 
  2034.761           4.088    -54.904    -71.981            0.030        11666.662      0.310      0.000      0.000    0.00000    0.09102          -89.98582       87.53555         8.114e-01         3.533e+02         1.004e+00 
  2035.761           4.059    -54.904    -71.981            0.029        11666.662      0.310      0.000      0.000    0.00000    0.09084          -89.98584       87.53714         8.140e-01         3.533e+02         1.004e+00 
  2036.761           4.029    -54.904    -71.981            0.029        11666.662      0.310      0.000      0.000    0.00000    0.09067          -89.98586       87.53874         8.165e-01         3.533e+02         1.004e+00 
  2037.761           4.000    -54.904    -71.981            0.029        11666.662      0.310      0.000      0.000    0.00000    0.09050          -89.98589       87.54035         8.190e-01         3.533e+02         1.004e+00 
  2038.761           3.971    -54.904    -71.981            0.029        11666.662      0.310      0.000      0.000    0.00000    0.09032          -89.98591       87.54198         8.216e-01         3.533e+02         1.004e+00 
  2039.761           3.941    -54.904    -71.981            0.029        11666.662      0.310      0.000      0.000    0.00000    0.09015          -89.98593       87.54361         8.241e-01         3.533e+02         1.004e+00 
  2040.761           3.912    -54.904    -71.981            0.029        11666.662      0.310      0.000      0.000    0.00000    0.08998          -89.98595       87.54526         8.266e-01         3.533e+02         1.004e+00 
  2041.761           3.883    -54.904    -71.981            0.029        11666.662      0.310      0.000      0.000    0.00000    0.08981          -89.98598       87.54693         8.292e-01         3.533e+02         1.004e+00 
  2042.761           3.854    -54.904    -71.981            0.029        11666.662      0.310      0.000      0.000    0.00000    0.08964          -89.98600       87.54860         8.317e-01         3.533e+02         1.004e+00 
  2043.761           3.825    -54.904    -71.981            0.029        11666.662      0.310      0.000      0.000    0.00000    0.08947          -89.98602       87.55028         8.343e-01         3.533e+02         1.004e+00 
  2044.761           3.796    -54.904    -71.981            0.029        11666.662      0.310      0.000      0.000    0.00000    0.08930          -89.98604       87.55198         8.368e-01         3.533e+02         1.004e+00 
  2045.761           3.766    -54.904    -71.981            0.029        11666.662      0.310      0.000      0.000    0.00000    0.08913          -89.98607       87.55369         8.394e-01         3.533e+02         1.004e+00 
  2046.761           3.738    -54.904    -71.981            0.029        11666.662      0.310      0.000      0.000    0.00000    0.08897          -89.98609       87.55541         8.419e-01         3.533e+02         1.004e+00 
  2047.761           3.709    -54.904    -71.981            0.029        11666.662      0.310      0.000      0.000    0.00000    0.08880          -89.98611       87.55714         8.445e-01         3.533e+02         1.004e+00 
  2048.761           3.680    -54.904    -71.981            0.029        11666.662      0.310      0.000      0.000    0.00000    0.08863          -89.98613       87.55888         8.470e-01         3.533e+02         1.004e+00 
  2049.761           3.651    -54.904    -71.981            0.029        11666.662      0.310      0.000      0.000    0.00000    0.08847          -89.98616       87.56064         8.496e-01         3.533e+02         1.004e+00 
  2050.761           3.622    -54.904    -71.981            0.029        11666.662      0.310      0.000      0.000    0.00000    0.08830          -89.98618       87.56240         8.522e-01         3.533e+02         1.004e+00 
  2051.761           3.593    -54.904    -71.981            0.029        11666.662      0.310      0.000      0.000    0.00000    0.08814          -89.98620       87.56418         8.547e-01         3.533e+02         1.004e+00 
  2052.761           3.565    -54.904    -71.981            0.029        11666.662      0.310      0.000      0.000    0.00000    0.08798          -89.98622       87.56597         8.573e-01         3.533e+02         1.004e+00 
  2053.761           3.536    -54.904    -71.981            0.029        11666.662      0.310      0.000      0.000    0.00000    0.08781          -89.98624       87.56777         8.599e-01         3.533e+02         1.004e+00 
  2054.761           3.507    -54.904    -71.981            0.029        11666.662      0.310      0.000      0.000    0.00000    0.08765          -89.98626       87.56958         8.624e-01         3.533e+02         1.004e+00 
  2055.761           3.479    -54.904    -71.981            0.029        11666.662      0.310      0.000      0.000    0.00000    0.08749          -89.98628       87.57140         8.650e-01         3.533e+02         1.004e+00 
  2056.761           3.450    -54.904    -71.981            0.029        11666.662      0.310      0.000      0.000    0.00000    0.08733          -89.98631       87.57324         8.676e-01         3.533e+02         1.004e+00 
  2057.761           3.422    -54.904    -71.981            0.028        11666.662      0.310      0.000      0.000    0.00000    0.08717          -89.98633       87.57508         8.702e-01         3.533e+02         1.004e+00 
  2058.761           3.393    -54.904    -71.981            0.028        11666.662      0.310      0.000      0.000    0.00000    0.08701          -89.98635       87.57694         8.727e-01         3.533e+02         1.004e+00 
  2059.761           3.365    -54.904    -71.981            0.028        11666.662      0.310      0.000      0.000    0.00000    0.08685          -89.98637       87.57881         8.753e-01         3.533e+02         1.004e+00 
  2060.761           3.336    -54.904    -71.981            0.028        11666.662      0.310      0.000      0.000    0.00000    0.08669          -89.98639       87.58069         8.779e-01         3.533e+02         1.004e+00 
  2061.761           3.308    -54.904    -71.981            0.028        11666.662      0.310      0.000      0.000    0.00000    0.08654          -89.98641       87.58258         8.805e-01         3.533e+02         1.004e+00 
  2062.761           3.280    -54.904    -71.981            0.028        11666.662      0.310      0.000      0.000    0.00000    0.08638          -89.98643       87.58448         8.831e-01         3.532e+02         1.004e+00 
  2063.761           3.251    -54.904    -71.981            0.028        11666.662      0.310      0.000      0.000    0.00000    0.08622          -89.98645       87.58639         8.856e-01         3.532e+02         1.004e+00 
  2064.761           3.223    -54.904    -71.981            0.028        11666.662      0.310      0.000      0.000    0.00000    0.08607          -89.98647       87.58832         8.882e-01         3.532e+02         1.004e+00 
  2065.761           3.195    -54.904    -71.981            0.028        11666.662      0.310      0.000      0.000    0.00000    0.08591          -89.98649       87.59025         8.908e-01         3.532e+02         1.004e+00 
  2066.761           3.167    -54.904    -71.981            0.028        11666.662      0.310      0.000      0.000    0.00000    0.08576          -89.98652       87.59220         8.934e-01         3.532e+02         1.004e+00 
  2067.761           3.139    -54.904    -71.981            0.028        11666.662      0.310      0.000      0.000    0.00000    0.08560          -89.98654       87.59415         8.960e-01         3.532e+02         1.004e+00 
  2068.761           3.111    -54.904    -71.981            0.028        11666.662      0.310      0.000      0.000    0.00000    0.08545          -89.98656       87.59612         8.986e-01         3.532e+02         1.004e+00 
  2069.761           3.083    -54.904    -71.981            0.028        11666.662      0.310      0.000      0.000    0.00000    0.08530          -89.98658       87.59810         9.012e-01         3.532e+02         1.004e+00 
  2070.761           3.055    -54.904    -71.981            0.028        11666.662      0.310      0.000      0.000    0.00000    0.08515          -89.98660       87.60009         9.038e-01         3.532e+02         1.004e+00 
  2071.761           3.027    -54.904    -71.981            0.028        11666.662      0.310      0.000      0.000    0.00000    0.08499          -89.98662       87.60209         9.064e-01         3.532e+02         1.004e+00 
  2072.761           2.999    -54.904    -71.981            0.028        11666.662      0.310      0.000      0.000    0.00000    0.08484          -89.98664       87.60410         9.090e-01         3.532e+02         1.004e+00 
  2073.761           2.971    -54.904    -71.981            0.028        11666.662      0.310      0.000      0.000    0.00000    0.08469          -89.98666       87.60612         9.116e-01         3.532e+02         1.004e+00 
  2074.761           2.943    -54.904    -71.981            0.028        11666.662      0.310      0.000      0.000    0.00000    0.08454          -89.98668       87.60816         9.142e-01         3.532e+02         1.004e+00 
  2075.761           2.915    -54.904    -71.981            0.028        11666.662      0.310      0.000      0.000    0.00000    0.08439          -89.98670       87.61020         9.169e-01         3.532e+02         1.004e+00 
  2076.761           2.888    -54.904    -71.981            0.028        11666.662      0.310      0.000      0.000    0.00000    0.08425          -89.98672       87.61225         9.195e-01         3.532e+02         1.004e+00 
  2077.761           2.860    -54.904    -71.981            0.028        11666.662      0.310      0.000      0.000    0.00000    0.08410          -89.98674       87.61432         9.221e-01         3.532e+02         1.004e+00 
  2078.761           2.832    -54.904    -71.981            0.028        11666.662      0.310      0.000      0.000    0.00000    0.08395          -89.98676       87.61639         9.247e-01         3.532e+02         1.004e+00 
  2079.761           2.805    -54.904    -71.981            0.028        11666.662      0.310      0.000      0.000    0.00000    0.08380          -89.98678       87.61848         9.273e-01         3.532e+02         1.004e+00 
  2080.761           2.777    -54.904    -71.981            0.028        11666.662      0.310      0.000      0.000    0.00000    0.08366          -89.98680       87.62058         9.300e-01         3.532e+02         1.004e+00 
  2081.761           2.750    -54.904    -71.981            0.028        11666.662      0.310      0.000      0.000    0.00000    0.08351          -89.98681       87.62269         9.326e-01         3.532e+02         1.004e+00 
  2082.761           2.722    -54.904    -71.981            0.027        11666.662      0.310      0.000      0.000    0.00000    0.08337          -89.98683       87.62480         9.352e-01         3.532e+02         1.004e+00 
  2083.761           2.695    -54.904    -71.981            0.027        11666.662      0.310      0.000      0.000    0.00000    0.08322          -89.98685       87.62693         9.378e-01         3.532e+02         1.004e+00 
  2084.761           2.667    -54.904    -71.981            0.027        11666.662      0.310      0.000      0.000    0.00000    0.08308          -89.98687       87.62907         9.405e-01         3.532e+02         1.004e+00 
  2085.761           2.640    -54.904    -71.981            0.027        11666.662      0.310      0.000      0.000    0.00000    0.08294          -89.98689       87.63122         9.431e-01         3.532e+02         1.004e+00 
  2086.761           2.613    -54.904    -71.981            0.027        11666.662      0.310      0.000      0.000    0.00000    0.08279          -89.98691       87.63338         9.457e-01         3.532e+02         1.004e+00 
  2087.761           2.585    -54.904    -71.981            0.027        11666.662      0.310      0.000      0.000    0.00000    0.08265          -89.98693       87.63555         9.484e-01         3.532e+02         1.004e+00 
  2088.761           2.558    -54.904    -71.981            0.027        11666.662      0.310      0.000      0.000    0.00000    0.08251          -89.98695       87.63773         9.510e-01         3.532e+02         1.004e+00 
  2089.761           2.531    -54.904    -71.981            0.027        11666.662      0.310      0.000      0.000    0.00000    0.08237          -89.98697       87.63993         9.536e-01         3.532e+02         1.004e+00 
  2090.761           2.504    -54.904    -71.981            0.027        11666.662      0.310      0.000      0.000    0.00000    0.08223          -89.98699       87.64213         9.563e-01         3.532e+02         1.004e+00 
  2091.761           2.476    -54.904    -71.981            0.027        11666.662      0.310      0.000      0.000    0.00000    0.08209          -89.98701       87.64434         9.589e-01         3.532e+02         1.004e+00 
  2092.761           2.449    -54.904    -71.981            0.027        11666.662      0.310      0.000      0.000    0.00000    0.08195          -89.98702       87.64656         9.616e-01         3.532e+02         1.004e+00 
  2093.761           2.422    -54.904    -71.981            0.027        11666.662      0.310      0.000      0.000    0.00000    0.08181          -89.98704       87.64879         9.642e-01         3.532e+02         1.004e+00 
  2094.761           2.395    -54.904    -71.981            0.027        11666.662      0.310      0.000      0.000    0.00000    0.08167          -89.98706       87.65104         9.669e-01         3.532e+02         1.004e+00 
  2095.761           2.368    -54.904    -71.981            0.027        11666.662      0.310      0.000      0.000    0.00000    0.08153          -89.98708       87.65329         9.695e-01         3.532e+02         1.004e+00 
  2096.761           2.341    -54.904    -71.981            0.027        11666.662      0.310      0.000      0.000    0.00000    0.08139          -89.98710       87.65555         9.722e-01         3.532e+02         1.004e+00 
  2097.761           2.314    -54.904    -71.981            0.027        11666.662      0.310      0.000      0.000    0.00000    0.08126          -89.98712       87.65783         9.748e-01         3.532e+02         1.004e+00 
  2098.761           2.287    -54.904    -71.981            0.027        11666.662      0.310      0.000      0.000    0.00000    0.08112          -89.98714       87.66011         9.775e-01         3.532e+02         1.004e+00 
  2099.761           2.260    -54.904    -71.981            0.027        11666.662      0.310      0.000      0.000    0.00000    0.08098          -89.98715       87.66240         9.801e-01         3.532e+02         1.004e+00 
  2100.761           2.234    -54.904    -71.981            0.027        11666.662      0.310      0.000      0.000    0.00000    0.08085          -89.98717       87.66471         9.828e-01         3.532e+02         1.004e+00 
  2101.761           2.207    -54.904    -71.981            0.027        11666.662      0.310      0.000      0.000    0.00000    0.08071          -89.98719       87.66702         9.855e-01         3.532e+02         1.004e+00 
  2102.761           2.180    -54.904    -71.981            0.027        11666.662      0.310      0.000      0.000    0.00000    0.08058          -89.98721       87.66935         9.881e-01         3.532e+02         1.004e+00 
  2103.761           2.153    -54.904    -71.981            0.027        11666.662      0.310      0.000      0.000    0.00000    0.08044          -89.98723       87.67168         9.908e-01         3.532e+02         1.004e+00 
  2104.761           2.127    -54.904    -71.981            0.027        11666.662      0.310      0.000      0.000    0.00000    0.08031          -89.98724       87.67403         9.935e-01         3.532e+02         1.004e+00 
  2105.761           2.100    -54.904    -71.981            0.027        11666.662      0.310      0.000      0.000    0.00000    0.08018          -89.98726       87.67638         9.961e-01         3.532e+02         1.004e+00 
  2106.761           2.073    -54.904    -71.981            0.027        11666.662      0.310      0.000      0.000    0.00000    0.08004          -89.98728       87.67874         9.988e-01         3.532e+02         1.004e+00 
  2107.761           2.047    -54.904    -71.981            0.027        11666.662      0.310      0.000      0.000    0.00000    0.07991          -89.98730       87.68112         1.001e+00         3.532e+02         1.004e+00 
  2108.761           2.020    -54.904    -71.981            0.027        11666.662      0.310      0.000      0.000    0.00000    0.07978          -89.98732       87.68350         1.004e+00         3.532e+02         1.004e+00 
  2109.761           1.994    -54.904    -71.981            0.026        11666.662      0.310      0.000      0.000    0.00000    0.07965          -89.98733       87.68590         1.007e+00         3.532e+02         1.004e+00 
  2110.761           1.967    -54.904    -71.981            0.026        11666.662      0.310      0.000      0.000    0.00000    0.07952          -89.98735       87.68830         1.010e+00         3.532e+02         1.004e+00 
  2111.761           1.941    -54.904    -71.981            0.026        11666.662      0.310      0.000      0.000    0.00000    0.07939          -89.98737       87.69071         1.012e+00         3.532e+02         1.004e+00 
  2112.761           1.915    -54.904    -71.981            0.026        11666.662      0.310      0.000      0.000    0.00000    0.07926          -89.98739       87.69314         1.015e+00         3.532e+02         1.004e+00 
  2113.761           1.888    -54.904    -71.981            0.026        11666.662      0.310      0.000      0.000    0.00000    0.07913          -89.98740       87.69557         1.018e+00         3.532e+02         1.004e+00 
  2114.761           1.862    -54.904    -71.981            0.026        11666.662      0.310      0.000      0.000    0.00000    0.07900          -89.98742       87.69801         1.020e+00         3.532e+02         1.004e+00 
  2115.761           1.836    -54.904    -71.981            0.026        11666.662      0.310      0.000      0.000    0.00000    0.07887          -89.98744       87.70047         1.023e+00         3.532e+02         1.004e+00 
  2116.761           1.809    -54.904    -71.981            0.026        11666.662      0.310      0.000      0.000    0.00000    0.07874          -89.98746       87.70293         1.026e+00         3.532e+02         1.004e+00 
  2117.761           1.783    -54.904    -71.981            0.026        11666.662      0.310      0.000      0.000    0.00000    0.07862          -89.98747       87.70540         1.028e+00         3.532e+02         1.004e+00 
  2118.761           1.757    -54.904    -71.981            0.026        11666.662      0.310      0.000      0.000    0.00000    0.07849          -89.98749       87.70788         1.031e+00         3.532e+02         1.004e+00 
  2119.761           1.731    -54.904    -71.981            0.026        11666.662      0.310      0.000      0.000    0.00000    0.07836          -89.98751       87.71037         1.034e+00         3.532e+02         1.004e+00 
  2120.761           1.705    -54.904    -71.981            0.026        11666.662      0.310      0.000      0.000    0.00000    0.07824          -89.98752       87.71287         1.036e+00         3.532e+02         1.004e+00 
  2121.761           1.679    -54.904    -71.981            0.026        11666.663      0.310      0.000      0.000    0.00000    0.07811          -89.98754       87.71538         1.039e+00         3.532e+02         1.004e+00 
  2122.761           1.653    -54.904    -71.981            0.026        11666.663      0.310      0.000      0.000    0.00000    0.07798          -89.98756       87.71791         1.042e+00         3.532e+02         1.004e+00 
  2123.761           1.627    -54.904    -71.981            0.026        11666.663      0.310      0.000      0.000    0.00000    0.07786          -89.98757       87.72044         1.045e+00         3.532e+02         1.004e+00 
  2124.761           1.601    -54.904    -71.981            0.026        11666.663      0.310      0.000      0.000    0.00000    0.07773          -89.98759       87.72297         1.047e+00         3.532e+02         1.004e+00 
  2125.761           1.575    -54.904    -71.981            0.026        11666.663      0.310      0.000      0.000    0.00000    0.07761          -89.98761       87.72552         1.050e+00         3.531e+02         1.004e+00 
  2126.761           1.549    -54.904    -71.981            0.026        11666.663      0.310      0.000      0.000    0.00000    0.07749          -89.98763       87.72808         1.053e+00         3.531e+02         1.004e+00 
  2127.761           1.523    -54.904    -71.981            0.026        11666.663      0.310      0.000      0.000    0.00000    0.07736          -89.98764       87.73065         1.055e+00         3.531e+02         1.004e+00 
  2128.761           1.497    -54.904    -71.981            0.026        11666.663      0.310      0.000      0.000    0.00000    0.07724          -89.98766       87.73323         1.058e+00         3.531e+02         1.004e+00 
  2129.761           1.471    -54.904    -71.981            0.026        11666.663      0.310      0.000      0.000    0.00000    0.07712          -89.98768       87.73581         1.061e+00         3.531e+02         1.004e+00 
  2130.761           1.445    -54.904    -71.981            0.026        11666.663      0.310      0.000      0.000    0.00000    0.07700          -89.98769       87.73841         1.064e+00         3.531e+02         1.004e+00 
  2131.761           1.420    -54.904    -71.981            0.026        11666.663      0.310      0.000      0.000    0.00000    0.07688          -89.98771       87.74102         1.066e+00         3.531e+02         1.004e+00 
  2132.761           1.394    -54.904    -71.981            0.026        11666.663      0.310      0.000      0.000    0.00000    0.07675          -89.98772       87.74363         1.069e+00         3.531e+02         1.004e+00 
  2133.761           1.368    -54.904    -71.981            0.026        11666.663      0.310      0.000      0.000    0.00000    0.07663          -89.98774       87.74626         1.072e+00         3.531e+02         1.004e+00 
  2134.761           1.343    -54.904    -71.981            0.026        11666.663      0.310      0.000      0.000    0.00000    0.07651          -89.98776       87.74889         1.074e+00         3.531e+02         1.004e+00 
  2135.761           1.317    -54.904    -71.981            0.026        11666.663      0.310      0.000      0.000    0.00000    0.07639          -89.98777       87.75153         1.077e+00         3.531e+02         1.004e+00 
  2136.761           1.291    -54.904    -71.981            0.026        11666.663      0.310      0.000      0.000    0.00000    0.07628          -89.98779       87.75418         1.080e+00         3.531e+02         1.004e+00 
  2137.761           1.266    -54.904    -71.981            0.026        11666.663      0.310      0.000      0.000    0.00000    0.07616          -89.98781       87.75685         1.083e+00         3.531e+02         1.004e+00 
  2138.761           1.240    -54.904    -71.981            0.026        11666.663      0.310      0.000      0.000    0.00000    0.07604          -89.98782       87.75952         1.085e+00         3.531e+02         1.004e+00 
  2139.761           1.215    -54.904    -71.981            0.025        11666.663      0.310      0.000      0.000    0.00000    0.07592          -89.98784       87.76220         1.088e+00         3.531e+02         1.004e+00 
  2140.761           1.189    -54.904    -71.981            0.025        11666.663      0.310      0.000      0.000    0.00000    0.07580          -89.98785       87.76489         1.091e+00         3.531e+02         1.004e+00 
  2141.761           1.164    -54.904    -71.981            0.025        11666.663      0.310      0.000      0.000    0.00000    0.07568          -89.98787       87.76759         1.094e+00         3.531e+02         1.004e+00 
  2142.761           1.138    -54.904    -71.981            0.025        11666.663      0.310      0.000      0.000    0.00000    0.07557          -89.98789       87.77029         1.096e+00         3.531e+02         1.004e+00 
  2143.761           1.113    -54.904    -71.981            0.025        11666.663      0.310      0.000      0.000    0.00000    0.07545          -89.98790       87.77301         1.099e+00         3.531e+02         1.004e+00 
  2144.761           1.088    -54.904    -71.981            0.025        11666.663      0.310      0.000      0.000    0.00000    0.07533          -89.98792       87.77574         1.102e+00         3.531e+02         1.004e+00 
  2145.761           1.062    -54.904    -71.981            0.025        11666.663      0.310      0.000      0.000    0.00000    0.07522          -89.98793       87.77847         1.105e+00         3.531e+02         1.004e+00 
  2146.761           1.037    -54.904    -71.981            0.025        11666.663      0.310      0.000      0.000    0.00000    0.07510          -89.98795       87.78121         1.107e+00         3.531e+02         1.004e+00 
  2147.761           1.012    -54.904    -71.981            0.025        11666.663      0.310      0.000      0.000    0.00000    0.07499          -89.98796       87.78397         1.110e+00         3.531e+02         1.004e+00 
  2148.761           0.987    -54.904    -71.981            0.025        11666.663      0.310      0.000      0.000    0.00000    0.07487          -89.98798       87.78673         1.113e+00         3.531e+02         1.004e+00 
  2149.761           0.962    -54.904    -71.981            0.025        11666.663      0.310      0.000      0.000    0.00000    0.07476          -89.98800       87.78950         1.116e+00         3.531e+02         1.004e+00 
  2150.761           0.936    -54.904    -71.981            0.025        11666.663      0.310      0.000      0.000    0.00000    0.07465          -89.98801       87.79228         1.118e+00         3.531e+02         1.004e+00 
  2151.761           0.911    -54.904    -71.981            0.025        11666.663      0.310      0.000      0.000    0.00000    0.07453          -89.98803       87.79507         1.121e+00         3.531e+02         1.004e+00 
  2152.761           0.886    -54.904    -71.981            0.025        11666.663      0.310      0.000      0.000    0.00000    0.07442          -89.98804       87.79787         1.124e+00         3.531e+02         1.004e+00 
  2153.761           0.861    -54.904    -71.981            0.025        11666.663      0.310      0.000      0.000    0.00000    0.07431          -89.98806       87.80068         1.127e+00         3.531e+02         1.004e+00 
  2154.761           0.836    -54.904    -71.981            0.025        11666.663      0.310      0.000      0.000    0.00000    0.07419          -89.98807       87.80349         1.129e+00         3.531e+02         1.004e+00 
  2155.761           0.811    -54.904    -71.981            0.025        11666.663      0.310      0.000      0.000    0.00000    0.07408          -89.98809       87.80632         1.132e+00         3.531e+02         1.004e+00 
  2156.761           0.786    -54.904    -71.981            0.025        11666.663      0.310      0.000      0.000    0.00000    0.07397          -89.98810       87.80915         1.135e+00         3.531e+02         1.004e+00 
  2157.761           0.761    -54.904    -71.981            0.025        11666.663      0.310      0.000      0.000    0.00000    0.07386          -89.98812       87.81200         1.138e+00         3.531e+02         1.004e+00 
  2158.761           0.736    -54.904    -71.981            0.025        11666.663      0.310      0.000      0.000    0.00000    0.07375          -89.98813       87.81485         1.140e+00         3.531e+02         1.004e+00 
  2159.761           0.712    -54.904    -71.981            0.025        11666.663      0.310      0.000      0.000    0.00000    0.07364          -89.98815       87.81771         1.143e+00         3.531e+02         1.004e+00 
  2160.761           0.687    -54.904    -71.981            0.025        11666.663      0.310      0.000      0.000    0.00000    0.07353          -89.98816       87.82058         1.146e+00         3.531e+02         1.004e+00 
  2161.761           0.662    -54.904    -71.981            0.025        11666.663      0.310      0.000      0.000    0.00000    0.07342          -89.98818       87.82345         1.149e+00         3.531e+02         1.004e+00 
  2162.761           0.637    -54.904    -71.981            0.025        11666.663      0.310      0.000      0.000    0.00000    0.07331          -89.98819       87.82634         1.151e+00         3.531e+02         1.004e+00 
  2163.761           0.612    -54.904    -71.981            0.025        11666.663      0.310      0.000      0.000    0.00000    0.07320          -89.98821       87.82924         1.154e+00         3.531e+02         1.004e+00 
  2164.761           0.588    -54.904    -71.981            0.025        11666.663      0.310      0.000      0.000    0.00000    0.07309          -89.98822       87.83214         1.157e+00         3.531e+02         1.004e+00 
  2165.761           0.563    -54.904    -71.981            0.025        11666.663      0.310      0.000      0.000    0.00000    0.07298          -89.98824       87.83506         1.160e+00         3.531e+02         1.004e+00 
  2166.761           0.538    -54.904    -71.981            0.025        11666.663      0.310      0.000      0.000    0.00000    0.07287          -89.98825       87.83798         1.163e+00         3.531e+02         1.004e+00 
  2167.761           0.514    -54.904    -71.981            0.025        11666.663      0.310      0.000      0.000    0.00000    0.07277          -89.98827       87.84091         1.165e+00         3.531e+02         1.004e+00 
  2168.761           0.489    -54.904    -71.981            0.025        11666.663      0.310      0.000      0.000    0.00000    0.07266          -89.98828       87.84385         1.168e+00         3.531e+02         1.004e+00 
  2169.761           0.465    -54.904    -71.981            0.025        11666.663      0.310      0.000      0.000    0.00000    0.07255          -89.98830       87.84679         1.171e+00         3.531e+02         1.004e+00 
  2170.761           0.440    -54.904    -71.981            0.025        11666.663      0.310      0.000      0.000    0.00000    0.07245          -89.98831       87.84975         1.174e+00         3.531e+02         1.004e+00 
  2171.761           0.415    -54.904    -71.981            0.024        11666.663      0.310      0.000      0.000    0.00000    0.07234          -89.98833       87.85272         1.177e+00         3.531e+02         1.004e+00 
  2172.761           0.391    -54.904    -71.981            0.024        11666.663      0.310      0.000      0.000    0.00000    0.07223          -89.98834       87.85569         1.179e+00         3.531e+02         1.004e+00 
  2173.761           0.367    -54.904    -71.981            0.024        11666.663      0.310      0.000      0.000    0.00000    0.07213          -89.98835       87.85867         1.182e+00         3.531e+02         1.004e+00 
  2174.761           0.342    -54.904    -71.981            0.024        11666.663      0.310      0.000      0.000    0.00000    0.07202          -89.98837       87.86166         1.185e+00         3.531e+02         1.004e+00 
  2175.761           0.318    -54.904    -71.981            0.024        11666.663      0.310      0.000      0.000    0.00000    0.07192          -89.98838       87.86466         1.188e+00         3.531e+02         1.004e+00 
  2176.761           0.293    -54.904    -71.981            0.024        11666.663      0.310      0.000      0.000    0.00000    0.07181          -89.98840       87.86767         1.191e+00         3.531e+02         1.004e+00 
  2177.761           0.269    -54.904    -71.981            0.024        11666.663      0.310      0.000      0.000    0.00000    0.07171          -89.98841       87.87069         1.193e+00         3.531e+02         1.004e+00 
  2178.761           0.245    -54.904    -71.981            0.024        11666.663      0.310      0.000      0.000    0.00000    0.07161          -89.98843       87.87371         1.196e+00         3.531e+02         1.004e+00 
  2179.761           0.220    -54.904    -71.981            0.024        11666.663      0.310      0.000      0.000    0.00000    0.07150          -89.98844       87.87675         1.199e+00         3.531e+02         1.004e+00 
  2180.761           0.196    -54.904    -71.981            0.024        11666.663      0.310      0.000      0.000    0.00000    0.07140          -89.98845       87.87979         1.202e+00         3.531e+02         1.004e+00 
  2181.761           0.172    -54.904    -71.981            0.024        11666.663      0.310      0.000      0.000    0.00000    0.07130          -89.98847       87.88284         1.205e+00         3.531e+02         1.004e+00 
  2182.761           0.148    -54.904    -71.981            0.024        11666.663      0.310      0.000      0.000    0.00000    0.07119          -89.98848       87.88590         1.207e+00         3.531e+02         1.004e+00 
  2183.761           0.124    -54.904    -71.981            0.024        11666.663      0.310      0.000      0.000    0.00000    0.07109          -89.98850       87.88896         1.210e+00         3.531e+02         1.004e+00 
  2184.761           0.099    -54.904    -71.981            0.024        11666.663      0.310      0.000      0.000    0.00000    0.07099          -89.98851       87.89204         1.213e+00         3.531e+02         1.004e+00 
  2185.761           0.075    -54.904    -71.981            0.024        11666.663      0.310      0.000      0.000    0.00000    0.07089          -89.98853       87.89512         1.216e+00         3.531e+02         1.004e+00 
  2186.761           0.051    -54.904    -71.981            0.024        11666.663      0.310      0.000      0.000    0.00000    0.07079          -89.98854       87.89822         1.219e+00         3.531e+02         1.004e+00 
  2187.761           0.027    -54.904    -71.981            0.024        11666.663      0.310      0.000      0.000    0.00000    0.07069          -89.98855       87.90132         1.221e+00         3.531e+02         1.004e+00 
  2188.761           0.003    -54.904    -71.981            0.024        11666.663      0.310      0.000      0.000    0.00000    0.07058          -89.98857       87.90443         1.224e+00         3.531e+02         1.004e+00 
  2189.761           0.000    -54.904    -71.981            0.024        11666.663      0.310      0.000      0.000    0.00000    0.07051          -89.98858       87.90761         1.225e+00         3.527e+02         1.002e+00 
