#_______________________________________________________________________________
#    ######   ####     ##             #####   #####     ##    #    #    ##
#    #       #        #  #            #    #  #    #   #  #   ##  ##   #  #
#    #####    ####   ######           #    #  #####   ######  # ## #  ######
#    #            #  #    #           #    #  #    #  #    #  #    #  #    #
#____######__#####___#____#___________#####___#____#__#____#__#____#__#____#____
#
#              ESA Debris Risk Assessment and Mitigation Analysis
#
#                      ---- DRAMA ( SESAM 2.3.0 ) ----
#                                      ESA 2018 
#
#                              trajectory history file
#-------------------------------------------------------------------------------
# Filename      : PySara.COMM.5ec80fef-472a-49e4-8831-11217eacc162_Trajectory.txt
# RunID         : PySara
# ObjectID      : 5ec80fef-472a-49e4-8831-11217eacc162
# ObjectName    : COMM
# Content       : This file contains the trajectory state data of the object,
#                 computed by the DRAMA 3 Re-entry Analysis.
# Documentation : DRAMA Software User Manual, section OPERATIONS MANUAL / Normal operation / SARA / SARA Simulation Output / Re-entry simulation output
#
#--------------------------------------------------------------------------------------------------------------------------------------------------------------------------------------------------------------------------------
#  Time [s]  Altitude [km]  Lat [deg]  Lon [deg]  Velocity [km/s]   Downrange [km]       Drag       Lift       Side    Knudsen       Mach  Flight Path [deg]  Heading [deg]  Density [kg/m^2]  DynPressure [Pa]   Load Factor [g]
#--------------------------------------------------------------------------------------------------------------------------------------------------------------------------------------------------------------------------------
  1370.750          90.959    -46.230    -68.191            7.672        10664.955      1.035      0.000      0.000    0.22026   27.96062           -0.74942      194.59300         2.881e-06         8.479e+01         9.667e-01 
  1370.850          90.949    -46.237    -68.194            7.671        10665.713      1.035      0.000      0.000    0.21991   27.95774           -0.74988      194.59418         2.885e-06         8.490e+01         9.677e-01 
  1371.300          90.903    -46.267    -68.205            7.667        10669.119      1.033      0.000      0.000    0.21833   27.94435           -0.75198      194.59946         2.906e-06         8.544e+01         9.719e-01 
  1372.300          90.803    -46.332    -68.229            7.658        10676.683      1.028      0.000      0.000    0.21473   27.91339           -0.75677      194.61122         2.955e-06         8.668e+01         9.818e-01 
  1373.300          90.701    -46.398    -68.254            7.648        10684.237      1.024      0.000      0.000    0.21091   27.87977           -0.76173      194.62301         3.009e-06         8.804e+01         9.925e-01 
  1374.300          90.599    -46.464    -68.279            7.638        10691.781      1.019      0.000      0.000    0.20714   27.84573           -0.76687      194.63482         3.064e-06         8.942e+01         1.003e+00 
  1375.300          90.497    -46.529    -68.304            7.629        10699.317      1.014      0.000      0.000    0.20342   27.81128           -0.77219      194.64666         3.121e-06         9.083e+01         1.014e+00 
  1376.300          90.394    -46.595    -68.329            7.619        10706.842      1.009      0.000      0.000    0.19974   27.77642           -0.77769      194.65853         3.178e-06         9.227e+01         1.025e+00 
  1377.300          90.290    -46.660    -68.353            7.609        10714.358      1.004      0.000      0.000    0.19611   27.74113           -0.78338      194.67042         3.237e-06         9.374e+01         1.036e+00 
  1378.300          90.185    -46.725    -68.378            7.599        10721.863      0.999      0.000      0.000    0.19252   27.70542           -0.78925      194.68233         3.298e-06         9.524e+01         1.048e+00 
  1379.300          90.080    -46.790    -68.403            7.588        10729.359      0.994      0.000      0.000    0.18898   27.66928           -0.79530      194.69427         3.360e-06         9.677e+01         1.059e+00 
  1380.300          89.975    -46.855    -68.428            7.578        10736.845      0.989      0.000      0.000    0.18548   27.63271           -0.80155      194.70623         3.424e-06         9.834e+01         1.071e+00 
  1381.300          89.868    -46.920    -68.453            7.568        10744.320      0.984      0.000      0.000    0.18202   27.59569           -0.80799      194.71822         3.489e-06         9.994e+01         1.082e+00 
  1382.300          89.761    -46.985    -68.478            7.557        10751.785      0.978      0.000      0.000    0.17861   27.55823           -0.81463      194.73023         3.556e-06         1.016e+02         1.094e+00 
  1383.300          89.654    -47.050    -68.503            7.546        10759.240      0.973      0.000      0.000    0.17523   27.52031           -0.82146      194.74227         3.625e-06         1.032e+02         1.106e+00 
  1384.300          89.545    -47.115    -68.527            7.536        10766.684      0.968      0.000      0.000    0.17190   27.48194           -0.82850      194.75433         3.695e-06         1.050e+02         1.119e+00 
  1385.300          89.436    -47.179    -68.552            7.525        10774.117      0.962      0.000      0.000    0.16860   27.44311           -0.83573      194.76641         3.768e-06         1.067e+02         1.131e+00 
  1386.300          89.325    -47.244    -68.577            7.514        10781.540      0.957      0.000      0.000    0.16534   27.40381           -0.84317      194.77851         3.842e-06         1.085e+02         1.144e+00 
  1387.300          89.214    -47.308    -68.602            7.503        10788.952      0.952      0.000      0.000    0.16213   27.36403           -0.85082      194.79064         3.919e-06         1.103e+02         1.156e+00 
  1388.300          89.103    -47.372    -68.627            7.491        10796.352      0.946      0.000      0.000    0.15895   27.32377           -0.85868      194.80279         3.997e-06         1.122e+02         1.169e+00 
  1389.300          88.990    -47.437    -68.652            7.480        10803.742      0.941      0.000      0.000    0.15581   27.28302           -0.86675      194.81495         4.078e-06         1.141e+02         1.182e+00 
  1390.300          88.876    -47.501    -68.677            7.468        10811.120      0.935      0.000      0.000    0.15270   27.24177           -0.87504      194.82714         4.161e-06         1.161e+02         1.196e+00 
  1391.300          88.762    -47.565    -68.702            7.457        10818.487      0.930      0.000      0.000    0.14964   27.20002           -0.88354      194.83936         4.247e-06         1.181e+02         1.209e+00 
  1392.300          88.646    -47.629    -68.727            7.445        10825.842      0.924      0.000      0.000    0.14661   27.15776           -0.89227      194.85159         4.335e-06         1.202e+02         1.223e+00 
  1393.300          88.530    -47.692    -68.752            7.433        10833.185      0.918      0.000      0.000    0.14361   27.11499           -0.90122      194.86384         4.425e-06         1.223e+02         1.237e+00 
  1394.300          88.413    -47.756    -68.778            7.421        10840.517      0.913      0.000      0.000    0.14065   27.07169           -0.91040      194.87611         4.518e-06         1.245e+02         1.251e+00 
  1395.300          88.294    -47.820    -68.803            7.409        10847.837      0.907      0.000      0.000    0.13773   27.02785           -0.91981      194.88840         4.615e-06         1.267e+02         1.265e+00 
  1396.300          88.175    -47.883    -68.828            7.396        10855.145      0.901      0.000      0.000    0.13485   26.98348           -0.92945      194.90071         4.714e-06         1.290e+02         1.280e+00 
  1397.300          88.054    -47.946    -68.853            7.384        10862.440      0.895      0.000      0.000    0.13199   26.93855           -0.93932      194.91304         4.816e-06         1.313e+02         1.295e+00 
  1398.300          87.933    -48.010    -68.878            7.371        10869.723      0.889      0.000      0.000    0.12918   26.89307           -0.94944      194.92538         4.921e-06         1.337e+02         1.310e+00 
  1399.300          87.810    -48.073    -68.903            7.358        10876.994      0.883      0.000      0.000    0.12640   26.84702           -0.95980      194.93775         5.029e-06         1.362e+02         1.325e+00 
  1400.300          87.686    -48.136    -68.928            7.346        10884.252      0.878      0.000      0.000    0.12365   26.80040           -0.97041      194.95013         5.141e-06         1.388e+02         1.341e+00 
  1401.300          87.561    -48.199    -68.953            7.332        10891.497      0.872      0.000      0.000    0.12094   26.75319           -0.98126      194.96252         5.256e-06         1.414e+02         1.357e+00 
  1402.300          87.435    -48.261    -68.978            7.319        10898.729      0.866      0.000      0.000    0.11827   26.70539           -0.99237      194.97494         5.375e-06         1.440e+02         1.373e+00 
  1403.300          87.308    -48.324    -69.003            7.306        10905.948      0.860      0.000      0.000    0.11563   26.65698           -1.00373      194.98736         5.498e-06         1.468e+02         1.390e+00 
  1404.300          87.179    -48.387    -69.029            7.292        10913.154      0.854      0.000      0.000    0.11302   26.60797           -1.01536      194.99981         5.625e-06         1.496e+02         1.407e+00 
  1405.300          87.049    -48.449    -69.054            7.279        10920.347      0.848      0.000      0.000    0.11045   26.55833           -1.02724      195.01227         5.757e-06         1.526e+02         1.424e+00 
  1406.300          86.918    -48.511    -69.079            7.265        10927.526      0.841      0.000      0.000    0.10791   26.50806           -1.03940      195.02474         5.892e-06         1.556e+02         1.442e+00 
  1407.300          86.786    -48.574    -69.104            7.251        10934.691      0.835      0.000      0.000    0.10540   26.45715           -1.05182      195.03722         6.032e-06         1.586e+02         1.459e+00 
  1408.300          86.652    -48.636    -69.129            7.236        10941.842      0.829      0.000      0.000    0.10293   26.40558           -1.06452      195.04972         6.177e-06         1.618e+02         1.478e+00 
  1409.300          86.517    -48.697    -69.154            7.222        10948.979      0.823      0.000      0.000    0.10049   26.35335           -1.07750      195.06223         6.327e-06         1.651e+02         1.497e+00 
  1410.300          86.380    -48.759    -69.179            7.207        10956.101      0.817      0.000      0.000    0.09809   26.30045           -1.09077      195.07476         6.483e-06         1.685e+02         1.516e+00 
  1411.300          86.242    -48.821    -69.205            7.192        10963.210      0.811      0.000      0.000    0.09571   26.24686           -1.10432      195.08729         6.644e-06         1.719e+02         1.535e+00 
  1412.300          86.103    -48.882    -69.230            7.177        10970.303      0.805      0.000      0.000    0.09337   26.19257           -1.11816      195.09983         6.811e-06         1.755e+02         1.555e+00 
  1413.300          85.962    -48.944    -69.255            7.162        10977.382      0.799      0.000      0.000    0.09108   26.13476           -1.13230      195.11239         6.982e-06         1.792e+02         1.576e+00 
  1414.300          85.820    -49.005    -69.280            7.147        10984.446      0.793      0.000      0.000    0.08895   26.05943           -1.14674      195.12495         7.149e-06         1.827e+02         1.595e+00 
  1415.300          85.676    -49.066    -69.305            7.131        10991.494      0.787      0.000      0.000    0.08684   25.98336           -1.16149      195.13752         7.323e-06         1.863e+02         1.615e+00 
  1416.300          85.531    -49.127    -69.330            7.116        10998.527      0.781      0.000      0.000    0.08477   25.90652           -1.17655      195.15010         7.503e-06         1.900e+02         1.635e+00 
  1417.300          85.384    -49.188    -69.355            7.100        11005.544      0.775      0.000      0.000    0.08272   25.82888           -1.19192      195.16268         7.688e-06         1.939e+02         1.656e+00 
  1418.300          85.235    -49.249    -69.381            7.083        11012.546      0.770      0.000      0.000    0.08071   25.75042           -1.20761      195.17528         7.880e-06         1.978e+02         1.677e+00 
  1419.300          85.085    -49.309    -69.406            7.067        11019.532      0.764      0.000      0.000    0.07872   25.67114           -1.22362      195.18787         8.079e-06         2.019e+02         1.698e+00 
  1420.300          84.933    -49.370    -69.431            7.050        11026.501      0.758      0.000      0.000    0.07677   25.59101           -1.23997      195.20048         8.284e-06         2.060e+02         1.720e+00 
  1421.300          84.780    -49.430    -69.456            7.034        11033.454      0.752      0.000      0.000    0.07485   25.51002           -1.25664      195.21308         8.497e-06         2.103e+02         1.743e+00 
  1422.300          84.625    -49.490    -69.481            7.017        11040.390      0.747      0.000      0.000    0.07296   25.42814           -1.27366      195.22569         8.718e-06         2.147e+02         1.766e+00 
  1423.300          84.468    -49.550    -69.506            6.999        11047.310      0.741      0.000      0.000    0.07109   25.34537           -1.29102      195.23831         8.946e-06         2.193e+02         1.790e+00 
  1424.300          84.310    -49.610    -69.531            6.982        11054.212      0.735      0.000      0.000    0.06926   25.26168           -1.30874      195.25092         9.183e-06         2.240e+02         1.814e+00 
  1425.300          84.149    -49.670    -69.556            6.964        11061.097      0.730      0.000      0.000    0.06746   25.17705           -1.32681      195.26354         9.428e-06         2.288e+02         1.839e+00 
  1426.300          83.987    -49.729    -69.581            6.946        11067.964      0.724      0.000      0.000    0.06569   25.09145           -1.34524      195.27615         9.682e-06         2.337e+02         1.865e+00 
  1427.300          83.823    -49.789    -69.606            6.928        11074.814      0.719      0.000      0.000    0.06395   25.00488           -1.36404      195.28877         9.946e-06         2.388e+02         1.891e+00 
  1428.300          83.657    -49.848    -69.631            6.910        11081.646      0.713      0.000      0.000    0.06224   24.91730           -1.38322      195.30138         1.022e-05         2.441e+02         1.918e+00 
  1429.300          83.489    -49.907    -69.656            6.891        11088.459      0.708      0.000      0.000    0.06056   24.82870           -1.40277      195.31399         1.050e-05         2.495e+02         1.946e+00 
  1430.300          83.320    -49.966    -69.681            6.872        11095.253      0.703      0.000      0.000    0.05891   24.73904           -1.42272      195.32659         1.080e-05         2.551e+02         1.974e+00 
  1431.300          83.148    -50.025    -69.706            6.852        11102.029      0.697      0.000      0.000    0.05729   24.64830           -1.44306      195.33919         1.110e-05         2.609e+02         2.003e+00 
  1432.300          82.975    -50.083    -69.731            6.833        11108.786      0.692      0.000      0.000    0.05570   24.55645           -1.46380      195.35178         1.142e-05         2.668e+02         2.034e+00 
  1433.300          82.799    -50.141    -69.756            6.813        11115.523      0.687      0.000      0.000    0.05413   24.46348           -1.48495      195.36437         1.175e-05         2.729e+02         2.065e+00 
  1434.300          82.622    -50.200    -69.781            6.793        11122.240      0.682      0.000      0.000    0.05260   24.36934           -1.50652      195.37695         1.209e-05         2.792e+02         2.097e+00 
  1435.300          82.442    -50.258    -69.806            6.772        11128.938      0.677      0.000      0.000    0.05110   24.27401           -1.52852      195.38952         1.245e-05         2.857e+02         2.130e+00 
  1436.300          82.260    -50.316    -69.831            6.751        11135.615      0.672      0.000      0.000    0.04962   24.17745           -1.55094      195.40208         1.282e-05         2.924e+02         2.164e+00 
  1437.300          82.076    -50.373    -69.856            6.730        11142.271      0.667      0.000      0.000    0.04817   24.07964           -1.57381      195.41462         1.320e-05         2.993e+02         2.199e+00 
  1438.300          81.891    -50.431    -69.880            6.709        11148.907      0.662      0.000      0.000    0.04676   23.98054           -1.59713      195.42715         1.361e-05         3.064e+02         2.235e+00 
  1439.300          81.702    -50.488    -69.905            6.687        11155.521      0.658      0.000      0.000    0.04537   23.88012           -1.62091      195.43967         1.402e-05         3.138e+02         2.272e+00 
  1440.300          81.512    -50.545    -69.930            6.665        11162.113      0.653      0.000      0.000    0.04401   23.77833           -1.64516      195.45217         1.446e-05         3.213e+02         2.311e+00 
  1441.300          81.320    -50.602    -69.955            6.642        11168.683      0.649      0.000      0.000    0.04267   23.67514           -1.66989      195.46466         1.491e-05         3.291e+02         2.351e+00 
  1442.300          81.125    -50.659    -69.979            6.619        11175.231      0.644      0.000      0.000    0.04137   23.57050           -1.69511      195.47712         1.538e-05         3.372e+02         2.392e+00 
  1443.300          80.928    -50.715    -70.004            6.596        11181.755      0.640      0.000      0.000    0.04009   23.46439           -1.72082      195.48957         1.587e-05         3.455e+02         2.434e+00 
  1444.300          80.729    -50.771    -70.029            6.572        11188.257      0.636      0.000      0.000    0.03884   23.35675           -1.74705      195.50199         1.638e-05         3.540e+02         2.478e+00 
  1445.300          80.527    -50.827    -70.053            6.547        11194.734      0.632      0.000      0.000    0.03762   23.24753           -1.77380      195.51439         1.691e-05         3.628e+02         2.524e+00 
  1446.300          80.324    -50.883    -70.078            6.523        11201.188      0.628      0.000      0.000    0.03642   23.13669           -1.80108      195.52676         1.747e-05         3.719e+02         2.571e+00 
  1447.300          80.117    -50.939    -70.102            6.497        11207.617      0.624      0.000      0.000    0.03526   23.02418           -1.82891      195.53911         1.804e-05         3.813e+02         2.620e+00 
  1448.300          79.909    -50.994    -70.127            6.472        11214.021      0.620      0.000      0.000    0.03412   22.90995           -1.85730      195.55142         1.865e-05         3.909e+02         2.670e+00 
  1449.300          79.698    -51.050    -70.151            6.446        11220.399      0.617      0.000      0.000    0.03300   22.79395           -1.88627      195.56371         1.928e-05         4.009e+02         2.723e+00 
  1450.300          79.485    -51.105    -70.175            6.419        11226.751      0.613      0.000      0.000    0.03191   22.67611           -1.91582      195.57596         1.994e-05         4.111e+02         2.777e+00 
  1451.300          79.269    -51.159    -70.200            6.392        11233.077      0.610      0.000      0.000    0.03085   22.55639           -1.94597      195.58818         2.062e-05         4.217e+02         2.833e+00 
  1452.300          79.050    -51.214    -70.224            6.364        11239.375      0.607      0.000      0.000    0.02981   22.43472           -1.97674      195.60036         2.134e-05         4.325e+02         2.891e+00 
  1453.300          78.830    -51.268    -70.248            6.335        11245.646      0.604      0.000      0.000    0.02880   22.31104           -2.00815      195.61250         2.209e-05         4.437e+02         2.951e+00 
  1454.300          78.606    -51.322    -70.272            6.306        11251.889      0.601      0.000      0.000    0.02782   22.18528           -2.04020      195.62460         2.287e-05         4.553e+02         3.013e+00 
  1455.300          78.381    -51.376    -70.296            6.277        11258.102      0.598      0.000      0.000    0.02686   22.05739           -2.07292      195.63665         2.369e-05         4.671e+02         3.078e+00 
  1456.300          78.152    -51.429    -70.320            6.247        11264.286      0.596      0.000      0.000    0.02592   21.92729           -2.10633      195.64866         2.454e-05         4.794e+02         3.145e+00 
  1457.300          77.921    -51.483    -70.344            6.216        11270.440      0.593      0.000      0.000    0.02501   21.79492           -2.14044      195.66062         2.543e-05         4.919e+02         3.214e+00 
  1458.300          77.688    -51.536    -70.368            6.184        11276.563      0.591      0.000      0.000    0.02413   21.66019           -2.17527      195.67252         2.637e-05         5.048e+02         3.286e+00 
  1459.300          77.452    -51.588    -70.391            6.152        11282.655      0.589      0.000      0.000    0.02327   21.52305           -2.21086      195.68438         2.734e-05         5.181e+02         3.360e+00 
  1460.300          77.213    -51.641    -70.415            6.119        11288.714      0.587      0.000      0.000    0.02243   21.38341           -2.24721      195.69617         2.837e-05         5.317e+02         3.437e+00 
  1461.300          76.972    -51.693    -70.439            6.085        11294.740      0.585      0.000      0.000    0.02161   21.24120           -2.28435      195.70790         2.944e-05         5.457e+02         3.516e+00 
  1462.300          76.728    -51.745    -70.462            6.050        11300.733      0.583      0.000      0.000    0.02082   21.09635           -2.32230      195.71957         3.056e-05         5.601e+02         3.598e+00 
  1463.300          76.482    -51.796    -70.485            6.015        11306.691      0.582      0.000      0.000    0.02005   20.94876           -2.36109      195.73118         3.173e-05         5.748e+02         3.683e+00 
  1464.300          76.233    -51.847    -70.509            5.979        11312.613      0.580      0.000      0.000    0.01930   20.79838           -2.40075      195.74271         3.296e-05         5.899e+02         3.771e+00 
  1465.300          75.981    -51.898    -70.532            5.942        11318.500      0.579      0.000      0.000    0.01858   20.64511           -2.44130      195.75417         3.425e-05         6.054e+02         3.861e+00 
  1466.300          75.727    -51.949    -70.555            5.903        11324.349      0.578      0.000      0.000    0.01787   20.48887           -2.48277      195.76556         3.559e-05         6.212e+02         3.954e+00 
  1467.300          75.470    -51.999    -70.578            5.865        11330.160      0.577      0.000      0.000    0.01719   20.32960           -2.52520      195.77686         3.701e-05         6.374e+02         4.050e+00 
  1468.300          75.210    -52.049    -70.601            5.825        11335.933      0.576      0.000      0.000    0.01653   20.16721           -2.56860      195.78808         3.849e-05         6.540e+02         4.149e+00 
  1469.300          74.947    -52.099    -70.624            5.784        11341.665      0.575      0.000      0.000    0.01589   20.00162           -2.61303      195.79921         4.004e-05         6.709e+02         4.251e+00 
  1470.300          74.682    -52.148    -70.646            5.742        11347.356      0.575      0.000      0.000    0.01527   19.83277           -2.65850      195.81025         4.167e-05         6.881e+02         4.355e+00 
  1471.300          74.415    -52.197    -70.669            5.699        11353.006      0.574      0.000      0.000    0.01467   19.66057           -2.70506      195.82119         4.337e-05         7.057e+02         4.462e+00 
  1472.300          74.145    -52.245    -70.691            5.655        11358.613      0.574      0.000      0.000    0.01409   19.48498           -2.75274      195.83203         4.516e-05         7.236e+02         4.571e+00 
  1473.300          73.872    -52.293    -70.713            5.610        11364.176      0.573      0.000      0.000    0.01352   19.30591           -2.80159      195.84277         4.704e-05         7.417e+02         4.683e+00 
  1474.300          73.596    -52.341    -70.735            5.564        11369.693      0.573      0.000      0.000    0.01298   19.12331           -2.85164      195.85340         4.901e-05         7.602e+02         4.797e+00 
  1475.300          73.318    -52.388    -70.757            5.517        11375.165      0.573      0.000      0.000    0.01245   18.93714           -2.90293      195.86392         5.108e-05         7.789e+02         4.914e+00 
  1476.300          73.037    -52.435    -70.779            5.468        11380.589      0.573      0.000      0.000    0.01195   18.74733           -2.95552      195.87431         5.325e-05         7.978e+02         5.032e+00 
  1477.300          72.754    -52.482    -70.801            5.419        11385.964      0.573      0.000      0.000    0.01146   18.55387           -3.00945      195.88459         5.552e-05         8.170e+02         5.152e+00 
  1478.300          72.468    -52.528    -70.822            5.368        11391.291      0.573      0.000      0.000    0.01099   18.35671           -3.06476      195.89473         5.791e-05         8.363e+02         5.273e+00 
  1479.300          72.180    -52.573    -70.844            5.316        11396.566      0.573      0.000      0.000    0.01053   18.15583           -3.12152      195.90475         6.042e-05         8.558e+02         5.396e+00 
  1480.300          71.890    -52.618    -70.865            5.263        11401.789      0.573      0.000      0.000    0.01009   17.95123           -3.17976      195.91462         6.305e-05         8.754e+02         5.519e+00 
  1481.300          71.596    -52.663    -70.886            5.208        11406.959      0.573      0.000      0.000    0.00967   17.73750           -3.23955      195.92436         6.578e-05         8.945e+02         5.640e+00 
  1482.300          71.301    -52.707    -70.906            5.153        11412.075      0.573      0.000      0.000    0.00927   17.51639           -3.30095      195.93395         6.860e-05         9.132e+02         5.758e+00 
  1483.300          71.003    -52.751    -70.927            5.096        11417.135      0.573      0.000      0.000    0.00889   17.29204           -3.36400      195.94338         7.156e-05         9.318e+02         5.875e+00 
  1484.300          70.703    -52.794    -70.947            5.038        11422.139      0.573      0.000      0.000    0.00852   17.06450           -3.42877      195.95266         7.465e-05         9.503e+02         5.992e+00 
  1485.300          70.400    -52.837    -70.968            4.980        11427.085      0.573      0.000      0.000    0.00817   16.83382           -3.49533      195.96177         7.790e-05         9.686e+02         6.107e+00 
  1486.300          70.096    -52.879    -70.987            4.920        11431.972      0.573      0.000      0.000    0.00783   16.60008           -3.56374      195.97072         8.129e-05         9.868e+02         6.222e+00 
  1487.300          69.789    -52.921    -71.007            4.858        11436.799      0.573      0.000      0.000    0.00750   16.36336           -3.63405      195.97950         8.485e-05         1.005e+03         6.334e+00 
  1488.300          69.480    -52.962    -71.027            4.796        11441.565      0.573      0.000      0.000    0.00718   16.12376           -3.70636      195.98810         8.858e-05         1.022e+03         6.445e+00 
  1489.300          69.169    -53.003    -71.046            4.733        11446.269      0.573      0.000      0.000    0.00688   15.88136           -3.78072      195.99651         9.248e-05         1.039e+03         6.553e+00 
  1490.300          68.856    -53.043    -71.065            4.669        11450.910      0.573      0.000      0.000    0.00659   15.63630           -3.85721      196.00474         9.656e-05         1.056e+03         6.658e+00 
  1491.300          68.541    -53.082    -71.084            4.603        11455.487      0.573      0.000      0.000    0.00631   15.38869           -3.93591      196.01278         1.008e-04         1.072e+03         6.761e+00 
  1492.300          68.224    -53.121    -71.103            4.537        11459.998      0.573      0.000      0.000    0.00604   15.13867           -4.01690      196.02063         1.053e-04         1.088e+03         6.860e+00 
  1493.300          67.905    -53.159    -71.121            4.470        11464.444      0.573      0.000      0.000    0.00578   14.88638           -4.10026      196.02827         1.100e-04         1.103e+03         6.955e+00 
  1494.300          67.584    -53.197    -71.139            4.402        11468.822      0.573      0.000      0.000    0.00554   14.63198           -4.18608      196.03571         1.149e-04         1.117e+03         7.046e+00 
  1495.300          67.262    -53.235    -71.157            4.333        11473.133      0.573      0.000      0.000    0.00530   14.37564           -4.27445      196.04294         1.200e-04         1.131e+03         7.132e+00 
  1496.300          66.939    -53.271    -71.174            4.263        11477.374      0.573      0.000      0.000    0.00507   14.11754           -4.36547      196.04996         1.254e-04         1.144e+03         7.214e+00 
  1497.300          66.613    -53.307    -71.192            4.193        11481.547      0.573      0.000      0.000    0.00486   13.85787           -4.45922      196.05676         1.310e-04         1.156e+03         7.290e+00 
  1498.300          66.287    -53.343    -71.209            4.122        11485.649      0.573      0.000      0.000    0.00465   13.59682           -4.55582      196.06334         1.368e-04         1.167e+03         7.361e+00 
  1499.300          65.959    -53.377    -71.225            4.050        11489.680      0.573      0.000      0.000    0.00445   13.33461           -4.65536      196.06970         1.430e-04         1.178e+03         7.425e+00 
  1500.300          65.629    -53.412    -71.242            3.977        11493.639      0.573      0.000      0.000    0.00426   13.07144           -4.75794      196.07583         1.494e-04         1.187e+03         7.484e+00 
  1501.300          65.299    -53.445    -71.258            3.905        11497.527      0.573      0.000      0.000    0.00408   12.80755           -4.86369      196.08172         1.560e-04         1.195e+03         7.535e+00 
  1502.300          64.967    -53.478    -71.274            3.831        11501.342      0.573      0.000      0.000    0.00390   12.54316           -4.97272      196.08738         1.630e-04         1.202e+03         7.580e+00 
  1503.300          64.635    -53.510    -71.290            3.758        11505.084      0.573      0.000      0.000    0.00374   12.27851           -5.08515      196.09281         1.703e-04         1.208e+03         7.618e+00 
  1504.300          64.301    -53.542    -71.305            3.683        11508.752      0.573      0.000      0.000    0.00358   12.01384           -5.20110      196.09799         1.779e-04         1.213e+03         7.648e+00 
  1505.300          63.967    -53.573    -71.320            3.609        11512.347      0.573      0.000      0.000    0.00342   11.74940           -5.32069      196.10294         1.858e-04         1.217e+03         7.671e+00 
  1506.300          63.632    -53.603    -71.335            3.535        11515.868      0.573      0.000      0.000    0.00328   11.48544           -5.44407      196.10763         1.941e-04         1.219e+03         7.686e+00 
  1507.300          63.296    -53.633    -71.349            3.460        11519.315      0.573      0.000      0.000    0.00314   11.22221           -5.57137      196.11209         2.027e-04         1.220e+03         7.694e+00 
  1508.300          62.960    -53.662    -71.363            3.386        11522.688      0.573      0.000      0.000    0.00300   10.95995           -5.70273      196.11629         2.117e-04         1.220e+03         7.694e+00 
  1509.300          62.623    -53.691    -71.377            3.311        11525.988      0.573      0.000      0.000    0.00288   10.69893           -5.83829      196.12025         2.211e-04         1.219e+03         7.685e+00 
  1510.300          62.286    -53.719    -71.391            3.237        11529.213      0.573      0.000      0.000    0.00276   10.43939           -5.97822      196.12395         2.308e-04         1.216e+03         7.669e+00 
  1511.300          61.949    -53.746    -71.404            3.163        11532.364      0.573      0.000      0.000    0.00264   10.18158           -6.12267      196.12741         2.410e-04         1.213e+03         7.645e+00 
  1512.300          61.612    -53.772    -71.417            3.089        11535.442      0.573      0.000      0.000    0.00253    9.92573           -6.27181      196.13061         2.515e-04         1.207e+03         7.613e+00 
  1513.300          61.274    -53.798    -71.430            3.016        11538.447      0.573      0.000      0.000    0.00242    9.67210           -6.42579      196.13356         2.625e-04         1.201e+03         7.573e+00 
  1514.300          60.937    -53.824    -71.442            2.943        11541.379      0.573      0.000      0.000    0.00232    9.42090           -6.58479      196.13627         2.739e-04         1.194e+03         7.526e+00 
  1515.300          60.599    -53.848    -71.454            2.871        11544.239      0.573      0.000      0.000    0.00223    9.17236           -6.74901      196.13872         2.858e-04         1.185e+03         7.472e+00 
  1516.300          60.262    -53.872    -71.466            2.799        11547.027      0.573      0.000      0.000    0.00213    8.92670           -6.91861      196.14092         2.981e-04         1.175e+03         7.410e+00 
  1517.300          59.925    -53.896    -71.477            2.728        11549.744      0.573      0.000      0.000    0.00205    8.68412           -7.09380      196.14287         3.110e-04         1.164e+03         7.342e+00 
  1518.300          59.588    -53.919    -71.489            2.657        11552.390      0.573      0.000      0.000    0.00196    8.44482           -7.27476      196.14457         3.243e-04         1.152e+03         7.267e+00 
  1519.300          59.252    -53.941    -71.500            2.588        11554.967      0.573      0.000      0.000    0.00188    8.20897           -7.46172      196.14602         3.380e-04         1.140e+03         7.185e+00 
  1520.300          58.916    -53.963    -71.510            2.519        11557.475      0.573      0.000      0.000    0.00181    7.97676           -7.65487      196.14723         3.524e-04         1.126e+03         7.098e+00 
  1521.300          58.581    -53.984    -71.520            2.452        11559.915      0.573      0.000      0.000    0.00173    7.74834           -7.85443      196.14820         3.672e-04         1.111e+03         7.005e+00 
  1522.300          58.246    -54.004    -71.531            2.385        11562.288      0.573      0.000      0.000    0.00166    7.52386           -8.06064      196.14893         3.826e-04         1.095e+03         6.907e+00 
  1523.300          57.912    -54.024    -71.540            2.319        11564.595      0.573      0.000      0.000    0.00160    7.30345           -8.27371      196.14941         3.985e-04         1.079e+03         6.804e+00 
  1524.300          57.579    -54.043    -71.550            2.254        11566.837      0.573      0.000      0.000    0.00153    7.08723           -8.49389      196.14966         4.150e-04         1.062e+03         6.697e+00 
  1525.300          57.246    -54.062    -71.559            2.191        11569.014      0.573      0.000      0.000    0.00147    6.87532           -8.72142      196.14967         4.321e-04         1.044e+03         6.585e+00 
  1526.300          56.914    -54.080    -71.568            2.128        11571.129      0.573      0.000      0.000    0.00141    6.66780           -8.95655      196.14945         4.498e-04         1.026e+03         6.470e+00 
  1527.300          56.583    -54.098    -71.577            2.067        11573.182      0.573      0.000      0.000    0.00136    6.46476           -9.19953      196.14901         4.681e-04         1.007e+03         6.352e+00 
  1528.300          56.253    -54.115    -71.585            2.007        11575.175      0.573      0.000      0.000    0.00131    6.26626           -9.45064      196.14833         4.870e-04         9.883e+02         6.231e+00 
  1529.300          55.924    -54.132    -71.593            1.948        11577.108      0.573      0.000      0.000    0.00126    6.07235           -9.71015      196.14743         5.065e-04         9.687e+02         6.108e+00 
  1530.300          55.596    -54.148    -71.601            1.891        11578.983      0.573      0.000      0.000    0.00121    5.88309           -9.97832      196.14632         5.268e-04         9.489e+02         5.983e+00 
  1531.300          55.269    -54.164    -71.609            1.835        11580.800      0.573      0.000      0.000    0.00116    5.69849          -10.25544      196.14498         5.476e-04         9.288e+02         5.856e+00 
  1532.300          54.943    -54.179    -71.617            1.780        11582.563      0.573      0.000      0.000    0.00112    5.51858          -10.54181      196.14343         5.692e-04         9.085e+02         5.728e+00 
  1533.300          54.618    -54.194    -71.624            1.726        11584.270      0.573      0.000      0.000    0.00108    5.34336          -10.83772      196.14167         5.915e-04         8.881e+02         5.600e+00 
  1534.300          54.294    -54.208    -71.631            1.674        11585.925      0.573      0.000      0.000    0.00104    5.17283          -11.14346      196.13971         6.145e-04         8.676e+02         5.470e+00 
  1535.300          53.971    -54.222    -71.638            1.623        11587.528      0.573      0.000      0.000    0.00100    5.00698          -11.45935      196.13753         6.382e-04         8.471e+02         5.341e+00 
  1536.300          53.649    -54.235    -71.644            1.573        11589.080      0.573      0.000      0.000    0.00096    4.84577          -11.78570      196.13516         6.627e-04         8.266e+02         5.212e+00 
  1537.300          53.328    -54.248    -71.651            1.525        11590.583      0.573      0.000      0.000    0.00092    4.68918          -12.12282      196.13259         6.879e-04         8.062e+02         5.083e+00 
  1538.300          53.008    -54.261    -71.657            1.478        11592.037      0.573      0.000      0.000    0.00089    4.53716          -12.47103      196.12983         7.139e-04         7.860e+02         4.956e+00 
  1539.300          52.689    -54.273    -71.663            1.432        11593.445      0.573      0.000      0.000    0.00086    4.38968          -12.83066      196.12687         7.408e-04         7.659e+02         4.829e+00 
  1540.300          52.372    -54.285    -71.669            1.388        11594.808      0.573      0.000      0.000    0.00083    4.24666          -13.20204      196.12373         7.684e-04         7.460e+02         4.703e+00 
  1541.300          52.055    -54.296    -71.675            1.345        11596.126      0.573      0.000      0.000    0.00080    4.10806          -13.58549      196.12040         7.969e-04         7.263e+02         4.579e+00 
  1542.300          51.740    -54.307    -71.680            1.303        11597.401      0.573      0.000      0.000    0.00077    3.97380          -13.98134      196.11689         8.262e-04         7.069e+02         4.457e+00 
  1543.300          51.426    -54.318    -71.685            1.262        11598.634      0.573      0.000      0.000    0.00074    3.84390          -14.38992      196.11319         8.565e-04         6.878e+02         4.337e+00 
  1544.300          51.113    -54.328    -71.690            1.223        11599.827      0.573      0.000      0.000    0.00071    3.72281          -14.81158      196.10933         8.900e-04         6.708e+02         4.229e+00 
  1545.300          50.801    -54.338    -71.695            1.185        11600.980      0.573      0.000      0.000    0.00069    3.60616          -15.24668      196.10528         9.252e-04         6.543e+02         4.125e+00 
  1546.300          50.490    -54.348    -71.700            1.147        11602.095      0.573      0.000      0.000    0.00066    3.49281          -15.69560      196.10107         9.616e-04         6.380e+02         4.023e+00 
  1547.300          50.180    -54.357    -71.705            1.111        11603.172      0.573      0.000      0.000    0.00064    3.38271          -16.15873      196.09669         9.994e-04         6.219e+02         3.921e+00 
  1548.300          49.871    -54.366    -71.709            1.076        11604.213      0.573      0.000      0.000    0.00061    3.27585          -16.63643      196.09214         1.038e-03         6.060e+02         3.821e+00 
  1549.300          49.564    -54.375    -71.713            1.042        11605.218      0.573      0.000      0.000    0.00059    3.17217          -17.12911      196.08742         1.079e-03         5.904e+02         3.723e+00 
  1550.300          49.257    -54.383    -71.717            1.009        11606.189      0.573      0.000      0.000    0.00057    3.07163          -17.63712      196.08254         1.121e-03         5.751e+02         3.626e+00 
  1551.300          48.952    -54.391    -71.721            0.977        11607.127      0.573      0.000      0.000    0.00055    2.97420          -18.16083      196.07749         1.164e-03         5.600e+02         3.531e+00 
  1552.300          48.648    -54.399    -71.725            0.946        11608.032      0.573      0.000      0.000    0.00053    2.87982          -18.70062      196.07229         1.209e-03         5.453e+02         3.438e+00 
  1553.300          48.346    -54.406    -71.729            0.916        11608.905      0.573      0.000      0.000    0.00051    2.78844          -19.25683      196.06692         1.255e-03         5.308e+02         3.347e+00 
  1554.300          48.044    -54.414    -71.733            0.887        11609.748      0.573      0.000      0.000    0.00049    2.70002          -19.82981      196.06140         1.303e-03         5.167e+02         3.258e+00 
  1555.300          47.744    -54.421    -71.736            0.859        11610.561      0.573      0.000      0.000    0.00047    2.61448          -20.41988      196.05572         1.353e-03         5.029e+02         3.171e+00 
  1556.300          47.445    -54.428    -71.739            0.832        11611.346      0.573      0.000      0.000    0.00045    2.53179          -21.02735      196.04989         1.404e-03         4.895e+02         3.086e+00 
  1557.300          47.147    -54.434    -71.743            0.805        11612.103      0.573      0.000      0.000    0.00044    2.45391          -21.65253      196.04390         1.460e-03         4.772e+02         3.009e+00 
  1558.300          46.851    -54.440    -71.746            0.780        11612.832      0.573      0.000      0.000    0.00042    2.37998          -22.29572      196.03776         1.519e-03         4.658e+02         2.937e+00 
  1559.300          46.556    -54.446    -71.749            0.755        11613.535      0.573      0.000      0.000    0.00040    2.30825          -22.95725      196.03146         1.581e-03         4.547e+02         2.867e+00 
  1560.300          46.262    -54.452    -71.752            0.731        11614.213      0.573      0.000      0.000    0.00039    2.23869          -23.63742      196.02501         1.646e-03         4.438e+02         2.798e+00 
  1561.300          45.969    -54.458    -71.754            0.708        11614.866      0.573      0.000      0.000    0.00037    2.17127          -24.33651      196.01841         1.713e-03         4.331e+02         2.731e+00 
  1562.300          45.678    -54.463    -71.757            0.686        11615.495      0.573      0.000      0.000    0.00036    2.10596          -25.05474      196.01166         1.782e-03         4.227e+02         2.665e+00 
  1563.300          45.388    -54.469    -71.760            0.664        11616.100      0.573      0.000      0.000    0.00034    2.04272          -25.79235      196.00475         1.855e-03         4.126e+02         2.602e+00 
  1564.300          45.100    -54.474    -71.762            0.644        11616.683      0.573      0.000      0.000    0.00033    1.98152          -26.54949      195.99769         1.930e-03         4.028e+02         2.540e+00 
  1565.300          44.813    -54.478    -71.765            0.623        11617.243      0.573      0.000      0.000    0.00032    1.92233          -27.32630      195.99047         2.008e-03         3.932e+02         2.479e+00 
  1566.300          44.527    -54.483    -71.767            0.604        11617.783      0.573      0.000      0.000    0.00030    1.86511          -28.12286      195.98310         2.089e-03         3.839e+02         2.421e+00 
  1567.300          44.243    -54.488    -71.769            0.585        11618.301      0.573      0.000      0.000    0.00029    1.80982          -28.93920      195.97557         2.173e-03         3.749e+02         2.364e+00 
  1568.300          43.961    -54.492    -71.771            0.567        11618.800      0.573      0.000      0.000    0.00028    1.75642          -29.77531      195.96788         2.260e-03         3.662e+02         2.309e+00 
  1569.300          43.680    -54.496    -71.773            0.550        11619.279      0.573      0.000      0.000    0.00027    1.70488          -30.63109      195.96004         2.350e-03         3.578e+02         2.256e+00 
  1570.300          43.401    -54.500    -71.775            0.533        11619.739      0.573      0.000      0.000    0.00026    1.65514          -31.50641      195.95204         2.444e-03         3.496e+02         2.204e+00 
  1571.300          43.123    -54.504    -71.777            0.517        11620.181      0.573      0.000      0.000    0.00025    1.60718          -32.40104      195.94387         2.542e-03         3.418e+02         2.155e+00 
  1572.300          42.847    -54.508    -71.779            0.501        11620.606      0.573      0.000      0.000    0.00024    1.56095          -33.31470      195.93554         2.643e-03         3.342e+02         2.107e+00 
  1573.300          42.573    -54.511    -71.781            0.486        11621.013      0.573      0.000      0.000    0.00023    1.51640          -34.24704      195.92704         2.747e-03         3.269e+02         2.061e+00 
  1574.300          42.300    -54.514    -71.782            0.472        11621.404      0.573      0.000      0.000    0.00022    1.47350          -35.19760      195.91838         2.856e-03         3.199e+02         2.017e+00 
  1575.300          42.029    -54.518    -71.784            0.458        11621.779      0.573      0.000      0.000    0.00021    1.43219          -36.16586      195.90954         2.968e-03         3.132e+02         1.975e+00 
  1576.300          41.760    -54.521    -71.785            0.444        11622.138      0.573      0.000      0.000    0.00021    1.39245          -37.15123      195.90053         3.084e-03         3.068e+02         1.934e+00 
  1577.300          41.493    -54.524    -71.787            0.432        11622.483      0.573      0.000      0.000    0.00020    1.35421          -38.15301      195.89134         3.205e-03         3.006e+02         1.895e+00 
  1578.300          41.227    -54.527    -71.788            0.419        11622.813      0.573      0.000      0.000    0.00019    1.31744          -39.17042      195.88196         3.329e-03         2.947e+02         1.858e+00 
  1579.300          40.963    -54.529    -71.789            0.407        11623.129      0.573      0.000      0.000    0.00018    1.28209          -40.20260      195.87240         3.458e-03         2.891e+02         1.823e+00 
  1580.300          40.701    -54.532    -71.791            0.396        11623.431      0.573      0.000      0.000    0.00018    1.24812          -41.24861      195.86265         3.592e-03         2.838e+02         1.789e+00 
  1581.300          40.441    -54.534    -71.792            0.385        11623.721      0.573      0.000      0.000    0.00017    1.21548          -42.30742      195.85270         3.730e-03         2.787e+02         1.757e+00 
  1582.300          40.182    -54.537    -71.793            0.375        11623.998      0.573      0.000      0.000    0.00016    1.18413          -43.37791      195.84256         3.873e-03         2.738e+02         1.726e+00 
  1583.300          39.926    -54.539    -71.794            0.365        11624.262      0.573      0.000      0.000    0.00016    1.15402          -44.45890      195.83220         4.020e-03         2.692e+02         1.697e+00 
  1584.300          39.672    -54.541    -71.795            0.355        11624.515      0.573      0.000      0.000    0.00015    1.12510          -45.54914      195.82163         4.173e-03         2.648e+02         1.670e+00 
  1585.300          39.419    -54.543    -71.796            0.346        11624.757      0.573      0.000      0.000    0.00015    1.09734          -46.64731      195.81084         4.330e-03         2.607e+02         1.644e+00 
  1586.300          39.169    -54.545    -71.797            0.337        11624.987      0.573      0.000      0.000    0.00014    1.07069          -47.75201      195.79983         4.493e-03         2.568e+02         1.619e+00 
  1587.300          38.920    -54.547    -71.798            0.329        11625.207      0.573      0.000      0.000    0.00014    1.04510          -48.86183      195.78858         4.660e-03         2.531e+02         1.596e+00 
  1588.300          38.674    -54.549    -71.799            0.320        11625.417      0.573      0.000      0.000    0.00013    1.02053          -49.97528      195.77709         4.833e-03         2.496e+02         1.574e+00 
  1588.500          38.625    -54.549    -71.799            0.319        11625.458      0.573      0.000      0.000    0.00013    1.01335          -50.19827      195.77476         4.886e-03         2.486e+02         1.567e+00 
  1588.680          38.581    -54.550    -71.799            0.317        11625.494      0.573      0.000      0.000    0.00013    1.00902          -50.39903      195.77265         4.919e-03         2.480e+02         1.564e+00 
  1588.897          38.528    -54.550    -71.800            0.316        11625.537      0.573      0.000      0.000    0.00013    1.00402          -50.64158      195.77010         4.957e-03         2.473e+02         1.559e+00 
  1588.959          38.512    -54.550    -71.800            0.315        11625.550      0.573      0.000      0.000    0.00013    1.00213          -50.71051      195.76937         4.971e-03         2.470e+02         1.558e+00 
  1589.004          38.502    -54.550    -71.800            0.315        11625.558      0.573      0.000      0.000    0.00013    1.00103          -50.76044      195.76885         4.980e-03         2.469e+02         1.557e+00 
  1589.030          38.495    -54.550    -71.800            0.315        11625.564      0.573      0.000      0.000    0.00013    1.00038          -50.78920      195.76854         4.985e-03         2.468e+02         1.556e+00 
  1589.062          38.487    -54.550    -71.800            0.315        11625.570      0.286      0.000      0.000    0.00013    0.99997          -50.82474      195.76817         4.990e-03         2.468e+02         7.782e-01 
  1589.093          38.480    -54.550    -71.800            0.315        11625.576      0.286      0.000      0.000    0.00013    0.99998          -50.86026      195.76779         4.996e-03         2.471e+02         7.790e-01 
  1589.112          38.475    -54.551    -71.800            0.315        11625.580      0.286      0.000      0.000    0.00013    1.00000          -50.88072      195.76757         5.000e-03         2.473e+02         7.796e-01 
  1589.116          38.474    -54.551    -71.800            0.314        11625.581      0.286      0.000      0.000    0.00013    0.99992          -50.88593      195.76752         5.001e-03         2.473e+02         7.796e-01 
  1589.121          38.473    -54.551    -71.800            0.314        11625.582      0.286      0.000      0.000    0.00013    0.99998          -50.89115      195.76746         5.002e-03         2.474e+02         7.798e-01 
  1589.135          38.470    -54.551    -71.800            0.314        11625.584      0.286      0.000      0.000    0.00013    1.00000          -50.90683      195.76730         5.004e-03         2.475e+02         7.802e-01 
  1589.144          38.467    -54.551    -71.800            0.314        11625.586      0.286      0.000      0.000    0.00013    0.99998          -50.91611      195.76720         5.006e-03         2.475e+02         7.804e-01 
  1589.158          38.464    -54.551    -71.800            0.314        11625.589      0.286      0.000      0.000    0.00013    0.99994          -50.93251      195.76702         5.008e-03         2.476e+02         7.807e-01 
  1589.188          38.457    -54.551    -71.800            0.314        11625.595      0.286      0.000      0.000    0.00013    0.99996          -50.96611      195.76667         5.013e-03         2.479e+02         7.815e-01 
  1589.208          38.452    -54.551    -71.800            0.314        11625.599      0.286      0.000      0.000    0.00013    0.99998          -50.98781      195.76643         5.017e-03         2.481e+02         7.820e-01 
  1589.219          38.449    -54.551    -71.800            0.314        11625.601      0.286      0.000      0.000    0.00013    1.00000          -51.00014      195.76630         5.019e-03         2.482e+02         7.824e-01 
  1589.231          38.446    -54.551    -71.800            0.314        11625.603      0.286      0.000      0.000    0.00013    0.99998          -51.01288      195.76617         5.022e-03         2.483e+02         7.827e-01 
  1589.250          38.442    -54.551    -71.800            0.314        11625.607      0.286      0.000      0.000    0.00013    0.99991          -51.03394      195.76594         5.025e-03         2.484e+02         7.830e-01 
  1589.335          38.421    -54.551    -71.800            0.314        11625.624      0.286      0.000      0.000    0.00013    0.99998          -51.12858      195.76493         5.039e-03         2.491e+02         7.852e-01 
  1589.346          38.418    -54.551    -71.800            0.314        11625.626      0.286      0.000      0.000    0.00013    1.00000          -51.14050      195.76480         5.043e-03         2.492e+02         7.857e-01 
  1589.350          38.417    -54.551    -71.800            0.314        11625.627      0.286      0.000      0.000    0.00013    0.99992          -51.14542      195.76475         5.044e-03         2.492e+02         7.857e-01 
  1589.354          38.416    -54.551    -71.800            0.314        11625.627      0.286      0.000      0.000    0.00013    0.99998          -51.15034      195.76470         5.044e-03         2.493e+02         7.859e-01 
  1589.368          38.413    -54.551    -71.800            0.314        11625.630      0.286      0.000      0.000    0.00013    1.00000          -51.16536      195.76454         5.047e-03         2.494e+02         7.863e-01 
  1589.374          38.411    -54.551    -71.800            0.314        11625.631      0.286      0.000      0.000    0.00013    0.99999          -51.17222      195.76446         5.048e-03         2.495e+02         7.865e-01 
  1589.380          38.410    -54.551    -71.800            0.314        11625.633      0.286      0.000      0.000    0.00013    0.99999          -51.17907      195.76439         5.049e-03         2.495e+02         7.866e-01 
  1589.387          38.408    -54.551    -71.800            0.314        11625.634      0.286      0.000      0.000    0.00013    1.00000          -51.18593      195.76432         5.050e-03         2.496e+02         7.868e-01 
  1589.395          38.406    -54.551    -71.800            0.314        11625.636      0.286      0.000      0.000    0.00013    0.99998          -51.19571      195.76421         5.052e-03         2.496e+02         7.870e-01 
  1589.411          38.402    -54.551    -71.800            0.314        11625.639      0.286      0.000      0.000    0.00013    0.99993          -51.21276      195.76403         5.054e-03         2.497e+02         7.873e-01 
  1589.480          38.385    -54.551    -71.800            0.314        11625.652      0.286      0.000      0.000    0.00013    0.99998          -51.28941      195.76320         5.066e-03         2.503e+02         7.891e-01 
  1589.490          38.383    -54.551    -71.800            0.314        11625.654      0.286      0.000      0.000    0.00013    1.00000          -51.30077      195.76308         5.069e-03         2.504e+02         7.896e-01 
  1589.498          38.381    -54.551    -71.800            0.314        11625.656      0.286      0.000      0.000    0.00013    0.99998          -51.30910      195.76299         5.071e-03         2.505e+02         7.897e-01 
  1589.511          38.377    -54.551    -71.800            0.314        11625.658      0.286      0.000      0.000    0.00013    0.99994          -51.32410      195.76283         5.073e-03         2.506e+02         7.900e-01 
  1589.573          38.362    -54.551    -71.800            0.314        11625.670      0.286      0.000      0.000    0.00013    0.99998          -51.39153      195.76210         5.083e-03         2.511e+02         7.916e-01 
  1589.583          38.360    -54.551    -71.800            0.314        11625.672      0.286      0.000      0.000    0.00013    1.00000          -51.40257      195.76198         5.086e-03         2.512e+02         7.920e-01 
  1589.594          38.357    -54.551    -71.800            0.314        11625.674      0.286      0.000      0.000    0.00013    0.99998          -51.41459      195.76185         5.088e-03         2.513e+02         7.923e-01 
  1589.612          38.353    -54.551    -71.800            0.314        11625.678      0.286      0.000      0.000    0.00012    0.99991          -51.43460      195.76163         5.092e-03         2.514e+02         7.926e-01 
  1589.693          38.333    -54.551    -71.800            0.314        11625.694      0.286      0.000      0.000    0.00012    0.99997          -51.52455      195.76066         5.105e-03         2.521e+02         7.947e-01 
  1589.721          38.326    -54.552    -71.800            0.314        11625.699      0.286      0.000      0.000    0.00012    0.99999          -51.55484      195.76033         5.112e-03         2.524e+02         7.957e-01 
  1589.759          38.317    -54.552    -71.800            0.314        11625.706      0.286      0.000      0.000    0.00012    0.99992          -51.59620      195.75987         5.118e-03         2.527e+02         7.965e-01 
  1589.806          38.305    -54.552    -71.800            0.314        11625.716      0.286      0.000      0.000    0.00012    0.99967          -51.64851      195.75930         5.127e-03         2.529e+02         7.974e-01 
  1590.021          38.252    -54.552    -71.801            0.314        11625.757      0.286      0.000      0.000    0.00012    0.99980          -51.88320      195.75673         5.164e-03         2.547e+02         8.028e-01 
  1590.214          38.204    -54.552    -71.801            0.314        11625.794      0.286      0.000      0.000    0.00012    0.99991          -52.09342      195.75440         5.201e-03         2.564e+02         8.084e-01 
  1590.270          38.190    -54.552    -71.801            0.314        11625.805      0.286      0.000      0.000    0.00012    0.99995          -52.15500      195.75371         5.215e-03         2.571e+02         8.105e-01 
  1590.331          38.175    -54.553    -71.801            0.314        11625.817      0.286      0.000      0.000    0.00012    0.99997          -52.22078      195.75297         5.227e-03         2.576e+02         8.122e-01 
  1590.360          38.168    -54.553    -71.801            0.314        11625.822      0.286      0.000      0.000    0.00012    0.99999          -52.25207      195.75262         5.233e-03         2.579e+02         8.131e-01 
  1590.381          38.163    -54.553    -71.801            0.314        11625.826      0.286      0.000      0.000    0.00012    1.00000          -52.27459      195.75237         5.237e-03         2.581e+02         8.137e-01 
  1590.396          38.159    -54.553    -71.801            0.314        11625.829      0.286      0.000      0.000    0.00012    0.99996          -52.29068      195.75219         5.240e-03         2.582e+02         8.141e-01 
  1590.419          38.153    -54.553    -71.801            0.314        11625.833      0.286      0.000      0.000    0.00012    0.99986          -52.31564      195.75191         5.245e-03         2.584e+02         8.146e-01 
  1590.522          38.128    -54.553    -71.801            0.314        11625.853      0.286      0.000      0.000    0.00012    0.99990          -52.42778      195.75065         5.263e-03         2.592e+02         8.172e-01 
  1590.631          38.101    -54.553    -71.801            0.314        11625.874      0.286      0.000      0.000    0.00012    0.99993          -52.54513      195.74932         5.284e-03         2.602e+02         8.203e-01 
  1590.744          38.073    -54.553    -71.801            0.314        11625.895      0.286      0.000      0.000    0.00012    0.99996          -52.66581      195.74795         5.306e-03         2.612e+02         8.235e-01 
  1590.845          38.047    -54.553    -71.801            0.314        11625.914      0.286      0.000      0.000    0.00012    0.99998          -52.77415      195.74671         5.326e-03         2.622e+02         8.265e-01 
  1590.935          38.025    -54.554    -71.801            0.314        11625.931      0.286      0.000      0.000    0.00012    1.00000          -52.87144      195.74560         5.345e-03         2.630e+02         8.291e-01 
  1590.949          38.021    -54.554    -71.801            0.314        11625.934      0.286      0.000      0.000    0.00012    0.99996          -52.88628      195.74543         5.349e-03         2.632e+02         8.297e-01 
  1590.971          38.016    -54.554    -71.801            0.314        11625.938      0.286      0.000      0.000    0.00012    0.99986          -52.90955      195.74516         5.353e-03         2.633e+02         8.302e-01 
  1591.069          37.991    -54.554    -71.801            0.314        11625.956      0.286      0.000      0.000    0.00012    0.99987          -53.01415      195.74395         5.371e-03         2.641e+02         8.327e-01 
  1591.510          37.880    -54.554    -71.802            0.313        11626.039      0.286      0.000      0.000    0.00012    0.99985          -53.48188      195.73850         5.452e-03         2.678e+02         8.443e-01 
  1592.510          37.627    -54.556    -71.803            0.313        11626.221      0.286      0.000      0.000    0.00011    0.99948          -54.52464      195.72594         5.647e-03         2.765e+02         8.715e-01 
  1593.510          37.371    -54.558    -71.803            0.312        11626.399      0.286      0.000      0.000    0.00011    0.99852          -55.54375      195.71312         5.868e-03         2.859e+02         9.012e-01 
  1594.510          37.113    -54.559    -71.804            0.311        11626.572      0.286      0.000      0.000    0.00010    0.99694          -56.53999      195.70002         6.101e-03         2.954e+02         9.312e-01 
  1595.510          36.852    -54.561    -71.805            0.310        11626.740      0.286      0.000      0.000    0.00010    0.99473          -57.51413      195.68664         6.345e-03         3.050e+02         9.614e-01 
  1596.510          36.590    -54.562    -71.805            0.308        11626.903      0.286      0.000      0.000    0.00010    0.99185          -58.46693      195.67298         6.602e-03         3.145e+02         9.915e-01 
  1597.510          36.326    -54.563    -71.806            0.307        11627.061      0.286      0.000      0.000    0.00009    0.98830          -59.39915      195.65902         6.871e-03         3.240e+02         1.022e+00 
  1598.510          36.062    -54.565    -71.807            0.305        11627.214      0.286      0.000      0.000    0.00009    0.98407          -60.31150      195.64475         7.154e-03         3.334e+02         1.051e+00 
  1599.510          35.796    -54.566    -71.807            0.303        11627.362      0.286      0.000      0.000    0.00009    0.97915          -61.20469      195.63016         7.450e-03         3.427e+02         1.080e+00 
  1600.510          35.531    -54.567    -71.808            0.301        11627.504      0.286      0.000      0.000    0.00008    0.97353          -62.07940      195.61525         7.759e-03         3.518e+02         1.109e+00 
  1601.510          35.265    -54.568    -71.808            0.298        11627.642      0.286      0.000      0.000    0.00008    0.96723          -62.93626      195.60000         8.083e-03         3.606e+02         1.137e+00 
  1602.510          34.999    -54.569    -71.809            0.296        11627.774      0.286      0.000      0.000    0.00008    0.96025          -63.77587      195.58441         8.421e-03         3.692e+02         1.164e+00 
  1603.510          34.734    -54.571    -71.810            0.293        11627.902      0.286      0.000      0.000    0.00007    0.95262          -64.59882      195.56844         8.774e-03         3.774e+02         1.190e+00 
  1604.510          34.470    -54.572    -71.810            0.290        11628.024      0.286      0.000      0.000    0.00007    0.94436          -65.40562      195.55211         9.141e-03         3.852e+02         1.214e+00 
  1605.510          34.207    -54.573    -71.811            0.287        11628.142      0.286      0.000      0.000    0.00007    0.93548          -66.19676      195.53538         9.524e-03         3.926e+02         1.238e+00 
  1606.510          33.946    -54.574    -71.811            0.283        11628.254      0.286      0.000      0.000    0.00006    0.92603          -66.97269      195.51825         9.921e-03         3.995e+02         1.259e+00 
  1607.510          33.686    -54.575    -71.811            0.280        11628.362      0.286      0.000      0.000    0.00006    0.91604          -67.73380      195.50069         1.033e-02         4.059e+02         1.280e+00 
  1608.510          33.428    -54.575    -71.812            0.276        11628.465      0.286      0.000      0.000    0.00006    0.90554          -68.48046      195.48269         1.076e-02         4.118e+02         1.298e+00 
  1609.510          33.172    -54.576    -71.812            0.272        11628.564      0.286      0.000      0.000    0.00006    0.89459          -69.21298      195.46423         1.121e-02         4.172e+02         1.315e+00 
  1610.510          32.918    -54.577    -71.813            0.269        11628.658      0.286      0.000      0.000    0.00005    0.88322          -69.93162      195.44528         1.167e-02         4.221e+02         1.331e+00 
  1611.510          32.667    -54.578    -71.813            0.265        11628.747      0.286      0.000      0.000    0.00005    0.87147          -70.63661      195.42583         1.214e-02         4.264e+02         1.344e+00 
  1612.510          32.419    -54.579    -71.813            0.260        11628.832      0.286      0.000      0.000    0.00005    0.85941          -71.32812      195.40586         1.263e-02         4.301e+02         1.356e+00 
  1613.510          32.174    -54.579    -71.814            0.256        11628.913      0.286      0.000      0.000    0.00005    0.84707          -72.00631      195.38532         1.314e-02         4.332e+02         1.366e+00 
  1614.510          31.932    -54.580    -71.814            0.252        11628.990      0.286      0.000      0.000    0.00005    0.83389          -72.67126      195.36420         1.363e-02         4.352e+02         1.372e+00 
  1615.510          31.693    -54.581    -71.814            0.248        11629.063      0.286      0.000      0.000    0.00004    0.82049          -73.32299      195.34247         1.414e-02         4.365e+02         1.376e+00 
  1616.510          31.457    -54.581    -71.815            0.244        11629.132      0.286      0.000      0.000    0.00004    0.80706          -73.96148      195.32009         1.466e-02         4.374e+02         1.379e+00 
  1617.510          31.224    -54.582    -71.815            0.240        11629.197      0.286      0.000      0.000    0.00004    0.79365          -74.58667      195.29703         1.519e-02         4.379e+02         1.381e+00 
  1618.510          30.995    -54.582    -71.815            0.235        11629.258      0.286      0.000      0.000    0.00004    0.78029          -75.19850      195.27324         1.574e-02         4.380e+02         1.381e+00 
  1619.510          30.769    -54.583    -71.815            0.231        11629.316      0.286      0.000      0.000    0.00004    0.76701          -75.79688      195.24870         1.629e-02         4.377e+02         1.380e+00 
  1620.510          30.546    -54.583    -71.816            0.227        11629.371      0.286      0.000      0.000    0.00004    0.75384          -76.38172      195.22334         1.686e-02         4.371e+02         1.378e+00 
  1621.510          30.327    -54.584    -71.816            0.223        11629.423      0.286      0.000      0.000    0.00004    0.74081          -76.95290      195.19713         1.743e-02         4.361e+02         1.375e+00 
  1622.510          30.112    -54.584    -71.816            0.219        11629.472      0.286      0.000      0.000    0.00004    0.72795          -77.51033      195.17002         1.802e-02         4.349e+02         1.371e+00 
  1623.510          29.899    -54.585    -71.816            0.215        11629.517      0.286      0.000      0.000    0.00003    0.71528          -78.05388      195.14194         1.862e-02         4.335e+02         1.367e+00 
  1624.510          29.690    -54.585    -71.816            0.211        11629.560      0.286      0.000      0.000    0.00003    0.70281          -78.58344      195.11283         1.923e-02         4.318e+02         1.361e+00 
  1625.510          29.485    -54.585    -71.816            0.208        11629.601      0.286      0.000      0.000    0.00003    0.69057          -79.09891      195.08264         1.985e-02         4.300e+02         1.356e+00 
  1626.510          29.282    -54.586    -71.817            0.204        11629.639      0.286      0.000      0.000    0.00003    0.67857          -79.60018      195.05128         2.048e-02         4.280e+02         1.349e+00 
  1627.510          29.083    -54.586    -71.817            0.200        11629.674      0.286      0.000      0.000    0.00003    0.66683          -80.08718      195.01869         2.112e-02         4.258e+02         1.342e+00 
  1628.510          28.888    -54.586    -71.817            0.197        11629.707      0.286      0.000      0.000    0.00003    0.65534          -80.55983      194.98478         2.177e-02         4.236e+02         1.335e+00 
  1629.510          28.695    -54.587    -71.817            0.193        11629.738      0.286      0.000      0.000    0.00003    0.64412          -81.01807      194.94946         2.243e-02         4.212e+02         1.328e+00 
  1630.510          28.506    -54.587    -71.817            0.190        11629.767      0.286      0.000      0.000    0.00003    0.63317          -81.46187      194.91263         2.310e-02         4.188e+02         1.320e+00 
  1631.510          28.319    -54.587    -71.817            0.187        11629.795      0.286      0.000      0.000    0.00003    0.62250          -81.89122      194.87419         2.378e-02         4.163e+02         1.313e+00 
  1632.510          28.136    -54.587    -71.817            0.184        11629.820      0.286      0.000      0.000    0.00003    0.61211          -82.30612      194.83402         2.447e-02         4.139e+02         1.305e+00 
  1633.510          27.956    -54.587    -71.817            0.180        11629.843      0.286      0.000      0.000    0.00003    0.60199          -82.70661      194.79201         2.516e-02         4.114e+02         1.297e+00 
  1634.510          27.778    -54.588    -71.818            0.177        11629.865      0.286      0.000      0.000    0.00002    0.59215          -83.09275      194.74800         2.587e-02         4.089e+02         1.289e+00 
  1635.510          27.603    -54.588    -71.818            0.174        11629.886      0.286      0.000      0.000    0.00002    0.58259          -83.46462      194.70187         2.658e-02         4.064e+02         1.281e+00 
  1636.510          27.431    -54.588    -71.818            0.172        11629.905      0.286      0.000      0.000    0.00002    0.57330          -83.82233      194.65344         2.730e-02         4.039e+02         1.273e+00 
  1637.510          27.262    -54.588    -71.818            0.169        11629.923      0.286      0.000      0.000    0.00002    0.56427          -84.16602      194.60255         2.803e-02         4.014e+02         1.266e+00 
  1638.510          27.095    -54.588    -71.818            0.166        11629.939      0.286      0.000      0.000    0.00002    0.55550          -84.49583      194.54901         2.877e-02         3.990e+02         1.258e+00 
  1639.510          26.931    -54.588    -71.818            0.164        11629.955      0.286      0.000      0.000    0.00002    0.54700          -84.81196      194.49261         2.952e-02         3.967e+02         1.250e+00 
  1640.510          26.769    -54.589    -71.818            0.161        11629.969      0.286      0.000      0.000    0.00002    0.53874          -85.11461      194.43313         3.028e-02         3.943e+02         1.243e+00 
  1641.510          26.610    -54.589    -71.818            0.159        11629.982      0.286      0.000      0.000    0.00002    0.53072          -85.40402      194.37033         3.104e-02         3.921e+02         1.236e+00 
  1642.510          26.453    -54.589    -71.818            0.156        11629.994      0.286      0.000      0.000    0.00002    0.52295          -85.68043      194.30395         3.181e-02         3.899e+02         1.229e+00 
  1643.510          26.298    -54.589    -71.818            0.154        11630.005      0.286      0.000      0.000    0.00002    0.51540          -85.94410      194.23369         3.259e-02         3.877e+02         1.222e+00 
  1644.510          26.146    -54.589    -71.818            0.152        11630.016      0.286      0.000      0.000    0.00002    0.50807          -86.19534      194.15923         3.338e-02         3.856e+02         1.216e+00 
  1645.510          25.996    -54.589    -71.818            0.150        11630.025      0.286      0.000      0.000    0.00002    0.50097          -86.43444      194.08024         3.418e-02         3.836e+02         1.209e+00 
  1646.510          25.847    -54.589    -71.818            0.147        11630.034      0.286      0.000      0.000    0.00002    0.49407          -86.66172      193.99633         3.499e-02         3.817e+02         1.203e+00 
  1647.510          25.701    -54.589    -71.818            0.145        11630.043      0.286      0.000      0.000    0.00002    0.48737          -86.87751      193.90710         3.580e-02         3.798e+02         1.197e+00 
  1648.510          25.557    -54.589    -71.818            0.143        11630.050      0.286      0.000      0.000    0.00002    0.48087          -87.08215      193.81208         3.662e-02         3.779e+02         1.191e+00 
  1649.510          25.415    -54.589    -71.818            0.142        11630.057      0.286      0.000      0.000    0.00002    0.47455          -87.27599      193.71078         3.745e-02         3.762e+02         1.186e+00 
  1650.510          25.274    -54.589    -71.818            0.140        11630.064      0.286      0.000      0.000    0.00002    0.46842          -87.45938      193.60266         3.829e-02         3.745e+02         1.180e+00 
  1651.510          25.136    -54.589    -71.818            0.138        11630.069      0.286      0.000      0.000    0.00002    0.46245          -87.63270      193.48711         3.913e-02         3.728e+02         1.175e+00 
  1652.510          24.999    -54.589    -71.818            0.136        11630.075      0.286      0.000      0.000    0.00002    0.45666          -87.79631      193.36349         3.998e-02         3.712e+02         1.170e+00 
  1653.510          24.864    -54.589    -71.818            0.134        11630.080      0.286      0.000      0.000    0.00002    0.45103          -87.95057      193.23106         4.085e-02         3.697e+02         1.166e+00 
  1654.510          24.730    -54.590    -71.818            0.133        11630.084      0.286      0.000      0.000    0.00002    0.44555          -88.09585      193.08903         4.171e-02         3.682e+02         1.161e+00 
  1655.510          24.599    -54.590    -71.818            0.131        11630.089      0.286      0.000      0.000    0.00001    0.44022          -88.23253      192.93653         4.259e-02         3.668e+02         1.156e+00 
  1656.510          24.468    -54.590    -71.818            0.129        11630.093      0.286      0.000      0.000    0.00001    0.43503          -88.36096      192.77258         4.348e-02         3.655e+02         1.152e+00 
  1657.510          24.340    -54.590    -71.818            0.128        11630.096      0.286      0.000      0.000    0.00001    0.42998          -88.48151      192.59612         4.437e-02         3.642e+02         1.148e+00 
  1658.510          24.213    -54.590    -71.818            0.126        11630.099      0.286      0.000      0.000    0.00001    0.42506          -88.59455      192.40596         4.527e-02         3.629e+02         1.144e+00 
  1659.510          24.087    -54.590    -71.818            0.125        11630.102      0.286      0.000      0.000    0.00001    0.42027          -88.70041      192.20082         4.618e-02         3.617e+02         1.140e+00 
  1660.510          23.963    -54.590    -71.818            0.124        11630.105      0.286      0.000      0.000    0.00001    0.41560          -88.79945      191.97923         4.710e-02         3.605e+02         1.137e+00 
  1661.510          23.840    -54.590    -71.818            0.122        11630.107      0.286      0.000      0.000    0.00001    0.41105          -88.89200      191.73961         4.803e-02         3.594e+02         1.133e+00 
  1662.510          23.718    -54.590    -71.818            0.121        11630.110      0.286      0.000      0.000    0.00001    0.40661          -88.97840      191.48019         4.896e-02         3.583e+02         1.130e+00 
  1663.510          23.598    -54.590    -71.818            0.119        11630.112      0.286      0.000      0.000    0.00001    0.40228          -89.05896      191.19899         4.990e-02         3.573e+02         1.126e+00 
  1664.510          23.479    -54.590    -71.818            0.118        11630.114      0.286      0.000      0.000    0.00001    0.39805          -89.13401      190.89384         5.085e-02         3.563e+02         1.123e+00 
  1665.510          23.362    -54.590    -71.818            0.117        11630.115      0.286      0.000      0.000    0.00001    0.39393          -89.20383      190.56232         5.181e-02         3.553e+02         1.120e+00 
  1666.510          23.245    -54.590    -71.818            0.116        11630.117      0.286      0.000      0.000    0.00001    0.38990          -89.26872      190.20172         5.278e-02         3.544e+02         1.117e+00 
  1667.510          23.130    -54.590    -71.818            0.115        11630.118      0.286      0.000      0.000    0.00001    0.38596          -89.32897      189.80906         5.376e-02         3.535e+02         1.114e+00 
  1668.510          23.016    -54.590    -71.818            0.113        11630.120      0.286      0.000      0.000    0.00001    0.38211          -89.38484      189.38098         5.474e-02         3.527e+02         1.112e+00 
  1669.510          22.904    -54.590    -71.818            0.112        11630.121      0.286      0.000      0.000    0.00001    0.37835          -89.43659      188.91377         5.573e-02         3.518e+02         1.109e+00 
  1670.510          22.792    -54.590    -71.819            0.111        11630.122      0.286      0.000      0.000    0.00001    0.37467          -89.48448      188.40328         5.673e-02         3.510e+02         1.107e+00 
  1671.510          22.681    -54.590    -71.819            0.110        11630.123      0.286      0.000      0.000    0.00001    0.37107          -89.52874      187.84489         5.774e-02         3.503e+02         1.104e+00 
  1672.510          22.572    -54.590    -71.819            0.109        11630.124      0.286      0.000      0.000    0.00001    0.36755          -89.56959      187.23345         5.876e-02         3.495e+02         1.102e+00 
  1673.510          22.464    -54.590    -71.819            0.108        11630.124      0.286      0.000      0.000    0.00001    0.36410          -89.60726      186.56323         5.978e-02         3.488e+02         1.100e+00 
  1674.510          22.356    -54.590    -71.819            0.107        11630.125      0.286      0.000      0.000    0.00001    0.36072          -89.64195      185.82784         6.081e-02         3.481e+02         1.098e+00 
  1675.510          22.250    -54.590    -71.819            0.106        11630.126      0.286      0.000      0.000    0.00001    0.35742          -89.67385      185.02019         6.186e-02         3.475e+02         1.095e+00 
  1676.510          22.144    -54.590    -71.819            0.105        11630.126      0.286      0.000      0.000    0.00001    0.35418          -89.70315      184.13240         6.291e-02         3.468e+02         1.093e+00 
  1677.510          22.040    -54.590    -71.819            0.104        11630.127      0.286      0.000      0.000    0.00001    0.35100          -89.73003      183.15579         6.397e-02         3.462e+02         1.091e+00 
  1678.510          21.937    -54.590    -71.819            0.103        11630.127      0.286      0.000      0.000    0.00001    0.34789          -89.75464      182.08076         6.503e-02         3.456e+02         1.090e+00 
  1679.510          21.834    -54.590    -71.819            0.102        11630.128      0.286      0.000      0.000    0.00001    0.34484          -89.77714      180.89684         6.611e-02         3.450e+02         1.088e+00 
  1680.510          21.732    -54.590    -71.819            0.101        11630.128      0.286      0.000      0.000    0.00001    0.34184          -89.79767      179.59262         6.719e-02         3.445e+02         1.086e+00 
  1681.510          21.632    -54.590    -71.819            0.100        11630.128      0.286      0.000      0.000    0.00001    0.33891          -89.81638      178.15586         6.829e-02         3.439e+02         1.084e+00 
  1682.510          21.532    -54.590    -71.819            0.099        11630.129      0.286      0.000      0.000    0.00001    0.33603          -89.83338      176.57356         6.939e-02         3.434e+02         1.083e+00 
  1683.510          21.433    -54.590    -71.819            0.099        11630.129      0.286      0.000      0.000    0.00001    0.33320          -89.84880      174.83223         7.050e-02         3.429e+02         1.081e+00 
  1684.510          21.335    -54.590    -71.819            0.098        11630.129      0.286      0.000      0.000    0.00001    0.33042          -89.86274      172.91823         7.161e-02         3.424e+02         1.079e+00 
  1685.510          21.238    -54.590    -71.819            0.097        11630.129      0.286      0.000      0.000    0.00001    0.32770          -89.87531      170.81830         7.274e-02         3.419e+02         1.078e+00 
  1686.510          21.141    -54.590    -71.819            0.096        11630.130      0.286      0.000      0.000    0.00001    0.32502          -89.88661      168.52033         7.388e-02         3.414e+02         1.076e+00 
  1687.510          21.046    -54.590    -71.819            0.095        11630.130      0.286      0.000      0.000    0.00001    0.32239          -89.89672      166.01441         7.502e-02         3.410e+02         1.075e+00 
  1688.510          20.951    -54.590    -71.819            0.094        11630.130      0.286      0.000      0.000    0.00001    0.31980          -89.90573      163.29405         7.617e-02         3.405e+02         1.074e+00 
  1689.510          20.857    -54.590    -71.819            0.094        11630.130      0.286      0.000      0.000    0.00001    0.31726          -89.91371      160.35774         7.733e-02         3.401e+02         1.072e+00 
  1690.510          20.763    -54.590    -71.819            0.093        11630.130      0.286      0.000      0.000    0.00001    0.31477          -89.92075      157.21056         7.850e-02         3.397e+02         1.071e+00 
  1691.510          20.671    -54.590    -71.819            0.092        11630.130      0.286      0.000      0.000    0.00001    0.31231          -89.92691      153.86568         7.968e-02         3.393e+02         1.070e+00 
  1692.510          20.579    -54.590    -71.819            0.091        11630.130      0.286      0.000      0.000    0.00001    0.30990          -89.93226      150.34552         8.087e-02         3.389e+02         1.068e+00 
  1693.510          20.488    -54.590    -71.819            0.091        11630.131      0.286      0.000      0.000    0.00001    0.30753          -89.93687      146.68215         8.206e-02         3.385e+02         1.067e+00 
  1694.510          20.397    -54.590    -71.819            0.090        11630.131      0.286      0.000      0.000    0.00001    0.30519          -89.94081      142.91664         8.327e-02         3.382e+02         1.066e+00 
  1695.510          20.308    -54.590    -71.819            0.089        11630.131      0.286      0.000      0.000    0.00001    0.30289          -89.94415      139.09714         8.448e-02         3.378e+02         1.065e+00 
  1696.510          20.219    -54.590    -71.818            0.089        11630.131      0.286      0.000      0.000    0.00001    0.30063          -89.94696      135.27597         8.570e-02         3.374e+02         1.064e+00 
  1697.510          20.130    -54.590    -71.818            0.088        11630.131      0.286      0.000      0.000    0.00001    0.29841          -89.94929      131.50590         8.693e-02         3.371e+02         1.063e+00 
  1698.510          20.043    -54.590    -71.818            0.087        11630.131      0.286      0.000      0.000    0.00001    0.29620          -89.95122      127.83642         8.816e-02         3.367e+02         1.062e+00 
  1699.510          19.956    -54.590    -71.818            0.087        11630.131      0.286      0.000      0.000    0.00001    0.29401          -89.95280      124.31050         8.938e-02         3.363e+02         1.060e+00 
  1700.510          19.869    -54.590    -71.818            0.086        11630.131      0.286      0.000      0.000    0.00001    0.29185          -89.95410      120.96246         9.060e-02         3.359e+02         1.059e+00 
  1701.510          19.784    -54.590    -71.818            0.085        11630.131      0.286      0.000      0.000    0.00001    0.28973          -89.95515      117.81695         9.182e-02         3.355e+02         1.058e+00 
  1702.510          19.699    -54.590    -71.818            0.085        11630.131      0.286      0.000      0.000    0.00001    0.28765          -89.95600      114.88916         9.306e-02         3.352e+02         1.057e+00 
  1703.510          19.614    -54.590    -71.818            0.084        11630.131      0.286      0.000      0.000    0.00001    0.28560          -89.95670      112.18571         9.430e-02         3.348e+02         1.056e+00 
  1704.510          19.530    -54.590    -71.818            0.084        11630.131      0.286      0.000      0.000    0.00001    0.28359          -89.95727      109.70621         9.555e-02         3.345e+02         1.055e+00 
  1705.510          19.447    -54.590    -71.818            0.083        11630.131      0.286      0.000      0.000    0.00001    0.28162          -89.95774      107.44480         9.680e-02         3.342e+02         1.054e+00 
  1706.510          19.364    -54.590    -71.818            0.082        11630.131      0.286      0.000      0.000    0.00001    0.27968          -89.95814      105.39177         9.807e-02         3.339e+02         1.053e+00 
  1707.510          19.282    -54.590    -71.818            0.082        11630.131      0.286      0.000      0.000    0.00001    0.27777          -89.95848      103.53486         9.934e-02         3.337e+02         1.052e+00 
  1708.510          19.200    -54.590    -71.818            0.081        11630.131      0.286      0.000      0.000    0.00001    0.27588          -89.95877      101.86042         1.006e-01         3.334e+02         1.051e+00 
  1709.510          19.119    -54.590    -71.818            0.081        11630.131      0.286      0.000      0.000    0.00001    0.27403          -89.95904      100.35419         1.019e-01         3.331e+02         1.050e+00 
  1710.510          19.039    -54.590    -71.818            0.080        11630.131      0.286      0.000      0.000    0.00001    0.27220          -89.95928       99.00194         1.032e-01         3.329e+02         1.049e+00 
  1711.510          18.959    -54.590    -71.818            0.080        11630.131      0.286      0.000      0.000    0.00001    0.27040          -89.95951       97.78985         1.045e-01         3.326e+02         1.049e+00 
  1712.510          18.879    -54.590    -71.818            0.079        11630.132      0.286      0.000      0.000    0.00001    0.26863          -89.95973       96.70480         1.058e-01         3.324e+02         1.048e+00 
  1713.510          18.800    -54.590    -71.818            0.079        11630.132      0.286      0.000      0.000    0.00001    0.26688          -89.95994       95.73452         1.071e-01         3.322e+02         1.047e+00 
  1714.510          18.722    -54.590    -71.818            0.078        11630.132      0.286      0.000      0.000    0.00001    0.26515          -89.96015       94.86765         1.085e-01         3.320e+02         1.047e+00 
  1715.510          18.644    -54.590    -71.818            0.078        11630.132      0.286      0.000      0.000    0.00001    0.26345          -89.96036       94.09377         1.098e-01         3.317e+02         1.046e+00 
  1716.510          18.567    -54.590    -71.818            0.077        11630.132      0.286      0.000      0.000    0.00001    0.26177          -89.96056       93.40335         1.111e-01         3.315e+02         1.045e+00 
  1717.510          18.490    -54.590    -71.818            0.077        11630.132      0.286      0.000      0.000    0.00001    0.26011          -89.96077       92.78777         1.125e-01         3.313e+02         1.045e+00 
  1718.510          18.413    -54.590    -71.818            0.076        11630.132      0.286      0.000      0.000    0.00001    0.25848          -89.96098       92.23921         1.138e-01         3.311e+02         1.044e+00 
  1719.510          18.337    -54.590    -71.818            0.076        11630.132      0.286      0.000      0.000    0.00001    0.25687          -89.96119       91.75061         1.152e-01         3.309e+02         1.043e+00 
  1720.510          18.262    -54.590    -71.818            0.075        11630.132      0.286      0.000      0.000    0.00001    0.25528          -89.96140       91.31562         1.166e-01         3.307e+02         1.043e+00 
  1721.510          18.187    -54.590    -71.818            0.075        11630.132      0.286      0.000      0.000    0.00001    0.25371          -89.96162       90.92854         1.180e-01         3.305e+02         1.042e+00 
  1722.510          18.112    -54.590    -71.818            0.074        11630.132      0.286      0.000      0.000    0.00001    0.25216          -89.96183       90.58422         1.194e-01         3.304e+02         1.041e+00 
  1723.510          18.038    -54.590    -71.818            0.074        11630.132      0.286      0.000      0.000    0.00001    0.25063          -89.96205       90.27806         1.207e-01         3.302e+02         1.041e+00 
  1724.510          17.964    -54.590    -71.818            0.073        11630.132      0.286      0.000      0.000    0.00001    0.24911          -89.96227       90.00593         1.222e-01         3.300e+02         1.040e+00 
  1725.510          17.891    -54.590    -71.818            0.073        11630.132      0.286      0.000      0.000    0.00001    0.24762          -89.96249       89.76414         1.236e-01         3.298e+02         1.040e+00 
  1726.510          17.818    -54.590    -71.818            0.073        11630.132      0.286      0.000      0.000    0.00001    0.24615          -89.96271       89.54936         1.250e-01         3.297e+02         1.039e+00 
  1727.510          17.746    -54.590    -71.818            0.072        11630.132      0.286      0.000      0.000    0.00001    0.24469          -89.96293       89.35863         1.264e-01         3.295e+02         1.039e+00 
  1728.510          17.674    -54.590    -71.818            0.072        11630.132      0.286      0.000      0.000    0.00000    0.24326          -89.96315       89.18930         1.278e-01         3.293e+02         1.038e+00 
  1729.510          17.603    -54.590    -71.818            0.071        11630.132      0.286      0.000      0.000    0.00000    0.24184          -89.96337       89.03899         1.293e-01         3.292e+02         1.038e+00 
  1730.510          17.531    -54.590    -71.818            0.071        11630.132      0.286      0.000      0.000    0.00000    0.24044          -89.96359       88.90558         1.307e-01         3.290e+02         1.037e+00 
  1731.510          17.461    -54.590    -71.818            0.070        11630.132      0.286      0.000      0.000    0.00000    0.23905          -89.96380       88.78717         1.322e-01         3.289e+02         1.037e+00 
  1732.510          17.390    -54.590    -71.818            0.070        11630.132      0.286      0.000      0.000    0.00000    0.23768          -89.96402       88.68209         1.337e-01         3.287e+02         1.036e+00 
  1733.510          17.321    -54.590    -71.818            0.070        11630.132      0.286      0.000      0.000    0.00000    0.23633          -89.96424       88.58880         1.351e-01         3.286e+02         1.036e+00 
  1734.510          17.251    -54.590    -71.818            0.069        11630.132      0.286      0.000      0.000    0.00000    0.23499          -89.96445       88.50598         1.366e-01         3.284e+02         1.035e+00 
  1735.510          17.182    -54.590    -71.818            0.069        11630.132      0.286      0.000      0.000    0.00000    0.23367          -89.96466       88.43242         1.381e-01         3.283e+02         1.035e+00 
  1736.510          17.113    -54.590    -71.818            0.069        11630.132      0.286      0.000      0.000    0.00000    0.23237          -89.96488       88.36705         1.396e-01         3.282e+02         1.035e+00 
  1737.510          17.045    -54.590    -71.818            0.068        11630.132      0.286      0.000      0.000    0.00000    0.23107          -89.96509       88.30893         1.411e-01         3.280e+02         1.034e+00 
  1738.510          16.977    -54.590    -71.818            0.068        11630.132      0.286      0.000      0.000    0.00000    0.22980          -89.96529       88.25720         1.426e-01         3.279e+02         1.034e+00 
  1739.510          16.909    -54.590    -71.818            0.067        11630.132      0.286      0.000      0.000    0.00000    0.22854          -89.96550       88.21113         1.441e-01         3.277e+02         1.033e+00 
  1740.510          16.842    -54.590    -71.818            0.067        11630.132      0.286      0.000      0.000    0.00000    0.22729          -89.96570       88.17004         1.457e-01         3.276e+02         1.033e+00 
  1741.510          16.775    -54.590    -71.818            0.067        11630.133      0.286      0.000      0.000    0.00000    0.22606          -89.96591       88.13334         1.472e-01         3.275e+02         1.032e+00 
  1742.510          16.709    -54.590    -71.818            0.066        11630.133      0.286      0.000      0.000    0.00000    0.22484          -89.96611       88.10052         1.488e-01         3.274e+02         1.032e+00 
  1743.510          16.643    -54.590    -71.818            0.066        11630.133      0.286      0.000      0.000    0.00000    0.22363          -89.96630       88.07110         1.503e-01         3.272e+02         1.032e+00 
  1744.510          16.577    -54.590    -71.818            0.066        11630.133      0.286      0.000      0.000    0.00000    0.22244          -89.96650       88.04467         1.519e-01         3.271e+02         1.031e+00 
  1745.510          16.512    -54.590    -71.818            0.065        11630.133      0.286      0.000      0.000    0.00000    0.22126          -89.96669       88.02088         1.534e-01         3.270e+02         1.031e+00 
  1746.510          16.447    -54.590    -71.818            0.065        11630.133      0.286      0.000      0.000    0.00000    0.22010          -89.96689       87.99940         1.550e-01         3.269e+02         1.031e+00 
  1747.510          16.382    -54.590    -71.818            0.065        11630.133      0.286      0.000      0.000    0.00000    0.21894          -89.96707       87.97996         1.566e-01         3.268e+02         1.030e+00 
  1748.510          16.317    -54.590    -71.818            0.064        11630.133      0.286      0.000      0.000    0.00000    0.21780          -89.96726       87.96229         1.582e-01         3.267e+02         1.030e+00 
  1749.510          16.253    -54.590    -71.818            0.064        11630.133      0.286      0.000      0.000    0.00000    0.21667          -89.96745       87.94619         1.598e-01         3.266e+02         1.030e+00 
  1750.510          16.190    -54.590    -71.818            0.064        11630.133      0.286      0.000      0.000    0.00000    0.21556          -89.96763       87.93145         1.614e-01         3.265e+02         1.029e+00 
  1751.510          16.126    -54.590    -71.818            0.063        11630.133      0.286      0.000      0.000    0.00000    0.21445          -89.96781       87.91792         1.630e-01         3.263e+02         1.029e+00 
  1752.510          16.063    -54.590    -71.818            0.063        11630.133      0.286      0.000      0.000    0.00000    0.21336          -89.96799       87.90544         1.646e-01         3.262e+02         1.029e+00 
  1753.510          16.000    -54.590    -71.818            0.063        11630.133      0.286      0.000      0.000    0.00000    0.21228          -89.96817       87.89387         1.663e-01         3.261e+02         1.028e+00 
  1754.510          15.938    -54.590    -71.818            0.062        11630.133      0.286      0.000      0.000    0.00000    0.21121          -89.96835       87.88311         1.679e-01         3.260e+02         1.028e+00 
  1755.510          15.876    -54.590    -71.818            0.062        11630.133      0.286      0.000      0.000    0.00000    0.21015          -89.96852       87.87306         1.695e-01         3.259e+02         1.028e+00 
  1756.510          15.814    -54.590    -71.818            0.062        11630.133      0.286      0.000      0.000    0.00000    0.20910          -89.96869       87.86362         1.712e-01         3.258e+02         1.027e+00 
  1757.510          15.752    -54.590    -71.818            0.061        11630.133      0.286      0.000      0.000    0.00000    0.20806          -89.96886       87.85472         1.729e-01         3.258e+02         1.027e+00 
  1758.510          15.691    -54.590    -71.818            0.061        11630.133      0.286      0.000      0.000    0.00000    0.20703          -89.96903       87.84629         1.745e-01         3.257e+02         1.027e+00 
  1759.510          15.630    -54.590    -71.818            0.061        11630.133      0.286      0.000      0.000    0.00000    0.20602          -89.96919       87.83827         1.762e-01         3.256e+02         1.026e+00 
  1760.510          15.570    -54.590    -71.818            0.060        11630.133      0.286      0.000      0.000    0.00000    0.20501          -89.96936       87.83062         1.779e-01         3.255e+02         1.026e+00 
  1761.510          15.509    -54.590    -71.818            0.060        11630.133      0.286      0.000      0.000    0.00000    0.20401          -89.96952       87.82328         1.796e-01         3.254e+02         1.026e+00 
  1762.510          15.449    -54.590    -71.818            0.060        11630.133      0.286      0.000      0.000    0.00000    0.20303          -89.96968       87.81622         1.813e-01         3.253e+02         1.026e+00 
  1763.510          15.390    -54.590    -71.818            0.060        11630.133      0.286      0.000      0.000    0.00000    0.20205          -89.96984       87.80941         1.830e-01         3.252e+02         1.025e+00 
  1764.510          15.330    -54.590    -71.818            0.059        11630.133      0.286      0.000      0.000    0.00000    0.20108          -89.97000       87.80281         1.847e-01         3.251e+02         1.025e+00 
  1765.510          15.271    -54.590    -71.818            0.059        11630.133      0.286      0.000      0.000    0.00000    0.20013          -89.97015       87.79640         1.864e-01         3.250e+02         1.025e+00 
  1766.510          15.212    -54.590    -71.818            0.059        11630.133      0.286      0.000      0.000    0.00000    0.19918          -89.97030       87.79015         1.882e-01         3.250e+02         1.024e+00 
  1767.510          15.154    -54.590    -71.818            0.058        11630.133      0.286      0.000      0.000    0.00000    0.19824          -89.97046       87.78406         1.899e-01         3.249e+02         1.024e+00 
  1768.510          15.095    -54.590    -71.818            0.058        11630.133      0.286      0.000      0.000    0.00000    0.19731          -89.97061       87.77809         1.916e-01         3.248e+02         1.024e+00 
  1769.510          15.037    -54.590    -71.818            0.058        11630.133      0.286      0.000      0.000    0.00000    0.19639          -89.97075       87.77225         1.934e-01         3.247e+02         1.024e+00 
  1770.510          14.979    -54.590    -71.818            0.058        11630.133      0.286      0.000      0.000    0.00000    0.19548          -89.97090       87.76651         1.952e-01         3.246e+02         1.023e+00 
  1771.510          14.922    -54.590    -71.818            0.057        11630.133      0.286      0.000      0.000    0.00000    0.19457          -89.97105       87.76086         1.969e-01         3.246e+02         1.023e+00 
  1772.510          14.865    -54.590    -71.818            0.057        11630.133      0.286      0.000      0.000    0.00000    0.19368          -89.97119       87.75529         1.987e-01         3.245e+02         1.023e+00 
  1773.510          14.808    -54.590    -71.818            0.057        11630.133      0.286      0.000      0.000    0.00000    0.19279          -89.97133       87.74980         2.005e-01         3.244e+02         1.023e+00 
  1774.510          14.751    -54.590    -71.818            0.057        11630.133      0.286      0.000      0.000    0.00000    0.19191          -89.97147       87.74438         2.023e-01         3.243e+02         1.023e+00 
  1775.510          14.695    -54.590    -71.818            0.056        11630.133      0.286      0.000      0.000    0.00000    0.19104          -89.97161       87.73903         2.041e-01         3.243e+02         1.022e+00 
  1776.510          14.638    -54.590    -71.818            0.056        11630.133      0.286      0.000      0.000    0.00000    0.19018          -89.97175       87.73373         2.059e-01         3.242e+02         1.022e+00 
  1777.510          14.582    -54.590    -71.818            0.056        11630.133      0.286      0.000      0.000    0.00000    0.18933          -89.97189       87.72848         2.077e-01         3.241e+02         1.022e+00 
  1778.510          14.527    -54.590    -71.818            0.056        11630.133      0.286      0.000      0.000    0.00000    0.18848          -89.97203       87.72329         2.095e-01         3.241e+02         1.022e+00 
  1779.510          14.471    -54.590    -71.818            0.055        11630.133      0.286      0.000      0.000    0.00000    0.18764          -89.97216       87.71814         2.114e-01         3.240e+02         1.021e+00 
  1780.510          14.416    -54.590    -71.818            0.055        11630.133      0.286      0.000      0.000    0.00000    0.18681          -89.97229       87.71303         2.132e-01         3.239e+02         1.021e+00 
  1781.510          14.361    -54.590    -71.818            0.055        11630.133      0.286      0.000      0.000    0.00000    0.18599          -89.97242       87.70797         2.151e-01         3.239e+02         1.021e+00 
  1782.510          14.306    -54.590    -71.818            0.055        11630.133      0.286      0.000      0.000    0.00000    0.18517          -89.97255       87.70294         2.169e-01         3.238e+02         1.021e+00 
  1783.510          14.252    -54.590    -71.818            0.054        11630.133      0.286      0.000      0.000    0.00000    0.18436          -89.97268       87.69795         2.188e-01         3.237e+02         1.021e+00 
  1784.510          14.198    -54.590    -71.818            0.054        11630.133      0.286      0.000      0.000    0.00000    0.18356          -89.97281       87.69300         2.207e-01         3.237e+02         1.020e+00 
  1785.510          14.144    -54.590    -71.818            0.054        11630.133      0.286      0.000      0.000    0.00000    0.18276          -89.97294       87.68808         2.225e-01         3.236e+02         1.020e+00 
  1786.510          14.090    -54.590    -71.818            0.054        11630.133      0.286      0.000      0.000    0.00000    0.18198          -89.97306       87.68319         2.244e-01         3.235e+02         1.020e+00 
  1787.510          14.036    -54.590    -71.818            0.053        11630.133      0.286      0.000      0.000    0.00000    0.18120          -89.97319       87.67833         2.263e-01         3.235e+02         1.020e+00 
  1788.510          13.983    -54.590    -71.818            0.053        11630.133      0.286      0.000      0.000    0.00000    0.18042          -89.97331       87.67350         2.282e-01         3.234e+02         1.020e+00 
  1789.510          13.930    -54.590    -71.818            0.053        11630.133      0.286      0.000      0.000    0.00000    0.17966          -89.97343       87.66871         2.301e-01         3.234e+02         1.019e+00 
  1790.510          13.877    -54.590    -71.818            0.053        11630.133      0.286      0.000      0.000    0.00000    0.17890          -89.97355       87.66394         2.321e-01         3.233e+02         1.019e+00 
  1791.510          13.824    -54.590    -71.818            0.053        11630.133      0.286      0.000      0.000    0.00000    0.17814          -89.97367       87.65920         2.340e-01         3.233e+02         1.019e+00 
  1792.510          13.772    -54.590    -71.818            0.052        11630.133      0.286      0.000      0.000    0.00000    0.17739          -89.97379       87.65449         2.359e-01         3.232e+02         1.019e+00 
  1793.510          13.720    -54.590    -71.818            0.052        11630.133      0.286      0.000      0.000    0.00000    0.17665          -89.97390       87.64981         2.379e-01         3.231e+02         1.019e+00 
  1794.510          13.668    -54.590    -71.818            0.052        11630.133      0.286      0.000      0.000    0.00000    0.17592          -89.97402       87.64515         2.398e-01         3.231e+02         1.019e+00 
  1795.510          13.616    -54.590    -71.818            0.052        11630.133      0.286      0.000      0.000    0.00000    0.17519          -89.97414       87.64052         2.418e-01         3.230e+02         1.018e+00 
  1796.510          13.564    -54.590    -71.818            0.051        11630.133      0.286      0.000      0.000    0.00000    0.17447          -89.97425       87.63591         2.437e-01         3.230e+02         1.018e+00 
  1797.510          13.513    -54.590    -71.818            0.051        11630.133      0.286      0.000      0.000    0.00000    0.17375          -89.97436       87.63134         2.457e-01         3.229e+02         1.018e+00 
  1798.510          13.462    -54.590    -71.818            0.051        11630.133      0.286      0.000      0.000    0.00000    0.17304          -89.97447       87.62678         2.477e-01         3.229e+02         1.018e+00 
  1799.510          13.411    -54.590    -71.818            0.051        11630.133      0.286      0.000      0.000    0.00000    0.17234          -89.97459       87.62226         2.497e-01         3.228e+02         1.018e+00 
  1800.510          13.360    -54.590    -71.818            0.051        11630.133      0.286      0.000      0.000    0.00000    0.17164          -89.97470       87.61776         2.517e-01         3.228e+02         1.018e+00 
  1801.510          13.310    -54.590    -71.818            0.050        11630.133      0.286      0.000      0.000    0.00000    0.17094          -89.97480       87.61328         2.537e-01         3.227e+02         1.017e+00 
  1802.510          13.259    -54.590    -71.818            0.050        11630.133      0.286      0.000      0.000    0.00000    0.17026          -89.97491       87.60883         2.557e-01         3.227e+02         1.017e+00 
  1803.510          13.209    -54.590    -71.818            0.050        11630.133      0.286      0.000      0.000    0.00000    0.16958          -89.97502       87.60440         2.577e-01         3.226e+02         1.017e+00 
  1804.510          13.159    -54.590    -71.818            0.050        11630.133      0.286      0.000      0.000    0.00000    0.16890          -89.97513       87.59999         2.598e-01         3.226e+02         1.017e+00 
  1805.510          13.110    -54.590    -71.818            0.050        11630.133      0.286      0.000      0.000    0.00000    0.16823          -89.97523       87.59561         2.618e-01         3.225e+02         1.017e+00 
  1806.510          13.060    -54.590    -71.818            0.049        11630.133      0.286      0.000      0.000    0.00000    0.16756          -89.97533       87.59126         2.638e-01         3.225e+02         1.017e+00 
  1807.510          13.011    -54.590    -71.818            0.049        11630.133      0.286      0.000      0.000    0.00000    0.16690          -89.97544       87.58693         2.659e-01         3.224e+02         1.017e+00 
  1808.510          12.962    -54.590    -71.818            0.049        11630.133      0.286      0.000      0.000    0.00000    0.16625          -89.97554       87.58262         2.679e-01         3.224e+02         1.016e+00 
  1809.510          12.913    -54.590    -71.818            0.049        11630.133      0.286      0.000      0.000    0.00000    0.16560          -89.97564       87.57833         2.700e-01         3.224e+02         1.016e+00 
  1810.510          12.864    -54.590    -71.818            0.049        11630.133      0.286      0.000      0.000    0.00000    0.16496          -89.97574       87.57407         2.721e-01         3.223e+02         1.016e+00 
  1811.510          12.815    -54.590    -71.818            0.048        11630.133      0.286      0.000      0.000    0.00000    0.16432          -89.97584       87.56984         2.742e-01         3.223e+02         1.016e+00 
  1812.510          12.767    -54.590    -71.818            0.048        11630.133      0.286      0.000      0.000    0.00000    0.16368          -89.97594       87.56562         2.763e-01         3.222e+02         1.016e+00 
  1813.510          12.719    -54.590    -71.818            0.048        11630.133      0.286      0.000      0.000    0.00000    0.16305          -89.97604       87.56143         2.784e-01         3.222e+02         1.016e+00 
  1814.510          12.671    -54.590    -71.818            0.048        11630.133      0.286      0.000      0.000    0.00000    0.16243          -89.97614       87.55726         2.805e-01         3.221e+02         1.016e+00 
  1815.510          12.623    -54.590    -71.818            0.048        11630.133      0.286      0.000      0.000    0.00000    0.16181          -89.97623       87.55311         2.826e-01         3.221e+02         1.015e+00 
  1816.510          12.575    -54.590    -71.818            0.048        11630.133      0.286      0.000      0.000    0.00000    0.16120          -89.97633       87.54899         2.847e-01         3.221e+02         1.015e+00 
  1817.510          12.528    -54.590    -71.818            0.047        11630.133      0.286      0.000      0.000    0.00000    0.16059          -89.97642       87.54489         2.868e-01         3.220e+02         1.015e+00 
  1818.510          12.481    -54.590    -71.818            0.047        11630.133      0.286      0.000      0.000    0.00000    0.15998          -89.97652       87.54081         2.890e-01         3.220e+02         1.015e+00 
  1819.510          12.434    -54.590    -71.818            0.047        11630.133      0.286      0.000      0.000    0.00000    0.15938          -89.97661       87.53675         2.911e-01         3.219e+02         1.015e+00 
  1820.510          12.387    -54.590    -71.818            0.047        11630.133      0.286      0.000      0.000    0.00000    0.15878          -89.97670       87.53272         2.933e-01         3.219e+02         1.015e+00 
  1821.510          12.340    -54.590    -71.818            0.047        11630.133      0.286      0.000      0.000    0.00000    0.15819          -89.97680       87.52871         2.954e-01         3.219e+02         1.015e+00 
  1822.510          12.293    -54.590    -71.818            0.046        11630.133      0.286      0.000      0.000    0.00000    0.15760          -89.97689       87.52472         2.976e-01         3.218e+02         1.015e+00 
  1823.510          12.247    -54.590    -71.818            0.046        11630.133      0.286      0.000      0.000    0.00000    0.15702          -89.97698       87.52075         2.998e-01         3.218e+02         1.014e+00 
  1824.510          12.201    -54.590    -71.818            0.046        11630.133      0.286      0.000      0.000    0.00000    0.15644          -89.97707       87.51680         3.020e-01         3.217e+02         1.014e+00 
  1825.510          12.155    -54.590    -71.818            0.046        11630.133      0.286      0.000      0.000    0.00000    0.15587          -89.97716       87.51288         3.042e-01         3.217e+02         1.014e+00 
  1826.510          12.109    -54.590    -71.818            0.046        11630.133      0.286      0.000      0.000    0.00000    0.15530          -89.97725       87.50897         3.064e-01         3.217e+02         1.014e+00 
  1827.510          12.063    -54.590    -71.818            0.046        11630.133      0.286      0.000      0.000    0.00000    0.15473          -89.97733       87.50509         3.086e-01         3.216e+02         1.014e+00 
  1828.510          12.018    -54.590    -71.818            0.045        11630.133      0.286      0.000      0.000    0.00000    0.15417          -89.97742       87.50123         3.108e-01         3.216e+02         1.014e+00 
  1829.510          11.972    -54.590    -71.818            0.045        11630.133      0.286      0.000      0.000    0.00000    0.15362          -89.97751       87.49739         3.130e-01         3.216e+02         1.014e+00 
  1830.510          11.927    -54.590    -71.818            0.045        11630.133      0.286      0.000      0.000    0.00000    0.15306          -89.97759       87.49357         3.153e-01         3.215e+02         1.014e+00 
  1831.510          11.882    -54.590    -71.818            0.045        11630.133      0.286      0.000      0.000    0.00000    0.15251          -89.97768       87.48977         3.175e-01         3.215e+02         1.014e+00 
  1832.510          11.837    -54.590    -71.818            0.045        11630.133      0.286      0.000      0.000    0.00000    0.15197          -89.97776       87.48600         3.197e-01         3.215e+02         1.013e+00 
  1833.510          11.792    -54.590    -71.818            0.045        11630.133      0.286      0.000      0.000    0.00000    0.15143          -89.97784       87.48224         3.220e-01         3.214e+02         1.013e+00 
  1834.510          11.748    -54.590    -71.818            0.045        11630.133      0.286      0.000      0.000    0.00000    0.15089          -89.97793       87.47851         3.243e-01         3.214e+02         1.013e+00 
  1835.510          11.703    -54.590    -71.818            0.044        11630.133      0.286      0.000      0.000    0.00000    0.15036          -89.97801       87.47479         3.265e-01         3.214e+02         1.013e+00 
  1836.510          11.659    -54.590    -71.818            0.044        11630.133      0.286      0.000      0.000    0.00000    0.14983          -89.97809       87.47110         3.288e-01         3.213e+02         1.013e+00 
  1837.510          11.615    -54.590    -71.818            0.044        11630.133      0.286      0.000      0.000    0.00000    0.14930          -89.97817       87.46743         3.311e-01         3.213e+02         1.013e+00 
  1838.510          11.571    -54.590    -71.818            0.044        11630.133      0.286      0.000      0.000    0.00000    0.14878          -89.97825       87.46377         3.334e-01         3.213e+02         1.013e+00 
  1839.510          11.527    -54.590    -71.818            0.044        11630.133      0.286      0.000      0.000    0.00000    0.14826          -89.97833       87.46014         3.357e-01         3.212e+02         1.013e+00 
  1840.510          11.483    -54.590    -71.818            0.044        11630.133      0.286      0.000      0.000    0.00000    0.14775          -89.97841       87.45653         3.380e-01         3.212e+02         1.013e+00 
  1841.510          11.440    -54.590    -71.818            0.043        11630.133      0.286      0.000      0.000    0.00000    0.14724          -89.97849       87.45294         3.403e-01         3.212e+02         1.013e+00 
  1842.510          11.397    -54.590    -71.818            0.043        11630.133      0.286      0.000      0.000    0.00000    0.14673          -89.97857       87.44936         3.427e-01         3.212e+02         1.012e+00 
  1843.510          11.353    -54.590    -71.818            0.043        11630.133      0.286      0.000      0.000    0.00000    0.14622          -89.97865       87.44581         3.450e-01         3.211e+02         1.012e+00 
  1844.510          11.310    -54.590    -71.818            0.043        11630.133      0.286      0.000      0.000    0.00000    0.14572          -89.97872       87.44228         3.473e-01         3.211e+02         1.012e+00 
  1845.510          11.267    -54.590    -71.818            0.043        11630.133      0.286      0.000      0.000    0.00000    0.14523          -89.97880       87.43877         3.497e-01         3.211e+02         1.012e+00 
  1846.510          11.225    -54.590    -71.818            0.043        11630.133      0.286      0.000      0.000    0.00000    0.14473          -89.97888       87.43528         3.521e-01         3.210e+02         1.012e+00 
  1847.510          11.182    -54.590    -71.818            0.043        11630.133      0.286      0.000      0.000    0.00000    0.14424          -89.97895       87.43180         3.544e-01         3.210e+02         1.012e+00 
  1848.510          11.140    -54.590    -71.818            0.042        11630.133      0.286      0.000      0.000    0.00000    0.14376          -89.97903       87.42835         3.568e-01         3.210e+02         1.012e+00 
  1849.510          11.097    -54.590    -71.818            0.042        11630.133      0.286      0.000      0.000    0.00000    0.14327          -89.97910       87.42492         3.592e-01         3.210e+02         1.012e+00 
  1850.510          11.055    -54.590    -71.818            0.042        11630.133      0.286      0.000      0.000    0.00000    0.14278          -89.97917       87.42151         3.615e-01         3.209e+02         1.012e+00 
  1851.510          11.013    -54.590    -71.818            0.042        11630.133      0.286      0.000      0.000    0.00000    0.14229          -89.97925       87.41814         3.638e-01         3.208e+02         1.011e+00 
  1852.510          10.971    -54.590    -71.818            0.042        11630.133      0.286      0.000      0.000    0.00000    0.14178          -89.97932       87.41483         3.659e-01         3.206e+02         1.011e+00 
  1853.510          10.929    -54.590    -71.818            0.042        11630.133      0.286      0.000      0.000    0.00000    0.14126          -89.97939       87.41166         3.678e-01         3.204e+02         1.010e+00 
  1854.510          10.888    -54.590    -71.818            0.042        11630.133      0.286      0.000      0.000    0.00000    0.14077          -89.97946       87.40867         3.698e-01         3.202e+02         1.009e+00 
  1855.510          10.846    -54.590    -71.818            0.041        11630.133      0.286      0.000      0.000    0.00000    0.14029          -89.97953       87.40590         3.717e-01         3.201e+02         1.009e+00 
  1856.510          10.805    -54.590    -71.818            0.041        11630.133      0.286      0.000      0.000    0.00000    0.13982          -89.97959       87.40332         3.737e-01         3.200e+02         1.009e+00 
  1857.510          10.763    -54.590    -71.818            0.041        11630.133      0.286      0.000      0.000    0.00000    0.13936          -89.97965       87.40093         3.757e-01         3.200e+02         1.009e+00 
  1858.510          10.722    -54.590    -71.818            0.041        11630.133      0.286      0.000      0.000    0.00000    0.13890          -89.97972       87.39871         3.776e-01         3.199e+02         1.009e+00 
  1859.510          10.681    -54.590    -71.818            0.041        11630.133      0.286      0.000      0.000    0.00000    0.13845          -89.97978       87.39663         3.796e-01         3.199e+02         1.008e+00 
  1860.510          10.640    -54.590    -71.818            0.041        11630.133      0.286      0.000      0.000    0.00000    0.13800          -89.97984       87.39468         3.815e-01         3.199e+02         1.008e+00 
  1861.510          10.599    -54.590    -71.818            0.041        11630.133      0.286      0.000      0.000    0.00000    0.13756          -89.97989       87.39284         3.835e-01         3.198e+02         1.008e+00 
  1862.510          10.558    -54.590    -71.818            0.041        11630.133      0.286      0.000      0.000    0.00000    0.13712          -89.97995       87.39108         3.855e-01         3.198e+02         1.008e+00 
  1863.510          10.518    -54.590    -71.818            0.041        11630.133      0.286      0.000      0.000    0.00000    0.13669          -89.98001       87.38941         3.875e-01         3.198e+02         1.008e+00 
  1864.510          10.477    -54.590    -71.818            0.041        11630.133      0.286      0.000      0.000    0.00000    0.13625          -89.98006       87.38780         3.894e-01         3.198e+02         1.008e+00 
  1865.510          10.437    -54.590    -71.818            0.040        11630.133      0.286      0.000      0.000    0.00000    0.13582          -89.98012       87.38625         3.914e-01         3.198e+02         1.008e+00 
  1866.510          10.396    -54.590    -71.818            0.040        11630.133      0.286      0.000      0.000    0.00000    0.13540          -89.98017       87.38475         3.934e-01         3.197e+02         1.008e+00 
  1867.510          10.356    -54.590    -71.818            0.040        11630.133      0.286      0.000      0.000    0.00000    0.13497          -89.98022       87.38330         3.954e-01         3.197e+02         1.008e+00 
  1868.510          10.316    -54.590    -71.818            0.040        11630.133      0.286      0.000      0.000    0.00000    0.13455          -89.98028       87.38189         3.974e-01         3.197e+02         1.008e+00 
  1869.510          10.276    -54.590    -71.818            0.040        11630.133      0.286      0.000      0.000    0.00000    0.13414          -89.98033       87.38051         3.994e-01         3.197e+02         1.008e+00 
  1870.510          10.236    -54.590    -71.818            0.040        11630.133      0.286      0.000      0.000    0.00000    0.13372          -89.98038       87.37917         4.013e-01         3.197e+02         1.008e+00 
  1871.510          10.196    -54.590    -71.818            0.040        11630.133      0.286      0.000      0.000    0.00000    0.13331          -89.98043       87.37786         4.033e-01         3.197e+02         1.008e+00 
  1872.510          10.156    -54.590    -71.818            0.040        11630.133      0.286      0.000      0.000    0.00000    0.13290          -89.98049       87.37658         4.053e-01         3.196e+02         1.008e+00 
  1873.510          10.117    -54.590    -71.818            0.040        11630.133      0.286      0.000      0.000    0.00000    0.13249          -89.98054       87.37533         4.073e-01         3.196e+02         1.008e+00 
  1874.510          10.077    -54.590    -71.818            0.040        11630.133      0.286      0.000      0.000    0.00000    0.13209          -89.98059       87.37411         4.093e-01         3.196e+02         1.008e+00 
  1875.510          10.038    -54.590    -71.818            0.039        11630.133      0.286      0.000      0.000    0.00000    0.13169          -89.98064       87.37291         4.113e-01         3.196e+02         1.008e+00 
  1876.510           9.998    -54.590    -71.818            0.039        11630.133      0.286      0.000      0.000    0.00000    0.13129          -89.98069       87.37173         4.133e-01         3.196e+02         1.008e+00 
  1877.510           9.959    -54.590    -71.818            0.039        11630.133      0.286      0.000      0.000    0.00000    0.13089          -89.98074       87.37058         4.154e-01         3.196e+02         1.007e+00 
  1878.510           9.920    -54.590    -71.818            0.039        11630.133      0.286      0.000      0.000    0.00000    0.13050          -89.98079       87.36945         4.174e-01         3.196e+02         1.007e+00 
  1879.510           9.881    -54.590    -71.818            0.039        11630.133      0.286      0.000      0.000    0.00000    0.13011          -89.98084       87.36835         4.194e-01         3.195e+02         1.007e+00 
  1880.510           9.842    -54.590    -71.818            0.039        11630.133      0.286      0.000      0.000    0.00000    0.12972          -89.98088       87.36726         4.214e-01         3.195e+02         1.007e+00 
  1881.510           9.803    -54.590    -71.818            0.039        11630.133      0.286      0.000      0.000    0.00000    0.12934          -89.98093       87.36620         4.234e-01         3.195e+02         1.007e+00 
  1882.510           9.764    -54.590    -71.818            0.039        11630.133      0.286      0.000      0.000    0.00000    0.12896          -89.98098       87.36516         4.254e-01         3.195e+02         1.007e+00 
  1883.510           9.725    -54.590    -71.818            0.039        11630.133      0.286      0.000      0.000    0.00000    0.12857          -89.98103       87.36415         4.275e-01         3.195e+02         1.007e+00 
  1884.510           9.687    -54.590    -71.818            0.039        11630.133      0.286      0.000      0.000    0.00000    0.12820          -89.98108       87.36315         4.295e-01         3.195e+02         1.007e+00 
  1885.510           9.648    -54.590    -71.818            0.038        11630.133      0.286      0.000      0.000    0.00000    0.12782          -89.98112       87.36217         4.315e-01         3.195e+02         1.007e+00 
  1886.510           9.610    -54.590    -71.818            0.038        11630.133      0.286      0.000      0.000    0.00000    0.12745          -89.98117       87.36122         4.336e-01         3.194e+02         1.007e+00 
  1887.510           9.572    -54.590    -71.818            0.038        11630.133      0.286      0.000      0.000    0.00000    0.12708          -89.98122       87.36029         4.356e-01         3.194e+02         1.007e+00 
  1888.510           9.533    -54.590    -71.818            0.038        11630.133      0.286      0.000      0.000    0.00000    0.12671          -89.98126       87.35938         4.376e-01         3.194e+02         1.007e+00 
  1889.510           9.495    -54.590    -71.818            0.038        11630.133      0.286      0.000      0.000    0.00000    0.12634          -89.98131       87.35849         4.397e-01         3.194e+02         1.007e+00 
  1890.510           9.457    -54.590    -71.818            0.038        11630.133      0.286      0.000      0.000    0.00000    0.12598          -89.98135       87.35762         4.417e-01         3.194e+02         1.007e+00 
  1891.510           9.419    -54.590    -71.818            0.038        11630.133      0.286      0.000      0.000    0.00000    0.12562          -89.98140       87.35677         4.437e-01         3.194e+02         1.007e+00 
  1892.510           9.381    -54.590    -71.818            0.038        11630.133      0.286      0.000      0.000    0.00000    0.12526          -89.98145       87.35594         4.458e-01         3.194e+02         1.007e+00 
  1893.510           9.343    -54.590    -71.818            0.038        11630.133      0.286      0.000      0.000    0.00000    0.12490          -89.98149       87.35513         4.478e-01         3.194e+02         1.007e+00 
  1894.510           9.306    -54.590    -71.818            0.038        11630.133      0.286      0.000      0.000    0.00000    0.12455          -89.98153       87.35434         4.499e-01         3.193e+02         1.007e+00 
  1895.510           9.268    -54.590    -71.818            0.038        11630.133      0.286      0.000      0.000    0.00000    0.12420          -89.98158       87.35357         4.520e-01         3.193e+02         1.007e+00 
  1896.510           9.231    -54.590    -71.818            0.037        11630.133      0.286      0.000      0.000    0.00000    0.12385          -89.98162       87.35282         4.540e-01         3.193e+02         1.007e+00 
  1897.510           9.193    -54.590    -71.818            0.037        11630.133      0.286      0.000      0.000    0.00000    0.12350          -89.98167       87.35209         4.561e-01         3.193e+02         1.007e+00 
  1898.510           9.156    -54.590    -71.818            0.037        11630.133      0.286      0.000      0.000    0.00000    0.12315          -89.98171       87.35138         4.581e-01         3.193e+02         1.007e+00 
  1899.510           9.119    -54.590    -71.818            0.037        11630.133      0.286      0.000      0.000    0.00000    0.12281          -89.98175       87.35069         4.602e-01         3.193e+02         1.007e+00 
  1900.510           9.081    -54.590    -71.818            0.037        11630.133      0.286      0.000      0.000    0.00000    0.12247          -89.98180       87.35002         4.623e-01         3.193e+02         1.007e+00 
  1901.510           9.044    -54.590    -71.818            0.037        11630.133      0.286      0.000      0.000    0.00000    0.12213          -89.98184       87.34937         4.643e-01         3.193e+02         1.006e+00 
  1902.510           9.007    -54.590    -71.818            0.037        11630.133      0.286      0.000      0.000    0.00000    0.12179          -89.98188       87.34874         4.664e-01         3.192e+02         1.006e+00 
  1903.510           8.970    -54.590    -71.818            0.037        11630.133      0.286      0.000      0.000    0.00000    0.12146          -89.98193       87.34812         4.685e-01         3.192e+02         1.006e+00 
  1904.510           8.933    -54.590    -71.818            0.037        11630.133      0.286      0.000      0.000    0.00000    0.12112          -89.98197       87.34753         4.705e-01         3.192e+02         1.006e+00 
  1905.510           8.897    -54.590    -71.818            0.037        11630.133      0.286      0.000      0.000    0.00000    0.12079          -89.98201       87.34696         4.726e-01         3.192e+02         1.006e+00 
  1906.510           8.860    -54.590    -71.818            0.037        11630.133      0.286      0.000      0.000    0.00000    0.12046          -89.98205       87.34640         4.747e-01         3.192e+02         1.006e+00 
  1907.510           8.823    -54.590    -71.818            0.037        11630.133      0.286      0.000      0.000    0.00000    0.12013          -89.98209       87.34586         4.768e-01         3.192e+02         1.006e+00 
  1908.510           8.787    -54.590    -71.818            0.037        11630.133      0.286      0.000      0.000    0.00000    0.11981          -89.98213       87.34535         4.789e-01         3.192e+02         1.006e+00 
  1909.510           8.750    -54.590    -71.818            0.036        11630.133      0.286      0.000      0.000    0.00000    0.11949          -89.98217       87.34485         4.810e-01         3.192e+02         1.006e+00 
  1910.510           8.714    -54.590    -71.818            0.036        11630.133      0.286      0.000      0.000    0.00000    0.11916          -89.98222       87.34437         4.831e-01         3.192e+02         1.006e+00 
  1911.510           8.678    -54.590    -71.818            0.036        11630.133      0.286      0.000      0.000    0.00000    0.11884          -89.98226       87.34391         4.852e-01         3.192e+02         1.006e+00 
  1912.510           8.641    -54.590    -71.818            0.036        11630.133      0.286      0.000      0.000    0.00000    0.11853          -89.98230       87.34346         4.872e-01         3.191e+02         1.006e+00 
  1913.510           8.605    -54.590    -71.818            0.036        11630.133      0.286      0.000      0.000    0.00000    0.11821          -89.98234       87.34304         4.893e-01         3.191e+02         1.006e+00 
  1914.510           8.569    -54.590    -71.818            0.036        11630.133      0.286      0.000      0.000    0.00000    0.11790          -89.98238       87.34263         4.914e-01         3.191e+02         1.006e+00 
  1915.510           8.533    -54.590    -71.818            0.036        11630.133      0.286      0.000      0.000    0.00000    0.11758          -89.98242       87.34225         4.935e-01         3.191e+02         1.006e+00 
  1916.510           8.497    -54.590    -71.818            0.036        11630.133      0.286      0.000      0.000    0.00000    0.11727          -89.98246       87.34188         4.957e-01         3.191e+02         1.006e+00 
  1917.510           8.461    -54.590    -71.818            0.036        11630.133      0.286      0.000      0.000    0.00000    0.11697          -89.98249       87.34153         4.978e-01         3.191e+02         1.006e+00 
  1918.510           8.426    -54.590    -71.818            0.036        11630.133      0.286      0.000      0.000    0.00000    0.11666          -89.98253       87.34119         4.999e-01         3.191e+02         1.006e+00 
  1919.510           8.390    -54.590    -71.818            0.036        11630.133      0.286      0.000      0.000    0.00000    0.11635          -89.98257       87.34088         5.020e-01         3.191e+02         1.006e+00 
  1920.510           8.354    -54.590    -71.818            0.036        11630.133      0.286      0.000      0.000    0.00000    0.11605          -89.98261       87.34058         5.041e-01         3.191e+02         1.006e+00 
  1921.510           8.319    -54.590    -71.818            0.035        11630.133      0.286      0.000      0.000    0.00000    0.11575          -89.98265       87.34030         5.062e-01         3.191e+02         1.006e+00 
  1922.510           8.283    -54.590    -71.818            0.035        11630.133      0.286      0.000      0.000    0.00000    0.11545          -89.98269       87.34004         5.083e-01         3.190e+02         1.006e+00 
  1923.510           8.248    -54.590    -71.818            0.035        11630.133      0.286      0.000      0.000    0.00000    0.11515          -89.98273       87.33979         5.105e-01         3.190e+02         1.006e+00 
  1924.510           8.213    -54.590    -71.818            0.035        11630.133      0.286      0.000      0.000    0.00000    0.11485          -89.98276       87.33957         5.126e-01         3.190e+02         1.006e+00 
  1925.510           8.177    -54.590    -71.818            0.035        11630.133      0.286      0.000      0.000    0.00000    0.11456          -89.98280       87.33936         5.147e-01         3.190e+02         1.006e+00 
  1926.510           8.142    -54.590    -71.818            0.035        11630.133      0.286      0.000      0.000    0.00000    0.11427          -89.98284       87.33917         5.168e-01         3.190e+02         1.006e+00 
  1927.510           8.107    -54.590    -71.818            0.035        11630.133      0.286      0.000      0.000    0.00000    0.11397          -89.98287       87.33899         5.190e-01         3.190e+02         1.006e+00 
  1928.510           8.072    -54.590    -71.818            0.035        11630.133      0.286      0.000      0.000    0.00000    0.11368          -89.98291       87.33884         5.211e-01         3.190e+02         1.006e+00 
  1929.510           8.037    -54.590    -71.818            0.035        11630.133      0.286      0.000      0.000    0.00000    0.11340          -89.98295       87.33870         5.232e-01         3.190e+02         1.006e+00 
  1930.510           8.002    -54.590    -71.818            0.035        11630.133      0.286      0.000      0.000    0.00000    0.11311          -89.98299       87.33858         5.254e-01         3.190e+02         1.006e+00 
  1931.510           7.968    -54.590    -71.818            0.035        11630.133      0.286      0.000      0.000    0.00000    0.11282          -89.98302       87.33847         5.275e-01         3.190e+02         1.006e+00 
  1932.510           7.933    -54.590    -71.818            0.035        11630.133      0.286      0.000      0.000    0.00000    0.11254          -89.98306       87.33838         5.297e-01         3.190e+02         1.006e+00 
  1933.510           7.898    -54.590    -71.818            0.035        11630.133      0.286      0.000      0.000    0.00000    0.11226          -89.98309       87.33831         5.318e-01         3.190e+02         1.006e+00 
  1934.510           7.864    -54.590    -71.818            0.035        11630.133      0.286      0.000      0.000    0.00000    0.11198          -89.98313       87.33826         5.339e-01         3.189e+02         1.005e+00 
  1935.510           7.829    -54.590    -71.818            0.034        11630.133      0.286      0.000      0.000    0.00000    0.11170          -89.98317       87.33822         5.361e-01         3.189e+02         1.005e+00 
  1936.510           7.795    -54.590    -71.818            0.034        11630.133      0.286      0.000      0.000    0.00000    0.11142          -89.98320       87.33820         5.382e-01         3.189e+02         1.005e+00 
  1937.510           7.760    -54.590    -71.818            0.034        11630.133      0.286      0.000      0.000    0.00000    0.11115          -89.98324       87.33820         5.404e-01         3.189e+02         1.005e+00 
  1938.510           7.726    -54.590    -71.818            0.034        11630.133      0.286      0.000      0.000    0.00000    0.11087          -89.98327       87.33821         5.426e-01         3.189e+02         1.005e+00 
  1939.510           7.692    -54.590    -71.818            0.034        11630.133      0.286      0.000      0.000    0.00000    0.11060          -89.98331       87.33824         5.447e-01         3.189e+02         1.005e+00 
  1940.510           7.657    -54.590    -71.818            0.034        11630.133      0.286      0.000      0.000    0.00000    0.11033          -89.98334       87.33829         5.469e-01         3.189e+02         1.005e+00 
  1941.510           7.623    -54.590    -71.818            0.034        11630.133      0.286      0.000      0.000    0.00000    0.11006          -89.98338       87.33835         5.490e-01         3.189e+02         1.005e+00 
  1942.510           7.589    -54.590    -71.818            0.034        11630.133      0.286      0.000      0.000    0.00000    0.10979          -89.98341       87.33843         5.512e-01         3.189e+02         1.005e+00 
  1943.510           7.555    -54.590    -71.818            0.034        11630.133      0.286      0.000      0.000    0.00000    0.10952          -89.98344       87.33852         5.534e-01         3.189e+02         1.005e+00 
  1944.510           7.521    -54.590    -71.818            0.034        11630.133      0.286      0.000      0.000    0.00000    0.10926          -89.98348       87.33864         5.555e-01         3.189e+02         1.005e+00 
  1945.510           7.488    -54.590    -71.818            0.034        11630.133      0.286      0.000      0.000    0.00000    0.10899          -89.98351       87.33876         5.577e-01         3.189e+02         1.005e+00 
  1946.510           7.454    -54.590    -71.818            0.034        11630.133      0.286      0.000      0.000    0.00000    0.10873          -89.98355       87.33891         5.599e-01         3.189e+02         1.005e+00 
  1947.510           7.420    -54.590    -71.818            0.034        11630.133      0.286      0.000      0.000    0.00000    0.10847          -89.98358       87.33907         5.621e-01         3.188e+02         1.005e+00 
  1948.510           7.386    -54.590    -71.818            0.034        11630.133      0.286      0.000      0.000    0.00000    0.10821          -89.98361       87.33924         5.642e-01         3.188e+02         1.005e+00 
  1949.510           7.353    -54.590    -71.818            0.034        11630.133      0.286      0.000      0.000    0.00000    0.10795          -89.98365       87.33944         5.664e-01         3.188e+02         1.005e+00 
  1950.510           7.319    -54.590    -71.818            0.033        11630.133      0.286      0.000      0.000    0.00000    0.10769          -89.98368       87.33964         5.686e-01         3.188e+02         1.005e+00 
  1951.510           7.286    -54.590    -71.818            0.033        11630.133      0.286      0.000      0.000    0.00000    0.10744          -89.98371       87.33987         5.708e-01         3.188e+02         1.005e+00 
  1952.510           7.253    -54.590    -71.818            0.033        11630.133      0.286      0.000      0.000    0.00000    0.10718          -89.98374       87.34011         5.730e-01         3.188e+02         1.005e+00 
  1953.510           7.219    -54.590    -71.818            0.033        11630.133      0.286      0.000      0.000    0.00000    0.10693          -89.98378       87.34036         5.752e-01         3.188e+02         1.005e+00 
  1954.510           7.186    -54.590    -71.818            0.033        11630.133      0.286      0.000      0.000    0.00000    0.10668          -89.98381       87.34063         5.774e-01         3.188e+02         1.005e+00 
  1955.510           7.153    -54.590    -71.818            0.033        11630.133      0.286      0.000      0.000    0.00000    0.10643          -89.98384       87.34092         5.796e-01         3.188e+02         1.005e+00 
  1956.510           7.120    -54.590    -71.818            0.033        11630.133      0.286      0.000      0.000    0.00000    0.10618          -89.98387       87.34122         5.818e-01         3.188e+02         1.005e+00 
  1957.510           7.087    -54.590    -71.818            0.033        11630.133      0.286      0.000      0.000    0.00000    0.10593          -89.98391       87.34154         5.840e-01         3.188e+02         1.005e+00 
  1958.510           7.054    -54.590    -71.818            0.033        11630.133      0.286      0.000      0.000    0.00000    0.10568          -89.98394       87.34188         5.862e-01         3.188e+02         1.005e+00 
  1959.510           7.021    -54.590    -71.818            0.033        11630.133      0.286      0.000      0.000    0.00000    0.10544          -89.98397       87.34222         5.884e-01         3.188e+02         1.005e+00 
  1960.510           6.988    -54.590    -71.818            0.033        11630.133      0.286      0.000      0.000    0.00000    0.10519          -89.98400       87.34259         5.906e-01         3.188e+02         1.005e+00 
  1961.510           6.955    -54.590    -71.818            0.033        11630.133      0.286      0.000      0.000    0.00000    0.10495          -89.98403       87.34297         5.928e-01         3.188e+02         1.005e+00 
  1962.510           6.922    -54.590    -71.818            0.033        11630.133      0.286      0.000      0.000    0.00000    0.10471          -89.98406       87.34336         5.950e-01         3.188e+02         1.005e+00 
  1963.510           6.890    -54.590    -71.818            0.033        11630.133      0.286      0.000      0.000    0.00000    0.10447          -89.98409       87.34377         5.972e-01         3.187e+02         1.005e+00 
  1964.510           6.857    -54.590    -71.818            0.033        11630.133      0.286      0.000      0.000    0.00000    0.10423          -89.98412       87.34420         5.994e-01         3.187e+02         1.005e+00 
  1965.510           6.824    -54.590    -71.818            0.033        11630.133      0.286      0.000      0.000    0.00000    0.10399          -89.98416       87.34464         6.016e-01         3.187e+02         1.005e+00 
  1966.510           6.792    -54.590    -71.818            0.032        11630.133      0.286      0.000      0.000    0.00000    0.10375          -89.98419       87.34509         6.038e-01         3.187e+02         1.005e+00 
  1967.510           6.759    -54.590    -71.818            0.032        11630.133      0.286      0.000      0.000    0.00000    0.10352          -89.98422       87.34556         6.061e-01         3.187e+02         1.005e+00 
  1968.510           6.727    -54.590    -71.818            0.032        11630.133      0.286      0.000      0.000    0.00000    0.10328          -89.98425       87.34605         6.083e-01         3.187e+02         1.005e+00 
  1969.510           6.695    -54.590    -71.818            0.032        11630.133      0.286      0.000      0.000    0.00000    0.10305          -89.98428       87.34655         6.105e-01         3.187e+02         1.005e+00 
  1970.510           6.662    -54.590    -71.818            0.032        11630.133      0.286      0.000      0.000    0.00000    0.10282          -89.98431       87.34706         6.127e-01         3.187e+02         1.005e+00 
  1971.510           6.630    -54.590    -71.818            0.032        11630.133      0.286      0.000      0.000    0.00000    0.10259          -89.98434       87.34759         6.150e-01         3.187e+02         1.005e+00 
  1972.510           6.598    -54.590    -71.818            0.032        11630.133      0.286      0.000      0.000    0.00000    0.10236          -89.98437       87.34814         6.172e-01         3.187e+02         1.005e+00 
  1973.510           6.566    -54.590    -71.818            0.032        11630.133      0.286      0.000      0.000    0.00000    0.10213          -89.98440       87.34869         6.194e-01         3.187e+02         1.005e+00 
  1974.510           6.534    -54.590    -71.818            0.032        11630.133      0.286      0.000      0.000    0.00000    0.10190          -89.98443       87.34927         6.217e-01         3.187e+02         1.005e+00 
  1975.510           6.502    -54.590    -71.818            0.032        11630.133      0.286      0.000      0.000    0.00000    0.10167          -89.98446       87.34986         6.239e-01         3.187e+02         1.005e+00 
  1976.510           6.470    -54.590    -71.818            0.032        11630.133      0.286      0.000      0.000    0.00000    0.10145          -89.98448       87.35046         6.261e-01         3.187e+02         1.005e+00 
  1977.510           6.438    -54.590    -71.818            0.032        11630.134      0.286      0.000      0.000    0.00000    0.10122          -89.98451       87.35107         6.284e-01         3.187e+02         1.005e+00 
  1978.510           6.406    -54.590    -71.818            0.032        11630.134      0.286      0.000      0.000    0.00000    0.10100          -89.98454       87.35171         6.306e-01         3.187e+02         1.005e+00 
  1979.510           6.374    -54.590    -71.818            0.032        11630.134      0.286      0.000      0.000    0.00000    0.10078          -89.98457       87.35235         6.329e-01         3.187e+02         1.005e+00 
  1980.510           6.343    -54.590    -71.818            0.032        11630.134      0.286      0.000      0.000    0.00000    0.10056          -89.98460       87.35301         6.351e-01         3.187e+02         1.005e+00 
  1981.510           6.311    -54.590    -71.818            0.032        11630.134      0.286      0.000      0.000    0.00000    0.10034          -89.98463       87.35369         6.374e-01         3.186e+02         1.005e+00 
  1982.510           6.280    -54.590    -71.818            0.032        11630.134      0.286      0.000      0.000    0.00000    0.10012          -89.98466       87.35437         6.396e-01         3.186e+02         1.005e+00 
  1983.510           6.248    -54.590    -71.818            0.032        11630.134      0.286      0.000      0.000    0.00000    0.09990          -89.98469       87.35508         6.419e-01         3.186e+02         1.005e+00 
  1984.510           6.217    -54.590    -71.818            0.031        11630.134      0.286      0.000      0.000    0.00000    0.09968          -89.98471       87.35579         6.441e-01         3.186e+02         1.005e+00 
  1985.510           6.185    -54.590    -71.818            0.031        11630.134      0.286      0.000      0.000    0.00000    0.09947          -89.98474       87.35652         6.464e-01         3.186e+02         1.005e+00 
  1986.510           6.154    -54.590    -71.818            0.031        11630.134      0.286      0.000      0.000    0.00000    0.09925          -89.98477       87.35727         6.487e-01         3.186e+02         1.004e+00 
  1987.510           6.122    -54.590    -71.818            0.031        11630.134      0.286      0.000      0.000    0.00000    0.09904          -89.98480       87.35803         6.509e-01         3.186e+02         1.004e+00 
  1988.510           6.091    -54.590    -71.818            0.031        11630.134      0.286      0.000      0.000    0.00000    0.09882          -89.98482       87.35880         6.532e-01         3.186e+02         1.004e+00 
  1989.510           6.060    -54.590    -71.818            0.031        11630.134      0.286      0.000      0.000    0.00000    0.09861          -89.98485       87.35959         6.554e-01         3.186e+02         1.004e+00 
  1990.510           6.029    -54.590    -71.818            0.031        11630.134      0.286      0.000      0.000    0.00000    0.09840          -89.98488       87.36039         6.577e-01         3.186e+02         1.004e+00 
  1991.510           5.998    -54.590    -71.818            0.031        11630.134      0.286      0.000      0.000    0.00000    0.09819          -89.98491       87.36120         6.600e-01         3.186e+02         1.004e+00 
  1992.510           5.967    -54.590    -71.818            0.031        11630.134      0.286      0.000      0.000    0.00000    0.09798          -89.98493       87.36203         6.623e-01         3.186e+02         1.004e+00 
  1993.510           5.936    -54.590    -71.818            0.031        11630.134      0.286      0.000      0.000    0.00000    0.09777          -89.98496       87.36287         6.645e-01         3.186e+02         1.004e+00 
  1994.510           5.905    -54.590    -71.818            0.031        11630.134      0.286      0.000      0.000    0.00000    0.09757          -89.98499       87.36373         6.668e-01         3.186e+02         1.004e+00 
  1995.510           5.874    -54.590    -71.818            0.031        11630.134      0.286      0.000      0.000    0.00000    0.09736          -89.98502       87.36460         6.691e-01         3.186e+02         1.004e+00 
  1996.510           5.843    -54.590    -71.818            0.031        11630.134      0.286      0.000      0.000    0.00000    0.09716          -89.98504       87.36548         6.714e-01         3.186e+02         1.004e+00 
  1997.510           5.812    -54.590    -71.818            0.031        11630.134      0.286      0.000      0.000    0.00000    0.09695          -89.98507       87.36637         6.737e-01         3.186e+02         1.004e+00 
  1998.510           5.782    -54.590    -71.818            0.031        11630.134      0.286      0.000      0.000    0.00000    0.09675          -89.98509       87.36728         6.759e-01         3.186e+02         1.004e+00 
  1999.510           5.751    -54.590    -71.818            0.031        11630.134      0.286      0.000      0.000    0.00000    0.09655          -89.98512       87.36821         6.782e-01         3.186e+02         1.004e+00 
  2000.510           5.720    -54.590    -71.818            0.031        11630.134      0.286      0.000      0.000    0.00000    0.09635          -89.98515       87.36914         6.805e-01         3.186e+02         1.004e+00 
  2001.510           5.690    -54.590    -71.818            0.031        11630.134      0.286      0.000      0.000    0.00000    0.09614          -89.98517       87.37009         6.828e-01         3.186e+02         1.004e+00 
  2002.510           5.659    -54.590    -71.818            0.030        11630.134      0.286      0.000      0.000    0.00000    0.09595          -89.98520       87.37106         6.851e-01         3.186e+02         1.004e+00 
  2003.510           5.629    -54.590    -71.818            0.030        11630.134      0.286      0.000      0.000    0.00000    0.09575          -89.98523       87.37203         6.874e-01         3.186e+02         1.004e+00 
  2004.510           5.598    -54.590    -71.818            0.030        11630.134      0.286      0.000      0.000    0.00000    0.09555          -89.98525       87.37302         6.897e-01         3.186e+02         1.004e+00 
  2005.510           5.568    -54.590    -71.818            0.030        11630.134      0.286      0.000      0.000    0.00000    0.09535          -89.98528       87.37403         6.920e-01         3.185e+02         1.004e+00 
  2006.510           5.538    -54.590    -71.818            0.030        11630.134      0.286      0.000      0.000    0.00000    0.09516          -89.98530       87.37504         6.943e-01         3.185e+02         1.004e+00 
  2007.510           5.507    -54.590    -71.818            0.030        11630.134      0.286      0.000      0.000    0.00000    0.09496          -89.98533       87.37607         6.966e-01         3.185e+02         1.004e+00 
  2008.510           5.477    -54.590    -71.818            0.030        11630.134      0.286      0.000      0.000    0.00000    0.09477          -89.98535       87.37711         6.989e-01         3.185e+02         1.004e+00 
  2009.510           5.447    -54.590    -71.818            0.030        11630.134      0.286      0.000      0.000    0.00000    0.09457          -89.98538       87.37817         7.012e-01         3.185e+02         1.004e+00 
  2010.510           5.417    -54.590    -71.818            0.030        11630.134      0.286      0.000      0.000    0.00000    0.09438          -89.98540       87.37924         7.035e-01         3.185e+02         1.004e+00 
  2011.510           5.387    -54.590    -71.818            0.030        11630.134      0.286      0.000      0.000    0.00000    0.09419          -89.98543       87.38032         7.058e-01         3.185e+02         1.004e+00 
  2012.510           5.357    -54.590    -71.818            0.030        11630.134      0.286      0.000      0.000    0.00000    0.09400          -89.98545       87.38141         7.082e-01         3.185e+02         1.004e+00 
  2013.510           5.327    -54.590    -71.818            0.030        11630.134      0.286      0.000      0.000    0.00000    0.09381          -89.98548       87.38252         7.105e-01         3.185e+02         1.004e+00 
  2014.510           5.297    -54.590    -71.818            0.030        11630.134      0.286      0.000      0.000    0.00000    0.09362          -89.98550       87.38364         7.128e-01         3.185e+02         1.004e+00 
  2015.510           5.267    -54.590    -71.818            0.030        11630.134      0.286      0.000      0.000    0.00000    0.09343          -89.98553       87.38477         7.151e-01         3.185e+02         1.004e+00 
  2016.510           5.237    -54.590    -71.818            0.030        11630.134      0.286      0.000      0.000    0.00000    0.09324          -89.98555       87.38592         7.174e-01         3.185e+02         1.004e+00 
  2017.510           5.208    -54.590    -71.818            0.030        11630.134      0.286      0.000      0.000    0.00000    0.09306          -89.98558       87.38707         7.198e-01         3.185e+02         1.004e+00 
  2018.510           5.178    -54.590    -71.818            0.030        11630.134      0.286      0.000      0.000    0.00000    0.09287          -89.98560       87.38824         7.221e-01         3.185e+02         1.004e+00 
  2019.510           5.148    -54.590    -71.818            0.030        11630.134      0.286      0.000      0.000    0.00000    0.09269          -89.98563       87.38943         7.244e-01         3.185e+02         1.004e+00 
  2020.510           5.119    -54.590    -71.818            0.030        11630.134      0.286      0.000      0.000    0.00000    0.09250          -89.98565       87.39062         7.268e-01         3.185e+02         1.004e+00 
  2021.510           5.089    -54.590    -71.818            0.030        11630.134      0.286      0.000      0.000    0.00000    0.09232          -89.98567       87.39183         7.291e-01         3.185e+02         1.004e+00 
  2022.510           5.059    -54.590    -71.818            0.030        11630.134      0.286      0.000      0.000    0.00000    0.09214          -89.98570       87.39305         7.314e-01         3.185e+02         1.004e+00 
  2023.510           5.030    -54.590    -71.818            0.029        11630.134      0.286      0.000      0.000    0.00000    0.09196          -89.98572       87.39429         7.338e-01         3.185e+02         1.004e+00 
  2024.510           5.001    -54.590    -71.818            0.029        11630.134      0.286      0.000      0.000    0.00000    0.09177          -89.98575       87.39553         7.361e-01         3.185e+02         1.004e+00 
  2025.510           4.971    -54.590    -71.818            0.029        11630.134      0.286      0.000      0.000    0.00000    0.09159          -89.98577       87.39679         7.384e-01         3.185e+02         1.004e+00 
  2026.510           4.942    -54.590    -71.818            0.029        11630.134      0.286      0.000      0.000    0.00000    0.09142          -89.98579       87.39806         7.408e-01         3.185e+02         1.004e+00 
  2027.510           4.913    -54.590    -71.818            0.029        11630.134      0.286      0.000      0.000    0.00000    0.09124          -89.98582       87.39935         7.431e-01         3.185e+02         1.004e+00 
  2028.510           4.883    -54.590    -71.818            0.029        11630.134      0.286      0.000      0.000    0.00000    0.09106          -89.98584       87.40064         7.455e-01         3.185e+02         1.004e+00 
  2029.510           4.854    -54.590    -71.818            0.029        11630.134      0.286      0.000      0.000    0.00000    0.09088          -89.98586       87.40195         7.478e-01         3.185e+02         1.004e+00 
  2030.510           4.825    -54.590    -71.818            0.029        11630.134      0.286      0.000      0.000    0.00000    0.09071          -89.98589       87.40327         7.502e-01         3.185e+02         1.004e+00 
  2031.510           4.796    -54.590    -71.818            0.029        11630.134      0.286      0.000      0.000    0.00000    0.09053          -89.98591       87.40460         7.525e-01         3.185e+02         1.004e+00 
  2032.510           4.767    -54.590    -71.818            0.029        11630.134      0.286      0.000      0.000    0.00000    0.09036          -89.98593       87.40595         7.549e-01         3.185e+02         1.004e+00 
  2033.510           4.738    -54.590    -71.818            0.029        11630.134      0.286      0.000      0.000    0.00000    0.09018          -89.98596       87.40730         7.572e-01         3.185e+02         1.004e+00 
  2034.510           4.709    -54.590    -71.818            0.029        11630.134      0.286      0.000      0.000    0.00000    0.09001          -89.98598       87.40867         7.596e-01         3.185e+02         1.004e+00 
  2035.510           4.680    -54.590    -71.818            0.029        11630.134      0.286      0.000      0.000    0.00000    0.08984          -89.98600       87.41005         7.619e-01         3.184e+02         1.004e+00 
  2036.510           4.651    -54.590    -71.818            0.029        11630.134      0.286      0.000      0.000    0.00000    0.08966          -89.98602       87.41144         7.643e-01         3.184e+02         1.004e+00 
  2037.510           4.622    -54.590    -71.818            0.029        11630.134      0.286      0.000      0.000    0.00000    0.08949          -89.98605       87.41285         7.667e-01         3.184e+02         1.004e+00 
  2038.510           4.593    -54.590    -71.818            0.029        11630.134      0.286      0.000      0.000    0.00000    0.08932          -89.98607       87.41427         7.690e-01         3.184e+02         1.004e+00 
  2039.510           4.565    -54.590    -71.818            0.029        11630.134      0.286      0.000      0.000    0.00000    0.08915          -89.98609       87.41569         7.714e-01         3.184e+02         1.004e+00 
  2040.510           4.536    -54.590    -71.818            0.029        11630.134      0.286      0.000      0.000    0.00000    0.08898          -89.98611       87.41713         7.738e-01         3.184e+02         1.004e+00 
  2041.510           4.507    -54.590    -71.818            0.029        11630.134      0.286      0.000      0.000    0.00000    0.08881          -89.98614       87.41859         7.761e-01         3.184e+02         1.004e+00 
  2042.510           4.479    -54.590    -71.818            0.029        11630.134      0.286      0.000      0.000    0.00000    0.08865          -89.98616       87.42005         7.785e-01         3.184e+02         1.004e+00 
  2043.510           4.450    -54.590    -71.818            0.029        11630.134      0.286      0.000      0.000    0.00000    0.08848          -89.98618       87.42153         7.809e-01         3.184e+02         1.004e+00 
  2044.510           4.421    -54.590    -71.818            0.029        11630.134      0.286      0.000      0.000    0.00000    0.08831          -89.98620       87.42301         7.833e-01         3.184e+02         1.004e+00 
  2045.510           4.393    -54.590    -71.818            0.028        11630.134      0.286      0.000      0.000    0.00000    0.08815          -89.98622       87.42451         7.857e-01         3.184e+02         1.004e+00 
  2046.510           4.365    -54.590    -71.818            0.028        11630.134      0.286      0.000      0.000    0.00000    0.08798          -89.98625       87.42603         7.880e-01         3.184e+02         1.004e+00 
  2047.510           4.336    -54.590    -71.818            0.028        11630.134      0.286      0.000      0.000    0.00000    0.08782          -89.98627       87.42755         7.904e-01         3.184e+02         1.004e+00 
  2048.510           4.308    -54.590    -71.818            0.028        11630.134      0.286      0.000      0.000    0.00000    0.08766          -89.98629       87.42908         7.928e-01         3.184e+02         1.004e+00 
  2049.510           4.279    -54.590    -71.818            0.028        11630.134      0.286      0.000      0.000    0.00000    0.08749          -89.98631       87.43063         7.952e-01         3.184e+02         1.004e+00 
  2050.510           4.251    -54.590    -71.818            0.028        11630.134      0.286      0.000      0.000    0.00000    0.08733          -89.98633       87.43219         7.976e-01         3.184e+02         1.004e+00 
  2051.510           4.223    -54.590    -71.818            0.028        11630.134      0.286      0.000      0.000    0.00000    0.08717          -89.98635       87.43376         8.000e-01         3.184e+02         1.004e+00 
  2052.510           4.195    -54.590    -71.818            0.028        11630.134      0.286      0.000      0.000    0.00000    0.08701          -89.98638       87.43534         8.024e-01         3.184e+02         1.004e+00 
  2053.510           4.167    -54.590    -71.818            0.028        11630.134      0.286      0.000      0.000    0.00000    0.08685          -89.98640       87.43693         8.048e-01         3.184e+02         1.004e+00 
  2054.510           4.139    -54.590    -71.818            0.028        11630.134      0.286      0.000      0.000    0.00000    0.08669          -89.98642       87.43853         8.072e-01         3.184e+02         1.004e+00 
  2055.510           4.110    -54.590    -71.818            0.028        11630.134      0.286      0.000      0.000    0.00000    0.08653          -89.98644       87.44015         8.096e-01         3.184e+02         1.004e+00 
  2056.510           4.082    -54.590    -71.818            0.028        11630.134      0.286      0.000      0.000    0.00000    0.08637          -89.98646       87.44177         8.120e-01         3.184e+02         1.004e+00 
  2057.510           4.054    -54.590    -71.818            0.028        11630.134      0.286      0.000      0.000    0.00000    0.08621          -89.98648       87.44341         8.144e-01         3.184e+02         1.004e+00 
  2058.510           4.027    -54.590    -71.818            0.028        11630.134      0.286      0.000      0.000    0.00000    0.08606          -89.98650       87.44506         8.168e-01         3.184e+02         1.004e+00 
  2059.510           3.999    -54.590    -71.818            0.028        11630.134      0.286      0.000      0.000    0.00000    0.08590          -89.98652       87.44672         8.192e-01         3.184e+02         1.004e+00 
  2060.510           3.971    -54.590    -71.818            0.028        11630.134      0.286      0.000      0.000    0.00000    0.08574          -89.98654       87.44839         8.216e-01         3.184e+02         1.004e+00 
  2061.510           3.943    -54.590    -71.818            0.028        11630.134      0.286      0.000      0.000    0.00000    0.08559          -89.98656       87.45007         8.240e-01         3.184e+02         1.004e+00 
  2062.510           3.915    -54.590    -71.818            0.028        11630.134      0.286      0.000      0.000    0.00000    0.08543          -89.98658       87.45177         8.264e-01         3.184e+02         1.004e+00 
  2063.510           3.887    -54.590    -71.818            0.028        11630.134      0.286      0.000      0.000    0.00000    0.08528          -89.98661       87.45347         8.288e-01         3.184e+02         1.004e+00 
  2064.510           3.860    -54.590    -71.818            0.028        11630.134      0.286      0.000      0.000    0.00000    0.08513          -89.98663       87.45519         8.312e-01         3.184e+02         1.004e+00 
  2065.510           3.832    -54.590    -71.818            0.028        11630.134      0.286      0.000      0.000    0.00000    0.08497          -89.98665       87.45692         8.336e-01         3.184e+02         1.004e+00 
  2066.510           3.804    -54.590    -71.818            0.028        11630.134      0.286      0.000      0.000    0.00000    0.08482          -89.98667       87.45866         8.361e-01         3.184e+02         1.004e+00 
  2067.510           3.777    -54.590    -71.818            0.028        11630.134      0.286      0.000      0.000    0.00000    0.08467          -89.98669       87.46040         8.385e-01         3.184e+02         1.004e+00 
  2068.510           3.749    -54.590    -71.818            0.028        11630.134      0.286      0.000      0.000    0.00000    0.08452          -89.98671       87.46217         8.409e-01         3.184e+02         1.004e+00 
  2069.510           3.722    -54.590    -71.818            0.027        11630.134      0.286      0.000      0.000    0.00000    0.08437          -89.98673       87.46394         8.433e-01         3.184e+02         1.004e+00 
  2070.510           3.694    -54.590    -71.818            0.027        11630.134      0.286      0.000      0.000    0.00000    0.08422          -89.98675       87.46572         8.458e-01         3.184e+02         1.004e+00 
  2071.510           3.667    -54.590    -71.818            0.027        11630.134      0.286      0.000      0.000    0.00000    0.08407          -89.98677       87.46751         8.482e-01         3.184e+02         1.004e+00 
  2072.510           3.640    -54.590    -71.818            0.027        11630.134      0.286      0.000      0.000    0.00000    0.08392          -89.98679       87.46932         8.506e-01         3.184e+02         1.004e+00 
  2073.510           3.612    -54.590    -71.818            0.027        11630.134      0.286      0.000      0.000    0.00000    0.08377          -89.98681       87.47113         8.530e-01         3.184e+02         1.004e+00 
  2074.510           3.585    -54.590    -71.818            0.027        11630.134      0.286      0.000      0.000    0.00000    0.08362          -89.98683       87.47296         8.555e-01         3.184e+02         1.004e+00 
  2075.510           3.558    -54.590    -71.818            0.027        11630.134      0.286      0.000      0.000    0.00000    0.08348          -89.98685       87.47479         8.579e-01         3.184e+02         1.004e+00 
  2076.510           3.531    -54.590    -71.818            0.027        11630.134      0.286      0.000      0.000    0.00000    0.08333          -89.98686       87.47664         8.604e-01         3.184e+02         1.004e+00 
  2077.510           3.503    -54.590    -71.818            0.027        11630.134      0.286      0.000      0.000    0.00000    0.08319          -89.98688       87.47850         8.628e-01         3.184e+02         1.004e+00 
  2078.510           3.476    -54.590    -71.818            0.027        11630.134      0.286      0.000      0.000    0.00000    0.08304          -89.98690       87.48037         8.652e-01         3.184e+02         1.004e+00 
  2079.510           3.449    -54.590    -71.818            0.027        11630.134      0.286      0.000      0.000    0.00000    0.08290          -89.98692       87.48225         8.677e-01         3.184e+02         1.004e+00 
  2080.510           3.422    -54.590    -71.818            0.027        11630.134      0.286      0.000      0.000    0.00000    0.08275          -89.98694       87.48414         8.701e-01         3.184e+02         1.004e+00 
  2081.510           3.395    -54.590    -71.818            0.027        11630.134      0.286      0.000      0.000    0.00000    0.08261          -89.98696       87.48604         8.726e-01         3.184e+02         1.004e+00 
  2082.510           3.368    -54.590    -71.818            0.027        11630.134      0.286      0.000      0.000    0.00000    0.08247          -89.98698       87.48795         8.750e-01         3.184e+02         1.004e+00 
  2083.510           3.341    -54.590    -71.818            0.027        11630.134      0.286      0.000      0.000    0.00000    0.08232          -89.98700       87.48988         8.775e-01         3.183e+02         1.004e+00 
  2084.510           3.314    -54.590    -71.818            0.027        11630.134      0.286      0.000      0.000    0.00000    0.08218          -89.98702       87.49181         8.799e-01         3.183e+02         1.004e+00 
  2085.510           3.287    -54.590    -71.818            0.027        11630.134      0.286      0.000      0.000    0.00000    0.08204          -89.98704       87.49375         8.824e-01         3.183e+02         1.004e+00 
  2086.510           3.260    -54.590    -71.818            0.027        11630.134      0.286      0.000      0.000    0.00000    0.08190          -89.98706       87.49571         8.848e-01         3.183e+02         1.004e+00 
  2087.510           3.234    -54.590    -71.818            0.027        11630.134      0.286      0.000      0.000    0.00000    0.08176          -89.98708       87.49767         8.873e-01         3.183e+02         1.004e+00 
  2088.510           3.207    -54.590    -71.818            0.027        11630.134      0.286      0.000      0.000    0.00000    0.08162          -89.98709       87.49965         8.898e-01         3.183e+02         1.004e+00 
  2089.510           3.180    -54.590    -71.818            0.027        11630.134      0.286      0.000      0.000    0.00000    0.08148          -89.98711       87.50163         8.922e-01         3.183e+02         1.004e+00 
  2090.510           3.153    -54.590    -71.818            0.027        11630.134      0.286      0.000      0.000    0.00000    0.08134          -89.98713       87.50363         8.947e-01         3.183e+02         1.004e+00 
  2091.510           3.127    -54.590    -71.818            0.027        11630.134      0.286      0.000      0.000    0.00000    0.08120          -89.98715       87.50563         8.971e-01         3.183e+02         1.004e+00 
  2092.510           3.100    -54.590    -71.818            0.027        11630.134      0.286      0.000      0.000    0.00000    0.08106          -89.98717       87.50765         8.996e-01         3.183e+02         1.004e+00 
  2093.510           3.074    -54.590    -71.818            0.027        11630.134      0.286      0.000      0.000    0.00000    0.08093          -89.98719       87.50968         9.021e-01         3.183e+02         1.004e+00 
  2094.510           3.047    -54.590    -71.818            0.027        11630.134      0.286      0.000      0.000    0.00000    0.08079          -89.98721       87.51171         9.045e-01         3.183e+02         1.004e+00 
  2095.510           3.021    -54.590    -71.818            0.026        11630.134      0.286      0.000      0.000    0.00000    0.08065          -89.98722       87.51376         9.070e-01         3.183e+02         1.004e+00 
  2096.510           2.994    -54.590    -71.818            0.026        11630.134      0.286      0.000      0.000    0.00000    0.08052          -89.98724       87.51582         9.095e-01         3.183e+02         1.004e+00 
  2097.510           2.968    -54.590    -71.818            0.026        11630.134      0.286      0.000      0.000    0.00000    0.08038          -89.98726       87.51789         9.120e-01         3.183e+02         1.004e+00 
  2098.510           2.941    -54.590    -71.818            0.026        11630.134      0.286      0.000      0.000    0.00000    0.08025          -89.98728       87.51997         9.144e-01         3.183e+02         1.004e+00 
  2099.510           2.915    -54.590    -71.818            0.026        11630.134      0.286      0.000      0.000    0.00000    0.08011          -89.98730       87.52206         9.169e-01         3.183e+02         1.004e+00 
  2100.510           2.889    -54.590    -71.818            0.026        11630.134      0.286      0.000      0.000    0.00000    0.07998          -89.98731       87.52415         9.194e-01         3.183e+02         1.004e+00 
  2101.510           2.862    -54.590    -71.818            0.026        11630.134      0.286      0.000      0.000    0.00000    0.07985          -89.98733       87.52626         9.219e-01         3.183e+02         1.004e+00 
  2102.510           2.836    -54.590    -71.818            0.026        11630.134      0.286      0.000      0.000    0.00000    0.07971          -89.98735       87.52838         9.244e-01         3.183e+02         1.004e+00 
  2103.510           2.810    -54.590    -71.818            0.026        11630.134      0.286      0.000      0.000    0.00000    0.07958          -89.98737       87.53051         9.269e-01         3.183e+02         1.004e+00 
  2104.510           2.784    -54.590    -71.818            0.026        11630.134      0.286      0.000      0.000    0.00000    0.07945          -89.98739       87.53265         9.294e-01         3.183e+02         1.004e+00 
  2105.510           2.757    -54.590    -71.818            0.026        11630.134      0.286      0.000      0.000    0.00000    0.07932          -89.98740       87.53480         9.318e-01         3.183e+02         1.004e+00 
  2106.510           2.731    -54.590    -71.818            0.026        11630.134      0.286      0.000      0.000    0.00000    0.07919          -89.98742       87.53696         9.343e-01         3.183e+02         1.004e+00 
  2107.510           2.705    -54.590    -71.818            0.026        11630.134      0.286      0.000      0.000    0.00000    0.07906          -89.98744       87.53913         9.368e-01         3.183e+02         1.004e+00 
  2108.510           2.679    -54.590    -71.818            0.026        11630.134      0.286      0.000      0.000    0.00000    0.07893          -89.98746       87.54131         9.393e-01         3.183e+02         1.004e+00 
  2109.510           2.653    -54.590    -71.818            0.026        11630.134      0.286      0.000      0.000    0.00000    0.07880          -89.98747       87.54350         9.418e-01         3.183e+02         1.004e+00 
  2110.510           2.627    -54.590    -71.818            0.026        11630.134      0.286      0.000      0.000    0.00000    0.07867          -89.98749       87.54569         9.443e-01         3.183e+02         1.004e+00 
  2111.510           2.601    -54.590    -71.818            0.026        11630.134      0.286      0.000      0.000    0.00000    0.07854          -89.98751       87.54790         9.468e-01         3.183e+02         1.004e+00 
  2112.510           2.575    -54.590    -71.818            0.026        11630.134      0.286      0.000      0.000    0.00000    0.07841          -89.98752       87.55012         9.493e-01         3.183e+02         1.003e+00 
  2113.510           2.549    -54.590    -71.818            0.026        11630.134      0.286      0.000      0.000    0.00000    0.07829          -89.98754       87.55235         9.518e-01         3.183e+02         1.003e+00 
  2114.510           2.524    -54.590    -71.818            0.026        11630.134      0.286      0.000      0.000    0.00000    0.07816          -89.98756       87.55459         9.543e-01         3.183e+02         1.003e+00 
  2115.510           2.498    -54.590    -71.818            0.026        11630.134      0.286      0.000      0.000    0.00000    0.07803          -89.98758       87.55684         9.569e-01         3.183e+02         1.003e+00 
  2116.510           2.472    -54.590    -71.818            0.026        11630.134      0.286      0.000      0.000    0.00000    0.07791          -89.98759       87.55910         9.594e-01         3.183e+02         1.003e+00 
  2117.510           2.446    -54.590    -71.818            0.026        11630.134      0.286      0.000      0.000    0.00000    0.07778          -89.98761       87.56136         9.619e-01         3.183e+02         1.003e+00 
  2118.510           2.421    -54.590    -71.818            0.026        11630.134      0.286      0.000      0.000    0.00000    0.07765          -89.98763       87.56364         9.644e-01         3.183e+02         1.003e+00 
  2119.510           2.395    -54.590    -71.818            0.026        11630.134      0.286      0.000      0.000    0.00000    0.07753          -89.98764       87.56593         9.669e-01         3.183e+02         1.003e+00 
  2120.510           2.369    -54.590    -71.818            0.026        11630.134      0.286      0.000      0.000    0.00000    0.07740          -89.98766       87.56823         9.694e-01         3.183e+02         1.003e+00 
  2121.510           2.344    -54.590    -71.818            0.026        11630.134      0.286      0.000      0.000    0.00000    0.07728          -89.98768       87.57053         9.719e-01         3.183e+02         1.003e+00 
  2122.510           2.318    -54.590    -71.818            0.026        11630.134      0.286      0.000      0.000    0.00000    0.07716          -89.98769       87.57285         9.745e-01         3.183e+02         1.003e+00 
  2123.510           2.293    -54.590    -71.818            0.026        11630.134      0.286      0.000      0.000    0.00000    0.07703          -89.98771       87.57517         9.770e-01         3.183e+02         1.003e+00 
  2124.510           2.267    -54.590    -71.818            0.025        11630.134      0.286      0.000      0.000    0.00000    0.07691          -89.98773       87.57751         9.795e-01         3.183e+02         1.003e+00 
  2125.510           2.242    -54.590    -71.818            0.025        11630.134      0.286      0.000      0.000    0.00000    0.07679          -89.98774       87.57985         9.820e-01         3.183e+02         1.003e+00 
  2126.510           2.216    -54.590    -71.818            0.025        11630.134      0.286      0.000      0.000    0.00000    0.07667          -89.98776       87.58221         9.846e-01         3.183e+02         1.003e+00 
  2127.510           2.191    -54.590    -71.818            0.025        11630.134      0.286      0.000      0.000    0.00000    0.07655          -89.98778       87.58457         9.871e-01         3.183e+02         1.003e+00 
  2128.510           2.165    -54.590    -71.818            0.025        11630.134      0.286      0.000      0.000    0.00000    0.07642          -89.98779       87.58695         9.896e-01         3.183e+02         1.003e+00 
  2129.510           2.140    -54.590    -71.818            0.025        11630.134      0.286      0.000      0.000    0.00000    0.07630          -89.98781       87.58933         9.921e-01         3.183e+02         1.003e+00 
  2130.510           2.115    -54.590    -71.818            0.025        11630.134      0.286      0.000      0.000    0.00000    0.07618          -89.98783       87.59172         9.947e-01         3.183e+02         1.003e+00 
  2131.510           2.089    -54.590    -71.818            0.025        11630.134      0.286      0.000      0.000    0.00000    0.07606          -89.98784       87.59413         9.972e-01         3.183e+02         1.003e+00 
  2132.510           2.064    -54.590    -71.818            0.025        11630.134      0.286      0.000      0.000    0.00000    0.07594          -89.98786       87.59654         9.998e-01         3.183e+02         1.003e+00 
  2133.510           2.039    -54.590    -71.818            0.025        11630.134      0.286      0.000      0.000    0.00000    0.07583          -89.98787       87.59896         1.002e+00         3.183e+02         1.003e+00 
  2134.510           2.014    -54.590    -71.818            0.025        11630.134      0.286      0.000      0.000    0.00000    0.07571          -89.98789       87.60139         1.005e+00         3.183e+02         1.003e+00 
  2135.510           1.989    -54.590    -71.818            0.025        11630.134      0.286      0.000      0.000    0.00000    0.07559          -89.98791       87.60383         1.007e+00         3.183e+02         1.003e+00 
  2136.510           1.964    -54.590    -71.818            0.025        11630.134      0.286      0.000      0.000    0.00000    0.07547          -89.98792       87.60628         1.010e+00         3.183e+02         1.003e+00 
  2137.510           1.938    -54.590    -71.818            0.025        11630.134      0.286      0.000      0.000    0.00000    0.07535          -89.98794       87.60874         1.012e+00         3.183e+02         1.003e+00 
  2138.510           1.913    -54.590    -71.818            0.025        11630.134      0.286      0.000      0.000    0.00000    0.07524          -89.98795       87.61120         1.015e+00         3.183e+02         1.003e+00 
  2139.510           1.888    -54.590    -71.818            0.025        11630.134      0.286      0.000      0.000    0.00000    0.07512          -89.98797       87.61368         1.018e+00         3.183e+02         1.003e+00 
  2140.510           1.863    -54.590    -71.818            0.025        11630.134      0.286      0.000      0.000    0.00000    0.07500          -89.98799       87.61617         1.020e+00         3.183e+02         1.003e+00 
  2141.510           1.838    -54.590    -71.818            0.025        11630.134      0.286      0.000      0.000    0.00000    0.07489          -89.98800       87.61866         1.023e+00         3.183e+02         1.003e+00 
  2142.510           1.814    -54.590    -71.818            0.025        11630.134      0.286      0.000      0.000    0.00000    0.07477          -89.98802       87.62117         1.025e+00         3.183e+02         1.003e+00 
  2143.510           1.789    -54.590    -71.818            0.025        11630.134      0.286      0.000      0.000    0.00000    0.07466          -89.98803       87.62368         1.028e+00         3.183e+02         1.003e+00 
  2144.510           1.764    -54.590    -71.818            0.025        11630.134      0.286      0.000      0.000    0.00000    0.07454          -89.98805       87.62620         1.030e+00         3.183e+02         1.003e+00 
  2145.510           1.739    -54.590    -71.818            0.025        11630.134      0.286      0.000      0.000    0.00000    0.07443          -89.98806       87.62874         1.033e+00         3.183e+02         1.003e+00 
  2146.510           1.714    -54.590    -71.818            0.025        11630.134      0.286      0.000      0.000    0.00000    0.07432          -89.98808       87.63128         1.035e+00         3.183e+02         1.003e+00 
  2147.510           1.689    -54.590    -71.818            0.025        11630.134      0.286      0.000      0.000    0.00000    0.07420          -89.98810       87.63383         1.038e+00         3.183e+02         1.003e+00 
  2148.510           1.665    -54.590    -71.818            0.025        11630.134      0.286      0.000      0.000    0.00000    0.07409          -89.98811       87.63639         1.041e+00         3.183e+02         1.003e+00 
  2149.510           1.640    -54.590    -71.818            0.025        11630.134      0.286      0.000      0.000    0.00000    0.07398          -89.98813       87.63896         1.043e+00         3.183e+02         1.003e+00 
  2150.510           1.615    -54.590    -71.818            0.025        11630.134      0.286      0.000      0.000    0.00000    0.07386          -89.98814       87.64154         1.046e+00         3.183e+02         1.003e+00 
  2151.510           1.591    -54.590    -71.818            0.025        11630.134      0.286      0.000      0.000    0.00000    0.07375          -89.98816       87.64412         1.048e+00         3.183e+02         1.003e+00 
  2152.510           1.566    -54.590    -71.818            0.025        11630.134      0.286      0.000      0.000    0.00000    0.07364          -89.98817       87.64672         1.051e+00         3.183e+02         1.003e+00 
  2153.510           1.541    -54.590    -71.818            0.025        11630.134      0.286      0.000      0.000    0.00000    0.07353          -89.98819       87.64932         1.053e+00         3.183e+02         1.003e+00 
  2154.510           1.517    -54.590    -71.818            0.025        11630.134      0.286      0.000      0.000    0.00000    0.07342          -89.98820       87.65194         1.056e+00         3.183e+02         1.003e+00 
  2155.510           1.492    -54.590    -71.818            0.025        11630.134      0.286      0.000      0.000    0.00000    0.07331          -89.98822       87.65456         1.059e+00         3.183e+02         1.003e+00 
  2156.510           1.468    -54.590    -71.818            0.024        11630.134      0.286      0.000      0.000    0.00000    0.07320          -89.98823       87.65719         1.061e+00         3.183e+02         1.003e+00 
  2157.510           1.443    -54.590    -71.818            0.024        11630.134      0.286      0.000      0.000    0.00000    0.07309          -89.98825       87.65983         1.064e+00         3.183e+02         1.003e+00 
  2158.510           1.419    -54.590    -71.818            0.024        11630.134      0.286      0.000      0.000    0.00000    0.07298          -89.98826       87.66248         1.066e+00         3.183e+02         1.003e+00 
  2159.510           1.394    -54.590    -71.818            0.024        11630.134      0.286      0.000      0.000    0.00000    0.07287          -89.98828       87.66514         1.069e+00         3.183e+02         1.003e+00 
  2160.510           1.370    -54.590    -71.818            0.024        11630.134      0.286      0.000      0.000    0.00000    0.07276          -89.98829       87.66781         1.072e+00         3.183e+02         1.003e+00 
  2161.510           1.346    -54.590    -71.818            0.024        11630.134      0.286      0.000      0.000    0.00000    0.07265          -89.98831       87.67048         1.074e+00         3.183e+02         1.003e+00 
  2162.510           1.321    -54.590    -71.818            0.024        11630.134      0.286      0.000      0.000    0.00000    0.07254          -89.98832       87.67317         1.077e+00         3.183e+02         1.003e+00 
  2163.510           1.297    -54.590    -71.818            0.024        11630.134      0.286      0.000      0.000    0.00000    0.07244          -89.98834       87.67586         1.079e+00         3.183e+02         1.003e+00 
  2164.510           1.273    -54.590    -71.818            0.024        11630.134      0.286      0.000      0.000    0.00000    0.07233          -89.98835       87.67857         1.082e+00         3.183e+02         1.003e+00 
  2165.510           1.249    -54.590    -71.818            0.024        11630.134      0.286      0.000      0.000    0.00000    0.07222          -89.98837       87.68128         1.084e+00         3.183e+02         1.003e+00 
  2166.510           1.224    -54.590    -71.818            0.024        11630.134      0.286      0.000      0.000    0.00000    0.07212          -89.98838       87.68400         1.087e+00         3.183e+02         1.003e+00 
  2167.510           1.200    -54.590    -71.818            0.024        11630.134      0.286      0.000      0.000    0.00000    0.07201          -89.98839       87.68673         1.090e+00         3.183e+02         1.003e+00 
  2168.510           1.176    -54.590    -71.818            0.024        11630.134      0.286      0.000      0.000    0.00000    0.07190          -89.98841       87.68946         1.092e+00         3.183e+02         1.003e+00 
  2169.510           1.152    -54.590    -71.818            0.024        11630.134      0.286      0.000      0.000    0.00000    0.07180          -89.98842       87.69221         1.095e+00         3.183e+02         1.003e+00 
  2170.510           1.128    -54.590    -71.818            0.024        11630.134      0.286      0.000      0.000    0.00000    0.07169          -89.98844       87.69497         1.097e+00         3.183e+02         1.003e+00 
  2171.510           1.104    -54.590    -71.818            0.024        11630.134      0.286      0.000      0.000    0.00000    0.07159          -89.98845       87.69773         1.100e+00         3.183e+02         1.003e+00 
  2172.510           1.080    -54.590    -71.818            0.024        11630.134      0.286      0.000      0.000    0.00000    0.07148          -89.98847       87.70050         1.103e+00         3.183e+02         1.003e+00 
  2173.510           1.056    -54.590    -71.818            0.024        11630.134      0.286      0.000      0.000    0.00000    0.07138          -89.98848       87.70328         1.105e+00         3.183e+02         1.003e+00 
  2174.510           1.032    -54.590    -71.818            0.024        11630.134      0.286      0.000      0.000    0.00000    0.07128          -89.98849       87.70607         1.108e+00         3.183e+02         1.003e+00 
  2175.510           1.008    -54.590    -71.818            0.024        11630.134      0.286      0.000      0.000    0.00000    0.07117          -89.98851       87.70887         1.110e+00         3.183e+02         1.003e+00 
  2176.510           0.984    -54.590    -71.818            0.024        11630.134      0.286      0.000      0.000    0.00000    0.07107          -89.98852       87.71168         1.113e+00         3.183e+02         1.003e+00 
  2177.510           0.960    -54.590    -71.818            0.024        11630.134      0.286      0.000      0.000    0.00000    0.07097          -89.98854       87.71449         1.116e+00         3.183e+02         1.003e+00 
  2178.510           0.936    -54.590    -71.818            0.024        11630.134      0.286      0.000      0.000    0.00000    0.07086          -89.98855       87.71732         1.118e+00         3.183e+02         1.003e+00 
  2179.510           0.912    -54.590    -71.818            0.024        11630.134      0.286      0.000      0.000    0.00000    0.07076          -89.98857       87.72015         1.121e+00         3.183e+02         1.003e+00 
  2180.510           0.888    -54.590    -71.818            0.024        11630.134      0.286      0.000      0.000    0.00000    0.07066          -89.98858       87.72299         1.124e+00         3.183e+02         1.003e+00 
  2181.510           0.865    -54.590    -71.818            0.024        11630.134      0.286      0.000      0.000    0.00000    0.07056          -89.98859       87.72584         1.126e+00         3.183e+02         1.003e+00 
  2182.510           0.841    -54.590    -71.818            0.024        11630.134      0.286      0.000      0.000    0.00000    0.07046          -89.98861       87.72870         1.129e+00         3.183e+02         1.003e+00 
  2183.510           0.817    -54.590    -71.818            0.024        11630.134      0.286      0.000      0.000    0.00000    0.07036          -89.98862       87.73157         1.131e+00         3.183e+02         1.003e+00 
  2184.510           0.793    -54.590    -71.818            0.024        11630.134      0.286      0.000      0.000    0.00000    0.07026          -89.98863       87.73444         1.134e+00         3.183e+02         1.003e+00 
  2185.510           0.770    -54.590    -71.818            0.024        11630.134      0.286      0.000      0.000    0.00000    0.07015          -89.98865       87.73733         1.137e+00         3.183e+02         1.003e+00 
  2186.510           0.746    -54.590    -71.818            0.024        11630.135      0.286      0.000      0.000    0.00000    0.07005          -89.98866       87.74022         1.139e+00         3.183e+02         1.003e+00 
  2187.510           0.722    -54.590    -71.818            0.024        11630.135      0.286      0.000      0.000    0.00000    0.06996          -89.98868       87.74312         1.142e+00         3.183e+02         1.003e+00 
  2188.510           0.699    -54.590    -71.818            0.024        11630.135      0.286      0.000      0.000    0.00000    0.06986          -89.98869       87.74603         1.145e+00         3.183e+02         1.003e+00 
  2189.510           0.675    -54.590    -71.818            0.024        11630.135      0.286      0.000      0.000    0.00000    0.06976          -89.98870       87.74894         1.147e+00         3.183e+02         1.003e+00 
  2190.510           0.652    -54.590    -71.818            0.024        11630.135      0.286      0.000      0.000    0.00000    0.06966          -89.98872       87.75187         1.150e+00         3.183e+02         1.003e+00 
  2191.510           0.628    -54.590    -71.818            0.023        11630.135      0.286      0.000      0.000    0.00000    0.06956          -89.98873       87.75480         1.152e+00         3.183e+02         1.003e+00 
  2192.510           0.605    -54.590    -71.818            0.023        11630.135      0.286      0.000      0.000    0.00000    0.06946          -89.98874       87.75774         1.155e+00         3.183e+02         1.003e+00 
  2193.510           0.581    -54.590    -71.818            0.023        11630.135      0.286      0.000      0.000    0.00000    0.06936          -89.98876       87.76069         1.158e+00         3.183e+02         1.003e+00 
  2194.510           0.558    -54.590    -71.818            0.023        11630.135      0.286      0.000      0.000    0.00000    0.06927          -89.98877       87.76365         1.160e+00         3.183e+02         1.003e+00 
  2195.510           0.534    -54.590    -71.818            0.023        11630.135      0.286      0.000      0.000    0.00000    0.06917          -89.98878       87.76662         1.163e+00         3.183e+02         1.003e+00 
  2196.510           0.511    -54.590    -71.818            0.023        11630.135      0.286      0.000      0.000    0.00000    0.06907          -89.98880       87.76959         1.166e+00         3.183e+02         1.003e+00 
  2197.510           0.488    -54.590    -71.818            0.023        11630.135      0.286      0.000      0.000    0.00000    0.06898          -89.98881       87.77258         1.168e+00         3.183e+02         1.003e+00 
  2198.510           0.464    -54.590    -71.818            0.023        11630.135      0.286      0.000      0.000    0.00000    0.06888          -89.98882       87.77557         1.171e+00         3.183e+02         1.003e+00 
  2199.510           0.441    -54.590    -71.818            0.023        11630.135      0.286      0.000      0.000    0.00000    0.06878          -89.98884       87.77857         1.174e+00         3.183e+02         1.003e+00 
  2200.510           0.418    -54.590    -71.818            0.023        11630.135      0.286      0.000      0.000    0.00000    0.06869          -89.98885       87.78158         1.176e+00         3.183e+02         1.003e+00 
  2201.510           0.395    -54.590    -71.818            0.023        11630.135      0.286      0.000      0.000    0.00000    0.06859          -89.98886       87.78459         1.179e+00         3.183e+02         1.003e+00 
  2202.510           0.371    -54.590    -71.818            0.023        11630.135      0.286      0.000      0.000    0.00000    0.06850          -89.98888       87.78762         1.182e+00         3.183e+02         1.003e+00 
  2203.510           0.348    -54.590    -71.818            0.023        11630.135      0.286      0.000      0.000    0.00000    0.06840          -89.98889       87.79065         1.184e+00         3.183e+02         1.003e+00 
  2204.510           0.325    -54.590    -71.818            0.023        11630.135      0.286      0.000      0.000    0.00000    0.06831          -89.98890       87.79369         1.187e+00         3.183e+02         1.003e+00 
  2205.510           0.302    -54.590    -71.818            0.023        11630.135      0.286      0.000      0.000    0.00000    0.06821          -89.98892       87.79674         1.190e+00         3.183e+02         1.003e+00 
  2206.510           0.279    -54.590    -71.818            0.023        11630.135      0.286      0.000      0.000    0.00000    0.06812          -89.98893       87.79979         1.192e+00         3.183e+02         1.003e+00 
  2207.510           0.256    -54.590    -71.818            0.023        11630.135      0.286      0.000      0.000    0.00000    0.06802          -89.98894       87.80286         1.195e+00         3.183e+02         1.003e+00 
  2208.510           0.233    -54.590    -71.818            0.023        11630.135      0.286      0.000      0.000    0.00000    0.06793          -89.98895       87.80593         1.198e+00         3.183e+02         1.003e+00 
  2209.510           0.210    -54.590    -71.818            0.023        11630.135      0.286      0.000      0.000    0.00000    0.06784          -89.98897       87.80901         1.200e+00         3.183e+02         1.003e+00 
  2210.510           0.187    -54.590    -71.818            0.023        11630.135      0.286      0.000      0.000    0.00000    0.06775          -89.98898       87.81210         1.203e+00         3.183e+02         1.003e+00 
  2211.510           0.164    -54.590    -71.818            0.023        11630.135      0.286      0.000      0.000    0.00000    0.06765          -89.98899       87.81520         1.206e+00         3.183e+02         1.003e+00 
  2212.510           0.141    -54.590    -71.818            0.023        11630.135      0.286      0.000      0.000    0.00000    0.06756          -89.98901       87.81830         1.208e+00         3.183e+02         1.003e+00 
  2213.510           0.118    -54.590    -71.818            0.023        11630.135      0.286      0.000      0.000    0.00000    0.06747          -89.98902       87.82142         1.211e+00         3.183e+02         1.003e+00 
  2214.510           0.095    -54.590    -71.818            0.023        11630.135      0.286      0.000      0.000    0.00000    0.06738          -89.98903       87.82454         1.214e+00         3.183e+02         1.003e+00 
  2215.510           0.072    -54.590    -71.818            0.023        11630.135      0.286      0.000      0.000    0.00000    0.06728          -89.98904       87.82766         1.216e+00         3.183e+02         1.003e+00 
  2216.510           0.049    -54.590    -71.818            0.023        11630.135      0.286      0.000      0.000    0.00000    0.06719          -89.98906       87.83080         1.219e+00         3.183e+02         1.003e+00 
  2217.510           0.026    -54.590    -71.818            0.023        11630.135      0.286      0.000      0.000    0.00000    0.06710          -89.98907       87.83395         1.222e+00         3.183e+02         1.003e+00 
  2218.510           0.003    -54.590    -71.818            0.023        11630.135      0.286      0.000      0.000    0.00000    0.06701          -89.98908       87.83710         1.224e+00         3.183e+02         1.003e+00 
  2219.510           0.000    -54.590    -71.818            0.023        11630.135      0.286      0.000      0.000    0.00000    0.06695          -89.98909       87.84033         1.225e+00         3.179e+02         1.002e+00 
