#_______________________________________________________________________________
#    ######   ####     ##             #####   #####     ##    #    #    ## 
#    #       #        #  #            #    #  #    #   #  #   ##  ##   #  #
#    #####    ####   ######           #    #  #####   ######  # ## #  ######
#    #            #  #    #           #    #  #    #  #    #  #    #  #    #
#____######__#####___#____#___________#####___#____#__#____#__#____#__#____#____
#
#              ESA Debris Risk Assessment and Mitigation Analysis
#
#                      ---- DRAMA ( SESAM 2.3.0 ) ----
#                                      ESA 2018
#
#                              aerothermal history file
#-------------------------------------------------------------------------------
# Filename      : PySara.SOLAR_PANEL-Z.17276616445358212567_e89ab0ac-9b35-471f-966f-e9162d5c521e_AeroThermalHistory.txt
# RunID         : PySara
# ObjectID      : e89ab0ac-9b35-471f-966f-e9162d5c521e
# ObjectName    : SOLAR_PANEL-Z
# ReferenceArea : 0.01 [m^2]
# Content       : This file contains the aerothermal data of the object,
#                 computed by the DRAMA 3 Re-entry Analysis.
# Documentation : DRAMA Software User Manual, section OPERATIONS MANUAL / Normal operation / SARA / SARA Simulation Output / Re-entry simulation output
# Note          : The convective heat and the integrated heat values in this file take into account the visibility factor
#
#------------------------------------------------------------------------------------------------------------------------------------------------------------------------------------
# Time [s]   Altitude [km]   Temp [K]   Mass [kg]  Thick [mm]  Convective Heat [W]  Radiative Heat [W]  Oxidation Heat [W]  Rad Cooling [W]  Integrated Heat [J] VisibilityFactor [-]
#------------------------------------------------------------------------------------------------------------------------------------------------------------------------------------
     0.000         124.895    300.000       0.008       1.000                5.662               0.000               0.000           -1.481                0.000              0.38764 
     0.100         124.893    300.057       0.008       1.000                5.663               0.000               0.000           -1.481                0.566              0.38764 
     0.550         124.884    300.314       0.008       1.000                5.667               0.000               0.000           -1.482                3.117              0.38764 
     1.550         124.864    300.885       0.008       1.000                5.677               0.000               0.000           -1.488                8.794              0.38764 
     2.550         124.844    301.456       0.008       1.000                5.688               0.000               0.000           -1.499               14.482              0.38764 
     3.550         124.824    302.027       0.008       1.000                5.698               0.000               0.000           -1.510               20.180              0.38764 
     4.550         124.804    302.597       0.008       1.000                5.709               0.000               0.000           -1.522               25.889              0.38764 
     5.550         124.783    303.168       0.008       1.000                5.720               0.000               0.000           -1.533               31.609              0.38764 
     6.550         124.763    303.738       0.008       1.000                5.730               0.000               0.000           -1.545               37.339              0.38764 
     7.550         124.743    304.307       0.008       1.000                5.741               0.000               0.000           -1.557               43.080              0.38764 
     8.550         124.723    304.877       0.008       1.000                5.752               0.000               0.000           -1.568               48.832              0.38764 
     9.550         124.703    305.446       0.008       1.000                5.763               0.000               0.000           -1.580               54.595              0.38764 
    10.550         124.682    306.015       0.008       1.000                5.774               0.000               0.000           -1.592               60.369              0.38764 
    11.550         124.662    306.583       0.008       1.000                5.784               0.000               0.000           -1.604               66.153              0.38764 
    12.550         124.642    307.151       0.008       1.000                5.795               0.000               0.000           -1.616               71.948              0.38764 
    13.550         124.622    307.719       0.008       1.000                5.806               0.000               0.000           -1.628               77.755              0.38764 
    14.550         124.601    308.287       0.008       1.000                5.817               0.000               0.000           -1.640               83.572              0.38764 
    15.550         124.581    308.855       0.008       1.000                5.828               0.000               0.000           -1.652               89.400              0.38764 
    16.550         124.561    309.422       0.008       1.000                5.839               0.000               0.000           -1.664               95.239              0.38764 
    17.550         124.541    309.988       0.008       1.000                5.850               0.000               0.000           -1.676              101.089              0.38764 
    18.550         124.521    310.555       0.008       1.000                5.861               0.000               0.000           -1.689              106.950              0.38764 
    19.550         124.500    311.121       0.008       1.000                5.872               0.000               0.000           -1.701              112.822              0.38764 
    20.550         124.480    311.687       0.008       1.000                5.883               0.000               0.000           -1.714              118.706              0.38764 
    21.550         124.460    312.252       0.008       1.000                5.894               0.000               0.000           -1.726              124.600              0.38764 
    22.550         124.440    312.817       0.008       1.000                5.906               0.000               0.000           -1.739              130.506              0.38764 
    23.550         124.419    313.382       0.008       1.000                5.917               0.000               0.000           -1.751              136.423              0.38764 
    24.550         124.399    313.946       0.008       1.000                5.928               0.000               0.000           -1.764              142.351              0.38764 
    25.550         124.379    314.511       0.008       1.000                5.939               0.000               0.000           -1.777              148.290              0.38764 
    26.550         124.359    315.074       0.008       1.000                5.951               0.000               0.000           -1.789              154.240              0.38764 
    27.550         124.338    315.638       0.008       1.000                5.962               0.000               0.000           -1.802              160.202              0.38764 
    28.550         124.318    316.201       0.008       1.000                5.973               0.000               0.000           -1.815              166.176              0.38764 
    29.550         124.298    316.763       0.008       1.000                5.985               0.000               0.000           -1.828              172.160              0.38764 
    30.550         124.278    317.326       0.008       1.000                5.996               0.000               0.000           -1.841              178.156              0.38764 
    31.550         124.257    317.888       0.008       1.000                6.007               0.000               0.000           -1.854              184.163              0.38764 
    32.550         124.237    318.449       0.008       1.000                6.019               0.000               0.000           -1.868              190.182              0.38764 
    33.550         124.217    319.010       0.008       1.000                6.030               0.000               0.000           -1.881              196.213              0.38764 
    34.550         124.197    319.571       0.008       1.000                6.042               0.000               0.000           -1.894              202.255              0.38764 
    35.550         124.176    320.132       0.008       1.000                6.053               0.000               0.000           -1.907              208.308              0.38764 
    36.550         124.156    320.692       0.008       1.000                6.065               0.000               0.000           -1.921              214.373              0.38764 
    37.550         124.136    321.251       0.008       1.000                6.077               0.000               0.000           -1.934              220.449              0.38764 
    38.550         124.116    321.810       0.008       1.000                6.088               0.000               0.000           -1.948              226.538              0.38764 
    39.550         124.095    322.369       0.008       1.000                6.100               0.000               0.000           -1.961              232.638              0.38764 
    40.550         124.075    322.928       0.008       1.000                6.112               0.000               0.000           -1.975              238.749              0.38764 
    41.550         124.055    323.486       0.008       1.000                6.123               0.000               0.000           -1.989              244.872              0.38764 
    42.550         124.035    324.043       0.008       1.000                6.135               0.000               0.000           -2.003              251.007              0.38764 
    43.550         124.014    324.600       0.008       1.000                6.147               0.000               0.000           -2.016              257.154              0.38764 
    44.550         123.994    325.157       0.008       1.000                6.159               0.000               0.000           -2.030              263.313              0.38764 
    45.550         123.974    325.713       0.008       1.000                6.170               0.000               0.000           -2.044              269.483              0.38764 
    46.550         123.954    326.269       0.008       1.000                6.182               0.000               0.000           -2.058              275.666              0.38764 
    47.550         123.933    326.825       0.008       1.000                6.194               0.000               0.000           -2.072              281.860              0.38764 
    48.550         123.913    327.380       0.008       1.000                6.206               0.000               0.000           -2.087              288.066              0.38764 
    49.550         123.893    327.934       0.008       1.000                6.218               0.000               0.000           -2.101              294.284              0.38764 
    50.550         123.873    328.489       0.008       1.000                6.230               0.000               0.000           -2.115              300.514              0.38764 
    51.550         123.852    329.042       0.008       1.000                6.242               0.000               0.000           -2.129              306.756              0.38764 
    52.550         123.832    329.596       0.008       1.000                6.254               0.000               0.000           -2.144              313.011              0.38764 
    53.550         123.812    330.148       0.008       1.000                6.266               0.000               0.000           -2.158              319.277              0.38764 
    54.550         123.792    330.701       0.008       1.000                6.278               0.000               0.000           -2.173              325.555              0.38764 
    55.550         123.771    331.252       0.008       1.000                6.291               0.000               0.000           -2.187              331.846              0.38764 
    56.550         123.751    331.804       0.008       1.000                6.303               0.000               0.000           -2.202              338.148              0.38764 
    57.550         123.731    332.355       0.008       1.000                6.315               0.000               0.000           -2.217              344.463              0.38764 
    58.550         123.711    332.905       0.008       1.000                6.327               0.000               0.000           -2.231              350.790              0.38764 
    59.550         123.690    333.455       0.008       1.000                6.339               0.000               0.000           -2.246              357.130              0.38764 
    60.550         123.670    334.005       0.008       1.000                6.352               0.000               0.000           -2.261              363.481              0.38764 
    61.550         123.650    334.554       0.008       1.000                6.364               0.000               0.000           -2.276              369.845              0.38764 
    62.550         123.630    335.102       0.008       1.000                6.376               0.000               0.000           -2.291              376.222              0.38764 
    63.550         123.609    335.650       0.008       1.000                6.389               0.000               0.000           -2.306              382.610              0.38764 
    64.550         123.589    336.198       0.008       1.000                6.401               0.000               0.000           -2.321              389.012              0.38764 
    65.550         123.569    336.745       0.008       1.000                6.414               0.000               0.000           -2.336              395.425              0.38764 
    66.550         123.549    337.291       0.008       1.000                6.426               0.000               0.000           -2.352              401.851              0.38764 
    67.550         123.528    337.837       0.008       1.000                6.439               0.000               0.000           -2.367              408.290              0.38764 
    68.550         123.508    338.383       0.008       1.000                6.451               0.000               0.000           -2.382              414.741              0.38764 
    69.550         123.488    338.928       0.008       1.000                6.464               0.000               0.000           -2.398              421.205              0.38764 
    70.550         123.468    339.472       0.008       1.000                6.476               0.000               0.000           -2.413              427.681              0.38764 
    71.550         123.447    340.016       0.008       1.000                6.489               0.000               0.000           -2.429              434.170              0.38764 
    72.550         123.427    340.559       0.008       1.000                6.502               0.000               0.000           -2.444              440.672              0.38764 
    73.550         123.407    341.102       0.008       1.000                6.514               0.000               0.000           -2.460              447.186              0.38764 
    74.550         123.387    341.645       0.008       1.000                6.527               0.000               0.000           -2.476              453.713              0.38764 
    75.550         123.367    342.186       0.008       1.000                6.540               0.000               0.000           -2.492              460.253              0.38764 
    76.550         123.346    342.728       0.008       1.000                6.553               0.000               0.000           -2.507              466.805              0.38764 
    77.550         123.326    343.268       0.008       1.000                6.565               0.000               0.000           -2.523              473.371              0.38764 
    78.550         123.306    343.809       0.008       1.000                6.578               0.000               0.000           -2.539              479.949              0.38764 
    79.550         123.286    344.348       0.008       1.000                6.591               0.000               0.000           -2.555              486.540              0.38764 
    80.550         123.266    344.887       0.008       1.000                6.604               0.000               0.000           -2.571              493.144              0.38764 
    81.550         123.245    345.426       0.008       1.000                6.617               0.000               0.000           -2.588              499.761              0.38764 
    82.550         123.225    345.964       0.008       1.000                6.630               0.000               0.000           -2.604              506.391              0.38764 
    83.550         123.205    346.501       0.008       1.000                6.643               0.000               0.000           -2.620              513.034              0.38764 
    84.550         123.185    347.038       0.008       1.000                6.656               0.000               0.000           -2.636              519.690              0.38764 
    85.550         123.165    347.574       0.008       1.000                6.669               0.000               0.000           -2.653              526.359              0.38764 
    86.550         123.144    348.110       0.008       1.000                6.682               0.000               0.000           -2.669              533.041              0.38764 
    87.550         123.124    348.645       0.008       1.000                6.695               0.000               0.000           -2.686              539.737              0.38764 
    88.550         123.104    349.180       0.008       1.000                6.708               0.000               0.000           -2.702              546.445              0.38764 
    89.550         123.084    349.714       0.008       1.000                6.722               0.000               0.000           -2.719              553.167              0.38764 
    90.550         123.064    350.247       0.008       1.000                6.735               0.000               0.000           -2.735              559.902              0.38764 
    91.550         123.044    350.780       0.008       1.000                6.748               0.000               0.000           -2.752              566.650              0.38764 
    92.550         123.023    351.312       0.008       1.000                6.761               0.000               0.000           -2.769              573.411              0.38764 
    93.550         123.003    351.844       0.008       1.000                6.775               0.000               0.000           -2.786              580.186              0.38764 
    94.550         122.983    352.374       0.008       1.000                6.788               0.000               0.000           -2.803              586.974              0.38764 
    95.550         122.963    352.905       0.008       1.000                6.802               0.000               0.000           -2.820              593.776              0.38764 
    96.550         122.943    353.435       0.008       1.000                6.815               0.000               0.000           -2.837              600.591              0.38764 
    97.550         122.923    353.964       0.008       1.000                6.828               0.000               0.000           -2.854              607.419              0.38764 
    98.550         122.903    354.492       0.008       1.000                6.842               0.000               0.000           -2.871              614.261              0.38764 
    99.550         122.882    355.020       0.008       1.000                6.855               0.000               0.000           -2.888              621.117              0.38764 
   100.550         122.862    355.547       0.008       1.000                6.869               0.000               0.000           -2.905              627.986              0.38764 
   101.550         122.842    356.074       0.008       1.000                6.883               0.000               0.000           -2.923              634.868              0.38764 
   102.550         122.822    356.600       0.008       1.000                6.896               0.000               0.000           -2.940              641.764              0.38764 
   103.550         122.802    357.125       0.008       1.000                6.910               0.000               0.000           -2.957              648.674              0.38764 
   104.550         122.782    357.650       0.008       1.000                6.923               0.000               0.000           -2.975              655.598              0.38764 
   105.550         122.762    358.174       0.008       1.000                6.937               0.000               0.000           -2.992              662.535              0.38764 
   106.550         122.742    358.697       0.008       1.000                6.951               0.000               0.000           -3.010              669.486              0.38764 
   107.550         122.722    359.220       0.008       1.000                6.965               0.000               0.000           -3.028              676.451              0.38764 
   108.550         122.702    359.742       0.008       1.000                6.979               0.000               0.000           -3.045              683.429              0.38764 
   109.550         122.681    360.263       0.008       1.000                6.992               0.000               0.000           -3.063              690.421              0.38764 
   110.550         122.661    360.784       0.008       1.000                7.006               0.000               0.000           -3.081              697.428              0.38764 
   111.550         122.641    361.304       0.008       1.000                7.020               0.000               0.000           -3.099              704.448              0.38764 
   112.550         122.621    361.823       0.008       1.000                7.034               0.000               0.000           -3.117              711.482              0.38764 
   113.550         122.601    362.342       0.008       1.000                7.048               0.000               0.000           -3.134              718.530              0.38764 
   114.550         122.581    362.860       0.008       1.000                7.062               0.000               0.000           -3.152              725.592              0.38764 
   115.550         122.561    363.377       0.008       1.000                7.076               0.000               0.000           -3.171              732.668              0.38764 
   116.550         122.541    363.893       0.008       1.000                7.090               0.000               0.000           -3.189              739.758              0.38764 
   117.550         122.521    364.409       0.008       1.000                7.104               0.000               0.000           -3.207              746.863              0.38764 
   118.550         122.501    364.924       0.008       1.000                7.118               0.000               0.000           -3.225              753.981              0.38764 
   119.550         122.481    365.439       0.008       1.000                7.133               0.000               0.000           -3.243              761.114              0.38764 
   120.550         122.461    365.953       0.008       1.000                7.147               0.000               0.000           -3.262              768.260              0.38764 
   121.550         122.441    366.466       0.008       1.000                7.161               0.000               0.000           -3.280              775.421              0.38764 
   122.550         122.421    366.978       0.008       1.000                7.175               0.000               0.000           -3.298              782.597              0.38764 
   123.550         122.401    367.490       0.008       1.000                7.190               0.000               0.000           -3.317              789.786              0.38764 
   124.550         122.381    368.001       0.008       1.000                7.204               0.000               0.000           -3.336              796.990              0.38764 
   125.550         122.361    368.511       0.008       1.000                7.218               0.000               0.000           -3.354              804.208              0.38764 
   126.550         122.341    369.021       0.008       1.000                7.233               0.000               0.000           -3.373              811.441              0.38764 
   127.550         122.321    369.530       0.008       1.000                7.247               0.000               0.000           -3.391              818.688              0.38764 
   128.550         122.301    370.038       0.008       1.000                7.262               0.000               0.000           -3.410              825.950              0.38764 
   129.550         122.281    370.546       0.008       1.000                7.276               0.000               0.000           -3.429              833.226              0.38764 
   130.550         122.261    371.052       0.008       1.000                7.291               0.000               0.000           -3.448              840.516              0.38764 
   131.550         122.241    371.559       0.008       1.000                7.305               0.000               0.000           -3.467              847.822              0.38764 
   132.550         122.221    372.064       0.008       1.000                7.320               0.000               0.000           -3.486              855.141              0.38764 
   133.550         122.201    372.569       0.008       1.000                7.334               0.000               0.000           -3.505              862.476              0.38764 
   134.550         122.181    373.072       0.008       1.000                7.349               0.000               0.000           -3.524              869.825              0.38764 
   135.550         122.162    373.576       0.008       1.000                7.364               0.000               0.000           -3.543              877.188              0.38764 
   136.550         122.142    374.078       0.008       1.000                7.378               0.000               0.000           -3.562              884.567              0.38764 
   137.550         122.122    374.580       0.008       1.000                7.393               0.000               0.000           -3.581              891.960              0.38764 
   138.550         122.102    375.081       0.008       1.000                7.408               0.000               0.000           -3.600              899.368              0.38764 
   139.550         122.082    375.581       0.008       1.000                7.423               0.000               0.000           -3.620              906.791              0.38764 
   140.550         122.062    376.080       0.008       1.000                7.438               0.000               0.000           -3.639              914.229              0.38764 
   141.550         122.042    376.579       0.008       1.000                7.453               0.000               0.000           -3.658              921.681              0.38764 
   142.550         122.022    377.077       0.008       1.000                7.468               0.000               0.000           -3.678              929.149              0.38764 
   143.550         122.003    377.574       0.008       1.000                7.482               0.000               0.000           -3.697              936.631              0.38764 
   144.550         121.983    378.071       0.008       1.000                7.497               0.000               0.000           -3.717              944.129              0.38764 
   145.550         121.963    378.566       0.008       1.000                7.513               0.000               0.000           -3.737              951.641              0.38764 
   146.550         121.943    379.061       0.008       1.000                7.528               0.000               0.000           -3.756              959.169              0.38764 
   147.550         121.923    379.555       0.008       1.000                7.543               0.000               0.000           -3.776              966.712              0.38764 
   148.550         121.903    380.049       0.008       1.000                7.558               0.000               0.000           -3.796              974.269              0.38764 
   149.550         121.884    380.541       0.008       1.000                7.573               0.000               0.000           -3.815              981.842              0.38764 
   150.550         121.864    381.033       0.008       1.000                7.588               0.000               0.000           -3.835              989.431              0.38764 
   151.550         121.844    381.524       0.008       1.000                7.603               0.000               0.000           -3.855              997.034              0.38764 
   152.550         121.824    382.015       0.008       1.000                7.619               0.000               0.000           -3.875             1004.653              0.38764 
   153.550         121.804    382.504       0.008       1.000                7.634               0.000               0.000           -3.895             1012.287              0.38764 
   154.550         121.785    382.993       0.008       1.000                7.649               0.000               0.000           -3.915             1019.936              0.38764 
   155.550         121.765    383.481       0.008       1.000                7.665               0.000               0.000           -3.935             1027.601              0.38764 
   156.550         121.745    383.968       0.008       1.000                7.680               0.000               0.000           -3.955             1035.281              0.38764 
   157.550         121.725    384.455       0.008       1.000                7.696               0.000               0.000           -3.975             1042.976              0.38764 
   158.550         121.706    384.940       0.008       1.000                7.711               0.000               0.000           -3.995             1050.687              0.38764 
   159.550         121.686    385.425       0.008       1.000                7.726               0.000               0.000           -4.016             1058.414              0.38764 
   160.550         121.666    385.909       0.008       1.000                7.742               0.000               0.000           -4.036             1066.156              0.38764 
   161.550         121.647    386.393       0.008       1.000                7.758               0.000               0.000           -4.056             1073.913              0.38764 
   162.550         121.627    386.875       0.008       1.000                7.773               0.000               0.000           -4.077             1081.686              0.38764 
   163.550         121.607    387.357       0.008       1.000                7.789               0.000               0.000           -4.097             1089.475              0.38764 
   164.550         121.588    387.838       0.008       1.000                7.804               0.000               0.000           -4.117             1097.280              0.38764 
   165.550         121.568    388.318       0.008       1.000                7.820               0.000               0.000           -4.138             1105.100              0.38764 
   166.550         121.548    388.798       0.008       1.000                7.836               0.000               0.000           -4.158             1112.936              0.38764 
   167.550         121.529    389.277       0.008       1.000                7.852               0.000               0.000           -4.179             1120.788              0.38764 
   168.550         121.509    389.755       0.008       1.000                7.867               0.000               0.000           -4.200             1128.655              0.38764 
   169.550         121.489    390.232       0.008       1.000                7.883               0.000               0.000           -4.220             1136.538              0.38764 
   170.550         121.470    390.708       0.008       1.000                7.899               0.000               0.000           -4.241             1144.438              0.38764 
   171.550         121.450    391.184       0.008       1.000                7.915               0.000               0.000           -4.262             1152.353              0.38764 
   172.550         121.431    391.659       0.008       1.000                7.931               0.000               0.000           -4.283             1160.284              0.38764 
   173.550         121.411    392.133       0.008       1.000                7.947               0.000               0.000           -4.303             1168.231              0.38764 
   174.550         121.391    392.606       0.008       1.000                7.963               0.000               0.000           -4.324             1176.194              0.38764 
   175.550         121.372    393.079       0.008       1.000                7.979               0.000               0.000           -4.345             1184.173              0.38764 
   176.550         121.352    393.550       0.008       1.000                7.995               0.000               0.000           -4.366             1192.168              0.38764 
   177.550         121.333    394.021       0.008       1.000                8.011               0.000               0.000           -4.387             1200.180              0.38764 
   178.550         121.313    394.491       0.008       1.000                8.027               0.000               0.000           -4.408             1208.207              0.38764 
   179.550         121.294    394.961       0.008       1.000                8.044               0.000               0.000           -4.429             1216.251              0.38764 
   180.550         121.274    395.429       0.008       1.000                8.060               0.000               0.000           -4.450             1224.310              0.38764 
   181.550         121.255    395.897       0.008       1.000                8.076               0.000               0.000           -4.472             1232.387              0.38764 
   182.550         121.235    396.364       0.008       1.000                8.092               0.000               0.000           -4.493             1240.479              0.38764 
   183.550         121.216    396.830       0.008       1.000                8.109               0.000               0.000           -4.514             1248.588              0.38764 
   184.550         121.196    397.296       0.008       1.000                8.125               0.000               0.000           -4.535             1256.713              0.38764 
   185.550         121.177    397.760       0.008       1.000                8.141               0.000               0.000           -4.557             1264.854              0.38764 
   186.550         121.157    398.224       0.008       1.000                8.158               0.000               0.000           -4.578             1273.012              0.38764 
   187.550         121.138    398.687       0.008       1.000                8.174               0.000               0.000           -4.599             1281.186              0.38764 
   188.550         121.118    399.149       0.008       1.000                8.191               0.000               0.000           -4.621             1289.377              0.38764 
   189.550         121.099    399.611       0.008       1.000                8.207               0.000               0.000           -4.642             1297.584              0.38764 
   190.550         121.080    400.071       0.008       1.000                8.224               0.000               0.000           -4.664             1305.808              0.38764 
   191.550         121.060    400.531       0.008       1.000                8.240               0.000               0.000           -4.685             1314.049              0.38764 
   192.550         121.041    400.990       0.008       1.000                8.257               0.000               0.000           -4.707             1322.306              0.38764 
   193.550         121.021    401.448       0.008       1.000                8.274               0.000               0.000           -4.728             1330.580              0.38764 
   194.550         121.002    401.906       0.008       1.000                8.290               0.000               0.000           -4.750             1338.870              0.38764 
   195.550         120.983    402.363       0.008       1.000                8.307               0.000               0.000           -4.772             1347.177              0.38764 
   196.550         120.963    402.819       0.008       1.000                8.324               0.000               0.000           -4.793             1355.501              0.38764 
   197.550         120.944    403.274       0.008       1.000                8.341               0.000               0.000           -4.815             1363.842              0.38764 
   198.550         120.925    403.728       0.008       1.000                8.358               0.000               0.000           -4.837             1372.200              0.38764 
   199.550         120.905    404.182       0.008       1.000                8.374               0.000               0.000           -4.859             1380.574              0.38764 
   200.550         120.886    404.634       0.008       1.000                8.391               0.000               0.000           -4.881             1388.966              0.38764 
   201.550         120.867    405.086       0.008       1.000                8.408               0.000               0.000           -4.903             1397.374              0.38764 
   202.550         120.848    405.537       0.008       1.000                8.425               0.000               0.000           -4.925             1405.799              0.38764 
   203.550         120.828    405.988       0.008       1.000                8.442               0.000               0.000           -4.947             1414.241              0.38764 
   204.550         120.809    406.438       0.008       1.000                8.459               0.000               0.000           -4.969             1422.701              0.38764 
   205.550         120.790    406.886       0.008       1.000                8.476               0.000               0.000           -4.991             1431.177              0.38764 
   206.550         120.771    407.334       0.008       1.000                8.494               0.000               0.000           -5.013             1439.671              0.38764 
   207.550         120.751    407.782       0.008       1.000                8.511               0.000               0.000           -5.035             1448.181              0.38764 
   208.550         120.732    408.228       0.008       1.000                8.528               0.000               0.000           -5.057             1456.709              0.38764 
   209.550         120.713    408.674       0.008       1.000                8.545               0.000               0.000           -5.079             1465.254              0.38764 
   210.550         120.694    409.119       0.008       1.000                8.562               0.000               0.000           -5.101             1473.817              0.38764 
   211.550         120.675    409.563       0.008       1.000                8.580               0.000               0.000           -5.124             1482.396              0.38764 
   212.550         120.656    410.006       0.008       1.000                8.597               0.000               0.000           -5.146             1490.993              0.38764 
   213.550         120.636    410.449       0.008       1.000                8.614               0.000               0.000           -5.168             1499.607              0.38764 
   214.550         120.617    410.891       0.008       1.000                8.632               0.000               0.000           -5.191             1508.239              0.38764 
   215.550         120.598    411.332       0.008       1.000                8.649               0.000               0.000           -5.213             1516.888              0.38764 
   216.550         120.579    411.772       0.008       1.000                8.667               0.000               0.000           -5.235             1525.554              0.38764 
   217.550         120.560    412.212       0.008       1.000                8.684               0.000               0.000           -5.258             1534.239              0.38764 
   218.550         120.541    412.651       0.008       1.000                8.702               0.000               0.000           -5.280             1542.940              0.38764 
   219.550         120.522    413.089       0.008       1.000                8.719               0.000               0.000           -5.303             1551.659              0.38764 
   220.550         120.503    413.526       0.008       1.000                8.737               0.000               0.000           -5.325             1560.396              0.38764 
   221.550         120.484    413.962       0.008       1.000                8.754               0.000               0.000           -5.348             1569.150              0.38764 
   222.550         120.465    414.398       0.008       1.000                8.772               0.000               0.000           -5.371             1577.922              0.38764 
   223.550         120.446    414.833       0.008       1.000                8.790               0.000               0.000           -5.393             1586.712              0.38764 
   224.550         120.427    415.267       0.008       1.000                8.807               0.000               0.000           -5.416             1595.519              0.38764 
   225.550         120.408    415.701       0.008       1.000                8.825               0.000               0.000           -5.439             1604.344              0.38764 
   226.550         120.389    416.133       0.008       1.000                8.843               0.000               0.000           -5.461             1613.187              0.38764 
   227.550         120.370    416.565       0.008       1.000                8.861               0.000               0.000           -5.484             1622.048              0.38764 
   228.550         120.351    416.997       0.008       1.000                8.879               0.000               0.000           -5.507             1630.927              0.38764 
   229.550         120.332    417.427       0.008       1.000                8.897               0.000               0.000           -5.530             1639.823              0.38764 
   230.550         120.313    417.857       0.008       1.000                8.914               0.000               0.000           -5.553             1648.738              0.38764 
   231.550         120.294    418.286       0.008       1.000                8.932               0.000               0.000           -5.576             1657.670              0.38764 
   232.550         120.275    418.714       0.008       1.000                8.950               0.000               0.000           -5.599             1666.621              0.38764 
   233.550         120.256    419.142       0.008       1.000                8.969               0.000               0.000           -5.621             1675.589              0.38764 
   234.550         120.238    419.569       0.008       1.000                8.987               0.000               0.000           -5.644             1684.576              0.38764 
   235.550         120.219    419.995       0.008       1.000                9.005               0.000               0.000           -5.667             1693.581              0.38764 
   236.550         120.200    420.420       0.008       1.000                9.023               0.000               0.000           -5.691             1702.603              0.38764 
   237.550         120.181    420.845       0.008       1.000                9.041               0.000               0.000           -5.714             1711.644              0.38764 
   238.550         120.162    421.269       0.008       1.000                9.059               0.000               0.000           -5.737             1720.704              0.38764 
   239.550         120.143    421.692       0.008       1.000                9.078               0.000               0.000           -5.760             1729.781              0.38764 
   240.550         120.125    422.114       0.008       1.000                9.096               0.000               0.000           -5.783             1738.877              0.38764 
   241.550         120.106    422.536       0.008       1.000                9.114               0.000               0.000           -5.806             1747.991              0.38764 
   242.550         120.087    422.957       0.008       1.000                9.132               0.000               0.000           -5.830             1757.124              0.38764 
   243.550         120.068    423.377       0.008       1.000                9.151               0.000               0.000           -5.853             1766.274              0.38764 
   244.550         120.050    423.797       0.008       1.000                9.169               0.000               0.000           -5.876             1775.444              0.38764 
   245.550         120.031    424.216       0.008       1.000                9.188               0.000               0.000           -5.899             1784.631              0.38764 
   246.550         120.012    424.634       0.008       1.000                9.206               0.000               0.000           -5.923             1793.838              0.38764 
   247.550         119.994    425.051       0.008       1.000                9.225               0.000               0.000           -5.946             1803.062              0.38764 
   248.550         119.975    425.468       0.008       1.000                9.243               0.000               0.000           -5.970             1812.306              0.38764 
   249.550         119.956    425.884       0.008       1.000                9.262               0.000               0.000           -5.993             1821.568              0.38764 
   250.550         119.938    426.299       0.008       1.000                9.281               0.000               0.000           -6.016             1830.848              0.38764 
   251.550         119.919    426.714       0.008       1.000                9.299               0.000               0.000           -6.040             1840.147              0.38764 
   252.550         119.900    427.127       0.008       1.000                9.318               0.000               0.000           -6.064             1849.465              0.38764 
   253.550         119.882    427.540       0.008       1.000                9.337               0.000               0.000           -6.087             1858.802              0.38764 
   254.550         119.863    427.953       0.008       1.000                9.355               0.000               0.000           -6.111             1868.157              0.38764 
   255.550         119.845    428.364       0.008       1.000                9.374               0.000               0.000           -6.134             1877.531              0.38764 
   256.550         119.826    428.775       0.008       1.000                9.393               0.000               0.000           -6.158             1886.924              0.38764 
   257.550         119.808    429.186       0.008       1.000                9.412               0.000               0.000           -6.182             1896.336              0.38764 
   258.550         119.789    429.595       0.008       1.000                9.431               0.000               0.000           -6.205             1905.767              0.38764 
   259.550         119.771    430.004       0.008       1.000                9.450               0.000               0.000           -6.229             1915.217              0.38764 
   260.550         119.752    430.412       0.008       1.000                9.469               0.000               0.000           -6.253             1924.685              0.38764 
   261.550         119.734    430.820       0.008       1.000                9.488               0.000               0.000           -6.276             1934.173              0.38764 
   262.550         119.715    431.226       0.008       1.000                9.507               0.000               0.000           -6.300             1943.680              0.38764 
   263.550         119.697    431.632       0.008       1.000                9.526               0.000               0.000           -6.324             1953.205              0.38764 
   264.550         119.678    432.038       0.008       1.000                9.545               0.000               0.000           -6.348             1962.750              0.38764 
   265.550         119.660    432.442       0.008       1.000                9.564               0.000               0.000           -6.372             1972.314              0.38764 
   266.550         119.641    432.846       0.008       1.000                9.583               0.000               0.000           -6.396             1981.898              0.38764 
   267.550         119.623    433.249       0.008       1.000                9.602               0.000               0.000           -6.420             1991.500              0.38764 
   268.550         119.605    433.652       0.008       1.000                9.622               0.000               0.000           -6.444             2001.122              0.38764 
   269.550         119.586    434.054       0.008       1.000                9.641               0.000               0.000           -6.468             2010.763              0.38764 
   270.550         119.568    434.455       0.008       1.000                9.660               0.000               0.000           -6.492             2020.423              0.38764 
   271.550         119.550    434.855       0.008       1.000                9.680               0.000               0.000           -6.516             2030.103              0.38764 
   272.550         119.531    435.255       0.008       1.000                9.699               0.000               0.000           -6.540             2039.802              0.38764 
   273.550         119.513    435.653       0.008       1.000                9.718               0.000               0.000           -6.564             2049.520              0.38764 
   274.550         119.495    436.051       0.008       1.000                9.738               0.000               0.000           -6.588             2059.258              0.38764 
   275.550         119.477    436.449       0.008       1.000                9.757               0.000               0.000           -6.612             2069.015              0.38764 
   276.550         119.458    436.845       0.008       1.000                9.777               0.000               0.000           -6.636             2078.792              0.38764 
   277.550         119.440    437.241       0.008       1.000                9.796               0.000               0.000           -6.660             2088.589              0.38764 
   278.550         119.422    437.636       0.008       1.000                9.816               0.000               0.000           -6.684             2098.405              0.38764 
   279.550         119.404    438.031       0.008       1.000                9.836               0.000               0.000           -6.709             2108.240              0.38764 
   280.550         119.385    438.425       0.008       1.000                9.855               0.000               0.000           -6.733             2118.096              0.38764 
   281.550         119.367    438.817       0.008       1.000                9.875               0.000               0.000           -6.757             2127.971              0.38764 
   282.550         119.349    439.210       0.008       1.000                9.895               0.000               0.000           -6.781             2137.865              0.38764 
   283.550         119.331    439.601       0.008       1.000                9.914               0.000               0.000           -6.806             2147.780              0.38764 
   284.550         119.313    439.992       0.008       1.000                9.934               0.000               0.000           -6.830             2157.714              0.38764 
   285.550         119.295    440.382       0.008       1.000                9.954               0.000               0.000           -6.854             2167.668              0.38764 
   286.550         119.277    440.772       0.008       1.000                9.974               0.000               0.000           -6.879             2177.642              0.38764 
   287.550         119.259    441.160       0.008       1.000                9.994               0.000               0.000           -6.903             2187.636              0.38764 
   288.550         119.241    441.548       0.008       1.000               10.014               0.000               0.000           -6.927             2197.650              0.38764 
   289.550         119.223    441.936       0.008       1.000               10.034               0.000               0.000           -6.952             2207.683              0.38764 
   290.550         119.205    442.322       0.008       1.000               10.054               0.000               0.000           -6.976             2217.737              0.38764 
   291.550         119.187    442.708       0.008       1.000               10.074               0.000               0.000           -7.001             2227.811              0.38764 
   292.550         119.169    443.093       0.008       1.000               10.094               0.000               0.000           -7.025             2237.905              0.38764 
   293.550         119.151    443.478       0.008       1.000               10.114               0.000               0.000           -7.050             2248.018              0.38764 
   294.550         119.133    443.862       0.008       1.000               10.134               0.000               0.000           -7.074             2258.152              0.38764 
   295.550         119.115    444.245       0.008       1.000               10.154               0.000               0.000           -7.099             2268.307              0.38764 
   296.550         119.097    444.627       0.008       1.000               10.174               0.000               0.000           -7.123             2278.481              0.38764 
   297.550         119.079    445.009       0.008       1.000               10.195               0.000               0.000           -7.148             2288.676              0.38764 
   298.550         119.061    445.390       0.008       1.000               10.215               0.000               0.000           -7.172             2298.890              0.38764 
   299.550         119.043    445.771       0.008       1.000               10.235               0.000               0.000           -7.197             2309.126              0.38764 
   300.550         119.025    446.150       0.008       1.000               10.255               0.000               0.000           -7.221             2319.381              0.38764 
   301.550         119.007    446.530       0.008       1.000               10.276               0.000               0.000           -7.246             2329.657              0.38764 
   302.550         118.990    446.908       0.008       1.000               10.296               0.000               0.000           -7.271             2339.953              0.38764 
   303.550         118.972    447.286       0.008       1.000               10.317               0.000               0.000           -7.295             2350.270              0.38764 
   304.550         118.954    447.663       0.008       1.000               10.337               0.000               0.000           -7.320             2360.607              0.38764 
   305.550         118.936    448.039       0.008       1.000               10.358               0.000               0.000           -7.345             2370.965              0.38764 
   306.550         118.918    448.415       0.008       1.000               10.378               0.000               0.000           -7.370             2381.343              0.38764 
   307.550         118.901    448.790       0.008       1.000               10.399               0.000               0.000           -7.394             2391.742              0.38764 
   308.550         118.883    449.165       0.008       1.000               10.419               0.000               0.000           -7.419             2402.161              0.38764 
   309.550         118.865    449.538       0.008       1.000               10.440               0.000               0.000           -7.444             2412.601              0.38764 
   310.550         118.847    449.912       0.008       1.000               10.461               0.000               0.000           -7.469             2423.062              0.38764 
   311.550         118.830    450.284       0.008       1.000               10.481               0.000               0.000           -7.494             2433.543              0.38764 
   312.550         118.812    450.656       0.008       1.000               10.502               0.000               0.000           -7.518             2444.045              0.38764 
   313.550         118.795    451.027       0.008       1.000               10.523               0.000               0.000           -7.543             2454.568              0.38764 
   314.550         118.777    451.398       0.008       1.000               10.544               0.000               0.000           -7.568             2465.111              0.38764 
   315.550         118.759    451.768       0.008       1.000               10.564               0.000               0.000           -7.593             2475.676              0.38764 
   316.550         118.742    452.137       0.008       1.000               10.585               0.000               0.000           -7.618             2486.261              0.38764 
   317.550         118.724    452.506       0.008       1.000               10.606               0.000               0.000           -7.643             2496.867              0.38764 
   318.550         118.707    452.874       0.008       1.000               10.627               0.000               0.000           -7.668             2507.495              0.38764 
   319.550         118.689    453.241       0.008       1.000               10.648               0.000               0.000           -7.693             2518.143              0.38764 
   320.550         118.671    453.608       0.008       1.000               10.669               0.000               0.000           -7.718             2528.812              0.38764 
   321.550         118.654    453.974       0.008       1.000               10.690               0.000               0.000           -7.743             2539.502              0.38764 
   322.550         118.637    454.339       0.008       1.000               10.711               0.000               0.000           -7.768             2550.213              0.38764 
   323.550         118.619    454.704       0.008       1.000               10.732               0.000               0.000           -7.793             2560.945              0.38764 
   324.550         118.602    455.068       0.008       1.000               10.753               0.000               0.000           -7.818             2571.699              0.38764 
   325.550         118.584    455.431       0.008       1.000               10.775               0.000               0.000           -7.843             2582.473              0.38764 
   326.550         118.567    455.793       0.008       1.000               10.796               0.000               0.000           -7.868             2593.269              0.38764 
   327.550         118.549    456.155       0.008       1.000               10.817               0.000               0.000           -7.893             2604.086              0.38764 
   328.550         118.532    456.515       0.008       1.000               10.838               0.000               0.000           -7.918             2614.924              0.38764 
   329.550         118.515    456.876       0.008       1.000               10.860               0.000               0.000           -7.943             2625.784              0.38764 
   330.550         118.497    457.235       0.008       1.000               10.881               0.000               0.000           -7.968             2636.665              0.38764 
   331.550         118.480    457.594       0.008       1.000               10.902               0.000               0.000           -7.993             2647.567              0.38764 
   332.550         118.463    457.952       0.008       1.000               10.924               0.000               0.000           -8.019             2658.491              0.38764 
   333.550         118.445    458.309       0.008       1.000               10.945               0.000               0.000           -8.044             2669.436              0.38764 
   334.550         118.428    458.666       0.008       1.000               10.967               0.000               0.000           -8.069             2680.402              0.38764 
   335.550         118.411    459.022       0.008       1.000               10.988               0.000               0.000           -8.094             2691.390              0.38764 
   336.550         118.393    459.377       0.008       1.000               11.009               0.000               0.000           -8.119             2702.400              0.38764 
   337.550         118.376    459.731       0.008       1.000               11.031               0.000               0.000           -8.144             2713.431              0.38764 
   338.550         118.359    460.085       0.008       1.000               11.053               0.000               0.000           -8.169             2724.483              0.38764 
   339.550         118.342    460.439       0.008       1.000               11.074               0.000               0.000           -8.195             2735.558              0.38764 
   340.550         118.325    460.791       0.008       1.000               11.096               0.000               0.000           -8.220             2746.654              0.38764 
   341.550         118.308    461.143       0.008       1.000               11.118               0.000               0.000           -8.245             2757.771              0.38764 
   342.550         118.290    461.494       0.008       1.000               11.139               0.000               0.000           -8.270             2768.910              0.38764 
   343.550         118.273    461.845       0.008       1.000               11.161               0.000               0.000           -8.296             2780.071              0.38764 
   344.550         118.256    462.195       0.008       1.000               11.183               0.000               0.000           -8.321             2791.254              0.38764 
   345.550         118.239    462.544       0.008       1.000               11.205               0.000               0.000           -8.346             2802.459              0.38764 
   346.550         118.222    462.892       0.008       1.000               11.226               0.000               0.000           -8.371             2813.685              0.38764 
   347.550         118.205    463.240       0.008       1.000               11.248               0.000               0.000           -8.397             2824.934              0.38764 
   348.550         118.188    463.588       0.008       1.000               11.270               0.000               0.000           -8.422             2836.204              0.38764 
   349.550         118.171    463.934       0.008       1.000               11.292               0.000               0.000           -8.447             2847.496              0.38764 
   350.550         118.154    464.280       0.008       1.000               11.314               0.000               0.000           -8.472             2858.810              0.38764 
   351.550         118.137    464.626       0.008       1.000               11.336               0.000               0.000           -8.498             2870.147              0.38764 
   352.550         118.120    464.971       0.008       1.000               11.358               0.000               0.000           -8.523             2881.505              0.38764 
   353.550         118.103    465.315       0.008       1.000               11.380               0.000               0.000           -8.548             2892.885              0.38764 
   354.550         118.086    465.658       0.008       1.000               11.402               0.000               0.000           -8.574             2904.288              0.38764 
   355.550         118.069    466.001       0.008       1.000               11.425               0.000               0.000           -8.599             2915.712              0.38764 
   356.550         118.052    466.344       0.008       1.000               11.447               0.000               0.000           -8.624             2927.159              0.38764 
   357.550         118.035    466.686       0.008       1.000               11.469               0.000               0.000           -8.650             2938.628              0.38764 
   358.550         118.019    467.027       0.008       1.000               11.491               0.000               0.000           -8.675             2950.119              0.38764 
   359.550         118.002    467.367       0.008       1.000               11.513               0.000               0.000           -8.701             2961.632              0.38764 
   360.550         117.985    467.707       0.008       1.000               11.536               0.000               0.000           -8.726             2973.168              0.38764 
   361.550         117.968    468.047       0.008       1.000               11.558               0.000               0.000           -8.751             2984.726              0.38764 
   362.550         117.951    468.385       0.008       1.000               11.580               0.000               0.000           -8.777             2996.306              0.38764 
   363.550         117.935    468.724       0.008       1.000               11.603               0.000               0.000           -8.802             3007.909              0.38764 
   364.550         117.918    469.061       0.008       1.000               11.625               0.000               0.000           -8.828             3019.534              0.38764 
   365.550         117.901    469.398       0.008       1.000               11.648               0.000               0.000           -8.853             3031.181              0.38764 
   366.550         117.884    469.735       0.008       1.000               11.670               0.000               0.000           -8.879             3042.852              0.38764 
   367.550         117.868    470.071       0.008       1.000               11.693               0.000               0.000           -8.904             3054.544              0.38764 
   368.550         117.851    470.406       0.008       1.000               11.715               0.000               0.000           -8.930             3066.259              0.38764 
   369.550         117.834    470.741       0.008       1.000               11.738               0.000               0.000           -8.955             3077.997              0.38764 
   370.550         117.818    471.075       0.008       1.000               11.760               0.000               0.000           -8.981             3089.757              0.38764 
   371.550         117.801    471.409       0.008       1.000               11.783               0.000               0.000           -9.006             3101.540              0.38764 
   372.550         117.785    471.742       0.008       1.000               11.806               0.000               0.000           -9.032             3113.346              0.38764 
   373.550         117.768    472.074       0.008       1.000               11.828               0.000               0.000           -9.057             3125.174              0.38764 
   374.550         117.751    472.406       0.008       1.000               11.851               0.000               0.000           -9.083             3137.025              0.38764 
   375.550         117.735    472.738       0.008       1.000               11.874               0.000               0.000           -9.108             3148.899              0.38764 
   376.550         117.718    473.069       0.008       1.000               11.897               0.000               0.000           -9.134             3160.795              0.38764 
   377.550         117.702    473.399       0.008       1.000               11.919               0.000               0.000           -9.160             3172.715              0.38764 
   378.550         117.685    473.729       0.008       1.000               11.942               0.000               0.000           -9.185             3184.657              0.38764 
   379.550         117.669    474.058       0.008       1.000               11.965               0.000               0.000           -9.211             3196.622              0.38764 
   380.550         117.652    474.386       0.008       1.000               11.988               0.000               0.000           -9.236             3208.610              0.38764 
   381.550         117.636    474.714       0.008       1.000               12.011               0.000               0.000           -9.262             3220.621              0.38764 
   382.550         117.620    475.041       0.008       1.000               12.034               0.000               0.000           -9.288             3232.655              0.38764 
   383.550         117.603    475.367       0.008       1.000               12.057               0.000               0.000           -9.313             3244.712              0.38764 
   384.550         117.587    475.693       0.008       1.000               12.080               0.000               0.000           -9.339             3256.792              0.38764 
   385.550         117.570    476.018       0.008       1.000               12.103               0.000               0.000           -9.365             3268.895              0.38764 
   386.550         117.554    476.342       0.008       1.000               12.126               0.000               0.000           -9.390             3281.022              0.38764 
   387.550         117.538    476.666       0.008       1.000               12.149               0.000               0.000           -9.416             3293.171              0.38764 
   388.550         117.521    476.989       0.008       1.000               12.173               0.000               0.000           -9.441             3305.344              0.38764 
   389.550         117.505    477.312       0.008       1.000               12.196               0.000               0.000           -9.467             3317.539              0.38764 
   390.550         117.489    477.633       0.008       1.000               12.219               0.000               0.000           -9.493             3329.758              0.38764 
   391.550         117.473    477.955       0.008       1.000               12.242               0.000               0.000           -9.518             3342.000              0.38764 
   392.550         117.456    478.275       0.008       1.000               12.265               0.000               0.000           -9.544             3354.266              0.38764 
   393.550         117.440    478.595       0.008       1.000               12.289               0.000               0.000           -9.570             3366.555              0.38764 
   394.550         117.424    478.915       0.008       1.000               12.312               0.000               0.000           -9.595             3378.867              0.38764 
   395.550         117.408    479.234       0.008       1.000               12.335               0.000               0.000           -9.621             3391.202              0.38764 
   396.550         117.392    479.552       0.008       1.000               12.359               0.000               0.000           -9.646             3403.561              0.38764 
   397.550         117.376    479.870       0.008       1.000               12.382               0.000               0.000           -9.672             3415.943              0.38764 
   398.550         117.359    480.187       0.008       1.000               12.406               0.000               0.000           -9.698             3428.349              0.38764 
   399.550         117.343    480.503       0.008       1.000               12.429               0.000               0.000           -9.723             3440.779              0.38764 
   400.550         117.327    480.819       0.008       1.000               12.453               0.000               0.000           -9.749             3453.231              0.38764 
   401.550         117.311    481.134       0.008       1.000               12.476               0.000               0.000           -9.775             3465.708              0.38764 
   402.550         117.295    481.449       0.008       1.000               12.500               0.000               0.000           -9.800             3478.208              0.38764 
   403.550         117.279    481.764       0.008       1.000               12.524               0.000               0.000           -9.826             3490.731              0.38764 
   404.550         117.263    482.077       0.008       1.000               12.547               0.000               0.000           -9.852             3503.279              0.38764 
   405.550         117.247    482.390       0.008       1.000               12.571               0.000               0.000           -9.877             3515.850              0.38764 
   406.550         117.231    482.703       0.008       1.000               12.595               0.000               0.000           -9.903             3528.444              0.38764 
   407.550         117.215    483.015       0.008       1.000               12.618               0.000               0.000           -9.929             3541.063              0.38764 
   408.550         117.199    483.327       0.008       1.000               12.642               0.000               0.000           -9.955             3553.705              0.38764 
   409.550         117.183    483.638       0.008       1.000               12.666               0.000               0.000           -9.980             3566.371              0.38764 
   410.550         117.167    483.948       0.008       1.000               12.690               0.000               0.000          -10.006             3579.060              0.38764 
   411.550         117.151    484.258       0.008       1.000               12.714               0.000               0.000          -10.032             3591.774              0.38764 
   412.550         117.136    484.567       0.008       1.000               12.738               0.000               0.000          -10.057             3604.512              0.38764 
   413.550         117.120    484.876       0.008       1.000               12.761               0.000               0.000          -10.083             3617.273              0.38764 
   414.550         117.104    485.185       0.008       1.000               12.785               0.000               0.000          -10.109             3630.058              0.38764 
   415.550         117.088    485.493       0.008       1.000               12.809               0.000               0.000          -10.135             3642.868              0.38764 
   416.550         117.072    485.800       0.008       1.000               12.833               0.000               0.000          -10.160             3655.701              0.38764 
   417.550         117.057    486.107       0.008       1.000               12.857               0.000               0.000          -10.186             3668.558              0.38764 
   418.550         117.041    486.414       0.008       1.000               12.881               0.000               0.000          -10.212             3681.440              0.38764 
   419.550         117.025    486.719       0.008       1.000               12.906               0.000               0.000          -10.238             3694.346              0.38764 
   420.550         117.009    487.025       0.008       1.000               12.930               0.000               0.000          -10.263             3707.275              0.38764 
   421.550         116.994    487.330       0.008       1.000               12.954               0.000               0.000          -10.289             3720.229              0.38764 
   422.550         116.978    487.634       0.008       1.000               12.978               0.000               0.000          -10.315             3733.207              0.38764 
   423.550         116.962    487.938       0.008       1.000               13.002               0.000               0.000          -10.341             3746.209              0.38764 
   424.550         116.947    488.242       0.008       1.000               13.027               0.000               0.000          -10.367             3759.236              0.38764 
   425.550         116.931    488.545       0.008       1.000               13.051               0.000               0.000          -10.392             3772.287              0.38764 
   426.550         116.915    488.848       0.008       1.000               13.075               0.000               0.000          -10.418             3785.362              0.38764 
   427.550         116.900    489.150       0.008       1.000               13.099               0.000               0.000          -10.444             3798.461              0.38764 
   428.550         116.884    489.452       0.008       1.000               13.124               0.000               0.000          -10.470             3811.585              0.38764 
   429.550         116.869    489.753       0.008       1.000               13.148               0.000               0.000          -10.496             3824.733              0.38764 
   430.550         116.853    490.054       0.008       1.000               13.173               0.000               0.000          -10.522             3837.905              0.38764 
   431.550         116.838    490.354       0.008       1.000               13.197               0.000               0.000          -10.548             3851.102              0.38764 
   432.550         116.822    490.654       0.008       1.000               13.221               0.000               0.000          -10.573             3864.324              0.38764 
   433.550         116.807    490.953       0.008       1.000               13.246               0.000               0.000          -10.599             3877.570              0.38764 
   434.550         116.791    491.252       0.008       1.000               13.270               0.000               0.000          -10.625             3890.840              0.38764 
   435.550         116.776    491.551       0.008       1.000               13.295               0.000               0.000          -10.651             3904.136              0.38764 
   436.550         116.760    491.849       0.008       1.000               13.320               0.000               0.000          -10.677             3917.455              0.38764 
   437.550         116.745    492.147       0.008       1.000               13.344               0.000               0.000          -10.703             3930.800              0.38764 
   438.550         116.730    492.444       0.008       1.000               13.369               0.000               0.000          -10.729             3944.169              0.38764 
   439.550         116.714    492.741       0.008       1.000               13.394               0.000               0.000          -10.755             3957.562              0.38764 
   440.550         116.699    493.038       0.008       1.000               13.418               0.000               0.000          -10.781             3970.980              0.38764 
   441.550         116.683    493.334       0.008       1.000               13.443               0.000               0.000          -10.807             3984.424              0.38764 
   442.550         116.668    493.630       0.008       1.000               13.468               0.000               0.000          -10.833             3997.891              0.38764 
   443.550         116.653    493.925       0.008       1.000               13.493               0.000               0.000          -10.859             4011.384              0.38764 
   444.550         116.638    494.221       0.008       1.000               13.518               0.000               0.000          -10.885             4024.902              0.38764 
   445.550         116.622    494.516       0.008       1.000               13.542               0.000               0.000          -10.911             4038.444              0.38764 
   446.550         116.607    494.810       0.008       1.000               13.567               0.000               0.000          -10.937             4052.011              0.38764 
   447.550         116.592    495.105       0.008       1.000               13.592               0.000               0.000          -10.963             4065.603              0.38764 
   448.550         116.577    495.399       0.008       1.000               13.617               0.000               0.000          -10.989             4079.220              0.38764 
   449.550         116.561    495.693       0.008       1.000               13.642               0.000               0.000          -11.015             4092.862              0.38764 
   450.550         116.546    495.986       0.008       1.000               13.667               0.000               0.000          -11.042             4106.529              0.38764 
   451.550         116.531    496.280       0.008       1.000               13.692               0.000               0.000          -11.068             4120.222              0.38764 
   452.550         116.516    496.573       0.008       1.000               13.717               0.000               0.000          -11.094             4133.939              0.38764 
   453.550         116.501    496.865       0.008       1.000               13.742               0.000               0.000          -11.120             4147.681              0.38764 
   454.550         116.486    497.158       0.008       1.000               13.767               0.000               0.000          -11.146             4161.448              0.38764 
   455.550         116.471    497.450       0.008       1.000               13.792               0.000               0.000          -11.173             4175.241              0.38764 
   456.550         116.456    497.742       0.008       1.000               13.818               0.000               0.000          -11.199             4189.058              0.38764 
   457.550         116.441    498.033       0.008       1.000               13.843               0.000               0.000          -11.225             4202.901              0.38764 
   458.550         116.425    498.325       0.008       1.000               13.868               0.000               0.000          -11.252             4216.769              0.38764 
   459.550         116.410    498.616       0.008       1.000               13.893               0.000               0.000          -11.278             4230.662              0.38764 
   460.550         116.395    498.907       0.008       1.000               13.919               0.000               0.000          -11.304             4244.581              0.38764 
   461.550         116.380    499.197       0.008       1.000               13.944               0.000               0.000          -11.331             4258.525              0.38764 
   462.550         116.366    499.487       0.008       1.000               13.969               0.000               0.000          -11.357             4272.494              0.38764 
   463.550         116.351    499.777       0.008       1.000               13.995               0.000               0.000          -11.384             4286.489              0.38764 
   464.550         116.336    500.067       0.008       1.000               14.020               0.000               0.000          -11.410             4300.509              0.38764 
   465.550         116.321    500.356       0.008       1.000               14.045               0.000               0.000          -11.436             4314.554              0.38764 
   466.550         116.306    500.646       0.008       1.000               14.071               0.000               0.000          -11.463             4328.625              0.38764 
   467.550         116.291    500.935       0.008       1.000               14.096               0.000               0.000          -11.489             4342.721              0.38764 
   468.550         116.276    501.223       0.008       1.000               14.122               0.000               0.000          -11.516             4356.843              0.38764 
   469.550         116.261    501.512       0.008       1.000               14.147               0.000               0.000          -11.543             4370.991              0.38764 
   470.550         116.246    501.800       0.008       1.000               14.173               0.000               0.000          -11.569             4385.164              0.38764 
   471.550         116.232    502.088       0.008       1.000               14.199               0.000               0.000          -11.596             4399.362              0.38764 
   472.550         116.217    502.375       0.008       1.000               14.224               0.000               0.000          -11.622             4413.587              0.38764 
   473.550         116.202    502.663       0.008       1.000               14.250               0.000               0.000          -11.649             4427.837              0.38764 
   474.550         116.187    502.950       0.008       1.000               14.276               0.000               0.000          -11.676             4442.112              0.38764 
   475.550         116.173    503.237       0.008       1.000               14.301               0.000               0.000          -11.702             4456.413              0.38764 
   476.550         116.158    503.523       0.008       1.000               14.327               0.000               0.000          -11.729             4470.740              0.38764 
   477.550         116.143    503.810       0.008       1.000               14.353               0.000               0.000          -11.756             4485.093              0.38764 
   478.550         116.129    504.096       0.008       1.000               14.379               0.000               0.000          -11.783             4499.472              0.38764 
   479.550         116.114    504.382       0.008       1.000               14.404               0.000               0.000          -11.809             4513.876              0.38764 
   480.550         116.099    504.667       0.008       1.000               14.430               0.000               0.000          -11.836             4528.306              0.38764 
   481.550         116.085    504.953       0.008       1.000               14.456               0.000               0.000          -11.863             4542.762              0.38764 
   482.550         116.070    505.238       0.008       1.000               14.482               0.000               0.000          -11.890             4557.245              0.38764 
   483.550         116.055    505.523       0.008       1.000               14.508               0.000               0.000          -11.917             4571.753              0.38764 
   484.550         116.041    505.807       0.008       1.000               14.534               0.000               0.000          -11.944             4586.287              0.38764 
   485.550         116.026    506.092       0.008       1.000               14.560               0.000               0.000          -11.971             4600.846              0.38764 
   486.550         116.012    506.376       0.008       1.000               14.586               0.000               0.000          -11.998             4615.432              0.38764 
   487.550         115.997    506.660       0.008       1.000               14.612               0.000               0.000          -12.025             4630.044              0.38764 
   488.550         115.983    506.944       0.008       1.000               14.638               0.000               0.000          -12.052             4644.682              0.38764 
   489.550         115.968    507.227       0.008       1.000               14.664               0.000               0.000          -12.079             4659.347              0.38764 
   490.550         115.954    507.510       0.008       1.000               14.690               0.000               0.000          -12.106             4674.037              0.38764 
   491.550         115.939    507.793       0.008       1.000               14.717               0.000               0.000          -12.133             4688.754              0.38764 
   492.550         115.925    508.076       0.008       1.000               14.743               0.000               0.000          -12.160             4703.496              0.38764 
   493.550         115.910    508.358       0.008       1.000               14.769               0.000               0.000          -12.187             4718.265              0.38764 
   494.550         115.896    508.641       0.008       1.000               14.795               0.000               0.000          -12.214             4733.060              0.38764 
   495.550         115.882    508.923       0.008       1.000               14.821               0.000               0.000          -12.241             4747.882              0.38764 
   496.550         115.867    509.205       0.008       1.000               14.848               0.000               0.000          -12.268             4762.730              0.38764 
   497.550         115.853    509.486       0.008       1.000               14.874               0.000               0.000          -12.296             4777.604              0.38764 
   498.550         115.839    509.767       0.008       1.000               14.901               0.000               0.000          -12.323             4792.504              0.38764 
   499.550         115.824    510.049       0.008       1.000               14.927               0.000               0.000          -12.350             4807.431              0.38764 
   500.550         115.810    510.329       0.008       1.000               14.953               0.000               0.000          -12.377             4822.384              0.38764 
   501.550         115.796    510.610       0.008       1.000               14.980               0.000               0.000          -12.405             4837.364              0.38764 
   502.550         115.781    510.891       0.008       1.000               15.006               0.000               0.000          -12.432             4852.370              0.38764 
   503.550         115.767    511.171       0.008       1.000               15.033               0.000               0.000          -12.459             4867.403              0.38764 
   504.550         115.753    511.451       0.008       1.000               15.059               0.000               0.000          -12.487             4882.462              0.38764 
   505.550         115.739    511.730       0.008       1.000               15.086               0.000               0.000          -12.514             4897.548              0.38764 
   506.550         115.724    512.010       0.008       1.000               15.112               0.000               0.000          -12.541             4912.661              0.38764 
   507.550         115.710    512.289       0.008       1.000               15.139               0.000               0.000          -12.569             4927.800              0.38764 
   508.550         115.696    512.568       0.008       1.000               15.166               0.000               0.000          -12.596             4942.965              0.38764 
   509.550         115.682    512.847       0.008       1.000               15.192               0.000               0.000          -12.624             4958.158              0.38764 
   510.550         115.668    513.126       0.008       1.000               15.219               0.000               0.000          -12.651             4973.377              0.38764 
   511.550         115.654    513.404       0.008       1.000               15.246               0.000               0.000          -12.679             4988.623              0.38764 
   512.550         115.639    513.683       0.008       1.000               15.273               0.000               0.000          -12.706             5003.895              0.38764 
   513.550         115.625    513.961       0.008       1.000               15.299               0.000               0.000          -12.734             5019.195              0.38764 
   514.550         115.611    514.240       0.008       1.000               15.326               0.000               0.000          -12.761             5034.521              0.38764 
   515.550         115.597    514.518       0.008       1.000               15.353               0.000               0.000          -12.789             5049.874              0.38764 
   516.550         115.583    514.797       0.008       1.000               15.380               0.000               0.000          -12.817             5065.254              0.38764 
   517.550         115.569    515.075       0.008       1.000               15.407               0.000               0.000          -12.845             5080.661              0.38764 
   518.550         115.555    515.354       0.008       1.000               15.434               0.000               0.000          -12.872             5096.095              0.38764 
   519.550         115.541    515.632       0.008       1.000               15.461               0.000               0.000          -12.900             5111.556              0.38764 
   520.550         115.527    515.911       0.008       1.000               15.488               0.000               0.000          -12.928             5127.043              0.38764 
   521.550         115.513    516.189       0.008       1.000               15.515               0.000               0.000          -12.956             5142.558              0.38764 
   522.550         115.499    516.467       0.008       1.000               15.542               0.000               0.000          -12.984             5158.100              0.38764 
   523.550         115.485    516.746       0.008       1.000               15.569               0.000               0.000          -13.012             5173.669              0.38764 
   524.550         115.471    517.024       0.008       1.000               15.596               0.000               0.000          -13.040             5189.265              0.38764 
   525.550         115.457    517.302       0.008       1.000               15.623               0.000               0.000          -13.068             5204.888              0.38764 
   526.550         115.443    517.581       0.008       1.000               15.650               0.000               0.000          -13.097             5220.539              0.38764 
   527.550         115.430    517.859       0.008       1.000               15.678               0.000               0.000          -13.125             5236.216              0.38764 
   528.550         115.416    518.137       0.008       1.000               15.705               0.000               0.000          -13.153             5251.921              0.38764 
   529.550         115.402    518.415       0.008       1.000               15.732               0.000               0.000          -13.181             5267.653              0.38764 
   530.550         115.388    518.693       0.008       1.000               15.759               0.000               0.000          -13.210             5283.413              0.38764 
   531.550         115.374    518.971       0.008       1.000               15.787               0.000               0.000          -13.238             5299.199              0.38764 
   532.550         115.360    519.249       0.008       1.000               15.814               0.000               0.000          -13.266             5315.014              0.38764 
   533.550         115.347    519.527       0.008       1.000               15.842               0.000               0.000          -13.295             5330.855              0.38764 
   534.550         115.333    519.805       0.008       1.000               15.869               0.000               0.000          -13.323             5346.724              0.38764 
   535.550         115.319    520.083       0.008       1.000               15.896               0.000               0.000          -13.352             5362.620              0.38764 
   536.550         115.305    520.361       0.008       1.000               15.924               0.000               0.000          -13.380             5378.544              0.38764 
   537.550         115.292    520.639       0.008       1.000               15.951               0.000               0.000          -13.409             5394.495              0.38764 
   538.550         115.278    520.917       0.008       1.000               15.979               0.000               0.000          -13.438             5410.474              0.38764 
   539.550         115.264    521.194       0.008       1.000               16.006               0.000               0.000          -13.466             5426.481              0.38764 
   540.550         115.251    521.472       0.008       1.000               16.034               0.000               0.000          -13.495             5442.515              0.38764 
   541.550         115.237    521.750       0.008       1.000               16.062               0.000               0.000          -13.524             5458.576              0.38764 
   542.550         115.223    522.027       0.008       1.000               16.089               0.000               0.000          -13.553             5474.666              0.38764 
   543.550         115.210    522.305       0.008       1.000               16.117               0.000               0.000          -13.582             5490.783              0.38764 
   544.550         115.196    522.582       0.008       1.000               16.145               0.000               0.000          -13.611             5506.927              0.38764 
   545.550         115.182    522.860       0.008       1.000               16.172               0.000               0.000          -13.639             5523.100              0.38764 
   546.550         115.169    523.137       0.008       1.000               16.200               0.000               0.000          -13.668             5539.300              0.38764 
   547.550         115.155    523.414       0.008       1.000               16.228               0.000               0.000          -13.697             5555.528              0.38764 
   548.550         115.142    523.692       0.008       1.000               16.256               0.000               0.000          -13.727             5571.784              0.38764 
   549.550         115.128    523.969       0.008       1.000               16.284               0.000               0.000          -13.756             5588.068              0.38764 
   550.550         115.114    524.246       0.008       1.000               16.312               0.000               0.000          -13.785             5604.379              0.38764 
   551.550         115.101    524.523       0.008       1.000               16.340               0.000               0.000          -13.814             5620.719              0.38764 
   552.550         115.087    524.800       0.008       1.000               16.368               0.000               0.000          -13.843             5637.086              0.38764 
   553.550         115.074    525.077       0.008       1.000               16.396               0.000               0.000          -13.872             5653.482              0.38764 
   554.550         115.060    525.354       0.008       1.000               16.424               0.000               0.000          -13.902             5669.905              0.38764 
   555.550         115.047    525.631       0.008       1.000               16.452               0.000               0.000          -13.931             5686.357              0.38764 
   556.550         115.034    525.908       0.008       1.000               16.480               0.000               0.000          -13.961             5702.837              0.38764 
   557.550         115.020    526.184       0.008       1.000               16.508               0.000               0.000          -13.990             5719.345              0.38764 
   558.550         115.007    526.461       0.008       1.000               16.536               0.000               0.000          -14.019             5735.881              0.38764 
   559.550         114.993    526.737       0.008       1.000               16.564               0.000               0.000          -14.049             5752.445              0.38764 
   560.550         114.980    527.014       0.008       1.000               16.592               0.000               0.000          -14.078             5769.037              0.38764 
   561.550         114.966    527.290       0.008       1.000               16.621               0.000               0.000          -14.108             5785.658              0.38764 
   562.550         114.953    527.567       0.008       1.000               16.649               0.000               0.000          -14.138             5802.307              0.38764 
   563.550         114.940    527.843       0.008       1.000               16.677               0.000               0.000          -14.167             5818.984              0.38764 
   564.550         114.926    528.119       0.008       1.000               16.706               0.000               0.000          -14.197             5835.690              0.38764 
   565.550         114.913    528.395       0.008       1.000               16.734               0.000               0.000          -14.227             5852.424              0.38764 
   566.550         114.900    528.671       0.008       1.000               16.762               0.000               0.000          -14.257             5869.186              0.38764 
   567.550         114.886    528.947       0.008       1.000               16.791               0.000               0.000          -14.286             5885.977              0.38764 
   568.550         114.873    529.223       0.008       1.000               16.819               0.000               0.000          -14.316             5902.796              0.38764 
   569.550         114.860    529.499       0.008       1.000               16.848               0.000               0.000          -14.346             5919.644              0.38764 
   570.550         114.846    529.775       0.008       1.000               16.876               0.000               0.000          -14.376             5936.521              0.38764 
   571.550         114.833    530.051       0.008       1.000               16.905               0.000               0.000          -14.406             5953.426              0.38764 
   572.550         114.820    530.326       0.008       1.000               16.934               0.000               0.000          -14.436             5970.359              0.38764 
   573.550         114.807    530.602       0.008       1.000               16.962               0.000               0.000          -14.466             5987.321              0.38764 
   574.550         114.793    530.877       0.008       1.000               16.991               0.000               0.000          -14.496             6004.312              0.38764 
   575.550         114.780    531.153       0.008       1.000               17.020               0.000               0.000          -14.526             6021.332              0.38764 
   576.550         114.767    531.428       0.008       1.000               17.048               0.000               0.000          -14.556             6038.380              0.38764 
   577.550         114.754    531.703       0.008       1.000               17.077               0.000               0.000          -14.587             6055.457              0.38764 
   578.550         114.741    531.978       0.008       1.000               17.106               0.000               0.000          -14.617             6072.563              0.38764 
   579.550         114.728    532.253       0.008       1.000               17.135               0.000               0.000          -14.647             6089.698              0.38764 
   580.550         114.714    532.528       0.008       1.000               17.164               0.000               0.000          -14.678             6106.862              0.38764 
   581.550         114.701    532.803       0.008       1.000               17.193               0.000               0.000          -14.708             6124.055              0.38764 
   582.550         114.688    533.078       0.008       1.000               17.222               0.000               0.000          -14.738             6141.276              0.38764 
   583.550         114.675    533.353       0.008       1.000               17.251               0.000               0.000          -14.769             6158.527              0.38764 
   584.550         114.662    533.628       0.008       1.000               17.280               0.000               0.000          -14.799             6175.806              0.38764 
   585.550         114.649    533.902       0.008       1.000               17.309               0.000               0.000          -14.830             6193.115              0.38764 
   586.550         114.636    534.177       0.008       1.000               17.338               0.000               0.000          -14.860             6210.453              0.38764 
   587.550         114.623    534.451       0.008       1.000               17.367               0.000               0.000          -14.891             6227.820              0.38764 
   588.550         114.610    534.726       0.008       1.000               17.396               0.000               0.000          -14.921             6245.216              0.38764 
   589.550         114.596    535.000       0.008       1.000               17.425               0.000               0.000          -14.952             6262.641              0.38764 
   590.550         114.583    535.275       0.008       1.000               17.455               0.000               0.000          -14.983             6280.096              0.38764 
   591.550         114.570    535.549       0.008       1.000               17.484               0.000               0.000          -15.014             6297.579              0.38764 
   592.550         114.557    535.824       0.008       1.000               17.513               0.000               0.000          -15.044             6315.093              0.38764 
   593.550         114.544    536.098       0.008       1.000               17.543               0.000               0.000          -15.075             6332.635              0.38764 
   594.550         114.531    536.372       0.008       1.000               17.572               0.000               0.000          -15.106             6350.207              0.38764 
   595.550         114.518    536.647       0.008       1.000               17.601               0.000               0.000          -15.137             6367.808              0.38764 
   596.550         114.505    536.921       0.008       1.000               17.631               0.000               0.000          -15.168             6385.439              0.38764 
   597.550         114.492    537.195       0.008       1.000               17.660               0.000               0.000          -15.199             6403.099              0.38764 
   598.550         114.480    537.469       0.008       1.000               17.690               0.000               0.000          -15.230             6420.789              0.38764 
   599.550         114.467    537.743       0.008       1.000               17.719               0.000               0.000          -15.261             6438.508              0.38764 
   600.550         114.454    538.017       0.008       1.000               17.749               0.000               0.000          -15.292             6456.257              0.38764 
   601.550         114.441    538.291       0.008       1.000               17.779               0.000               0.000          -15.324             6474.036              0.38764 
   602.550         114.428    538.565       0.008       1.000               17.808               0.000               0.000          -15.355             6491.844              0.38764 
   603.550         114.415    538.839       0.008       1.000               17.838               0.000               0.000          -15.386             6509.682              0.38764 
   604.550         114.402    539.112       0.008       1.000               17.868               0.000               0.000          -15.417             6527.550              0.38764 
   605.550         114.389    539.386       0.008       1.000               17.898               0.000               0.000          -15.449             6545.448              0.38764 
   606.550         114.376    539.660       0.008       1.000               17.927               0.000               0.000          -15.480             6563.375              0.38764 
   607.550         114.363    539.934       0.008       1.000               17.957               0.000               0.000          -15.512             6581.333              0.38764 
   608.550         114.351    540.207       0.008       1.000               17.987               0.000               0.000          -15.543             6599.320              0.38764 
   609.550         114.338    540.481       0.008       1.000               18.017               0.000               0.000          -15.575             6617.337              0.38764 
   610.550         114.325    540.754       0.008       1.000               18.047               0.000               0.000          -15.606             6635.385              0.38764 
   611.550         114.312    541.028       0.008       1.000               18.077               0.000               0.000          -15.638             6653.462              0.38764 
   612.550         114.299    541.301       0.008       1.000               18.107               0.000               0.000          -15.670             6671.569              0.38764 
   613.550         114.286    541.574       0.008       1.000               18.137               0.000               0.000          -15.701             6689.707              0.38764 
   614.550         114.274    541.848       0.008       1.000               18.168               0.000               0.000          -15.733             6707.874              0.38764 
   615.550         114.261    542.121       0.008       1.000               18.198               0.000               0.000          -15.765             6726.072              0.38764 
   616.550         114.248    542.394       0.008       1.000               18.228               0.000               0.000          -15.797             6744.301              0.38764 
   617.550         114.235    542.667       0.008       1.000               18.258               0.000               0.000          -15.828             6762.559              0.38764 
   618.550         114.223    542.940       0.008       1.000               18.289               0.000               0.000          -15.860             6780.848              0.38764 
   619.550         114.210    543.213       0.008       1.000               18.319               0.000               0.000          -15.892             6799.167              0.38764 
   620.550         114.197    543.486       0.008       1.000               18.350               0.000               0.000          -15.924             6817.516              0.38764 
   621.550         114.184    543.759       0.008       1.000               18.380               0.000               0.000          -15.956             6835.896              0.38764 
   622.550         114.172    544.032       0.008       1.000               18.411               0.000               0.000          -15.988             6854.307              0.38764 
   623.550         114.159    544.304       0.008       1.000               18.441               0.000               0.000          -16.020             6872.748              0.38764 
   624.550         114.146    544.577       0.008       1.000               18.472               0.000               0.000          -16.053             6891.220              0.38764 
   625.550         114.133    544.850       0.008       1.000               18.502               0.000               0.000          -16.085             6909.722              0.38764 
   626.550         114.121    545.122       0.008       1.000               18.533               0.000               0.000          -16.117             6928.255              0.38764 
   627.550         114.108    545.395       0.008       1.000               18.564               0.000               0.000          -16.149             6946.819              0.38764 
   628.550         114.095    545.668       0.008       1.000               18.594               0.000               0.000          -16.182             6965.413              0.38764 
   629.550         114.083    545.940       0.008       1.000               18.625               0.000               0.000          -16.214             6984.039              0.38764 
   630.550         114.070    546.212       0.008       1.000               18.656               0.000               0.000          -16.246             7002.695              0.38764 
   631.550         114.057    546.485       0.008       1.000               18.687               0.000               0.000          -16.279             7021.382              0.38764 
   632.550         114.045    546.757       0.008       1.000               18.718               0.000               0.000          -16.311             7040.100              0.38764 
   633.550         114.032    547.029       0.008       1.000               18.749               0.000               0.000          -16.344             7058.849              0.38764 
   634.550         114.019    547.302       0.008       1.000               18.780               0.000               0.000          -16.377             7077.629              0.38764 
   635.550         114.007    547.574       0.008       1.000               18.811               0.000               0.000          -16.409             7096.440              0.38764 
   636.550         113.994    547.846       0.008       1.000               18.842               0.000               0.000          -16.442             7115.283              0.38764 
   637.550         113.982    548.118       0.008       1.000               18.873               0.000               0.000          -16.474             7134.156              0.38764 
   638.550         113.969    548.390       0.008       1.000               18.905               0.000               0.000          -16.507             7153.061              0.38764 
   639.550         113.956    548.662       0.008       1.000               18.936               0.000               0.000          -16.540             7171.997              0.38764 
   640.550         113.944    548.934       0.008       1.000               18.967               0.000               0.000          -16.573             7190.964              0.38764 
   641.550         113.931    549.206       0.008       1.000               18.999               0.000               0.000          -16.606             7209.963              0.38764 
   642.550         113.919    549.477       0.008       1.000               19.030               0.000               0.000          -16.639             7228.993              0.38764 
   643.550         113.906    549.749       0.008       1.000               19.062               0.000               0.000          -16.672             7248.054              0.38764 
   644.550         113.893    550.021       0.008       1.000               19.093               0.000               0.000          -16.705             7267.148              0.38764 
   645.550         113.881    550.292       0.008       1.000               19.125               0.000               0.000          -16.738             7286.272              0.38764 
   646.550         113.868    550.564       0.008       1.000               19.156               0.000               0.000          -16.771             7305.428              0.38764 
   647.550         113.856    550.836       0.008       1.000               19.188               0.000               0.000          -16.804             7324.616              0.38764 
   648.550         113.843    551.107       0.008       1.000               19.220               0.000               0.000          -16.837             7343.836              0.38764 
   649.550         113.831    551.379       0.008       1.000               19.251               0.000               0.000          -16.870             7363.088              0.38764 
   650.550         113.818    551.650       0.008       1.000               19.283               0.000               0.000          -16.904             7382.371              0.38764 
   651.550         113.806    551.922       0.008       1.000               19.315               0.000               0.000          -16.937             7401.686              0.38764 
   652.550         113.793    552.193       0.008       1.000               19.347               0.000               0.000          -16.970             7421.033              0.38764 
   653.550         113.781    552.464       0.008       1.000               19.379               0.000               0.000          -17.004             7440.412              0.38764 
   654.550         113.768    552.735       0.008       1.000               19.411               0.000               0.000          -17.037             7459.823              0.38764 
   655.550         113.756    553.007       0.008       1.000               19.443               0.000               0.000          -17.071             7479.267              0.38764 
   656.550         113.743    553.278       0.008       1.000               19.475               0.000               0.000          -17.104             7498.742              0.38764 
   657.550         113.731    553.549       0.008       1.000               19.508               0.000               0.000          -17.138             7518.249              0.38764 
   658.550         113.718    553.820       0.008       1.000               19.540               0.000               0.000          -17.171             7537.789              0.38764 
   659.550         113.706    554.091       0.008       1.000               19.572               0.000               0.000          -17.205             7557.361              0.38764 
   660.550         113.693    554.361       0.008       1.000               19.604               0.000               0.000          -17.239             7576.966              0.38764 
   661.550         113.681    554.632       0.008       1.000               19.637               0.000               0.000          -17.272             7596.602              0.38764 
   662.550         113.668    554.902       0.008       1.000               19.669               0.000               0.000          -17.306             7616.272              0.38764 
   663.550         113.656    555.173       0.008       1.000               19.702               0.000               0.000          -17.340             7635.974              0.38764 
   664.550         113.643    555.443       0.008       1.000               19.734               0.000               0.000          -17.374             7655.708              0.38764 
   665.550         113.631    555.713       0.008       1.000               19.767               0.000               0.000          -17.408             7675.475              0.38764 
   666.550         113.618    555.983       0.008       1.000               19.800               0.000               0.000          -17.441             7695.275              0.38764 
   667.550         113.606    556.253       0.008       1.000               19.832               0.000               0.000          -17.475             7715.107              0.38764 
   668.550         113.593    556.523       0.008       1.000               19.865               0.000               0.000          -17.509             7734.973              0.38764 
   669.550         113.581    556.792       0.008       1.000               19.898               0.000               0.000          -17.543             7754.871              0.38764 
   670.550         113.569    557.062       0.008       1.000               19.931               0.000               0.000          -17.577             7774.802              0.38764 
   671.550         113.556    557.331       0.008       1.000               19.964               0.000               0.000          -17.611             7794.766              0.38764 
   672.550         113.544    557.601       0.008       1.000               19.997               0.000               0.000          -17.645             7814.763              0.38764 
   673.550         113.531    557.870       0.008       1.000               20.030               0.000               0.000          -17.680             7834.794              0.38764 
   674.550         113.519    558.139       0.008       1.000               20.063               0.000               0.000          -17.714             7854.857              0.38764 
   675.550         113.506    558.408       0.008       1.000               20.097               0.000               0.000          -17.748             7874.954              0.38764 
   676.550         113.494    558.677       0.008       1.000               20.130               0.000               0.000          -17.782             7895.084              0.38764 
   677.550         113.481    558.946       0.008       1.000               20.163               0.000               0.000          -17.817             7915.247              0.38764 
   678.550         113.469    559.215       0.008       1.000               20.197               0.000               0.000          -17.851             7935.444              0.38764 
   679.550         113.457    559.484       0.008       1.000               20.230               0.000               0.000          -17.885             7955.674              0.38764 
   680.550         113.444    559.753       0.008       1.000               20.264               0.000               0.000          -17.920             7975.938              0.38764 
   681.550         113.432    560.021       0.008       1.000               20.297               0.000               0.000          -17.954             7996.235              0.38764 
   682.550         113.419    560.290       0.008       1.000               20.331               0.000               0.000          -17.989             8016.566              0.38764 
   683.550         113.407    560.558       0.008       1.000               20.365               0.000               0.000          -18.023             8036.931              0.38764 
   684.550         113.395    560.827       0.008       1.000               20.399               0.000               0.000          -18.058             8057.330              0.38764 
   685.550         113.382    561.095       0.008       1.000               20.432               0.000               0.000          -18.092             8077.762              0.38764 
   686.550         113.370    561.363       0.008       1.000               20.466               0.000               0.000          -18.127             8098.229              0.38764 
   687.550         113.357    561.632       0.008       1.000               20.500               0.000               0.000          -18.162             8118.729              0.38764 
   688.550         113.345    561.900       0.008       1.000               20.535               0.000               0.000          -18.196             8139.264              0.38764 
   689.550         113.332    562.168       0.008       1.000               20.569               0.000               0.000          -18.231             8159.832              0.38764 
   690.550         113.320    562.436       0.008       1.000               20.603               0.000               0.000          -18.266             8180.435              0.38764 
   691.550         113.308    562.704       0.008       1.000               20.637               0.000               0.000          -18.301             8201.072              0.38764 
   692.550         113.295    562.972       0.008       1.000               20.671               0.000               0.000          -18.336             8221.743              0.38764 
   693.550         113.283    563.240       0.008       1.000               20.706               0.000               0.000          -18.371             8242.449              0.38764 
   694.550         113.270    563.508       0.008       1.000               20.740               0.000               0.000          -18.406             8263.190              0.38764 
   695.550         113.258    563.776       0.008       1.000               20.775               0.000               0.000          -18.441             8283.965              0.38764 
   696.550         113.246    564.044       0.008       1.000               20.810               0.000               0.000          -18.476             8304.774              0.38764 
   697.550         113.233    564.312       0.008       1.000               20.844               0.000               0.000          -18.511             8325.618              0.38764 
   698.550         113.221    564.579       0.008       1.000               20.879               0.000               0.000          -18.546             8346.497              0.38764 
   699.550         113.208    564.847       0.008       1.000               20.914               0.000               0.000          -18.581             8367.411              0.38764 
   700.550         113.196    565.115       0.008       1.000               20.949               0.000               0.000          -18.617             8388.360              0.38764 
   701.550         113.184    565.383       0.008       1.000               20.984               0.000               0.000          -18.652             8409.344              0.38764 
   702.550         113.171    565.651       0.008       1.000               21.019               0.000               0.000          -18.687             8430.363              0.38764 
   703.550         113.159    565.918       0.008       1.000               21.054               0.000               0.000          -18.723             8451.417              0.38764 
   704.550         113.146    566.186       0.008       1.000               21.089               0.000               0.000          -18.758             8472.506              0.38764 
   705.550         113.134    566.454       0.008       1.000               21.125               0.000               0.000          -18.794             8493.630              0.38764 
   706.550         113.121    566.722       0.008       1.000               21.160               0.000               0.000          -18.829             8514.790              0.38764 
   707.550         113.109    566.989       0.008       1.000               21.195               0.000               0.000          -18.865             8535.985              0.38764 
   708.550         113.097    567.257       0.008       1.000               21.231               0.000               0.000          -18.901             8557.216              0.38764 
   709.550         113.084    567.525       0.008       1.000               21.266               0.000               0.000          -18.936             8578.483              0.38764 
   710.550         113.072    567.793       0.008       1.000               21.302               0.000               0.000          -18.972             8599.785              0.38764 
   711.550         113.059    568.060       0.008       1.000               21.338               0.000               0.000          -19.008             8621.123              0.38764 
   712.550         113.047    568.328       0.008       1.000               21.374               0.000               0.000          -19.044             8642.497              0.38764 
   713.550         113.035    568.596       0.008       1.000               21.410               0.000               0.000          -19.080             8663.906              0.38764 
   714.550         113.022    568.864       0.008       1.000               21.446               0.000               0.000          -19.116             8685.352              0.38764 
   715.550         113.010    569.132       0.008       1.000               21.482               0.000               0.000          -19.152             8706.834              0.38764 
   716.550         112.997    569.400       0.008       1.000               21.518               0.000               0.000          -19.188             8728.352              0.38764 
   717.550         112.985    569.668       0.008       1.000               21.554               0.000               0.000          -19.224             8749.906              0.38764 
   718.550         112.972    569.936       0.008       1.000               21.591               0.000               0.000          -19.260             8771.496              0.38764 
   719.550         112.960    570.204       0.008       1.000               21.627               0.000               0.000          -19.297             8793.124              0.38764 
   720.550         112.947    570.472       0.008       1.000               21.664               0.000               0.000          -19.333             8814.787              0.38764 
   721.550         112.935    570.740       0.008       1.000               21.700               0.000               0.000          -19.369             8836.487              0.38764 
   722.550         112.923    571.008       0.008       1.000               21.737               0.000               0.000          -19.406             8858.224              0.38764 
   723.550         112.910    571.276       0.008       1.000               21.774               0.000               0.000          -19.442             8879.998              0.38764 
   724.550         112.898    571.545       0.008       1.000               21.810               0.000               0.000          -19.479             8901.808              0.38764 
   725.550         112.885    571.813       0.008       1.000               21.847               0.000               0.000          -19.516             8923.656              0.38764 
   726.550         112.873    572.082       0.008       1.000               21.885               0.000               0.000          -19.552             8945.540              0.38764 
   727.550         112.860    572.350       0.008       1.000               21.922               0.000               0.000          -19.589             8967.462              0.38764 
   728.550         112.848    572.619       0.008       1.000               21.959               0.000               0.000          -19.626             8989.421              0.38764 
   729.550         112.835    572.887       0.008       1.000               21.996               0.000               0.000          -19.663             9011.417              0.38764 
   730.550         112.823    573.156       0.008       1.000               22.034               0.000               0.000          -19.700             9033.451              0.38764 
   731.550         112.810    573.425       0.008       1.000               22.071               0.000               0.000          -19.737             9055.522              0.38764 
   732.550         112.798    573.694       0.008       1.000               22.109               0.000               0.000          -19.774             9077.630              0.38764 
   733.550         112.785    573.962       0.008       1.000               22.146               0.000               0.000          -19.811             9099.777              0.38764 
   734.550         112.773    574.231       0.008       1.000               22.184               0.000               0.000          -19.848             9121.961              0.38764 
   735.550         112.760    574.499       0.008       1.000               22.222               0.000               0.000          -19.885             9144.183              0.38764 
   736.550         112.748    574.768       0.008       1.000               22.260               0.000               0.000          -19.922             9166.443              0.38764 
   737.550         112.735    575.036       0.008       1.000               22.298               0.000               0.000          -19.959             9188.742              0.38764 
   738.550         112.723    575.305       0.008       1.000               22.336               0.000               0.000          -19.997             9211.078              0.38764 
   739.550         112.710    575.573       0.008       1.000               22.375               0.000               0.000          -20.034             9233.453              0.38764 
   740.550         112.698    575.841       0.008       1.000               22.413               0.000               0.000          -20.072             9255.866              0.38764 
   741.550         112.685    576.110       0.008       1.000               22.452               0.000               0.000          -20.109             9278.317              0.38764 
   742.550         112.672    576.378       0.008       1.000               22.490               0.000               0.000          -20.147             9300.807              0.38764 
   743.550         112.660    576.647       0.008       1.000               22.529               0.000               0.000          -20.184             9323.336              0.38764 
   744.550         112.647    576.915       0.008       1.000               22.568               0.000               0.000          -20.222             9345.904              0.38764 
   745.550         112.635    577.183       0.008       1.000               22.607               0.000               0.000          -20.259             9368.511              0.38764 
   746.550         112.622    577.452       0.008       1.000               22.646               0.000               0.000          -20.297             9391.156              0.38764 
   747.550         112.609    577.720       0.008       1.000               22.685               0.000               0.000          -20.335             9413.841              0.38764 
   748.550         112.597    577.989       0.008       1.000               22.724               0.000               0.000          -20.373             9436.565              0.38764 
   749.550         112.584    578.257       0.008       1.000               22.763               0.000               0.000          -20.411             9459.328              0.38764 
   750.550         112.572    578.526       0.008       1.000               22.803               0.000               0.000          -20.449             9482.131              0.38764 
   751.550         112.559    578.794       0.008       1.000               22.842               0.000               0.000          -20.487             9504.973              0.38764 
   752.550         112.546    579.063       0.008       1.000               22.882               0.000               0.000          -20.525             9527.855              0.38764 
   753.550         112.534    579.332       0.008       1.000               22.922               0.000               0.000          -20.563             9550.777              0.38764 
   754.550         112.521    579.601       0.008       1.000               22.962               0.000               0.000          -20.601             9573.738              0.38764 
   755.550         112.508    579.869       0.008       1.000               23.002               0.000               0.000          -20.639             9596.740              0.38764 
   756.550         112.496    580.138       0.008       1.000               23.042               0.000               0.000          -20.678             9619.781              0.38764 
   757.550         112.483    580.407       0.008       1.000               23.082               0.000               0.000          -20.716             9642.863              0.38764 
   758.550         112.470    580.676       0.008       1.000               23.122               0.000               0.000          -20.754             9665.986              0.38764 
   759.550         112.458    580.946       0.008       1.000               23.163               0.000               0.000          -20.793             9689.148              0.38764 
   760.550         112.445    581.215       0.008       1.000               23.203               0.000               0.000          -20.832             9712.352              0.38764 
   761.550         112.432    581.484       0.008       1.000               23.244               0.000               0.000          -20.870             9735.596              0.38764 
   762.550         112.420    581.754       0.008       1.000               23.285               0.000               0.000          -20.909             9758.881              0.38764 
   763.550         112.407    582.024       0.008       1.000               23.326               0.000               0.000          -20.948             9782.206              0.38764 
   764.550         112.394    582.293       0.008       1.000               23.367               0.000               0.000          -20.987             9805.573              0.38764 
   765.550         112.381    582.563       0.008       1.000               23.408               0.000               0.000          -21.025             9828.981              0.38764 
   766.550         112.369    582.833       0.008       1.000               23.449               0.000               0.000          -21.064             9852.431              0.38764 
   767.550         112.356    583.103       0.008       1.000               23.491               0.000               0.000          -21.104             9875.922              0.38764 
   768.550         112.343    583.374       0.008       1.000               23.532               0.000               0.000          -21.143             9899.454              0.38764 
   769.550         112.330    583.644       0.008       1.000               23.574               0.000               0.000          -21.182             9923.028              0.38764 
   770.550         112.317    583.915       0.008       1.000               23.616               0.000               0.000          -21.221             9946.644              0.38764 
   771.550         112.305    584.185       0.008       1.000               23.658               0.000               0.000          -21.261             9970.302              0.38764 
   772.550         112.292    584.456       0.008       1.000               23.700               0.000               0.000          -21.300             9994.001              0.38764 
   773.550         112.279    584.728       0.008       1.000               23.742               0.000               0.000          -21.340            10017.743              0.38764 
   774.550         112.266    584.999       0.008       1.000               23.784               0.000               0.000          -21.379            10041.528              0.38764 
   775.550         112.253    585.270       0.008       1.000               23.827               0.000               0.000          -21.419            10065.355              0.38764 
   776.550         112.240    585.542       0.008       1.000               23.870               0.000               0.000          -21.459            10089.225              0.38764 
   777.550         112.227    585.814       0.008       1.000               23.912               0.000               0.000          -21.499            10113.137              0.38764 
   778.550         112.214    586.086       0.008       1.000               23.955               0.000               0.000          -21.539            10137.092              0.38764 
   779.550         112.201    586.358       0.008       1.000               23.998               0.000               0.000          -21.579            10161.090              0.38764 
   780.550         112.189    586.631       0.008       1.000               24.041               0.000               0.000          -21.619            10185.131              0.38764 
   781.550         112.176    586.903       0.008       1.000               24.085               0.000               0.000          -21.659            10209.216              0.38764 
   782.550         112.163    587.176       0.008       1.000               24.128               0.000               0.000          -21.699            10233.344              0.38764 
   783.550         112.150    587.449       0.008       1.000               24.172               0.000               0.000          -21.740            10257.516              0.38764 
   784.550         112.137    587.723       0.008       1.000               24.215               0.000               0.000          -21.780            10281.731              0.38764 
   785.550         112.124    587.996       0.008       1.000               24.259               0.000               0.000          -21.821            10305.990              0.38764 
   786.550         112.111    588.270       0.008       1.000               24.303               0.000               0.000          -21.861            10330.293              0.38764 
   787.550         112.098    588.544       0.008       1.000               24.347               0.000               0.000          -21.902            10354.641              0.38764 
   788.550         112.085    588.819       0.008       1.000               24.392               0.000               0.000          -21.943            10379.032              0.38764 
   789.550         112.071    589.093       0.008       1.000               24.436               0.000               0.000          -21.984            10403.469              0.38764 
   790.550         112.058    589.368       0.008       1.000               24.481               0.000               0.000          -22.025            10427.949              0.38764 
   791.550         112.045    589.644       0.008       1.000               24.526               0.000               0.000          -22.066            10452.475              0.38764 
   792.550         112.032    589.919       0.008       1.000               24.570               0.000               0.000          -22.107            10477.045              0.38764 
   793.550         112.019    590.195       0.008       1.000               24.615               0.000               0.000          -22.149            10501.661              0.38764 
   794.550         112.006    590.471       0.008       1.000               24.661               0.000               0.000          -22.190            10526.322              0.38764 
   795.550         111.993    590.747       0.008       1.000               24.706               0.000               0.000          -22.232            10551.028              0.38764 
   796.550         111.980    591.024       0.008       1.000               24.752               0.000               0.000          -22.273            10575.779              0.38764 
   797.550         111.966    591.301       0.008       1.000               24.797               0.000               0.000          -22.315            10600.577              0.38764 
   798.550         111.953    591.578       0.008       1.000               24.843               0.000               0.000          -22.357            10625.420              0.38764 
   799.550         111.940    591.856       0.008       1.000               24.889               0.000               0.000          -22.399            10650.309              0.38764 
   800.550         111.927    592.134       0.008       1.000               24.935               0.000               0.000          -22.441            10675.244              0.38764 
   801.550         111.914    592.412       0.008       1.000               24.982               0.000               0.000          -22.483            10700.226              0.38764 
   802.550         111.900    592.690       0.008       1.000               25.028               0.000               0.000          -22.525            10725.254              0.38764 
   803.550         111.887    592.969       0.008       1.000               25.075               0.000               0.000          -22.568            10750.329              0.38764 
   804.550         111.874    593.249       0.008       1.000               25.122               0.000               0.000          -22.610            10775.451              0.38764 
   805.550         111.860    593.528       0.008       1.000               25.169               0.000               0.000          -22.653            10800.620              0.38764 
   806.550         111.847    593.808       0.008       1.000               25.216               0.000               0.000          -22.696            10825.836              0.38764 
   807.550         111.834    594.089       0.008       1.000               25.263               0.000               0.000          -22.739            10851.099              0.38764 
   808.550         111.820    594.369       0.008       1.000               25.311               0.000               0.000          -22.782            10876.410              0.38764 
   809.550         111.807    594.650       0.008       1.000               25.359               0.000               0.000          -22.825            10901.769              0.38764 
   810.550         111.794    594.932       0.008       1.000               25.406               0.000               0.000          -22.868            10927.175              0.38764 
   811.550         111.780    595.213       0.008       1.000               25.455               0.000               0.000          -22.911            10952.630              0.38764 
   812.550         111.767    595.496       0.008       1.000               25.503               0.000               0.000          -22.955            10978.132              0.38764 
   813.550         111.753    595.778       0.008       1.000               25.551               0.000               0.000          -22.998            11003.684              0.38764 
   814.550         111.740    596.061       0.008       1.000               25.600               0.000               0.000          -23.042            11029.284              0.38764 
   815.550         111.726    596.344       0.008       1.000               25.649               0.000               0.000          -23.086            11054.932              0.38764 
   816.550         111.713    596.628       0.008       1.000               25.698               0.000               0.000          -23.130            11080.630              0.38764 
   817.550         111.699    596.912       0.008       1.000               25.747               0.000               0.000          -23.174            11106.376              0.38764 
   818.550         111.686    597.197       0.008       1.000               25.796               0.000               0.000          -23.218            11132.173              0.38764 
   819.550         111.672    597.482       0.008       1.000               25.846               0.000               0.000          -23.262            11158.018              0.38764 
   820.550         111.658    597.767       0.008       1.000               25.896               0.000               0.000          -23.307            11183.914              0.38764 
   821.550         111.645    598.053       0.008       1.000               25.945               0.000               0.000          -23.351            11209.859              0.38764 
   822.550         111.631    598.340       0.008       1.000               25.996               0.000               0.000          -23.396            11235.855              0.38764 
   823.550         111.617    598.626       0.008       1.000               26.046               0.000               0.000          -23.441            11261.901              0.38764 
   824.550         111.604    598.914       0.008       1.000               26.096               0.000               0.000          -23.486            11287.997              0.38764 
   825.550         111.590    599.201       0.008       1.000               26.147               0.000               0.000          -23.531            11314.144              0.38764 
   826.550         111.576    599.489       0.008       1.000               26.198               0.000               0.000          -23.576            11340.342              0.38764 
   827.550         111.562    599.778       0.008       1.000               26.249               0.000               0.000          -23.621            11366.591              0.38764 
   828.550         111.549    600.067       0.008       1.000               26.301               0.000               0.000          -23.667            11392.892              0.38764 
   829.550         111.535    600.357       0.008       1.000               26.352               0.000               0.000          -23.713            11419.244              0.38764 
   830.550         111.521    600.647       0.008       1.000               26.404               0.000               0.000          -23.758            11445.648              0.38764 
   831.550         111.507    600.938       0.008       1.000               26.456               0.000               0.000          -23.804            11472.103              0.38764 
   832.550         111.493    601.229       0.008       1.000               26.508               0.000               0.000          -23.850            11498.611              0.38764 
   833.550         111.479    601.520       0.008       1.000               26.560               0.000               0.000          -23.897            11525.171              0.38764 
   834.550         111.466    601.813       0.008       1.000               26.613               0.000               0.000          -23.943            11551.784              0.38764 
   835.550         111.452    602.105       0.008       1.000               26.666               0.000               0.000          -23.990            11578.450              0.38764 
   836.550         111.438    602.398       0.008       1.000               26.719               0.000               0.000          -24.036            11605.169              0.38764 
   837.550         111.424    602.692       0.008       1.000               26.772               0.000               0.000          -24.083            11631.941              0.38764 
   838.550         111.410    602.986       0.008       1.000               26.826               0.000               0.000          -24.130            11658.767              0.38764 
   839.550         111.396    603.281       0.008       1.000               26.879               0.000               0.000          -24.177            11685.646              0.38764 
   840.550         111.382    603.577       0.008       1.000               26.933               0.000               0.000          -24.225            11712.579              0.38764 
   841.550         111.367    603.873       0.008       1.000               26.987               0.000               0.000          -24.272            11739.567              0.38764 
   842.550         111.353    604.169       0.008       1.000               27.042               0.000               0.000          -24.320            11766.608              0.38764 
   843.550         111.339    604.466       0.008       1.000               27.096               0.000               0.000          -24.368            11793.705              0.38764 
   844.550         111.325    604.764       0.008       1.000               27.151               0.000               0.000          -24.416            11820.856              0.38764 
   845.550         111.311    605.062       0.008       1.000               27.206               0.000               0.000          -24.464            11848.063              0.38764 
   846.550         111.297    605.361       0.008       1.000               27.262               0.000               0.000          -24.512            11875.324              0.38764 
   847.550         111.282    605.661       0.008       1.000               27.317               0.000               0.000          -24.561            11902.641              0.38764 
   848.550         111.268    605.961       0.008       1.000               27.373               0.000               0.000          -24.609            11930.015              0.38764 
   849.550         111.254    606.262       0.008       1.000               27.429               0.000               0.000          -24.658            11957.444              0.38764 
   850.550         111.240    606.563       0.008       1.000               27.486               0.000               0.000          -24.707            11984.930              0.38764 
   851.550         111.225    606.865       0.008       1.000               27.542               0.000               0.000          -24.756            12012.472              0.38764 
   852.550         111.211    607.168       0.008       1.000               27.599               0.000               0.000          -24.805            12040.071              0.38764 
   853.550         111.196    607.471       0.008       1.000               27.656               0.000               0.000          -24.855            12067.726              0.38764 
   854.550         111.182    607.775       0.008       1.000               27.713               0.000               0.000          -24.905            12095.440              0.38764 
   855.550         111.167    608.080       0.008       1.000               27.771               0.000               0.000          -24.955            12123.211              0.38764 
   856.550         111.153    608.385       0.008       1.000               27.829               0.000               0.000          -25.005            12151.039              0.38764 
   857.550         111.138    608.691       0.008       1.000               27.887               0.000               0.000          -25.055            12178.926              0.38764 
   858.550         111.124    608.998       0.008       1.000               27.945               0.000               0.000          -25.105            12206.871              0.38764 
   859.550         111.109    609.305       0.008       1.000               28.004               0.000               0.000          -25.156            12234.875              0.38764 
   860.550         111.095    609.613       0.008       1.000               28.063               0.000               0.000          -25.207            12262.938              0.38764 
   861.550         111.080    609.922       0.008       1.000               28.122               0.000               0.000          -25.258            12291.060              0.38764 
   862.550         111.065    610.231       0.008       1.000               28.181               0.000               0.000          -25.309            12319.241              0.38764 
   863.550         111.051    610.541       0.008       1.000               28.241               0.000               0.000          -25.360            12347.482              0.38764 
   864.550         111.036    610.852       0.008       1.000               28.301               0.000               0.000          -25.412            12375.783              0.38764 
   865.550         111.021    611.164       0.008       1.000               28.361               0.000               0.000          -25.464            12404.144              0.38764 
   866.550         111.007    611.476       0.008       1.000               28.422               0.000               0.000          -25.516            12432.566              0.38764 
   867.550         110.992    611.789       0.008       1.000               28.483               0.000               0.000          -25.568            12461.049              0.38764 
   868.550         110.977    612.103       0.008       1.000               28.544               0.000               0.000          -25.620            12489.593              0.38764 
   869.550         110.962    612.418       0.008       1.000               28.605               0.000               0.000          -25.673            12518.198              0.38764 
   870.550         110.947    612.733       0.008       1.000               28.667               0.000               0.000          -25.726            12546.865              0.38764 
   871.550         110.932    613.049       0.008       1.000               28.729               0.000               0.000          -25.779            12575.594              0.38764 
   872.550         110.917    613.366       0.008       1.000               28.791               0.000               0.000          -25.832            12604.385              0.38764 
   873.550         110.902    613.684       0.008       1.000               28.854               0.000               0.000          -25.886            12633.239              0.38764 
   874.550         110.887    614.003       0.008       1.000               28.917               0.000               0.000          -25.939            12662.155              0.38764 
   875.550         110.872    614.322       0.008       1.000               28.980               0.000               0.000          -25.993            12691.135              0.38764 
   876.550         110.857    614.642       0.008       1.000               29.043               0.000               0.000          -26.047            12720.179              0.38764 
   877.550         110.842    614.963       0.008       1.000               29.107               0.000               0.000          -26.102            12749.286              0.38764 
   878.550         110.827    615.285       0.008       1.000               29.171               0.000               0.000          -26.156            12778.458              0.38764 
   879.550         110.811    615.608       0.008       1.000               29.236               0.000               0.000          -26.211            12807.693              0.38764 
   880.550         110.796    615.932       0.008       1.000               29.300               0.000               0.000          -26.266            12836.994              0.38764 
   881.550         110.781    616.256       0.008       1.000               29.366               0.000               0.000          -26.321            12866.359              0.38764 
   882.550         110.766    616.581       0.008       1.000               29.431               0.000               0.000          -26.377            12895.791              0.38764 
   883.550         110.750    616.908       0.008       1.000               29.497               0.000               0.000          -26.433            12925.287              0.38764 
   884.550         110.735    617.235       0.008       1.000               29.563               0.000               0.000          -26.489            12954.850              0.38764 
   885.550         110.720    617.563       0.008       1.000               29.629               0.000               0.000          -26.545            12984.480              0.38764 
   886.550         110.704    617.892       0.008       1.000               29.696               0.000               0.000          -26.601            13014.175              0.38764 
   887.550         110.689    618.222       0.008       1.000               29.763               0.000               0.000          -26.658            13043.938              0.38764 
   888.550         110.673    618.552       0.008       1.000               29.830               0.000               0.000          -26.715            13073.769              0.38764 
   889.550         110.658    618.884       0.008       1.000               29.898               0.000               0.000          -26.772            13103.667              0.38764 
   890.550         110.642    619.217       0.008       1.000               29.966               0.000               0.000          -26.830            13133.633              0.38764 
   891.550         110.626    619.550       0.008       1.000               30.035               0.000               0.000          -26.887            13163.668              0.38764 
   892.550         110.611    619.885       0.008       1.000               30.103               0.000               0.000          -26.945            13193.771              0.38764 
   893.550         110.595    620.220       0.008       1.000               30.172               0.000               0.000          -27.004            13223.944              0.38764 
   894.550         110.579    620.557       0.008       1.000               30.242               0.000               0.000          -27.062            13254.186              0.38764 
   895.550         110.564    620.894       0.008       1.000               30.312               0.000               0.000          -27.121            13284.498              0.38764 
   896.550         110.548    621.232       0.008       1.000               30.382               0.000               0.000          -27.180            13314.880              0.38764 
   897.550         110.532    621.572       0.008       1.000               30.453               0.000               0.000          -27.239            13345.333              0.38764 
   898.550         110.516    621.912       0.008       1.000               30.524               0.000               0.000          -27.299            13375.857              0.38764 
   899.550         110.500    622.254       0.008       1.000               30.595               0.000               0.000          -27.359            13406.452              0.38764 
   900.550         110.484    622.596       0.008       1.000               30.667               0.000               0.000          -27.419            13437.119              0.38764 
   901.550         110.468    622.940       0.008       1.000               30.739               0.000               0.000          -27.479            13467.858              0.38764 
   902.550         110.452    623.284       0.008       1.000               30.811               0.000               0.000          -27.540            13498.669              0.38764 
   903.550         110.436    623.630       0.008       1.000               30.884               0.000               0.000          -27.601            13529.553              0.38764 
   904.550         110.420    623.976       0.008       1.000               30.958               0.000               0.000          -27.662            13560.511              0.38764 
   905.550         110.404    624.324       0.008       1.000               31.031               0.000               0.000          -27.724            13591.542              0.38764 
   906.550         110.387    624.673       0.008       1.000               31.105               0.000               0.000          -27.786            13622.647              0.38764 
   907.550         110.371    625.022       0.008       1.000               31.180               0.000               0.000          -27.848            13653.827              0.38764 
   908.550         110.355    625.373       0.008       1.000               31.255               0.000               0.000          -27.910            13685.081              0.38764 
   909.550         110.339    625.725       0.008       1.000               31.330               0.000               0.000          -27.973            13716.411              0.38764 
   910.550         110.322    626.079       0.008       1.000               31.405               0.000               0.000          -28.036            13747.817              0.38764 
   911.550         110.306    626.433       0.008       1.000               31.481               0.000               0.000          -28.099            13779.298              0.38764 
   912.550         110.289    626.788       0.008       1.000               31.558               0.000               0.000          -28.163            13810.856              0.38764 
   913.550         110.273    627.145       0.008       1.000               31.635               0.000               0.000          -28.227            13842.491              0.38764 
   914.550         110.256    627.503       0.008       1.000               31.712               0.000               0.000          -28.291            13874.203              0.38764 
   915.550         110.240    627.861       0.008       1.000               31.790               0.000               0.000          -28.356            13905.993              0.38764 
   916.550         110.223    628.221       0.008       1.000               31.868               0.000               0.000          -28.421            13937.862              0.38764 
   917.550         110.207    628.583       0.008       1.000               31.947               0.000               0.000          -28.486            13969.808              0.38764 
   918.550         110.190    628.945       0.008       1.000               32.026               0.000               0.000          -28.551            14001.834              0.38764 
   919.550         110.173    629.309       0.008       1.000               32.106               0.000               0.000          -28.617            14033.940              0.38764 
   920.550         110.156    629.673       0.008       1.000               32.186               0.000               0.000          -28.684            14066.126              0.38764 
   921.550         110.139    630.039       0.008       1.000               32.266               0.000               0.000          -28.750            14098.392              0.38764 
   922.550         110.123    630.407       0.008       1.000               32.347               0.000               0.000          -28.817            14130.738              0.38764 
   923.550         110.106    630.775       0.008       1.000               32.428               0.000               0.000          -28.884            14163.167              0.38764 
   924.550         110.089    631.145       0.008       1.000               32.510               0.000               0.000          -28.952            14195.677              0.38764 
   925.550         110.072    631.516       0.008       1.000               32.592               0.000               0.000          -29.020            14228.269              0.38764 
   926.550         110.055    631.888       0.008       1.000               32.675               0.000               0.000          -29.088            14260.944              0.38764 
   927.550         110.038    632.262       0.008       1.000               32.758               0.000               0.000          -29.157            14293.702              0.38764 
   928.550         110.020    632.637       0.008       1.000               32.842               0.000               0.000          -29.226            14326.545              0.38764 
   929.550         110.003    633.013       0.008       1.000               32.926               0.000               0.000          -29.295            14359.471              0.38764 
   930.550         109.986    633.390       0.008       1.000               33.011               0.000               0.000          -29.365            14392.482              0.38764 
   931.550         109.969    633.769       0.008       1.000               33.096               0.000               0.000          -29.435            14425.578              0.38764 
   932.550         109.951    634.149       0.008       1.000               33.182               0.000               0.000          -29.505            14458.760              0.38764 
   933.550         109.934    634.531       0.008       1.000               33.268               0.000               0.000          -29.576            14492.028              0.38764 
   934.550         109.916    634.913       0.008       1.000               33.355               0.000               0.000          -29.648            14525.383              0.38764 
   935.550         109.899    635.298       0.008       1.000               33.442               0.000               0.000          -29.719            14558.824              0.38764 
   936.550         109.881    635.683       0.008       1.000               33.530               0.000               0.000          -29.791            14592.354              0.38764 
   937.550         109.864    636.070       0.008       1.000               33.618               0.000               0.000          -29.864            14625.972              0.38764 
   938.550         109.846    636.458       0.008       1.000               33.707               0.000               0.000          -29.936            14659.679              0.38764 
   939.550         109.829    636.848       0.008       1.000               33.796               0.000               0.000          -30.009            14693.475              0.38764 
   940.550         109.811    637.239       0.008       1.000               33.886               0.000               0.000          -30.083            14727.360              0.38764 
   941.550         109.793    637.632       0.008       1.000               33.976               0.000               0.000          -30.157            14761.336              0.38764 
   942.550         109.775    638.026       0.008       1.000               34.066               0.000               0.000          -30.231            14795.402              0.38764 
   943.550         109.757    638.421       0.008       1.000               34.156               0.000               0.000          -30.306            14829.558              0.38764 
   944.550         109.739    638.817       0.008       1.000               34.247               0.000               0.000          -30.381            14863.805              0.38764 
   945.550         109.721    639.215       0.008       1.000               34.339               0.000               0.000          -30.457            14898.144              0.38764 
   946.550         109.703    639.615       0.008       1.000               34.431               0.000               0.000          -30.533            14932.575              0.38764 
   947.550         109.685    640.015       0.008       1.000               34.523               0.000               0.000          -30.609            14967.099              0.38764 
   948.550         109.667    640.418       0.008       1.000               34.615               0.000               0.000          -30.686            15001.714              0.38764 
   949.550         109.649    640.821       0.008       1.000               34.708               0.000               0.000          -30.763            15036.422              0.38764 
   950.550         109.631    641.226       0.008       1.000               34.802               0.000               0.000          -30.841            15071.224              0.38764 
   951.550         109.612    641.632       0.008       1.000               34.895               0.000               0.000          -30.919            15106.119              0.38764 
   952.550         109.594    642.039       0.008       1.000               34.990               0.000               0.000          -30.997            15141.109              0.38764 
   953.550         109.576    642.448       0.008       1.000               35.084               0.000               0.000          -31.076            15176.192              0.38764 
   954.550         109.557    642.858       0.008       1.000               35.178               0.000               0.000          -31.155            15211.371              0.38764 
   955.550         109.539    643.269       0.008       1.000               35.273               0.000               0.000          -31.235            15246.644              0.38764 
   956.550         109.520    643.682       0.008       1.000               35.369               0.000               0.000          -31.315            15282.013              0.38764 
   957.550         109.501    644.095       0.008       1.000               35.465               0.000               0.000          -31.395            15317.479              0.38764 
   958.550         109.483    644.511       0.008       1.000               35.562               0.000               0.000          -31.476            15353.040              0.38764 
   959.550         109.464    644.927       0.008       1.000               35.658               0.000               0.000          -31.557            15388.698              0.38764 
   960.550         109.445    645.345       0.008       1.000               35.755               0.000               0.000          -31.639            15424.454              0.38764 
   961.550         109.426    645.764       0.008       1.000               35.853               0.000               0.000          -31.721            15460.307              0.38764 
   962.550         109.408    646.184       0.008       1.000               35.951               0.000               0.000          -31.803            15496.258              0.38764 
   963.550         109.389    646.606       0.008       1.000               36.050               0.000               0.000          -31.886            15532.307              0.38764 
   964.550         109.370    647.029       0.008       1.000               36.148               0.000               0.000          -31.970            15568.456              0.38764 
   965.550         109.351    647.453       0.008       1.000               36.248               0.000               0.000          -32.053            15604.703              0.38764 
   966.550         109.331    647.878       0.008       1.000               36.347               0.000               0.000          -32.137            15641.051              0.38764 
   967.550         109.312    648.305       0.008       1.000               36.448               0.000               0.000          -32.222            15677.499              0.38764 
   968.550         109.293    648.733       0.008       1.000               36.549               0.000               0.000          -32.307            15714.047              0.38764 
   969.550         109.274    649.163       0.008       1.000               36.649               0.000               0.000          -32.392            15750.697              0.38764 
   970.550         109.254    649.593       0.008       1.000               36.751               0.000               0.000          -32.478            15787.448              0.38764 
   971.550         109.235    650.025       0.008       1.000               36.853               0.000               0.000          -32.565            15824.301              0.38764 
   972.550         109.215    650.458       0.008       1.000               36.956               0.000               0.000          -32.651            15861.256              0.38764 
   973.550         109.196    650.893       0.008       1.000               37.059               0.000               0.000          -32.738            15898.315              0.38764 
   974.550         109.176    651.329       0.008       1.000               37.162               0.000               0.000          -32.826            15935.477              0.38764 
   975.550         109.157    651.766       0.008       1.000               37.266               0.000               0.000          -32.914            15972.743              0.38764 
   976.550         109.137    652.204       0.008       1.000               37.371               0.000               0.000          -33.002            16010.114              0.38764 
   977.550         109.117    652.644       0.008       1.000               37.476               0.000               0.000          -33.091            16047.589              0.38764 
   978.550         109.097    653.085       0.008       1.000               37.581               0.000               0.000          -33.181            16085.171              0.38764 
   979.550         109.077    653.527       0.008       1.000               37.687               0.000               0.000          -33.270            16122.858              0.38764 
   980.550         109.057    653.970       0.008       1.000               37.793               0.000               0.000          -33.360            16160.651              0.38764 
   981.550         109.037    654.415       0.008       1.000               37.900               0.000               0.000          -33.451            16198.551              0.38764 
   982.550         109.017    654.862       0.008       1.000               38.008               0.000               0.000          -33.542            16236.559              0.38764 
   983.550         108.997    655.309       0.008       1.000               38.116               0.000               0.000          -33.634            16274.676              0.38764 
   984.550         108.977    655.758       0.008       1.000               38.225               0.000               0.000          -33.726            16312.900              0.38764 
   985.550         108.957    656.209       0.008       1.000               38.334               0.000               0.000          -33.818            16351.234              0.38764 
   986.550         108.936    656.661       0.008       1.000               38.443               0.000               0.000          -33.911            16389.677              0.38764 
   987.550         108.916    657.114       0.008       1.000               38.554               0.000               0.000          -34.005            16428.231              0.38764 
   988.550         108.895    657.568       0.008       1.000               38.665               0.000               0.000          -34.099            16466.896              0.38764 
   989.550         108.875    658.024       0.008       1.000               38.776               0.000               0.000          -34.193            16505.672              0.38764 
   990.550         108.854    658.481       0.008       1.000               38.888               0.000               0.000          -34.288            16544.559              0.38764 
   991.550         108.833    658.940       0.008       1.000               39.000               0.000               0.000          -34.384            16583.560              0.38764 
   992.550         108.813    659.400       0.008       1.000               39.113               0.000               0.000          -34.480            16622.673              0.38764 
   993.550         108.792    659.862       0.008       1.000               39.227               0.000               0.000          -34.576            16661.900              0.38764 
   994.550         108.771    660.325       0.008       1.000               39.341               0.000               0.000          -34.673            16701.242              0.38764 
   995.550         108.750    660.789       0.008       1.000               39.456               0.000               0.000          -34.770            16740.698              0.38764 
   996.550         108.729    661.255       0.008       1.000               39.572               0.000               0.000          -34.868            16780.269              0.38764 
   997.550         108.708    661.722       0.008       1.000               39.688               0.000               0.000          -34.967            16819.957              0.38764 
   998.550         108.687    662.190       0.008       1.000               39.805               0.000               0.000          -35.066            16859.762              0.38764 
   999.550         108.666    662.661       0.008       1.000               39.922               0.000               0.000          -35.165            16899.684              0.38764 
  1000.550         108.644    663.132       0.008       1.000               40.040               0.000               0.000          -35.265            16939.723              0.38764 
  1001.550         108.623    663.605       0.008       1.000               40.158               0.000               0.000          -35.365            16979.882              0.38764 
  1002.550         108.602    664.080       0.008       1.000               40.278               0.000               0.000          -35.466            17020.160              0.38764 
  1003.550         108.580    664.556       0.008       1.000               40.398               0.000               0.000          -35.568            17060.557              0.38764 
  1004.550         108.559    665.033       0.008       1.000               40.518               0.000               0.000          -35.670            17101.075              0.38764 
  1005.550         108.537    665.512       0.008       1.000               40.639               0.000               0.000          -35.773            17141.715              0.38764 
  1006.550         108.515    665.993       0.008       1.000               40.761               0.000               0.000          -35.876            17182.476              0.38764 
  1007.550         108.493    666.475       0.008       1.000               40.884               0.000               0.000          -35.980            17223.360              0.38764 
  1008.550         108.472    666.958       0.008       1.000               41.007               0.000               0.000          -36.084            17264.367              0.38764 
  1009.550         108.450    667.443       0.008       1.000               41.131               0.000               0.000          -36.189            17305.498              0.38764 
  1010.550         108.428    667.930       0.008       1.000               41.256               0.000               0.000          -36.294            17346.754              0.38764 
  1011.550         108.406    668.418       0.008       1.000               41.381               0.000               0.000          -36.400            17388.135              0.38764 
  1012.550         108.383    668.908       0.008       1.000               41.507               0.000               0.000          -36.507            17429.642              0.38764 
  1013.550         108.361    669.399       0.008       1.000               41.634               0.000               0.000          -36.614            17471.276              0.38764 
  1014.550         108.339    669.892       0.008       1.000               41.762               0.000               0.000          -36.721            17513.038              0.38764 
  1015.550         108.317    670.387       0.008       1.000               41.890               0.000               0.000          -36.830            17554.928              0.38764 
  1016.550         108.294    670.883       0.008       1.000               42.019               0.000               0.000          -36.939            17596.947              0.38764 
  1017.550         108.272    671.381       0.008       1.000               42.149               0.000               0.000          -37.048            17639.095              0.38764 
  1018.550         108.249    671.880       0.008       1.000               42.279               0.000               0.000          -37.158            17681.374              0.38764 
  1019.550         108.226    672.381       0.008       1.000               42.410               0.000               0.000          -37.269            17723.785              0.38764 
  1020.550         108.204    672.884       0.008       1.000               42.542               0.000               0.000          -37.380            17766.327              0.38764 
  1021.550         108.181    673.388       0.008       1.000               42.675               0.000               0.000          -37.492            17809.002              0.38764 
  1022.550         108.158    673.895       0.008       1.000               42.809               0.000               0.000          -37.605            17851.811              0.38764 
  1023.550         108.135    674.403       0.008       1.000               42.943               0.000               0.000          -37.718            17894.754              0.38764 
  1024.550         108.112    674.912       0.008       1.000               43.078               0.000               0.000          -37.832            17937.833              0.38764 
  1025.550         108.089    675.424       0.008       1.000               43.214               0.000               0.000          -37.946            17981.047              0.38764 
  1026.550         108.066    675.937       0.008       1.000               43.351               0.000               0.000          -38.061            18024.398              0.38764 
  1027.550         108.042    676.453       0.008       1.000               43.489               0.000               0.000          -38.177            18067.887              0.38764 
  1028.550         108.019    676.970       0.008       1.000               43.627               0.000               0.000          -38.294            18111.515              0.38764 
  1029.550         107.996    677.489       0.008       1.000               43.767               0.000               0.000          -38.411            18155.281              0.38764 
  1030.550         107.972    678.010       0.008       1.000               43.907               0.000               0.000          -38.529            18199.188              0.38764 
  1031.550         107.948    678.532       0.008       1.000               44.048               0.000               0.000          -38.648            18243.236              0.38764 
  1032.550         107.925    679.057       0.008       1.000               44.190               0.000               0.000          -38.767            18287.426              0.38764 
  1033.550         107.901    679.584       0.008       1.000               44.333               0.000               0.000          -38.887            18331.758              0.38764 
  1034.550         107.877    680.112       0.008       1.000               44.476               0.000               0.000          -39.008            18376.235              0.38764 
  1035.550         107.853    680.642       0.008       1.000               44.621               0.000               0.000          -39.129            18420.856              0.38764 
  1036.550         107.829    681.175       0.008       1.000               44.766               0.000               0.000          -39.251            18465.622              0.38764 
  1037.550         107.805    681.709       0.008       1.000               44.913               0.000               0.000          -39.374            18510.534              0.38764 
  1038.550         107.781    682.245       0.008       1.000               45.060               0.000               0.000          -39.498            18555.594              0.38764 
  1039.550         107.757    682.784       0.008       1.000               45.208               0.000               0.000          -39.622            18600.802              0.38764 
  1040.550         107.732    683.324       0.008       1.000               45.357               0.000               0.000          -39.748            18646.160              0.38764 
  1041.550         107.708    683.866       0.008       1.000               45.507               0.000               0.000          -39.874            18691.667              0.38764 
  1042.550         107.683    684.411       0.008       1.000               45.658               0.000               0.000          -40.000            18737.325              0.38764 
  1043.550         107.659    684.957       0.008       1.000               45.810               0.000               0.000          -40.128            18783.135              0.38764 
  1044.550         107.634    685.505       0.008       1.000               45.963               0.000               0.000          -40.256            18829.099              0.38764 
  1045.550         107.609    686.056       0.008       1.000               46.117               0.000               0.000          -40.385            18875.216              0.38764 
  1046.550         107.584    686.609       0.008       1.000               46.272               0.000               0.000          -40.515            18921.488              0.38764 
  1047.550         107.559    687.163       0.008       1.000               46.428               0.000               0.000          -40.646            18967.916              0.38764 
  1048.550         107.534    687.720       0.008       1.000               46.585               0.000               0.000          -40.777            19014.501              0.38764 
  1049.550         107.509    688.279       0.008       1.000               46.743               0.000               0.000          -40.910            19061.244              0.38764 
  1050.550         107.484    688.840       0.008       1.000               46.902               0.000               0.000          -41.043            19108.146              0.38764 
  1051.550         107.459    689.403       0.008       1.000               47.062               0.000               0.000          -41.177            19155.208              0.38764 
  1052.550         107.433    689.969       0.008       1.000               47.223               0.000               0.000          -41.312            19202.430              0.38764 
  1053.550         107.408    690.536       0.008       1.000               47.385               0.000               0.000          -41.447            19249.816              0.38764 
  1054.550         107.382    691.106       0.008       1.000               47.548               0.000               0.000          -41.584            19297.364              0.38764 
  1055.550         107.357    691.678       0.008       1.000               47.712               0.000               0.000          -41.721            19345.076              0.38764 
  1056.550         107.331    692.253       0.008       1.000               47.878               0.000               0.000          -41.860            19392.954              0.38764 
  1057.550         107.305    692.829       0.008       1.000               48.044               0.000               0.000          -41.999            19440.998              0.38764 
  1058.550         107.279    693.408       0.008       1.000               48.212               0.000               0.000          -42.139            19489.210              0.38764 
  1059.550         107.253    693.989       0.008       1.000               48.380               0.000               0.000          -42.280            19537.590              0.38764 
  1060.550         107.227    694.573       0.008       1.000               48.550               0.000               0.000          -42.422            19586.141              0.38764 
  1061.550         107.201    695.160       0.008       1.000               48.721               0.000               0.000          -42.565            19634.862              0.38764 
  1062.550         107.174    695.750       0.008       1.000               48.893               0.000               0.000          -42.709            19683.755              0.38764 
  1063.550         107.148    696.342       0.008       1.000               49.066               0.000               0.000          -42.854            19732.821              0.38764 
  1064.550         107.122    696.937       0.008       1.000               49.241               0.000               0.000          -43.000            19782.062              0.38764 
  1065.550         107.095    697.534       0.008       1.000               49.416               0.000               0.000          -43.147            19831.478              0.38764 
  1066.550         107.068    698.135       0.008       1.000               49.593               0.000               0.000          -43.295            19881.071              0.38764 
  1067.550         107.041    698.738       0.008       1.000               49.771               0.000               0.000          -43.445            19930.842              0.38764 
  1068.550         107.015    699.344       0.008       1.000               49.950               0.000               0.000          -43.595            19980.792              0.38764 
  1069.550         106.988    699.953       0.008       1.000               50.130               0.000               0.000          -43.746            20030.923              0.38764 
  1070.550         106.961    700.564       0.008       1.000               50.312               0.000               0.000          -43.899            20081.235              0.38764 
  1071.550         106.933    701.178       0.008       1.000               50.495               0.000               0.000          -44.052            20131.730              0.38764 
  1072.550         106.906    701.796       0.008       1.000               50.679               0.000               0.000          -44.207            20182.409              0.38764 
  1073.550         106.879    702.416       0.008       1.000               50.864               0.000               0.000          -44.363            20233.273              0.38764 
  1074.550         106.851    703.038       0.008       1.000               51.051               0.000               0.000          -44.520            20284.324              0.38764 
  1075.550         106.824    703.664       0.008       1.000               51.239               0.000               0.000          -44.678            20335.563              0.38764 
  1076.550         106.796    704.293       0.008       1.000               51.428               0.000               0.000          -44.837            20386.992              0.38764 
  1077.550         106.768    704.924       0.008       1.000               51.619               0.000               0.000          -44.998            20438.610              0.38764 
  1078.550         106.740    705.559       0.008       1.000               51.811               0.000               0.000          -45.159            20490.421              0.38764 
  1079.550         106.712    706.196       0.008       1.000               52.004               0.000               0.000          -45.322            20542.425              0.38764 
  1080.550         106.684    706.837       0.008       1.000               52.198               0.000               0.000          -45.486            20594.623              0.38764 
  1081.550         106.656    707.480       0.008       1.000               52.394               0.000               0.000          -45.651            20647.018              0.38764 
  1082.550         106.628    708.126       0.008       1.000               52.592               0.000               0.000          -45.818            20699.609              0.38764 
  1083.550         106.599    708.775       0.008       1.000               52.790               0.000               0.000          -45.986            20752.400              0.38764 
  1084.550         106.571    709.428       0.008       1.000               52.990               0.000               0.000          -46.154            20805.390              0.38764 
  1085.550         106.542    710.083       0.008       1.000               53.192               0.000               0.000          -46.325            20858.582              0.38764 
  1086.550         106.514    710.741       0.008       1.000               53.395               0.000               0.000          -46.496            20911.977              0.38764 
  1087.550         106.485    711.403       0.008       1.000               53.599               0.000               0.000          -46.669            20965.576              0.38764 
  1088.550         106.456    712.067       0.008       1.000               53.805               0.000               0.000          -46.843            21019.381              0.38764 
  1089.550         106.427    712.735       0.008       1.000               54.012               0.000               0.000          -47.018            21073.393              0.38764 
  1090.550         106.398    713.405       0.008       1.000               54.221               0.000               0.000          -47.194            21127.614              0.38764 
  1091.550         106.369    714.081       0.008       1.000               54.431               0.000               0.000          -47.372            21182.045              0.38764 
  1092.550         106.339    714.762       0.008       1.000               54.643               0.000               0.000          -47.552            21236.688              0.38764 
  1093.550         106.310    715.449       0.008       1.000               54.856               0.000               0.000          -47.734            21291.544              0.38764 
  1094.550         106.280    716.143       0.008       1.000               55.071               0.000               0.000          -47.918            21346.614              0.38764 
  1095.550         106.251    716.842       0.008       1.000               55.287               0.000               0.000          -48.104            21401.901              0.38764 
  1096.550         106.221    717.547       0.008       1.000               55.505               0.000               0.000          -48.292            21457.406              0.38764 
  1097.550         106.191    718.258       0.008       1.000               55.724               0.000               0.000          -48.482            21513.130              0.38764 
  1098.550         106.161    718.976       0.008       1.000               55.945               0.000               0.000          -48.674            21569.075              0.38764 
  1099.550         106.131    719.699       0.008       1.000               56.168               0.000               0.000          -48.869            21625.243              0.38764 
  1100.550         106.101    720.428       0.008       1.000               56.392               0.000               0.000          -49.066            21681.634              0.38764 
  1101.550         106.070    721.164       0.008       1.000               56.617               0.000               0.000          -49.265            21738.252              0.38764 
  1102.550         106.040    721.905       0.008       1.000               56.845               0.000               0.000          -49.467            21795.097              0.38764 
  1103.550         106.009    722.653       0.008       1.000               57.074               0.000               0.000          -49.671            21852.171              0.38764 
  1104.550         105.979    723.407       0.008       1.000               57.305               0.000               0.000          -49.877            21909.475              0.38764 
  1105.550         105.948    724.167       0.008       1.000               57.537               0.000               0.000          -50.085            21967.012              0.38764 
  1106.550         105.917    724.933       0.008       1.000               57.771               0.000               0.000          -50.296            22024.783              0.38764 
  1107.550         105.886    725.705       0.008       1.000               58.007               0.000               0.000          -50.509            22082.790              0.38764 
  1108.550         105.855    726.484       0.008       1.000               58.244               0.000               0.000          -50.725            22141.034              0.38764 
  1109.550         105.823    727.269       0.008       1.000               58.483               0.000               0.000          -50.943            22199.518              0.38764 
  1110.550         105.792    728.060       0.008       1.000               58.724               0.000               0.000          -51.163            22258.242              0.38764 
  1111.550         105.761    728.858       0.008       1.000               58.967               0.000               0.000          -51.386            22317.209              0.38764 
  1112.550         105.729    729.662       0.008       1.000               59.212               0.000               0.000          -51.612            22376.421              0.38764 
  1113.550         105.697    730.472       0.008       1.000               59.458               0.000               0.000          -51.840            22435.879              0.38764 
  1114.550         105.665    731.289       0.008       1.000               59.706               0.000               0.000          -52.071            22495.585              0.38764 
  1115.550         105.633    732.112       0.008       1.000               59.956               0.000               0.000          -52.304            22555.541              0.38764 
  1116.550         105.601    732.942       0.008       1.000               60.208               0.000               0.000          -52.540            22615.749              0.38764 
  1117.550         105.569    733.778       0.008       1.000               60.461               0.000               0.000          -52.778            22676.210              0.38764 
  1118.550         105.537    734.617       0.008       1.000               60.717               0.000               0.000          -53.020            22736.927              0.38764 
  1119.550         105.504    735.458       0.008       1.000               60.974               0.000               0.000          -53.263            22797.901              0.38764 
  1120.550         105.472    736.303       0.008       1.000               61.234               0.000               0.000          -53.507            22859.135              0.38764 
  1121.550         105.439    737.150       0.008       1.000               61.495               0.000               0.000          -53.753            22920.630              0.38764 
  1122.550         105.406    737.999       0.008       1.000               61.758               0.000               0.000          -54.001            22982.388              0.38764 
  1123.550         105.373    738.852       0.008       1.000               62.023               0.000               0.000          -54.250            23044.411              0.38764 
  1124.550         105.340    739.707       0.008       1.000               62.290               0.000               0.000          -54.501            23106.702              0.38764 
  1125.550         105.307    740.566       0.008       1.000               62.560               0.000               0.000          -54.754            23169.261              0.38764 
  1126.550         105.274    741.427       0.008       1.000               62.831               0.000               0.000          -55.009            23232.092              0.38764 
  1127.550         105.240    742.291       0.008       1.000               63.104               0.000               0.000          -55.265            23295.196              0.38764 
  1128.550         105.207    743.159       0.008       1.000               63.379               0.000               0.000          -55.523            23358.576              0.38764 
  1129.550         105.173    744.029       0.008       1.000               63.657               0.000               0.000          -55.783            23422.232              0.38764 
  1130.550         105.139    744.903       0.008       1.000               63.936               0.000               0.000          -56.045            23486.168              0.38764 
  1131.550         105.105    745.779       0.008       1.000               64.218               0.000               0.000          -56.309            23550.386              0.38764 
  1132.550         105.071    746.659       0.008       1.000               64.501               0.000               0.000          -56.574            23614.887              0.38764 
  1133.550         105.037    747.542       0.008       1.000               64.787               0.000               0.000          -56.842            23679.675              0.38764 
  1134.550         105.002    748.428       0.008       1.000               65.075               0.000               0.000          -57.111            23744.750              0.38764 
  1135.550         104.968    749.318       0.008       1.000               65.365               0.000               0.000          -57.383            23810.115              0.38764 
  1136.550         104.933    750.211       0.008       1.000               65.658               0.000               0.000          -57.656            23875.773              0.38764 
  1137.550         104.898    751.107       0.008       1.000               65.952               0.000               0.000          -57.931            23941.725              0.38764 
  1138.550         104.864    752.007       0.008       1.000               66.249               0.000               0.000          -58.208            24007.974              0.38764 
  1139.550         104.828    752.910       0.008       1.000               66.548               0.000               0.000          -58.488            24074.523              0.38764 
  1140.550         104.793    753.817       0.008       1.000               66.850               0.000               0.000          -58.769            24141.373              0.38764 
  1141.550         104.758    754.726       0.008       1.000               67.153               0.000               0.000          -59.053            24208.526              0.38764 
  1142.550         104.723    755.637       0.008       1.000               67.460               0.000               0.000          -59.338            24275.986              0.38764 
  1143.550         104.687    756.551       0.008       1.000               67.768               0.000               0.000          -59.626            24343.753              0.38764 
  1144.550         104.651    757.467       0.008       1.000               68.079               0.000               0.000          -59.914            24411.832              0.38764 
  1145.550         104.615    758.386       0.008       1.000               68.392               0.000               0.000          -60.205            24480.224              0.38764 
  1146.550         104.579    759.307       0.008       1.000               68.707               0.000               0.000          -60.498            24548.932              0.38764 
  1147.550         104.543    760.231       0.008       1.000               69.025               0.000               0.000          -60.792            24617.957              0.38764 
  1148.550         104.507    761.158       0.008       1.000               69.346               0.000               0.000          -61.089            24687.303              0.38764 
  1149.550         104.471    762.088       0.008       1.000               69.669               0.000               0.000          -61.387            24756.972              0.38764 
  1150.550         104.434    763.020       0.008       1.000               69.994               0.000               0.000          -61.688            24826.966              0.38764 
  1151.550         104.397    763.955       0.008       1.000               70.322               0.000               0.000          -61.990            24897.289              0.38764 
  1152.550         104.360    764.893       0.008       1.000               70.653               0.000               0.000          -62.294            24967.942              0.38764 
  1153.550         104.323    765.834       0.008       1.000               70.986               0.000               0.000          -62.601            25038.928              0.38764 
  1154.550         104.286    766.778       0.008       1.000               71.322               0.000               0.000          -62.910            25110.249              0.38764 
  1155.550         104.249    767.725       0.008       1.000               71.660               0.000               0.000          -63.220            25181.910              0.38764 
  1156.550         104.212    768.675       0.008       1.000               72.001               0.000               0.000          -63.533            25253.911              0.38764 
  1157.550         104.174    769.629       0.008       1.000               72.345               0.000               0.000          -63.848            25326.255              0.38764 
  1158.550         104.136    770.586       0.008       1.000               72.691               0.000               0.000          -64.166            25398.947              0.38764 
  1159.550         104.098    771.546       0.008       1.000               73.040               0.000               0.000          -64.486            25471.987              0.38764 
  1160.550         104.060    772.509       0.008       1.000               73.392               0.000               0.000          -64.808            25545.379              0.38764 
  1161.550         104.022    773.476       0.008       1.000               73.747               0.000               0.000          -65.132            25619.125              0.38764 
  1162.550         103.984    774.446       0.008       1.000               74.104               0.000               0.000          -65.458            25693.229              0.38764 
  1163.550         103.945    775.419       0.008       1.000               74.464               0.000               0.000          -65.787            25767.694              0.38764 
  1164.550         103.907    776.396       0.008       1.000               74.827               0.000               0.000          -66.119            25842.521              0.38764 
  1165.550         103.868    777.375       0.008       1.000               75.193               0.000               0.000          -66.452            25917.714              0.38764 
  1166.550         103.829    778.358       0.008       1.000               75.562               0.000               0.000          -66.789            25993.277              0.38764 
  1167.550         103.790    779.345       0.008       1.000               75.934               0.000               0.000          -67.127            26069.211              0.38764 
  1168.550         103.751    780.335       0.008       1.000               76.309               0.000               0.000          -67.468            26145.520              0.38764 
  1169.550         103.711    781.328       0.008       1.000               76.687               0.000               0.000          -67.811            26222.206              0.38764 
  1170.550         103.672    782.325       0.008       1.000               77.067               0.000               0.000          -68.157            26299.274              0.38764 
  1171.550         103.632    783.325       0.008       1.000               77.451               0.000               0.000          -68.506            26376.725              0.38764 
  1172.550         103.592    784.329       0.008       1.000               77.838               0.000               0.000          -68.857            26454.563              0.38764 
  1173.550         103.552    785.337       0.008       1.000               78.228               0.000               0.000          -69.211            26532.791              0.38764 
  1174.550         103.512    786.349       0.008       1.000               78.621               0.000               0.000          -69.567            26611.413              0.38764 
  1175.550         103.472    787.364       0.008       1.000               79.018               0.000               0.000          -69.926            26690.431              0.38764 
  1176.550         103.431    788.383       0.008       1.000               79.417               0.000               0.000          -70.288            26769.848              0.38764 
  1177.550         103.390    789.406       0.008       1.000               79.820               0.000               0.000          -70.652            26849.668              0.38764 
  1178.550         103.349    790.433       0.008       1.000               80.226               0.000               0.000          -71.020            26929.895              0.38764 
  1179.550         103.308    791.464       0.008       1.000               80.636               0.000               0.000          -71.390            27010.531              0.38764 
  1180.550         103.267    792.499       0.008       1.000               81.049               0.000               0.000          -71.763            27091.579              0.38764 
  1181.550         103.226    793.538       0.008       1.000               81.465               0.000               0.000          -72.139            27173.044              0.38764 
  1182.550         103.184    794.581       0.008       1.000               81.884               0.000               0.000          -72.518            27254.928              0.38764 
  1183.550         103.143    795.628       0.008       1.000               82.307               0.000               0.000          -72.900            27337.235              0.38764 
  1184.550         103.101    796.679       0.008       1.000               82.734               0.000               0.000          -73.286            27419.969              0.38764 
  1185.550         103.059    797.735       0.008       1.000               83.164               0.000               0.000          -73.674            27503.133              0.38764 
  1186.550         103.017    798.794       0.008       1.000               83.597               0.000               0.000          -74.065            27586.730              0.38764 
  1187.550         102.974    799.859       0.008       1.000               84.034               0.000               0.000          -74.459            27670.764              0.38764 
  1188.550         102.932    800.927       0.008       1.000               84.475               0.000               0.000          -74.857            27755.239              0.38764 
  1189.550         102.889    802.000       0.008       1.000               84.919               0.000               0.000          -75.258            27840.159              0.38764 
  1190.550         102.846    803.077       0.008       1.000               85.368               0.000               0.000          -75.662            27925.527              0.38764 
  1191.550         102.803    804.159       0.008       1.000               85.819               0.000               0.000          -76.069            28011.346              0.38764 
  1192.550         102.760    805.245       0.008       1.000               86.275               0.000               0.000          -76.480            28097.621              0.38764 
  1193.550         102.717    806.336       0.008       1.000               86.735               0.000               0.000          -76.894            28184.356              0.38764 
  1194.550         102.673    807.431       0.008       1.000               87.198               0.000               0.000          -77.311            28271.554              0.38764 
  1195.550         102.629    808.531       0.008       1.000               87.665               0.000               0.000          -77.732            28359.219              0.38764 
  1196.550         102.585    809.636       0.008       1.000               88.136               0.000               0.000          -78.157            28447.355              0.38764 
  1197.550         102.541    810.746       0.008       1.000               88.612               0.000               0.000          -78.585            28535.967              0.38764 
  1198.550         102.497    811.860       0.008       1.000               89.091               0.000               0.000          -79.016            28625.058              0.38764 
  1199.550         102.453    812.979       0.008       1.000               89.574               0.000               0.000          -79.452            28714.632              0.38764 
  1200.550         102.408    814.103       0.008       1.000               90.062               0.000               0.000          -79.891            28804.693              0.38764 
  1201.550         102.363    815.232       0.008       1.000               90.553               0.000               0.000          -80.333            28895.247              0.38764 
  1202.550         102.318    816.365       0.008       1.000               91.049               0.000               0.000          -80.780            28986.296              0.38764 
  1203.550         102.273    817.504       0.008       1.000               91.549               0.000               0.000          -81.230            29077.845              0.38764 
  1204.550         102.227    818.647       0.008       1.000               92.053               0.000               0.000          -81.684            29169.898              0.38764 
  1205.550         102.182    819.796       0.008       1.000               92.562               0.000               0.000          -82.142            29262.460              0.38764 
  1206.550         102.136    820.949       0.008       1.000               93.075               0.000               0.000          -82.604            29355.535              0.38764 
  1207.550         102.090    822.108       0.008       1.000               93.593               0.000               0.000          -83.070            29449.128              0.38764 
  1208.550         102.044    823.272       0.008       1.000               94.115               0.000               0.000          -83.540            29543.243              0.38764 
  1209.550         101.998    824.441       0.008       1.000               94.642               0.000               0.000          -84.014            29637.885              0.38764 
  1210.550         101.951    825.615       0.008       1.000               95.173               0.000               0.000          -84.492            29733.058              0.38764 
  1211.550         101.904    826.795       0.008       1.000               95.709               0.000               0.000          -84.975            29828.767              0.38764 
  1212.550         101.858    827.979       0.008       1.000               96.250               0.000               0.000          -85.461            29925.016              0.38764 
  1213.550         101.810    829.170       0.008       1.000               96.795               0.000               0.000          -85.952            30021.811              0.38764 
  1214.550         101.763    830.365       0.008       1.000               97.345               0.000               0.000          -86.447            30119.157              0.38764 
  1215.550         101.716    831.566       0.008       1.000               97.900               0.000               0.000          -86.947            30217.057              0.38764 
  1216.550         101.668    832.773       0.008       1.000               98.460               0.000               0.000          -87.451            30315.517              0.38764 
  1217.550         101.620    833.985       0.008       1.000               99.025               0.000               0.000          -87.960            30414.543              0.38764 
  1218.550         101.572    835.201       0.008       1.000               99.596               0.000               0.000          -88.473            30514.139              0.38764 
  1219.550         101.524    836.420       0.008       1.000              100.171               0.000               0.000          -88.990            30614.309              0.38764 
  1220.550         101.475    837.643       0.008       1.000              100.751               0.000               0.000          -89.511            30715.060              0.38764 
  1221.550         101.426    838.870       0.008       1.000              101.337               0.000               0.000          -90.036            30816.397              0.38764 
  1222.550         101.377    840.101       0.008       1.000              101.928               0.000               0.000          -90.564            30918.325              0.38764 
  1223.550         101.328    841.336       0.008       1.000              102.524               0.000               0.000          -91.097            31020.849              0.38764 
  1224.550         101.279    842.575       0.008       1.000              103.126               0.000               0.000          -91.634            31123.975              0.38764 
  1225.550         101.230    843.818       0.008       1.000              103.738               0.000               0.000          -92.175            31227.713              0.38764 
  1226.550         101.180    845.068       0.008       1.000              104.367               0.000               0.000          -92.720            31332.080              0.38764 
  1227.550         101.130    846.325       0.008       1.000              105.013               0.000               0.000          -93.271            31437.093              0.38764 
  1228.550         101.080    847.591       0.008       1.000              105.675               0.000               0.000          -93.827            31542.768              0.38764 
  1229.550         101.029    848.866       0.008       1.000              106.355               0.000               0.000          -94.389            31649.122              0.38764 
  1230.550         100.979    850.000       0.008       1.000              107.052               0.000               0.000          -94.959            31756.174              0.38764 
  1231.550         100.928    850.000       0.008       1.000              107.768               0.000               0.000          -95.467            31863.942              0.38764 
  1232.550         100.877    850.000       0.008       1.000              108.507               0.000               0.000          -95.467            31972.450              0.38764 
  1233.550         100.826    850.000       0.008       1.000              109.266               0.000               0.000          -95.467            32081.715              0.38764 
  1234.550         100.774    850.000       0.008       1.000              110.043               0.000               0.000          -95.467            32191.759              0.38764 
  1235.550         100.722    850.000       0.008       1.000              110.842               0.000               0.000          -95.467            32302.600              0.38764 
  1236.550         100.671    850.000       0.008       1.000              111.661               0.000               0.000          -95.467            32414.261              0.38764 
  1237.550         100.618    850.000       0.008       1.000              112.501               0.000               0.000          -95.467            32526.762              0.38764 
  1238.550         100.566    850.000       0.008       1.000              113.363               0.000               0.000          -95.467            32640.125              0.38764 
  1239.550         100.513    850.000       0.008       1.000              114.247               0.000               0.000          -95.467            32754.371              0.38764 
  1240.550         100.461    850.000       0.008       1.000              115.154               0.000               0.000          -95.467            32869.525              0.38764 
  1241.550         100.408    850.000       0.008       1.000              116.084               0.000               0.000          -95.467            32985.609              0.38764 
  1242.550         100.354    850.000       0.008       1.000              117.039               0.000               0.000          -95.467            33102.648              0.38764 
  1243.550         100.301    850.000       0.008       1.000              118.017               0.000               0.000          -95.467            33220.665              0.38764 
  1244.550         100.247    850.000       0.008       1.000              119.022               0.000               0.000          -95.467            33339.687              0.38764 
  1245.550         100.193    850.000       0.008       1.000              120.051               0.000               0.000          -95.467            33459.738              0.38764 
  1246.550         100.139    850.000       0.008       1.000              121.107               0.000               0.000          -95.467            33580.845              0.38764 
  1247.550         100.085    850.000       0.008       1.000              122.190               0.000               0.000          -95.467            33703.036              0.38764 
  1248.550         100.030    850.000       0.007       1.000              123.301               0.000               0.000          -95.467            33826.337              0.38764 
  1249.550          99.975    850.000       0.007       1.000              124.440               0.000               0.000          -95.467            33950.777              0.38764 
  1250.550          99.920    850.000       0.007       1.000              125.609               0.000               0.000          -95.467            34076.386              0.38764 
  1251.550          99.865    850.000       0.007       1.000              126.806               0.000               0.000          -95.467            34203.193              0.38764 
  1252.550          99.809    850.000       0.007       1.000              128.035               0.000               0.000          -95.467            34331.227              0.38764 
  1253.550          99.753    850.000       0.007       1.000              129.294               0.000               0.000          -95.467            34460.521              0.38764 
  1254.550          99.697    850.000       0.007       1.000              130.585               0.000               0.000          -95.467            34591.106              0.38764 
  1255.550          99.641    850.000       0.007       1.000              131.909               0.000               0.000          -95.467            34723.015              0.38764 
  1256.550          99.584    850.000       0.007       1.000              133.266               0.000               0.000          -95.467            34856.282              0.38764 
  1257.550          99.527    850.000       0.007       1.000              134.658               0.000               0.000          -95.467            34990.939              0.38764 
  1258.550          99.470    850.000       0.007       1.000              136.084               0.000               0.000          -95.467            35127.023              0.38764 
  1259.550          99.413    850.000       0.006       1.000              137.546               0.000               0.000          -95.467            35264.570              0.38764 
  1260.550          99.355    850.000       0.006       1.000              139.045               0.000               0.000          -95.467            35403.615              0.38764 
  1261.550          99.297    850.000       0.006       1.000              140.581               0.000               0.000          -95.467            35544.196              0.38764 
  1262.550          99.239    850.000       0.006       1.000              142.156               0.000               0.000          -95.467            35686.351              0.38764 
  1263.550          99.181    850.000       0.006       1.000              143.769               0.000               0.000          -95.467            35830.120              0.38764 
  1264.550          99.122    850.000       0.006       1.000              145.423               0.000               0.000          -95.467            35975.543              0.38764 
  1265.550          99.063    850.000       0.006       1.000              147.118               0.000               0.000          -95.467            36122.661              0.38764 
  1266.550          99.004    850.000       0.006       1.000              148.854               0.000               0.000          -95.467            36271.515              0.38764 
  1267.550          98.944    850.000       0.005       1.000              150.634               0.000               0.000          -95.467            36422.149              0.38764 
  1268.550          98.885    850.000       0.005       1.000              152.457               0.000               0.000          -95.467            36574.606              0.38764 
  1269.550          98.825    850.000       0.005       1.000              154.325               0.000               0.000          -95.467            36728.931              0.38764 
  1270.550          98.764    850.000       0.005       1.000              156.239               0.000               0.000          -95.467            36885.170              0.38764 
  1271.550          98.704    850.000       0.005       1.000              158.199               0.000               0.000          -95.467            37043.370              0.38764 
  1272.550          98.643    850.000       0.005       1.000              160.208               0.000               0.000          -95.467            37203.577              0.38764 
  1273.550          98.582    850.000       0.005       1.000              162.265               0.000               0.000          -95.467            37365.842              0.38764 
  1274.550          98.521    850.000       0.004       1.000              164.372               0.000               0.000          -95.467            37530.214              0.38764 
  1275.550          98.459    850.000       0.004       1.000              166.530               0.000               0.000          -95.467            37696.744              0.38764 
  1276.550          98.397    850.000       0.004       1.000              168.740               0.000               0.000          -95.467            37865.484              0.38764 
  1277.550          98.335    850.000       0.004       1.000              171.003               0.000               0.000          -95.467            38036.486              0.38764 
  1278.550          98.272    850.000       0.004       1.000              173.320               0.000               0.000          -95.467            38209.807              0.38764 
  1279.550          98.210    850.000       0.003       1.000              175.693               0.000               0.000          -95.467            38385.499              0.38764 
  1280.550          98.147    850.000       0.003       1.000              178.122               0.000               0.000          -95.467            38563.621              0.38764 
  1281.550          98.083    850.000       0.003       1.000              180.609               0.000               0.000          -95.467            38744.230              0.38764 
  1282.550          98.020    850.000       0.003       0.934              183.154               0.000               0.000          -95.467            38927.384              0.38764 
