#_______________________________________________________________________________
#    ######   ####     ##             #####   #####     ##    #    #    ##
#    #       #        #  #            #    #  #    #   #  #   ##  ##   #  #
#    #####    ####   ######           #    #  #####   ######  # ## #  ######
#    #            #  #    #           #    #  #    #  #    #  #    #  #    #
#____######__#####___#____#___________#####___#____#__#____#__#____#__#____#____
#
#              ESA Debris Risk Assessment and Mitigation Analysis
#
#                      ---- DRAMA ( SESAM 2.3.0 ) ----
#                                      ESA 2018 
#
#                              trajectory history file
#-------------------------------------------------------------------------------
# Filename      : PySara.EPS.c6f93ddd-13e8-4599-b4e2-9b50c6ce708d_Trajectory.txt
# RunID         : PySara
# ObjectID      : c6f93ddd-13e8-4599-b4e2-9b50c6ce708d
# ObjectName    : EPS
# Content       : This file contains the trajectory state data of the object,
#                 computed by the DRAMA 3 Re-entry Analysis.
# Documentation : DRAMA Software User Manual, section OPERATIONS MANUAL / Normal operation / SARA / SARA Simulation Output / Re-entry simulation output
#
#--------------------------------------------------------------------------------------------------------------------------------------------------------------------------------------------------------------------------------
#  Time [s]  Altitude [km]  Lat [deg]  Lon [deg]  Velocity [km/s]   Downrange [km]       Drag       Lift       Side    Knudsen       Mach  Flight Path [deg]  Heading [deg]  Density [kg/m^2]  DynPressure [Pa]   Load Factor [g]
#--------------------------------------------------------------------------------------------------------------------------------------------------------------------------------------------------------------------------------
  1370.750          90.959    -46.230    -68.191            7.672        10664.955      0.985      0.000      0.000    0.22059   27.96062           -0.74942      194.59300         2.881e-06         8.479e+01         1.380e+00 
  1370.850          90.949    -46.237    -68.194            7.671        10665.713      0.985      0.000      0.000    0.22024   27.95645           -0.74988      194.59418         2.885e-06         8.490e+01         1.381e+00 
  1371.300          90.903    -46.267    -68.205            7.665        10669.119      0.983      0.000      0.000    0.21866   27.93704           -0.75199      194.59946         2.906e-06         8.539e+01         1.387e+00 
  1372.300          90.803    -46.332    -68.229            7.651        10676.678      0.979      0.000      0.000    0.21505   27.89224           -0.75686      194.61121         2.955e-06         8.655e+01         1.399e+00 
  1373.300          90.701    -46.398    -68.254            7.638        10684.224      0.974      0.000      0.000    0.21123   27.84364           -0.76197      194.62298         3.009e-06         8.781e+01         1.413e+00 
  1374.300          90.599    -46.464    -68.279            7.624        10691.756      0.969      0.000      0.000    0.20746   27.79452           -0.76734      194.63476         3.064e-06         8.909e+01         1.427e+00 
  1375.300          90.497    -46.529    -68.304            7.610        10699.275      0.965      0.000      0.000    0.20374   27.74488           -0.77297      194.64656         3.120e-06         9.039e+01         1.441e+00 
  1376.300          90.394    -46.594    -68.328            7.596        10706.780      0.960      0.000      0.000    0.20006   27.69471           -0.77885      194.65838         3.178e-06         9.172e+01         1.455e+00 
  1377.300          90.291    -46.659    -68.353            7.582        10714.270      0.955      0.000      0.000    0.19643   27.64401           -0.78499      194.67021         3.237e-06         9.307e+01         1.469e+00 
  1378.300          90.186    -46.724    -68.378            7.567        10721.747      0.951      0.000      0.000    0.19284   27.59278           -0.79140      194.68205         3.297e-06         9.445e+01         1.483e+00 
  1379.300          90.082    -46.789    -68.403            7.553        10729.210      0.946      0.000      0.000    0.18930   27.54101           -0.79807      194.69391         3.359e-06         9.586e+01         1.498e+00 
  1380.300          89.976    -46.854    -68.427            7.538        10736.658      0.941      0.000      0.000    0.18579   27.48870           -0.80502      194.70578         3.423e-06         9.730e+01         1.512e+00 
  1381.300          89.870    -46.918    -68.452            7.523        10744.092      0.936      0.000      0.000    0.18233   27.43583           -0.81224      194.71767         3.488e-06         9.876e+01         1.527e+00 
  1382.300          89.763    -46.983    -68.477            7.508        10751.511      0.931      0.000      0.000    0.17891   27.38241           -0.81973      194.72956         3.555e-06         1.003e+02         1.542e+00 
  1383.300          89.655    -47.047    -68.501            7.493        10758.915      0.926      0.000      0.000    0.17553   27.32843           -0.82751      194.74147         3.624e-06         1.018e+02         1.557e+00 
  1384.300          89.546    -47.111    -68.526            7.478        10766.305      0.921      0.000      0.000    0.17219   27.27388           -0.83557      194.75339         3.694e-06         1.034e+02         1.573e+00 
  1385.300          89.437    -47.175    -68.551            7.463        10773.679      0.916      0.000      0.000    0.16889   27.21875           -0.84392      194.76532         3.767e-06         1.049e+02         1.588e+00 
  1386.300          89.326    -47.239    -68.576            7.447        10781.038      0.911      0.000      0.000    0.16562   27.16305           -0.85256      194.77727         3.841e-06         1.066e+02         1.604e+00 
  1387.300          89.215    -47.303    -68.600            7.431        10788.382      0.906      0.000      0.000    0.16239   27.10675           -0.86149      194.78922         3.918e-06         1.082e+02         1.620e+00 
  1388.300          89.103    -47.367    -68.625            7.416        10795.710      0.901      0.000      0.000    0.15920   27.04986           -0.87072      194.80118         3.997e-06         1.100e+02         1.636e+00 
  1389.300          88.990    -47.430    -68.650            7.400        10803.022      0.895      0.000      0.000    0.15604   26.99237           -0.88025      194.81315         4.078e-06         1.117e+02         1.652e+00 
  1390.300          88.876    -47.494    -68.675            7.383        10810.319      0.890      0.000      0.000    0.15291   26.93427           -0.89009      194.82513         4.162e-06         1.135e+02         1.669e+00 
  1391.300          88.760    -47.557    -68.699            7.367        10817.600      0.885      0.000      0.000    0.14982   26.87554           -0.90023      194.83712         4.248e-06         1.153e+02         1.686e+00 
  1392.300          88.644    -47.620    -68.724            7.351        10824.864      0.879      0.000      0.000    0.14677   26.81619           -0.91069      194.84911         4.336e-06         1.172e+02         1.703e+00 
  1393.300          88.527    -47.683    -68.749            7.334        10832.112      0.874      0.000      0.000    0.14375   26.75619           -0.92146      194.86111         4.428e-06         1.191e+02         1.720e+00 
  1394.300          88.408    -47.746    -68.773            7.317        10839.344      0.868      0.000      0.000    0.14076   26.69556           -0.93256      194.87312         4.522e-06         1.211e+02         1.738e+00 
  1395.300          88.288    -47.809    -68.798            7.300        10846.559      0.863      0.000      0.000    0.13780   26.63426           -0.94398      194.88514         4.619e-06         1.232e+02         1.755e+00 
  1396.300          88.168    -47.871    -68.823            7.283        10853.757      0.857      0.000      0.000    0.13488   26.57230           -0.95573      194.89715         4.719e-06         1.252e+02         1.774e+00 
  1397.300          88.045    -47.933    -68.848            7.266        10860.938      0.852      0.000      0.000    0.13199   26.50966           -0.96781      194.90918         4.823e-06         1.274e+02         1.792e+00 
  1398.300          87.922    -47.996    -68.872            7.248        10868.102      0.846      0.000      0.000    0.12914   26.44634           -0.98023      194.92120         4.930e-06         1.296e+02         1.811e+00 
  1399.300          87.797    -48.058    -68.897            7.230        10875.249      0.840      0.000      0.000    0.12632   26.38231           -0.99299      194.93323         5.040e-06         1.318e+02         1.830e+00 
  1400.300          87.671    -48.120    -68.922            7.213        10882.378      0.835      0.000      0.000    0.12353   26.31758           -1.00609      194.94526         5.154e-06         1.341e+02         1.850e+00 
  1401.300          87.544    -48.181    -68.946            7.194        10889.489      0.829      0.000      0.000    0.12077   26.25213           -1.01955      194.95729         5.272e-06         1.365e+02         1.869e+00 
  1402.300          87.415    -48.243    -68.971            7.176        10896.583      0.823      0.000      0.000    0.11804   26.18594           -1.03336      194.96933         5.394e-06         1.390e+02         1.890e+00 
  1403.300          87.285    -48.304    -68.995            7.158        10903.658      0.817      0.000      0.000    0.11535   26.11901           -1.04754      194.98136         5.520e-06         1.415e+02         1.910e+00 
  1404.300          87.154    -48.365    -69.020            7.139        10910.715      0.811      0.000      0.000    0.11269   26.05133           -1.06208      194.99339         5.650e-06         1.441e+02         1.931e+00 
  1405.300          87.021    -48.427    -69.045            7.120        10917.754      0.806      0.000      0.000    0.11006   25.98287           -1.07699      195.00542         5.785e-06         1.467e+02         1.953e+00 
  1406.300          86.886    -48.487    -69.069            7.101        10924.774      0.800      0.000      0.000    0.10747   25.91363           -1.09227      195.01745         5.925e-06         1.495e+02         1.975e+00 
  1407.300          86.750    -48.548    -69.094            7.082        10931.774      0.794      0.000      0.000    0.10490   25.84360           -1.10794      195.02948         6.070e-06         1.523e+02         1.997e+00 
  1408.300          86.612    -48.609    -69.118            7.062        10938.756      0.788      0.000      0.000    0.10237   25.77275           -1.12399      195.04150         6.220e-06         1.552e+02         2.020e+00 
  1409.300          86.473    -48.669    -69.143            7.042        10945.719      0.782      0.000      0.000    0.09987   25.70108           -1.14044      195.05352         6.376e-06         1.582e+02         2.043e+00 
  1410.300          86.332    -48.729    -69.167            7.022        10952.661      0.776      0.000      0.000    0.09740   25.62857           -1.15728      195.06553         6.538e-06         1.613e+02         2.067e+00 
  1411.300          86.189    -48.790    -69.192            7.002        10959.584      0.770      0.000      0.000    0.09497   25.55521           -1.17453      195.07754         6.706e-06         1.645e+02         2.092e+00 
  1412.300          86.045    -48.849    -69.216            6.982        10966.487      0.764      0.000      0.000    0.09256   25.48097           -1.19218      195.08953         6.881e-06         1.678e+02         2.117e+00 
  1413.300          85.899    -48.909    -69.241            6.961        10973.370      0.758      0.000      0.000    0.09027   25.39465           -1.21026      195.10152         7.055e-06         1.711e+02         2.141e+00 
  1414.300          85.751    -48.969    -69.265            6.940        10980.232      0.752      0.000      0.000    0.08807   25.29894           -1.22875      195.11350         7.232e-06         1.743e+02         2.165e+00 
  1415.300          85.601    -49.028    -69.289            6.919        10987.073      0.746      0.000      0.000    0.08590   25.20231           -1.24768      195.12547         7.414e-06         1.776e+02         2.190e+00 
  1416.300          85.449    -49.087    -69.314            6.897        10993.894      0.741      0.000      0.000    0.08376   25.10474           -1.26704      195.13743         7.604e-06         1.810e+02         2.215e+00 
  1417.300          85.296    -49.146    -69.338            6.876        11000.693      0.735      0.000      0.000    0.08165   25.00620           -1.28684      195.14938         7.800e-06         1.845e+02         2.240e+00 
  1418.300          85.141    -49.205    -69.362            6.854        11007.471      0.729      0.000      0.000    0.07958   24.90667           -1.30708      195.16132         8.004e-06         1.881e+02         2.267e+00 
  1419.300          84.983    -49.263    -69.386            6.832        11014.226      0.724      0.000      0.000    0.07753   24.80613           -1.32779      195.17324         8.215e-06         1.919e+02         2.293e+00 
  1420.300          84.824    -49.322    -69.411            6.809        11020.960      0.718      0.000      0.000    0.07552   24.70457           -1.34895      195.18514         8.435e-06         1.957e+02         2.321e+00 
  1421.300          84.663    -49.380    -69.435            6.787        11027.672      0.712      0.000      0.000    0.07353   24.60196           -1.37059      195.19703         8.663e-06         1.997e+02         2.349e+00 
  1422.300          84.499    -49.438    -69.459            6.764        11034.361      0.707      0.000      0.000    0.07158   24.49827           -1.39270      195.20890         8.899e-06         2.037e+02         2.378e+00 
  1423.300          84.334    -49.496    -69.483            6.740        11041.028      0.701      0.000      0.000    0.06966   24.39349           -1.41530      195.22076         9.145e-06         2.079e+02         2.408e+00 
  1424.300          84.166    -49.553    -69.507            6.717        11047.671      0.695      0.000      0.000    0.06777   24.28759           -1.43839      195.23259         9.400e-06         2.122e+02         2.438e+00 
  1425.300          83.997    -49.611    -69.531            6.693        11054.291      0.690      0.000      0.000    0.06591   24.18054           -1.46198      195.24441         9.665e-06         2.167e+02         2.470e+00 
  1426.300          83.825    -49.668    -69.555            6.669        11060.887      0.684      0.000      0.000    0.06408   24.07233           -1.48607      195.25620         9.941e-06         2.213e+02         2.502e+00 
  1427.300          83.651    -49.725    -69.579            6.644        11067.460      0.679      0.000      0.000    0.06228   23.96291           -1.51069      195.26797         1.023e-05         2.260e+02         2.535e+00 
  1428.300          83.474    -49.782    -69.603            6.619        11074.008      0.674      0.000      0.000    0.06051   23.85226           -1.53584      195.27971         1.053e-05         2.308e+02         2.569e+00 
  1429.300          83.296    -49.838    -69.627            6.594        11080.531      0.668      0.000      0.000    0.05878   23.74035           -1.56152      195.29143         1.084e-05         2.359e+02         2.604e+00 
  1430.300          83.115    -49.895    -69.651            6.569        11087.030      0.663      0.000      0.000    0.05708   23.62716           -1.58775      195.30312         1.116e-05         2.410e+02         2.640e+00 
  1431.300          82.932    -49.951    -69.675            6.543        11093.503      0.658      0.000      0.000    0.05541   23.51264           -1.61453      195.31478         1.150e-05         2.464e+02         2.677e+00 
  1432.300          82.746    -50.007    -69.698            6.517        11099.950      0.653      0.000      0.000    0.05377   23.39677           -1.64188      195.32641         1.185e-05         2.519e+02         2.715e+00 
  1433.300          82.558    -50.062    -69.722            6.490        11106.372      0.647      0.000      0.000    0.05216   23.27951           -1.66981      195.33801         1.221e-05         2.575e+02         2.754e+00 
  1434.300          82.368    -50.118    -69.746            6.463        11112.767      0.642      0.000      0.000    0.05058   23.16082           -1.69833      195.34958         1.260e-05         2.634e+02         2.795e+00 
  1435.300          82.175    -50.173    -69.769            6.436        11119.135      0.638      0.000      0.000    0.04903   23.04066           -1.72745      195.36111         1.299e-05         2.694e+02         2.837e+00 
  1436.300          81.980    -50.228    -69.793            6.408        11125.476      0.633      0.000      0.000    0.04752   22.91900           -1.75718      195.37261         1.341e-05         2.756e+02         2.880e+00 
  1437.300          81.782    -50.282    -69.816            6.380        11131.789      0.628      0.000      0.000    0.04603   22.79579           -1.78754      195.38407         1.384e-05         2.820e+02         2.925e+00 
  1438.300          81.582    -50.337    -69.840            6.351        11138.075      0.623      0.000      0.000    0.04458   22.67099           -1.81853      195.39548         1.429e-05         2.886e+02         2.971e+00 
  1439.300          81.379    -50.391    -69.863            6.322        11144.332      0.619      0.000      0.000    0.04315   22.54455           -1.85018      195.40686         1.476e-05         2.954e+02         3.019e+00 
  1440.300          81.174    -50.445    -69.886            6.292        11150.560      0.614      0.000      0.000    0.04176   22.41642           -1.88249      195.41819         1.526e-05         3.024e+02         3.068e+00 
  1441.300          80.966    -50.499    -69.910            6.262        11156.758      0.610      0.000      0.000    0.04040   22.28656           -1.91549      195.42948         1.577e-05         3.096e+02         3.119e+00 
  1442.300          80.755    -50.552    -69.933            6.232        11162.927      0.606      0.000      0.000    0.03907   22.15492           -1.94918      195.44072         1.631e-05         3.170e+02         3.172e+00 
  1443.300          80.542    -50.605    -69.956            6.201        11169.065      0.602      0.000      0.000    0.03777   22.02144           -1.98359      195.45191         1.687e-05         3.247e+02         3.226e+00 
  1444.300          80.326    -50.658    -69.979            6.169        11175.172      0.598      0.000      0.000    0.03650   21.88606           -2.01872      195.46305         1.746e-05         3.326e+02         3.283e+00 
  1445.300          80.107    -50.711    -70.002            6.137        11181.247      0.594      0.000      0.000    0.03526   21.74873           -2.05460      195.47414         1.807e-05         3.407e+02         3.341e+00 
  1446.300          79.886    -50.763    -70.024            6.104        11187.291      0.590      0.000      0.000    0.03405   21.60939           -2.09124      195.48517         1.871e-05         3.490e+02         3.402e+00 
  1447.300          79.662    -50.815    -70.047            6.071        11193.302      0.586      0.000      0.000    0.03287   21.46798           -2.12867      195.49614         1.938e-05         3.576e+02         3.464e+00 
  1448.300          79.435    -50.867    -70.070            6.037        11199.280      0.583      0.000      0.000    0.03172   21.32443           -2.16690      195.50705         2.009e-05         3.665e+02         3.529e+00 
  1449.300          79.205    -50.918    -70.092            6.002        11205.223      0.580      0.000      0.000    0.03060   21.17868           -2.20596      195.51789         2.082e-05         3.756e+02         3.596e+00 
  1450.300          78.973    -50.970    -70.115            5.967        11211.132      0.576      0.000      0.000    0.02951   21.03065           -2.24586      195.52868         2.159e-05         3.849e+02         3.666e+00 
  1451.300          78.738    -51.020    -70.137            5.931        11217.006      0.574      0.000      0.000    0.02844   20.88029           -2.28664      195.53939         2.240e-05         3.945e+02         3.738e+00 
  1452.300          78.500    -51.071    -70.160            5.894        11222.844      0.571      0.000      0.000    0.02741   20.72752           -2.32830      195.55003         2.325e-05         4.044e+02         3.812e+00 
  1453.300          78.259    -51.121    -70.182            5.856        11228.646      0.568      0.000      0.000    0.02640   20.57226           -2.37089      195.56060         2.413e-05         4.145e+02         3.889e+00 
  1454.300          78.015    -51.171    -70.204            5.818        11234.410      0.565      0.000      0.000    0.02542   20.41445           -2.41442      195.57108         2.506e-05         4.249e+02         3.969e+00 
  1455.300          77.769    -51.221    -70.226            5.779        11240.136      0.563      0.000      0.000    0.02447   20.25400           -2.45892      195.58149         2.603e-05         4.355e+02         4.051e+00 
  1456.300          77.519    -51.270    -70.248            5.739        11245.823      0.561      0.000      0.000    0.02355   20.09085           -2.50442      195.59182         2.706e-05         4.464e+02         4.136e+00 
  1457.300          77.267    -51.319    -70.270            5.699        11251.470      0.559      0.000      0.000    0.02265   19.92491           -2.55095      195.60206         2.813e-05         4.575e+02         4.223e+00 
  1458.300          77.012    -51.367    -70.291            5.657        11257.077      0.557      0.000      0.000    0.02178   19.75611           -2.59855      195.61220         2.925e-05         4.689e+02         4.314e+00 
  1459.300          76.754    -51.415    -70.313            5.615        11262.642      0.555      0.000      0.000    0.02094   19.58437           -2.64724      195.62226         3.043e-05         4.805e+02         4.407e+00 
  1460.300          76.493    -51.463    -70.334            5.571        11268.164      0.554      0.000      0.000    0.02012   19.40961           -2.69706      195.63222         3.167e-05         4.924e+02         4.503e+00 
  1461.300          76.230    -51.511    -70.355            5.527        11273.644      0.552      0.000      0.000    0.01933   19.23177           -2.74805      195.64207         3.296e-05         5.045e+02         4.602e+00 
  1462.300          75.963    -51.558    -70.377            5.482        11279.079      0.551      0.000      0.000    0.01856   19.05077           -2.80025      195.65182         3.433e-05         5.168e+02         4.703e+00 
  1463.300          75.694    -51.604    -70.397            5.435        11284.469      0.550      0.000      0.000    0.01782   18.86654           -2.85369      195.66147         3.576e-05         5.294e+02         4.807e+00 
  1464.300          75.422    -51.650    -70.418            5.388        11289.812      0.549      0.000      0.000    0.01710   18.67901           -2.90842      195.67100         3.726e-05         5.421e+02         4.914e+00 
  1465.300          75.147    -51.696    -70.439            5.340        11295.108      0.548      0.000      0.000    0.01640   18.48813           -2.96448      195.68041         3.884e-05         5.550e+02         5.023e+00 
  1466.300          74.870    -51.742    -70.460            5.290        11300.356      0.547      0.000      0.000    0.01573   18.29384           -3.02192      195.68970         4.050e-05         5.681e+02         5.134e+00 
  1467.300          74.590    -51.787    -70.480            5.240        11305.555      0.546      0.000      0.000    0.01508   18.09608           -3.08079      195.69887         4.224e-05         5.813e+02         5.247e+00 
  1468.300          74.307    -51.831    -70.500            5.188        11310.703      0.546      0.000      0.000    0.01446   17.89481           -3.14113      195.70790         4.407e-05         5.946e+02         5.363e+00 
  1469.300          74.021    -51.875    -70.520            5.135        11315.799      0.546      0.000      0.000    0.01385   17.69000           -3.20301      195.71680         4.599e-05         6.080e+02         5.479e+00 
  1470.300          73.733    -51.919    -70.540            5.081        11320.842      0.545      0.000      0.000    0.01327   17.48162           -3.26647      195.72557         4.801e-05         6.215e+02         5.598e+00 
  1471.300          73.442    -51.962    -70.560            5.026        11325.832      0.545      0.000      0.000    0.01271   17.26966           -3.33158      195.73418         5.014e-05         6.351e+02         5.717e+00 
  1472.300          73.149    -52.005    -70.579            4.970        11330.766      0.545      0.000      0.000    0.01217   17.05411           -3.39839      195.74266         5.237e-05         6.486e+02         5.837e+00 
  1473.300          72.853    -52.047    -70.598            4.913        11335.644      0.545      0.000      0.000    0.01165   16.83497           -3.46698      195.75097         5.471e-05         6.621e+02         5.958e+00 
  1474.300          72.554    -52.089    -70.617            4.854        11340.465      0.545      0.000      0.000    0.01114   16.61227           -3.53740      195.75913         5.717e-05         6.756e+02         6.078e+00 
  1475.300          72.254    -52.130    -70.636            4.794        11345.227      0.545      0.000      0.000    0.01066   16.38605           -3.60972      195.76713         5.976e-05         6.890e+02         6.198e+00 
  1476.300          71.951    -52.170    -70.655            4.733        11349.930      0.545      0.000      0.000    0.01020   16.15635           -3.68402      195.77496         6.248e-05         7.022e+02         6.317e+00 
  1477.300          71.645    -52.210    -70.673            4.671        11354.571      0.545      0.000      0.000    0.00976   15.91985           -3.76038      195.78261         6.530e-05         7.149e+02         6.432e+00 
  1478.300          71.338    -52.250    -70.692            4.608        11359.151      0.545      0.000      0.000    0.00934   15.67497           -3.83887      195.79009         6.822e-05         7.269e+02         6.540e+00 
  1479.300          71.028    -52.289    -70.710            4.544        11363.667      0.545      0.000      0.000    0.00894   15.42740           -3.91956      195.79739         7.128e-05         7.386e+02         6.645e+00 
  1480.300          70.717    -52.328    -70.727            4.479        11368.120      0.545      0.000      0.000    0.00855   15.17727           -4.00255      195.80450         7.449e-05         7.500e+02         6.747e+00 
  1481.300          70.403    -52.366    -70.745            4.413        11372.507      0.545      0.000      0.000    0.00818   14.92471           -4.08792      195.81142         7.785e-05         7.609e+02         6.845e+00 
  1482.300          70.088    -52.403    -70.762            4.346        11376.829      0.545      0.000      0.000    0.00783   14.66988           -4.17575      195.81815         8.137e-05         7.714e+02         6.940e+00 
  1483.300          69.770    -52.440    -70.779            4.278        11381.083      0.545      0.000      0.000    0.00749   14.41294           -4.26615      195.82468         8.505e-05         7.814e+02         7.030e+00 
  1484.300          69.451    -52.476    -70.796            4.209        11385.270      0.545      0.000      0.000    0.00717   14.15408           -4.35919      195.83100         8.891e-05         7.909e+02         7.115e+00 
  1485.300          69.130    -52.511    -70.813            4.140        11389.389      0.545      0.000      0.000    0.00685   13.89347           -4.45499      195.83712         9.295e-05         7.999e+02         7.196e+00 
  1486.300          68.808    -52.546    -70.829            4.070        11393.438      0.545      0.000      0.000    0.00656   13.63132           -4.55365      195.84303         9.718e-05         8.082e+02         7.271e+00 
  1487.300          68.484    -52.581    -70.845            3.999        11397.417      0.545      0.000      0.000    0.00627   13.36784           -4.65527      195.84872         1.016e-04         8.159e+02         7.340e+00 
  1488.300          68.159    -52.615    -70.861            3.927        11401.325      0.545      0.000      0.000    0.00600   13.10324           -4.75996      195.85419         1.062e-04         8.228e+02         7.403e+00 
  1489.300          67.833    -52.648    -70.876            3.855        11405.162      0.545      0.000      0.000    0.00574   12.83776           -4.86785      195.85945         1.111e-04         8.291e+02         7.459e+00 
  1490.300          67.505    -52.680    -70.891            3.782        11408.927      0.545      0.000      0.000    0.00549   12.57162           -4.97904      195.86448         1.161e-04         8.346e+02         7.508e+00 
  1491.300          67.176    -52.712    -70.906            3.709        11412.620      0.545      0.000      0.000    0.00525   12.30508           -5.09367      195.86928         1.214e-04         8.393e+02         7.551e+00 
  1492.300          66.846    -52.744    -70.921            3.636        11416.240      0.545      0.000      0.000    0.00502   12.03837           -5.21185      195.87385         1.269e-04         8.432e+02         7.586e+00 
  1493.300          66.516    -52.774    -70.935            3.562        11419.787      0.545      0.000      0.000    0.00480   11.77176           -5.33374      195.87819         1.327e-04         8.462e+02         7.613e+00 
  1494.300          66.184    -52.804    -70.949            3.488        11423.261      0.545      0.000      0.000    0.00459   11.50550           -5.45945      195.88230         1.387e-04         8.484e+02         7.632e+00 
  1495.300          65.852    -52.834    -70.963            3.414        11426.662      0.545      0.000      0.000    0.00439   11.23985           -5.58914      195.88617         1.450e-04         8.497e+02         7.644e+00 
  1496.300          65.519    -52.862    -70.977            3.340        11429.989      0.545      0.000      0.000    0.00420   10.97508           -5.72295      195.88981         1.516e-04         8.501e+02         7.648e+00 
  1497.300          65.186    -52.890    -70.990            3.266        11433.242      0.545      0.000      0.000    0.00402   10.71144           -5.86103      195.89320         1.584e-04         8.496e+02         7.643e+00 
  1498.300          64.852    -52.918    -71.003            3.192        11436.422      0.545      0.000      0.000    0.00385   10.44921           -6.00356      195.89636         1.655e-04         8.482e+02         7.630e+00 
  1499.300          64.518    -52.945    -71.016            3.119        11439.528      0.545      0.000      0.000    0.00368   10.18863           -6.15068      195.89928         1.729e-04         8.459e+02         7.610e+00 
  1500.300          64.184    -52.971    -71.028            3.045        11442.562      0.545      0.000      0.000    0.00353    9.92997           -6.30257      195.90195         1.807e-04         8.427e+02         7.581e+00 
  1501.300          63.849    -52.997    -71.040            2.972        11445.522      0.545      0.000      0.000    0.00338    9.67347           -6.45941      195.90438         1.887e-04         8.386e+02         7.544e+00 
  1502.300          63.515    -53.022    -71.052            2.899        11448.410      0.545      0.000      0.000    0.00323    9.41939           -6.62138      195.90657         1.971e-04         8.336e+02         7.499e+00 
  1503.300          63.181    -53.046    -71.063            2.827        11451.227      0.545      0.000      0.000    0.00310    9.16795           -6.78867      195.90852         2.058e-04         8.278e+02         7.447e+00 
  1504.300          62.847    -53.070    -71.075            2.756        11453.971      0.545      0.000      0.000    0.00297    8.91938           -6.96146      195.91023         2.148e-04         8.211e+02         7.387e+00 
  1505.300          62.513    -53.093    -71.086            2.685        11456.645      0.545      0.000      0.000    0.00284    8.67391           -7.13998      195.91170         2.242e-04         8.136e+02         7.320e+00 
  1506.300          62.179    -53.115    -71.096            2.615        11459.249      0.545      0.000      0.000    0.00272    8.43174           -7.32441      195.91293         2.340e-04         8.054e+02         7.246e+00 
  1507.300          61.846    -53.137    -71.107            2.546        11461.783      0.545      0.000      0.000    0.00261    8.19306           -7.51498      195.91393         2.442e-04         7.965e+02         7.165e+00 
  1508.300          61.513    -53.158    -71.117            2.477        11464.248      0.545      0.000      0.000    0.00250    7.95807           -7.71190      195.91468         2.547e-04         7.868e+02         7.078e+00 
  1509.300          61.181    -53.179    -71.126            2.410        11466.646      0.545      0.000      0.000    0.00240    7.72693           -7.91542      195.91520         2.656e-04         7.765e+02         6.986e+00 
  1510.300          60.850    -53.199    -71.136            2.343        11468.977      0.545      0.000      0.000    0.00230    7.49980           -8.12575      195.91549         2.770e-04         7.656e+02         6.888e+00 
  1511.300          60.519    -53.219    -71.145            2.277        11471.242      0.545      0.000      0.000    0.00221    7.27682           -8.34315      195.91555         2.887e-04         7.541e+02         6.784e+00 
  1512.300          60.189    -53.238    -71.154            2.213        11473.442      0.545      0.000      0.000    0.00212    7.05813           -8.56787      195.91538         3.009e-04         7.422e+02         6.677e+00 
  1513.300          59.860    -53.256    -71.163            2.150        11475.578      0.545      0.000      0.000    0.00203    6.84383           -8.80015      195.91499         3.135e-04         7.297e+02         6.565e+00 
  1514.300          59.531    -53.274    -71.172            2.087        11477.652      0.545      0.000      0.000    0.00195    6.63404           -9.04027      195.91437         3.266e-04         7.168e+02         6.449e+00 
  1515.300          59.204    -53.292    -71.180            2.026        11479.664      0.545      0.000      0.000    0.00187    6.42882           -9.28849      195.91353         3.401e-04         7.036e+02         6.330e+00 
  1516.300          58.877    -53.308    -71.188            1.967        11481.616      0.545      0.000      0.000    0.00180    6.22827           -9.54510      195.91247         3.541e-04         6.900e+02         6.208e+00 
  1517.300          58.551    -53.325    -71.196            1.908        11483.508      0.545      0.000      0.000    0.00173    6.03243           -9.81038      195.91120         3.686e-04         6.762e+02         6.083e+00 
  1518.300          58.227    -53.341    -71.203            1.851        11485.343      0.545      0.000      0.000    0.00166    5.84135          -10.08462      195.90972         3.835e-04         6.621e+02         5.956e+00 
  1519.300          57.903    -53.356    -71.211            1.795        11487.121      0.545      0.000      0.000    0.00160    5.65507          -10.36812      195.90802         3.990e-04         6.478e+02         5.828e+00 
  1520.300          57.581    -53.371    -71.218            1.741        11488.843      0.545      0.000      0.000    0.00154    5.47360          -10.66119      195.90612         4.150e-04         6.335e+02         5.699e+00 
  1521.300          57.259    -53.385    -71.225            1.687        11490.512      0.545      0.000      0.000    0.00148    5.29694          -10.96413      195.90402         4.315e-04         6.190e+02         5.568e+00 
  1522.300          56.939    -53.399    -71.231            1.635        11492.127      0.545      0.000      0.000    0.00142    5.12510          -11.27726      195.90172         4.485e-04         6.044e+02         5.438e+00 
  1523.300          56.620    -53.413    -71.238            1.585        11493.691      0.545      0.000      0.000    0.00137    4.95806          -11.60091      195.89922         4.661e-04         5.899e+02         5.307e+00 
  1524.300          56.302    -53.426    -71.244            1.535        11495.205      0.545      0.000      0.000    0.00132    4.79579          -11.93541      195.89652         4.843e-04         5.754e+02         5.176e+00 
  1525.300          55.985    -53.439    -71.250            1.487        11496.670      0.545      0.000      0.000    0.00127    4.63826          -12.28108      195.89364         5.030e-04         5.609e+02         5.046e+00 
  1526.300          55.669    -53.451    -71.256            1.441        11498.087      0.545      0.000      0.000    0.00122    4.48543          -12.63827      195.89057         5.223e-04         5.465e+02         4.917e+00 
  1527.300          55.354    -53.463    -71.261            1.396        11499.458      0.545      0.000      0.000    0.00118    4.33724          -13.00731      195.88731         5.422e-04         5.323e+02         4.788e+00 
  1528.300          55.041    -53.474    -71.267            1.352        11500.784      0.545      0.000      0.000    0.00113    4.19364          -13.38855      195.88387         5.628e-04         5.182e+02         4.662e+00 
  1529.300          54.728    -53.485    -71.272            1.309        11502.066      0.545      0.000      0.000    0.00109    4.05456          -13.78234      195.88025         5.839e-04         5.042e+02         4.536e+00 
  1530.300          54.417    -53.496    -71.277            1.268        11503.305      0.545      0.000      0.000    0.00105    3.91993          -14.18902      195.87646         6.057e-04         4.905e+02         4.413e+00 
  1531.300          54.107    -53.506    -71.282            1.227        11504.503      0.545      0.000      0.000    0.00101    3.78967          -14.60893      195.87249         6.282e-04         4.770e+02         4.291e+00 
  1532.300          53.798    -53.516    -71.287            1.188        11505.661      0.545      0.000      0.000    0.00098    3.66370          -15.04243      195.86835         6.514e-04         4.637e+02         4.172e+00 
  1533.300          53.490    -53.526    -71.292            1.151        11506.780      0.545      0.000      0.000    0.00094    3.54194          -15.48986      195.86405         6.752e-04         4.507e+02         4.055e+00 
  1534.300          53.183    -53.535    -71.296            1.114        11507.861      0.545      0.000      0.000    0.00091    3.42431          -15.95156      195.85957         6.997e-04         4.380e+02         3.940e+00 
  1535.300          52.877    -53.544    -71.300            1.079        11508.906      0.545      0.000      0.000    0.00088    3.31070          -16.42787      195.85494         7.250e-04         4.255e+02         3.828e+00 
  1536.300          52.573    -53.553    -71.305            1.045        11509.915      0.545      0.000      0.000    0.00085    3.20102          -16.91911      195.85014         7.510e-04         4.134e+02         3.719e+00 
  1537.300          52.269    -53.561    -71.309            1.012        11510.889      0.545      0.000      0.000    0.00082    3.09519          -17.42562      195.84518         7.777e-04         4.015e+02         3.612e+00 
  1538.300          51.966    -53.570    -71.312            0.980        11511.831      0.545      0.000      0.000    0.00079    2.99311          -17.94770      195.84007         8.052e-04         3.899e+02         3.508e+00 
  1539.300          51.665    -53.577    -71.316            0.949        11512.740      0.545      0.000      0.000    0.00076    2.89467          -18.48565      195.83479         8.335e-04         3.787e+02         3.407e+00 
  1540.300          51.364    -53.585    -71.320            0.920        11513.617      0.545      0.000      0.000    0.00074    2.79996          -19.03978      195.82937         8.628e-04         3.678e+02         3.309e+00 
  1541.300          51.065    -53.592    -71.323            0.891        11514.465      0.545      0.000      0.000    0.00071    2.71248          -19.61035      195.82379         8.955e-04         3.583e+02         3.223e+00 
  1542.300          50.766    -53.599    -71.327            0.863        11515.283      0.545      0.000      0.000    0.00069    2.62781          -20.19770      195.81806         9.293e-04         3.490e+02         3.140e+00 
  1543.300          50.469    -53.606    -71.330            0.836        11516.073      0.545      0.000      0.000    0.00066    2.54589          -20.80212      195.81218         9.643e-04         3.399e+02         3.058e+00 
  1544.300          50.172    -53.613    -71.333            0.810        11516.835      0.545      0.000      0.000    0.00064    2.46667          -21.42390      195.80615         1.001e-03         3.311e+02         2.978e+00 
  1545.300          49.877    -53.619    -71.336            0.785        11517.570      0.545      0.000      0.000    0.00061    2.39007          -22.06331      195.79997         1.038e-03         3.225e+02         2.901e+00 
  1546.300          49.582    -53.625    -71.339            0.761        11518.279      0.545      0.000      0.000    0.00059    2.31606          -22.72060      195.79364         1.077e-03         3.141e+02         2.826e+00 
  1547.300          49.289    -53.631    -71.342            0.737        11518.963      0.545      0.000      0.000    0.00057    2.24457          -23.39597      195.78716         1.117e-03         3.059e+02         2.752e+00 
  1548.300          48.997    -53.637    -71.345            0.715        11519.622      0.545      0.000      0.000    0.00055    2.17554          -24.08962      195.78053         1.158e-03         2.981e+02         2.681e+00 
  1549.300          48.706    -53.642    -71.347            0.693        11520.258      0.545      0.000      0.000    0.00053    2.10892          -24.80171      195.77375         1.201e-03         2.904e+02         2.613e+00 
  1550.300          48.416    -53.648    -71.350            0.672        11520.871      0.545      0.000      0.000    0.00051    2.04465          -25.53233      195.76683         1.245e-03         2.830e+02         2.546e+00 
  1551.300          48.127    -53.653    -71.352            0.651        11521.462      0.545      0.000      0.000    0.00049    1.98267          -26.28159      195.75975         1.290e-03         2.759e+02         2.482e+00 
  1552.300          47.839    -53.658    -71.354            0.632        11522.031      0.545      0.000      0.000    0.00048    1.92292          -27.04950      195.75252         1.337e-03         2.689e+02         2.419e+00 
  1553.300          47.552    -53.662    -71.357            0.613        11522.579      0.545      0.000      0.000    0.00046    1.86534          -27.83606      195.74515         1.386e-03         2.623e+02         2.359e+00 
  1554.300          47.266    -53.667    -71.359            0.595        11523.107      0.545      0.000      0.000    0.00044    1.81032          -28.64120      195.73762         1.437e-03         2.560e+02         2.303e+00 
  1555.300          46.982    -53.671    -71.361            0.577        11523.615      0.545      0.000      0.000    0.00043    1.75931          -29.46483      195.72994         1.493e-03         2.505e+02         2.253e+00 
  1556.300          46.699    -53.676    -71.363            0.560        11524.104      0.545      0.000      0.000    0.00041    1.70999          -30.30688      195.72211         1.551e-03         2.451e+02         2.205e+00 
  1557.300          46.417    -53.680    -71.365            0.544        11524.575      0.545      0.000      0.000    0.00040    1.66229          -31.16719      195.71411         1.612e-03         2.400e+02         2.159e+00 
  1558.300          46.136    -53.684    -71.367            0.528        11525.028      0.545      0.000      0.000    0.00038    1.61619          -32.04559      195.70597         1.675e-03         2.350e+02         2.114e+00 
  1559.300          45.857    -53.687    -71.368            0.513        11525.464      0.545      0.000      0.000    0.00037    1.57166          -32.94180      195.69766         1.740e-03         2.302e+02         2.071e+00 
  1560.300          45.578    -53.691    -71.370            0.498        11525.883      0.545      0.000      0.000    0.00035    1.52866          -33.85550      195.68919         1.807e-03         2.256e+02         2.030e+00 
  1561.300          45.302    -53.695    -71.372            0.484        11526.285      0.545      0.000      0.000    0.00034    1.48715          -34.78630      195.68055         1.877e-03         2.212e+02         1.990e+00 
  1562.300          45.027    -53.698    -71.373            0.470        11526.672      0.545      0.000      0.000    0.00033    1.44709          -35.73374      195.67175         1.950e-03         2.169e+02         1.951e+00 
  1563.300          44.753    -53.701    -71.375            0.457        11527.043      0.545      0.000      0.000    0.00031    1.40845          -36.69728      195.66277         2.025e-03         2.128e+02         1.914e+00 
  1564.300          44.481    -53.704    -71.376            0.444        11527.399      0.545      0.000      0.000    0.00030    1.37120          -37.67631      195.65362         2.103e-03         2.088e+02         1.878e+00 
  1565.300          44.210    -53.707    -71.378            0.432        11527.741      0.545      0.000      0.000    0.00029    1.33529          -38.67015      195.64430         2.183e-03         2.050e+02         1.844e+00 
  1566.300          43.941    -53.710    -71.379            0.420        11528.069      0.545      0.000      0.000    0.00028    1.30069          -39.67803      195.63479         2.267e-03         2.014e+02         1.812e+00 
  1567.300          43.674    -53.713    -71.380            0.409        11528.384      0.545      0.000      0.000    0.00027    1.26736          -40.69911      195.62509         2.353e-03         1.979e+02         1.781e+00 
  1568.300          43.408    -53.715    -71.382            0.398        11528.685      0.545      0.000      0.000    0.00026    1.23526          -41.73250      195.61521         2.443e-03         1.946e+02         1.751e+00 
  1569.300          43.144    -53.718    -71.383            0.387        11528.973      0.545      0.000      0.000    0.00025    1.20435          -42.77720      195.60512         2.535e-03         1.914e+02         1.722e+00 
  1570.300          42.882    -53.720    -71.384            0.377        11529.250      0.545      0.000      0.000    0.00024    1.17460          -43.83217      195.59484         2.630e-03         1.884e+02         1.695e+00 
  1571.300          42.622    -53.722    -71.385            0.368        11529.514      0.545      0.000      0.000    0.00023    1.14596          -44.89628      195.58435         2.729e-03         1.856e+02         1.669e+00 
  1572.300          42.363    -53.725    -71.386            0.358        11529.767      0.545      0.000      0.000    0.00023    1.11841          -45.96837      195.57364         2.831e-03         1.828e+02         1.645e+00 
  1573.300          42.106    -53.727    -71.387            0.349        11530.009      0.545      0.000      0.000    0.00022    1.09189          -47.04720      195.56271         2.936e-03         1.803e+02         1.622e+00 
  1574.300          41.852    -53.729    -71.388            0.341        11530.240      0.545      0.000      0.000    0.00021    1.06637          -48.13149      195.55156         3.045e-03         1.778e+02         1.600e+00 
  1575.300          41.599    -53.731    -71.389            0.332        11530.461      0.545      0.000      0.000    0.00020    1.04182          -49.21991      195.54017         3.157e-03         1.755e+02         1.579e+00 
  1576.300          41.348    -53.732    -71.390            0.324        11530.672      0.545      0.000      0.000    0.00019    1.01820          -50.31110      195.52854         3.273e-03         1.733e+02         1.559e+00 
  1576.500          41.298    -53.733    -71.390            0.323        11530.713      0.545      0.000      0.000    0.00019    1.01129          -50.52955      195.52618         3.308e-03         1.726e+02         1.553e+00 
  1576.680          41.254    -53.733    -71.390            0.321        11530.749      0.545      0.000      0.000    0.00019    1.00712          -50.72619      195.52405         3.330e-03         1.723e+02         1.550e+00 
  1576.898          41.199    -53.734    -71.390            0.320        11530.793      0.545      0.000      0.000    0.00019    1.00229          -50.96434      195.52146         3.355e-03         1.718e+02         1.546e+00 
  1576.939          41.189    -53.734    -71.390            0.320        11530.801      0.545      0.000      0.000    0.00019    1.00088          -51.00898      195.52097         3.363e-03         1.717e+02         1.545e+00 
  1576.964          41.183    -53.734    -71.390            0.319        11530.806      0.545      0.000      0.000    0.00019    1.00027          -51.03611      195.52068         3.366e-03         1.716e+02         1.544e+00 
  1576.989          41.177    -53.734    -71.390            0.319        11530.811      0.272      0.000      0.000    0.00019    0.99995          -51.06343      195.52038         3.369e-03         1.717e+02         7.722e-01 
  1577.014          41.171    -53.734    -71.390            0.319        11530.816      0.272      0.000      0.000    0.00019    0.99996          -51.09073      195.52008         3.372e-03         1.718e+02         7.728e-01 
  1577.115          41.146    -53.734    -71.390            0.319        11530.836      0.272      0.000      0.000    0.00019    0.99983          -51.20123      195.51887         3.383e-03         1.723e+02         7.750e-01 
  1577.216          41.120    -53.734    -71.390            0.319        11530.856      0.272      0.000      0.000    0.00019    0.99923          -51.31150      195.51765         3.395e-03         1.727e+02         7.766e-01 
  1577.672          41.007    -53.735    -71.391            0.319        11530.946      0.272      0.000      0.000    0.00018    0.99968          -51.80447      195.51216         3.446e-03         1.752e+02         7.880e-01 
  1577.872          40.956    -53.735    -71.391            0.319        11530.985      0.272      0.000      0.000    0.00018    0.99989          -52.01920      195.50974         3.475e-03         1.766e+02         7.945e-01 
  1577.920          40.944    -53.735    -71.391            0.319        11530.995      0.272      0.000      0.000    0.00018    0.99995          -52.07094      195.50915         3.484e-03         1.771e+02         7.964e-01 
  1577.958          40.935    -53.735    -71.391            0.319        11531.002      0.272      0.000      0.000    0.00018    0.99998          -52.11136      195.50869         3.489e-03         1.773e+02         7.975e-01 
  1577.971          40.931    -53.735    -71.391            0.319        11531.005      0.272      0.000      0.000    0.00018    1.00000          -52.12557      195.50853         3.491e-03         1.774e+02         7.980e-01 
  1577.979          40.929    -53.735    -71.391            0.319        11531.006      0.272      0.000      0.000    0.00018    0.99998          -52.13420      195.50843         3.492e-03         1.774e+02         7.982e-01 
  1577.994          40.926    -53.735    -71.391            0.319        11531.009      0.272      0.000      0.000    0.00018    0.99994          -52.14949      195.50826         3.493e-03         1.775e+02         7.985e-01 
  1578.058          40.909    -53.736    -71.391            0.319        11531.022      0.272      0.000      0.000    0.00018    0.99998          -52.21820      195.50747         3.501e-03         1.779e+02         8.001e-01 
  1578.124          40.893    -53.736    -71.391            0.319        11531.034      0.272      0.000      0.000    0.00018    0.99986          -52.28853      195.50667         3.509e-03         1.782e+02         8.017e-01 
  1578.197          40.875    -53.736    -71.391            0.319        11531.048      0.272      0.000      0.000    0.00018    0.99943          -52.36601      195.50578         3.518e-03         1.785e+02         8.029e-01 
  1578.524          40.792    -53.736    -71.392            0.318        11531.111      0.272      0.000      0.000    0.00018    0.99963          -52.71308      195.50176         3.557e-03         1.804e+02         8.113e-01 
  1579.524          40.537    -53.738    -71.392            0.318        11531.301      0.272      0.000      0.000    0.00017    0.99996          -53.75664      195.48931         3.679e-03         1.862e+02         8.376e-01 
  1580.524          40.279    -53.740    -71.393            0.318        11531.485      0.272      0.000      0.000    0.00017    0.99979          -54.77639      195.47660         3.819e-03         1.927e+02         8.667e-01 
  1581.524          40.018    -53.741    -71.394            0.317        11531.665      0.272      0.000      0.000    0.00016    0.99905          -55.77310      195.46362         3.966e-03         1.993e+02         8.963e-01 
  1582.524          39.755    -53.743    -71.394            0.316        11531.839      0.272      0.000      0.000    0.00015    0.99770          -56.74755      195.45037         4.121e-03         2.059e+02         9.261e-01 
  1583.524          39.490    -53.744    -71.395            0.315        11532.009      0.272      0.000      0.000    0.00015    0.99572          -57.70049      195.43684         4.284e-03         2.126e+02         9.561e-01 
  1584.524          39.223    -53.745    -71.396            0.314        11532.174      0.272      0.000      0.000    0.00014    0.99309          -58.63268      195.42301         4.456e-03         2.192e+02         9.861e-01 
  1585.524          38.954    -53.747    -71.396            0.312        11532.334      0.272      0.000      0.000    0.00014    0.98979          -59.54485      195.40889         4.635e-03         2.259e+02         1.016e+00 
  1586.524          38.685    -53.748    -71.397            0.310        11532.488      0.272      0.000      0.000    0.00013    0.98581          -60.43772      195.39446         4.823e-03         2.325e+02         1.046e+00 
  1587.524          38.415    -53.750    -71.398            0.308        11532.638      0.272      0.000      0.000    0.00013    0.98115          -61.31198      195.37971         5.020e-03         2.389e+02         1.075e+00 
  1588.524          38.144    -53.751    -71.398            0.306        11532.782      0.272      0.000      0.000    0.00012    0.97580          -62.16828      195.36464         5.226e-03         2.453e+02         1.103e+00 
  1589.524          37.873    -53.752    -71.399            0.304        11532.922      0.272      0.000      0.000    0.00012    0.96978          -63.00726      195.34923         5.441e-03         2.515e+02         1.131e+00 
  1590.524          37.603    -53.753    -71.399            0.301        11533.056      0.272      0.000      0.000    0.00011    0.96309          -63.82952      195.33346         5.666e-03         2.575e+02         1.158e+00 
  1591.524          37.333    -53.754    -71.400            0.298        11533.186      0.272      0.000      0.000    0.00011    0.95574          -64.63562      195.31734         5.900e-03         2.632e+02         1.184e+00 
  1592.524          37.064    -53.755    -71.400            0.295        11533.311      0.272      0.000      0.000    0.00010    0.94776          -65.42607      195.30083         6.144e-03         2.687e+02         1.209e+00 
  1593.524          36.796    -53.756    -71.401            0.292        11533.430      0.272      0.000      0.000    0.00010    0.93918          -66.20135      195.28394         6.398e-03         2.740e+02         1.232e+00 
  1594.524          36.529    -53.757    -71.401            0.289        11533.545      0.272      0.000      0.000    0.00010    0.93002          -66.96192      195.26664         6.662e-03         2.789e+02         1.254e+00 
  1595.524          36.264    -53.758    -71.402            0.285        11533.655      0.272      0.000      0.000    0.00009    0.92031          -67.70817      195.24892         6.936e-03         2.834e+02         1.275e+00 
  1596.524          36.001    -53.759    -71.402            0.282        11533.760      0.272      0.000      0.000    0.00009    0.91010          -68.44045      195.23075         7.221e-03         2.877e+02         1.294e+00 
  1597.524          35.740    -53.760    -71.403            0.278        11533.861      0.272      0.000      0.000    0.00008    0.89942          -69.15908      195.21213         7.515e-03         2.915e+02         1.311e+00 
  1598.524          35.481    -53.761    -71.403            0.274        11533.957      0.272      0.000      0.000    0.00008    0.88832          -69.86433      195.19302         7.819e-03         2.950e+02         1.327e+00 
  1599.524          35.225    -53.762    -71.403            0.270        11534.049      0.272      0.000      0.000    0.00008    0.87684          -70.55644      195.17342         8.134e-03         2.981e+02         1.341e+00 
  1600.524          34.972    -53.762    -71.404            0.266        11534.136      0.272      0.000      0.000    0.00008    0.86502          -71.23559      195.15329         8.459e-03         3.008e+02         1.353e+00 
  1601.524          34.721    -53.763    -71.404            0.262        11534.219      0.272      0.000      0.000    0.00007    0.85292          -71.90192      195.13260         8.794e-03         3.032e+02         1.364e+00 
  1602.524          34.474    -53.764    -71.404            0.258        11534.298      0.272      0.000      0.000    0.00007    0.84058          -72.55557      195.11134         9.139e-03         3.051e+02         1.372e+00 
  1603.524          34.229    -53.765    -71.405            0.254        11534.373      0.272      0.000      0.000    0.00007    0.82804          -73.19659      195.08947         9.494e-03         3.067e+02         1.380e+00 
  1604.524          33.988    -53.765    -71.405            0.249        11534.444      0.272      0.000      0.000    0.00006    0.81536          -73.82504      195.06695         9.860e-03         3.079e+02         1.385e+00 
  1605.524          33.750    -53.766    -71.405            0.245        11534.511      0.272      0.000      0.000    0.00006    0.80257          -74.44092      195.04376         1.023e-02         3.088e+02         1.389e+00 
  1606.524          33.516    -53.766    -71.405            0.241        11534.575      0.272      0.000      0.000    0.00006    0.78972          -75.04422      195.01986         1.062e-02         3.094e+02         1.392e+00 
  1607.524          33.285    -53.767    -71.406            0.237        11534.635      0.272      0.000      0.000    0.00006    0.77685          -75.63490      194.99521         1.101e-02         3.096e+02         1.393e+00 
  1608.524          33.057    -53.767    -71.406            0.232        11534.692      0.272      0.000      0.000    0.00006    0.76400          -76.21290      194.96976         1.142e-02         3.096e+02         1.393e+00 
  1609.524          32.834    -53.768    -71.406            0.228        11534.745      0.272      0.000      0.000    0.00005    0.75120          -76.77813      194.94347         1.183e-02         3.093e+02         1.391e+00 
  1610.524          32.613    -53.768    -71.406            0.224        11534.796      0.272      0.000      0.000    0.00005    0.73848          -77.33050      194.91628         1.225e-02         3.088e+02         1.389e+00 
  1611.524          32.396    -53.769    -71.406            0.220        11534.843      0.272      0.000      0.000    0.00005    0.72588          -77.86991      194.88814         1.268e-02         3.080e+02         1.386e+00 
  1612.524          32.183    -53.769    -71.407            0.216        11534.888      0.272      0.000      0.000    0.00005    0.71342          -78.39624      194.85900         1.312e-02         3.071e+02         1.381e+00 
  1613.524          31.974    -53.769    -71.407            0.212        11534.929      0.272      0.000      0.000    0.00005    0.70071          -78.90937      194.82879         1.356e-02         3.056e+02         1.375e+00 
  1614.524          31.768    -53.770    -71.407            0.208        11534.969      0.272      0.000      0.000    0.00005    0.68814          -79.40915      194.79743         1.399e-02         3.039e+02         1.367e+00 
  1615.524          31.565    -53.770    -71.407            0.204        11535.006      0.272      0.000      0.000    0.00004    0.67587          -79.89543      194.76486         1.443e-02         3.021e+02         1.359e+00 
  1616.524          31.366    -53.770    -71.407            0.200        11535.040      0.272      0.000      0.000    0.00004    0.66389          -80.36809      194.73099         1.488e-02         3.002e+02         1.351e+00 
  1617.524          31.170    -53.771    -71.407            0.197        11535.072      0.272      0.000      0.000    0.00004    0.65222          -80.82699      194.69574         1.533e-02         2.984e+02         1.342e+00 
  1618.524          30.977    -53.771    -71.407            0.193        11535.103      0.272      0.000      0.000    0.00004    0.64085          -81.27206      194.65901         1.579e-02         2.964e+02         1.333e+00 
  1619.524          30.787    -53.771    -71.408            0.190        11535.131      0.272      0.000      0.000    0.00004    0.62979          -81.70323      194.62070         1.626e-02         2.945e+02         1.325e+00 
  1620.524          30.601    -53.771    -71.408            0.187        11535.157      0.272      0.000      0.000    0.00004    0.61904          -82.12044      194.58069         1.673e-02         2.926e+02         1.316e+00 
  1621.524          30.418    -53.772    -71.408            0.183        11535.182      0.272      0.000      0.000    0.00004    0.60859          -82.52369      194.53888         1.721e-02         2.906e+02         1.307e+00 
  1622.524          30.237    -53.772    -71.408            0.180        11535.205      0.272      0.000      0.000    0.00004    0.59845          -82.91298      194.49511         1.769e-02         2.887e+02         1.299e+00 
  1623.524          30.060    -53.772    -71.408            0.177        11535.226      0.272      0.000      0.000    0.00004    0.58860          -83.28836      194.44926         1.818e-02         2.868e+02         1.290e+00 
  1624.524          29.885    -53.772    -71.408            0.174        11535.246      0.272      0.000      0.000    0.00003    0.57905          -83.64988      194.40117         1.868e-02         2.849e+02         1.281e+00 
  1625.524          29.713    -53.772    -71.408            0.171        11535.264      0.272      0.000      0.000    0.00003    0.56978          -83.99764      194.35067         1.918e-02         2.830e+02         1.273e+00 
  1626.524          29.544    -53.772    -71.408            0.169        11535.282      0.272      0.000      0.000    0.00003    0.56079          -84.33176      194.29759         1.968e-02         2.812e+02         1.265e+00 
  1627.524          29.378    -53.773    -71.408            0.166        11535.298      0.272      0.000      0.000    0.00003    0.55207          -84.65239      194.24171         2.020e-02         2.794e+02         1.257e+00 
  1628.524          29.213    -53.773    -71.408            0.163        11535.313      0.272      0.000      0.000    0.00003    0.54363          -84.95970      194.18283         2.072e-02         2.777e+02         1.249e+00 
  1629.524          29.052    -53.773    -71.408            0.161        11535.326      0.272      0.000      0.000    0.00003    0.53543          -85.25389      194.12072         2.124e-02         2.760e+02         1.242e+00 
  1630.524          28.893    -53.773    -71.408            0.158        11535.339      0.272      0.000      0.000    0.00003    0.52749          -85.53518      194.05511         2.177e-02         2.744e+02         1.234e+00 
  1631.524          28.736    -53.773    -71.408            0.156        11535.351      0.272      0.000      0.000    0.00003    0.51979          -85.80382      193.98573         2.231e-02         2.728e+02         1.227e+00 
  1632.524          28.581    -53.773    -71.408            0.154        11535.362      0.272      0.000      0.000    0.00003    0.51233          -86.06006      193.91227         2.285e-02         2.713e+02         1.220e+00 
  1633.524          28.429    -53.773    -71.408            0.152        11535.372      0.272      0.000      0.000    0.00003    0.50509          -86.30418      193.83440         2.339e-02         2.698e+02         1.214e+00 
  1634.524          28.279    -53.773    -71.408            0.149        11535.381      0.272      0.000      0.000    0.00003    0.49807          -86.53649      193.75176         2.395e-02         2.683e+02         1.207e+00 
  1635.524          28.131    -53.773    -71.409            0.147        11535.390      0.272      0.000      0.000    0.00003    0.49125          -86.75728      193.66396         2.450e-02         2.670e+02         1.201e+00 
  1636.524          27.985    -53.773    -71.409            0.145        11535.398      0.272      0.000      0.000    0.00003    0.48464          -86.96689      193.57055         2.507e-02         2.656e+02         1.195e+00 
  1637.524          27.840    -53.774    -71.409            0.143        11535.405      0.272      0.000      0.000    0.00002    0.47823          -87.16566      193.47106         2.563e-02         2.643e+02         1.189e+00 
  1638.524          27.698    -53.774    -71.409            0.141        11535.412      0.272      0.000      0.000    0.00002    0.47200          -87.35391      193.36497         2.621e-02         2.631e+02         1.183e+00 
  1639.524          27.558    -53.774    -71.409            0.140        11535.418      0.272      0.000      0.000    0.00002    0.46595          -87.53201      193.25170         2.679e-02         2.619e+02         1.178e+00 
  1640.524          27.419    -53.774    -71.409            0.138        11535.424      0.272      0.000      0.000    0.00002    0.46008          -87.70030      193.13064         2.737e-02         2.607e+02         1.173e+00 
  1641.524          27.282    -53.774    -71.409            0.136        11535.429      0.272      0.000      0.000    0.00002    0.45436          -87.85915      193.00108         2.796e-02         2.596e+02         1.168e+00 
  1642.524          27.147    -53.774    -71.409            0.134        11535.434      0.272      0.000      0.000    0.00002    0.44881          -88.00891      192.86227         2.856e-02         2.586e+02         1.163e+00 
  1643.524          27.014    -53.774    -71.409            0.133        11535.439      0.272      0.000      0.000    0.00002    0.44341          -88.14995      192.71337         2.916e-02         2.576e+02         1.159e+00 
  1644.524          26.882    -53.774    -71.409            0.131        11535.443      0.272      0.000      0.000    0.00002    0.43816          -88.28263      192.55347         2.977e-02         2.566e+02         1.154e+00 
  1645.524          26.752    -53.774    -71.409            0.130        11535.446      0.272      0.000      0.000    0.00002    0.43305          -88.40730      192.38155         3.038e-02         2.556e+02         1.150e+00 
  1646.524          26.623    -53.774    -71.409            0.128        11535.450      0.272      0.000      0.000    0.00002    0.42807          -88.52432      192.19648         3.100e-02         2.547e+02         1.146e+00 
  1647.524          26.496    -53.774    -71.409            0.127        11535.453      0.272      0.000      0.000    0.00002    0.42323          -88.63403      191.99704         3.162e-02         2.539e+02         1.142e+00 
  1648.524          26.370    -53.774    -71.409            0.125        11535.456      0.272      0.000      0.000    0.00002    0.41850          -88.73679      191.78186         3.225e-02         2.530e+02         1.138e+00 
  1649.524          26.246    -53.774    -71.409            0.124        11535.459      0.272      0.000      0.000    0.00002    0.41390          -88.83292      191.54943         3.288e-02         2.522e+02         1.134e+00 
  1650.524          26.123    -53.774    -71.409            0.122        11535.461      0.272      0.000      0.000    0.00002    0.40941          -88.92275      191.29807         3.352e-02         2.514e+02         1.131e+00 
  1651.524          26.001    -53.774    -71.409            0.121        11535.463      0.272      0.000      0.000    0.00002    0.40504          -89.00662      191.02592         3.417e-02         2.507e+02         1.128e+00 
  1652.524          25.881    -53.774    -71.409            0.120        11535.465      0.272      0.000      0.000    0.00002    0.40077          -89.08482      190.73095         3.482e-02         2.500e+02         1.124e+00 
  1653.524          25.762    -53.774    -71.409            0.118        11535.467      0.272      0.000      0.000    0.00002    0.39660          -89.15766      190.41085         3.548e-02         2.493e+02         1.121e+00 
  1654.524          25.644    -53.774    -71.409            0.117        11535.469      0.272      0.000      0.000    0.00002    0.39253          -89.22544      190.06311         3.614e-02         2.486e+02         1.118e+00 
  1655.524          25.527    -53.774    -71.409            0.116        11535.470      0.272      0.000      0.000    0.00002    0.38855          -89.28844      189.68490         3.681e-02         2.480e+02         1.115e+00 
  1656.524          25.412    -53.774    -71.409            0.115        11535.471      0.272      0.000      0.000    0.00002    0.38466          -89.34693      189.27309         3.748e-02         2.474e+02         1.113e+00 
  1657.524          25.298    -53.774    -71.409            0.114        11535.473      0.272      0.000      0.000    0.00002    0.38087          -89.40117      188.82419         3.816e-02         2.468e+02         1.110e+00 
  1658.524          25.185    -53.774    -71.409            0.112        11535.474      0.272      0.000      0.000    0.00002    0.37715          -89.45142      188.33434         3.885e-02         2.462e+02         1.108e+00 
  1659.524          25.073    -53.774    -71.409            0.111        11535.475      0.272      0.000      0.000    0.00002    0.37352          -89.49792      187.79920         3.954e-02         2.457e+02         1.105e+00 
  1660.524          24.962    -53.774    -71.409            0.110        11535.476      0.272      0.000      0.000    0.00002    0.36996          -89.54090      187.21397         4.024e-02         2.451e+02         1.103e+00 
  1661.524          24.853    -53.774    -71.409            0.109        11535.477      0.272      0.000      0.000    0.00002    0.36649          -89.58057      186.57330         4.094e-02         2.446e+02         1.100e+00 
  1662.524          24.744    -53.774    -71.409            0.108        11535.477      0.272      0.000      0.000    0.00002    0.36308          -89.61716      185.87125         4.165e-02         2.441e+02         1.098e+00 
  1663.524          24.636    -53.774    -71.409            0.107        11535.478      0.272      0.000      0.000    0.00002    0.35974          -89.65085      185.10119         4.236e-02         2.437e+02         1.096e+00 
  1664.524          24.530    -53.774    -71.409            0.106        11535.479      0.272      0.000      0.000    0.00001    0.35648          -89.68183      184.25581         4.308e-02         2.432e+02         1.094e+00 
  1665.524          24.424    -53.774    -71.409            0.105        11535.479      0.272      0.000      0.000    0.00001    0.35327          -89.71029      183.32700         4.380e-02         2.428e+02         1.092e+00 
  1666.524          24.319    -53.774    -71.409            0.104        11535.480      0.272      0.000      0.000    0.00001    0.35013          -89.73639      182.30582         4.454e-02         2.423e+02         1.090e+00 
  1667.524          24.216    -53.774    -71.409            0.103        11535.480      0.272      0.000      0.000    0.00001    0.34706          -89.76029      181.18248         4.527e-02         2.419e+02         1.088e+00 
  1668.524          24.113    -53.774    -71.409            0.102        11535.481      0.272      0.000      0.000    0.00001    0.34404          -89.78214      179.94630         4.601e-02         2.415e+02         1.086e+00 
  1669.524          24.011    -53.774    -71.409            0.101        11535.481      0.272      0.000      0.000    0.00001    0.34108          -89.80208      178.58578         4.676e-02         2.411e+02         1.085e+00 
  1670.524          23.910    -53.774    -71.409            0.101        11535.481      0.272      0.000      0.000    0.00001    0.33817          -89.82023      177.08862         4.752e-02         2.408e+02         1.083e+00 
  1671.524          23.810    -53.774    -71.409            0.100        11535.482      0.272      0.000      0.000    0.00001    0.33532          -89.83673      175.44194         4.828e-02         2.404e+02         1.081e+00 
  1672.524          23.710    -53.774    -71.409            0.099        11535.482      0.272      0.000      0.000    0.00001    0.33253          -89.85169      173.63253         4.904e-02         2.400e+02         1.080e+00 
  1673.524          23.612    -53.774    -71.409            0.098        11535.482      0.272      0.000      0.000    0.00001    0.32978          -89.86520      171.64730         4.982e-02         2.397e+02         1.078e+00 
  1674.524          23.514    -53.774    -71.409            0.097        11535.482      0.272      0.000      0.000    0.00001    0.32708          -89.87738      169.47388         5.059e-02         2.394e+02         1.077e+00 
  1675.524          23.418    -53.774    -71.409            0.096        11535.482      0.272      0.000      0.000    0.00001    0.32443          -89.88832      167.10147         5.138e-02         2.390e+02         1.075e+00 
  1676.524          23.322    -53.774    -71.409            0.096        11535.483      0.272      0.000      0.000    0.00001    0.32182          -89.89809      164.52193         5.217e-02         2.387e+02         1.074e+00 
  1677.524          23.227    -53.774    -71.409            0.095        11535.483      0.272      0.000      0.000    0.00001    0.31926          -89.90679      161.73113         5.296e-02         2.384e+02         1.072e+00 
  1678.524          23.132    -53.774    -71.409            0.094        11535.483      0.272      0.000      0.000    0.00001    0.31675          -89.91449      158.73043         5.376e-02         2.381e+02         1.071e+00 
  1679.524          23.039    -53.774    -71.409            0.093        11535.483      0.272      0.000      0.000    0.00001    0.31428          -89.92126      155.52821         5.457e-02         2.378e+02         1.070e+00 
  1680.524          22.946    -53.774    -71.409            0.093        11535.483      0.272      0.000      0.000    0.00001    0.31184          -89.92718      152.14119         5.538e-02         2.376e+02         1.069e+00 
  1681.524          22.853    -53.774    -71.409            0.092        11535.483      0.272      0.000      0.000    0.00001    0.30945          -89.93231      148.59524         5.620e-02         2.373e+02         1.067e+00 
  1682.524          22.762    -53.774    -71.409            0.091        11535.483      0.272      0.000      0.000    0.00001    0.30710          -89.93673      144.92533         5.702e-02         2.370e+02         1.066e+00 
  1683.524          22.671    -53.774    -71.409            0.090        11535.484      0.272      0.000      0.000    0.00001    0.30478          -89.94049      141.17443         5.786e-02         2.368e+02         1.065e+00 
  1684.524          22.581    -53.774    -71.409            0.090        11535.484      0.272      0.000      0.000    0.00001    0.30251          -89.94368      137.39123         5.869e-02         2.365e+02         1.064e+00 
  1685.524          22.492    -53.774    -71.409            0.089        11535.484      0.272      0.000      0.000    0.00001    0.30027          -89.94635      133.62705         5.953e-02         2.363e+02         1.063e+00 
  1686.524          22.403    -53.774    -71.409            0.088        11535.484      0.272      0.000      0.000    0.00001    0.29806          -89.94857      129.93217         6.038e-02         2.360e+02         1.062e+00 
  1687.524          22.315    -53.774    -71.409            0.088        11535.484      0.272      0.000      0.000    0.00001    0.29589          -89.95041      126.35245         6.124e-02         2.358e+02         1.061e+00 
  1688.524          22.228    -53.774    -71.409            0.087        11535.484      0.272      0.000      0.000    0.00001    0.29375          -89.95191      122.92658         6.210e-02         2.356e+02         1.060e+00 
  1689.524          22.141    -53.774    -71.409            0.086        11535.484      0.272      0.000      0.000    0.00001    0.29164          -89.95314      119.68447         6.296e-02         2.354e+02         1.059e+00 
  1690.524          22.055    -53.774    -71.409            0.086        11535.484      0.272      0.000      0.000    0.00001    0.28957          -89.95415      116.64671         6.384e-02         2.352e+02         1.058e+00 
  1691.524          21.970    -53.774    -71.409            0.085        11535.484      0.272      0.000      0.000    0.00001    0.28753          -89.95497      113.82503         6.471e-02         2.349e+02         1.057e+00 
  1692.524          21.885    -53.774    -71.409            0.085        11535.484      0.272      0.000      0.000    0.00001    0.28552          -89.95564      111.22343         6.560e-02         2.347e+02         1.056e+00 
  1693.524          21.801    -53.774    -71.409            0.084        11535.484      0.272      0.000      0.000    0.00001    0.28353          -89.95620      108.83967         6.649e-02         2.345e+02         1.055e+00 
  1694.524          21.717    -53.774    -71.409            0.083        11535.484      0.272      0.000      0.000    0.00001    0.28158          -89.95666      106.66676         6.738e-02         2.344e+02         1.054e+00 
  1695.524          21.634    -53.774    -71.409            0.083        11535.484      0.272      0.000      0.000    0.00001    0.27965          -89.95706      104.69443         6.829e-02         2.342e+02         1.053e+00 
  1696.524          21.551    -53.774    -71.409            0.082        11535.484      0.272      0.000      0.000    0.00001    0.27775          -89.95740      102.91033         6.919e-02         2.340e+02         1.052e+00 
  1697.524          21.470    -53.774    -71.409            0.082        11535.485      0.272      0.000      0.000    0.00001    0.27588          -89.95770      101.30100         7.011e-02         2.338e+02         1.052e+00 
  1698.524          21.388    -53.774    -71.409            0.081        11535.485      0.272      0.000      0.000    0.00001    0.27404          -89.95797       99.85260         7.103e-02         2.336e+02         1.051e+00 
  1699.524          21.308    -53.774    -71.409            0.080        11535.485      0.272      0.000      0.000    0.00001    0.27222          -89.95822       98.55141         7.195e-02         2.335e+02         1.050e+00 
  1700.524          21.227    -53.774    -71.409            0.080        11535.485      0.272      0.000      0.000    0.00001    0.27042          -89.95846       97.38422         7.289e-02         2.333e+02         1.049e+00 
  1701.524          21.148    -53.774    -71.409            0.079        11535.485      0.272      0.000      0.000    0.00001    0.26866          -89.95869       96.33850         7.382e-02         2.331e+02         1.049e+00 
  1702.524          21.068    -53.774    -71.409            0.079        11535.485      0.272      0.000      0.000    0.00001    0.26691          -89.95892       95.40256         7.477e-02         2.330e+02         1.048e+00 
  1703.524          20.990    -53.774    -71.409            0.078        11535.485      0.272      0.000      0.000    0.00001    0.26519          -89.95914       94.56560         7.572e-02         2.328e+02         1.047e+00 
  1704.524          20.912    -53.774    -71.409            0.078        11535.485      0.272      0.000      0.000    0.00001    0.26349          -89.95936       93.81769         7.668e-02         2.327e+02         1.046e+00 
  1705.524          20.834    -53.774    -71.409            0.077        11535.485      0.272      0.000      0.000    0.00001    0.26181          -89.95958       93.14979         7.764e-02         2.325e+02         1.046e+00 
  1706.524          20.757    -53.774    -71.409            0.077        11535.485      0.272      0.000      0.000    0.00001    0.26016          -89.95980       92.55369         7.861e-02         2.324e+02         1.045e+00 
  1707.524          20.681    -53.774    -71.409            0.076        11535.485      0.272      0.000      0.000    0.00001    0.25853          -89.96002       92.02194         7.958e-02         2.322e+02         1.045e+00 
  1708.524          20.604    -53.774    -71.409            0.076        11535.485      0.272      0.000      0.000    0.00001    0.25691          -89.96025       91.54782         8.056e-02         2.321e+02         1.044e+00 
  1709.524          20.529    -53.774    -71.409            0.075        11535.485      0.272      0.000      0.000    0.00001    0.25532          -89.96047       91.12528         8.155e-02         2.319e+02         1.043e+00 
  1710.524          20.454    -53.774    -71.409            0.075        11535.485      0.272      0.000      0.000    0.00001    0.25375          -89.96070       90.74886         8.254e-02         2.318e+02         1.043e+00 
  1711.524          20.379    -53.774    -71.409            0.074        11535.485      0.272      0.000      0.000    0.00001    0.25220          -89.96093       90.41366         8.354e-02         2.317e+02         1.042e+00 
  1712.524          20.305    -53.774    -71.409            0.074        11535.485      0.272      0.000      0.000    0.00001    0.25067          -89.96116       90.11527         8.454e-02         2.315e+02         1.041e+00 
  1713.524          20.231    -53.774    -71.409            0.073        11535.485      0.272      0.000      0.000    0.00001    0.24916          -89.96139       89.84973         8.555e-02         2.314e+02         1.041e+00 
  1714.524          20.158    -53.774    -71.409            0.073        11535.485      0.272      0.000      0.000    0.00001    0.24767          -89.96163       89.61350         8.657e-02         2.313e+02         1.040e+00 
  1715.524          20.085    -53.774    -71.409            0.073        11535.485      0.272      0.000      0.000    0.00001    0.24619          -89.96186       89.40340         8.759e-02         2.312e+02         1.040e+00 
  1716.524          20.013    -53.774    -71.409            0.072        11535.485      0.272      0.000      0.000    0.00001    0.24471          -89.96209       89.21657         8.860e-02         2.310e+02         1.039e+00 
  1717.524          19.941    -53.774    -71.409            0.072        11535.485      0.272      0.000      0.000    0.00001    0.24325          -89.96232       89.05048         8.961e-02         2.308e+02         1.038e+00 
  1718.524          19.869    -53.774    -71.409            0.071        11535.485      0.272      0.000      0.000    0.00001    0.24181          -89.96256       88.90284         9.062e-02         2.307e+02         1.038e+00 
  1719.524          19.798    -53.774    -71.409            0.071        11535.485      0.272      0.000      0.000    0.00001    0.24039          -89.96279       88.77161         9.164e-02         2.305e+02         1.037e+00 
  1720.524          19.728    -53.774    -71.409            0.070        11535.485      0.272      0.000      0.000    0.00001    0.23899          -89.96302       88.65498         9.266e-02         2.304e+02         1.036e+00 
  1721.524          19.657    -53.774    -71.409            0.070        11535.485      0.272      0.000      0.000    0.00001    0.23761          -89.96324       88.55130         9.369e-02         2.303e+02         1.036e+00 
  1722.524          19.587    -53.774    -71.409            0.070        11535.485      0.272      0.000      0.000    0.00001    0.23625          -89.96347       88.45913         9.472e-02         2.301e+02         1.035e+00 
  1723.524          19.518    -53.774    -71.409            0.069        11535.486      0.272      0.000      0.000    0.00001    0.23491          -89.96369       88.37715         9.576e-02         2.300e+02         1.035e+00 
  1724.524          19.449    -53.774    -71.409            0.069        11535.486      0.272      0.000      0.000    0.00001    0.23359          -89.96391       88.30422         9.680e-02         2.299e+02         1.034e+00 
  1725.524          19.380    -53.774    -71.409            0.068        11535.486      0.272      0.000      0.000    0.00001    0.23228          -89.96413       88.23928         9.785e-02         2.298e+02         1.034e+00 
  1726.524          19.312    -53.774    -71.409            0.068        11535.486      0.272      0.000      0.000    0.00001    0.23099          -89.96435       88.18142         9.890e-02         2.297e+02         1.033e+00 
  1727.524          19.244    -53.774    -71.409            0.068        11535.486      0.272      0.000      0.000    0.00001    0.22971          -89.96457       88.12982         9.996e-02         2.296e+02         1.033e+00 
  1728.524          19.176    -53.774    -71.409            0.067        11535.486      0.272      0.000      0.000    0.00001    0.22845          -89.96478       88.08375         1.010e-01         2.295e+02         1.032e+00 
  1729.524          19.109    -53.774    -71.409            0.067        11535.486      0.272      0.000      0.000    0.00001    0.22721          -89.96499       88.04255         1.021e-01         2.294e+02         1.032e+00 
  1730.524          19.042    -53.774    -71.409            0.067        11535.486      0.272      0.000      0.000    0.00001    0.22597          -89.96520       88.00566         1.032e-01         2.293e+02         1.032e+00 
  1731.524          18.976    -53.774    -71.409            0.066        11535.486      0.272      0.000      0.000    0.00001    0.22476          -89.96540       87.97256         1.043e-01         2.293e+02         1.031e+00 
  1732.524          18.910    -53.774    -71.409            0.066        11535.486      0.272      0.000      0.000    0.00001    0.22355          -89.96561       87.94279         1.053e-01         2.292e+02         1.031e+00 
  1733.524          18.844    -53.774    -71.409            0.066        11535.486      0.272      0.000      0.000    0.00001    0.22236          -89.96581       87.91596         1.064e-01         2.291e+02         1.030e+00 
  1734.524          18.779    -53.774    -71.409            0.065        11535.486      0.272      0.000      0.000    0.00001    0.22118          -89.96601       87.89171         1.075e-01         2.290e+02         1.030e+00 
  1735.524          18.714    -53.774    -71.409            0.065        11535.486      0.272      0.000      0.000    0.00001    0.22002          -89.96620       87.86973         1.086e-01         2.289e+02         1.030e+00 
  1736.524          18.649    -53.774    -71.409            0.065        11535.486      0.272      0.000      0.000    0.00001    0.21887          -89.96640       87.84974         1.097e-01         2.288e+02         1.029e+00 
  1737.524          18.585    -53.774    -71.409            0.064        11535.486      0.272      0.000      0.000    0.00001    0.21773          -89.96659       87.83150         1.109e-01         2.288e+02         1.029e+00 
  1738.524          18.521    -53.774    -71.409            0.064        11535.486      0.272      0.000      0.000    0.00001    0.21660          -89.96678       87.81480         1.120e-01         2.287e+02         1.029e+00 
  1739.524          18.457    -53.774    -71.409            0.064        11535.486      0.272      0.000      0.000    0.00001    0.21549          -89.96697       87.79943         1.131e-01         2.286e+02         1.028e+00 
  1740.524          18.393    -53.774    -71.409            0.063        11535.486      0.272      0.000      0.000    0.00001    0.21438          -89.96715       87.78525         1.142e-01         2.285e+02         1.028e+00 
  1741.524          18.330    -53.774    -71.409            0.063        11535.486      0.272      0.000      0.000    0.00001    0.21329          -89.96733       87.77210         1.154e-01         2.285e+02         1.028e+00 
  1742.524          18.268    -53.774    -71.409            0.063        11535.486      0.272      0.000      0.000    0.00001    0.21221          -89.96752       87.75985         1.165e-01         2.284e+02         1.027e+00 
  1743.524          18.205    -53.774    -71.409            0.062        11535.486      0.272      0.000      0.000    0.00001    0.21114          -89.96769       87.74839         1.177e-01         2.283e+02         1.027e+00 
  1744.524          18.143    -53.774    -71.409            0.062        11535.486      0.272      0.000      0.000    0.00001    0.21008          -89.96787       87.73762         1.188e-01         2.283e+02         1.027e+00 
  1745.524          18.081    -53.774    -71.409            0.062        11535.486      0.272      0.000      0.000    0.00001    0.20904          -89.96805       87.72746         1.200e-01         2.282e+02         1.026e+00 
  1746.524          18.020    -53.774    -71.409            0.061        11535.486      0.272      0.000      0.000    0.00001    0.20800          -89.96822       87.71783         1.211e-01         2.281e+02         1.026e+00 
  1747.524          17.959    -53.774    -71.409            0.061        11535.486      0.272      0.000      0.000    0.00001    0.20697          -89.96839       87.70866         1.223e-01         2.281e+02         1.026e+00 
  1748.524          17.898    -53.774    -71.409            0.061        11535.486      0.272      0.000      0.000    0.00001    0.20596          -89.96856       87.69990         1.235e-01         2.280e+02         1.026e+00 
  1749.524          17.837    -53.774    -71.409            0.060        11535.486      0.272      0.000      0.000    0.00001    0.20495          -89.96873       87.69149         1.246e-01         2.279e+02         1.025e+00 
  1750.524          17.777    -53.774    -71.409            0.060        11535.486      0.272      0.000      0.000    0.00001    0.20396          -89.96889       87.68340         1.258e-01         2.279e+02         1.025e+00 
  1751.524          17.717    -53.774    -71.409            0.060        11535.486      0.272      0.000      0.000    0.00001    0.20297          -89.96906       87.67558         1.270e-01         2.278e+02         1.025e+00 
  1752.524          17.657    -53.774    -71.409            0.060        11535.486      0.272      0.000      0.000    0.00000    0.20200          -89.96922       87.66800         1.282e-01         2.277e+02         1.024e+00 
  1753.524          17.598    -53.774    -71.409            0.059        11535.486      0.272      0.000      0.000    0.00000    0.20103          -89.96938       87.66064         1.294e-01         2.277e+02         1.024e+00 
  1754.524          17.539    -53.774    -71.409            0.059        11535.486      0.272      0.000      0.000    0.00000    0.20008          -89.96954       87.65346         1.306e-01         2.276e+02         1.024e+00 
  1755.524          17.480    -53.774    -71.409            0.059        11535.486      0.272      0.000      0.000    0.00000    0.19913          -89.96969       87.64644         1.318e-01         2.276e+02         1.024e+00 
  1756.524          17.421    -53.774    -71.409            0.058        11535.486      0.272      0.000      0.000    0.00000    0.19819          -89.96985       87.63958         1.331e-01         2.275e+02         1.023e+00 
  1757.524          17.363    -53.774    -71.409            0.058        11535.486      0.272      0.000      0.000    0.00000    0.19726          -89.97000       87.63284         1.343e-01         2.275e+02         1.023e+00 
  1758.524          17.305    -53.774    -71.409            0.058        11535.486      0.272      0.000      0.000    0.00000    0.19634          -89.97015       87.62621         1.355e-01         2.274e+02         1.023e+00 
  1759.524          17.247    -53.774    -71.409            0.058        11535.486      0.272      0.000      0.000    0.00000    0.19543          -89.97030       87.61969         1.367e-01         2.273e+02         1.023e+00 
  1760.524          17.190    -53.774    -71.409            0.057        11535.486      0.272      0.000      0.000    0.00000    0.19453          -89.97045       87.61327         1.380e-01         2.273e+02         1.022e+00 
  1761.524          17.132    -53.774    -71.409            0.057        11535.486      0.272      0.000      0.000    0.00000    0.19363          -89.97060       87.60692         1.392e-01         2.272e+02         1.022e+00 
  1762.524          17.075    -53.774    -71.409            0.057        11535.486      0.272      0.000      0.000    0.00000    0.19275          -89.97074       87.60065         1.405e-01         2.272e+02         1.022e+00 
  1763.524          17.019    -53.774    -71.409            0.057        11535.486      0.272      0.000      0.000    0.00000    0.19187          -89.97089       87.59445         1.417e-01         2.271e+02         1.022e+00 
  1764.524          16.962    -53.774    -71.409            0.056        11535.486      0.272      0.000      0.000    0.00000    0.19100          -89.97103       87.58832         1.430e-01         2.271e+02         1.021e+00 
  1765.524          16.906    -53.774    -71.409            0.056        11535.486      0.272      0.000      0.000    0.00000    0.19014          -89.97117       87.58224         1.443e-01         2.270e+02         1.021e+00 
  1766.524          16.850    -53.774    -71.409            0.056        11535.486      0.272      0.000      0.000    0.00000    0.18929          -89.97131       87.57621         1.455e-01         2.270e+02         1.021e+00 
  1767.524          16.794    -53.774    -71.409            0.056        11535.486      0.272      0.000      0.000    0.00000    0.18844          -89.97145       87.57023         1.468e-01         2.269e+02         1.021e+00 
  1768.524          16.739    -53.774    -71.409            0.055        11535.486      0.272      0.000      0.000    0.00000    0.18760          -89.97158       87.56430         1.481e-01         2.269e+02         1.021e+00 
  1769.524          16.684    -53.774    -71.409            0.055        11535.486      0.272      0.000      0.000    0.00000    0.18677          -89.97172       87.55841         1.494e-01         2.268e+02         1.020e+00 
  1770.524          16.629    -53.774    -71.409            0.055        11535.486      0.272      0.000      0.000    0.00000    0.18595          -89.97185       87.55256         1.507e-01         2.268e+02         1.020e+00 
  1771.524          16.574    -53.774    -71.409            0.055        11535.486      0.272      0.000      0.000    0.00000    0.18514          -89.97199       87.54675         1.520e-01         2.268e+02         1.020e+00 
  1772.524          16.520    -53.774    -71.409            0.054        11535.486      0.272      0.000      0.000    0.00000    0.18433          -89.97212       87.54098         1.533e-01         2.267e+02         1.020e+00 
  1773.524          16.465    -53.774    -71.409            0.054        11535.486      0.272      0.000      0.000    0.00000    0.18353          -89.97225       87.53524         1.546e-01         2.267e+02         1.020e+00 
  1774.524          16.411    -53.774    -71.409            0.054        11535.486      0.272      0.000      0.000    0.00000    0.18273          -89.97238       87.52954         1.559e-01         2.266e+02         1.019e+00 
  1775.524          16.358    -53.774    -71.409            0.054        11535.486      0.272      0.000      0.000    0.00000    0.18195          -89.97250       87.52387         1.572e-01         2.266e+02         1.019e+00 
  1776.524          16.304    -53.774    -71.409            0.053        11535.486      0.272      0.000      0.000    0.00000    0.18117          -89.97263       87.51823         1.586e-01         2.265e+02         1.019e+00 
  1777.524          16.251    -53.774    -71.409            0.053        11535.486      0.272      0.000      0.000    0.00000    0.18039          -89.97276       87.51262         1.599e-01         2.265e+02         1.019e+00 
  1778.524          16.198    -53.774    -71.409            0.053        11535.486      0.272      0.000      0.000    0.00000    0.17963          -89.97288       87.50704         1.612e-01         2.265e+02         1.019e+00 
  1779.524          16.145    -53.774    -71.409            0.053        11535.486      0.272      0.000      0.000    0.00000    0.17887          -89.97300       87.50149         1.626e-01         2.264e+02         1.018e+00 
  1780.524          16.092    -53.774    -71.409            0.053        11535.486      0.272      0.000      0.000    0.00000    0.17811          -89.97312       87.49597         1.639e-01         2.264e+02         1.018e+00 
  1781.524          16.040    -53.774    -71.409            0.052        11535.486      0.272      0.000      0.000    0.00000    0.17737          -89.97325       87.49047         1.653e-01         2.263e+02         1.018e+00 
  1782.524          15.987    -53.774    -71.409            0.052        11535.486      0.272      0.000      0.000    0.00000    0.17663          -89.97336       87.48501         1.666e-01         2.263e+02         1.018e+00 
  1783.524          15.936    -53.774    -71.409            0.052        11535.486      0.272      0.000      0.000    0.00000    0.17589          -89.97348       87.47957         1.680e-01         2.263e+02         1.018e+00 
  1784.524          15.884    -53.774    -71.409            0.052        11535.486      0.272      0.000      0.000    0.00000    0.17517          -89.97360       87.47415         1.694e-01         2.262e+02         1.018e+00 
  1785.524          15.832    -53.774    -71.409            0.051        11535.486      0.272      0.000      0.000    0.00000    0.17444          -89.97372       87.46877         1.707e-01         2.262e+02         1.017e+00 
  1786.524          15.781    -53.774    -71.409            0.051        11535.486      0.272      0.000      0.000    0.00000    0.17373          -89.97383       87.46340         1.721e-01         2.261e+02         1.017e+00 
  1787.524          15.730    -53.774    -71.409            0.051        11535.486      0.272      0.000      0.000    0.00000    0.17302          -89.97395       87.45807         1.735e-01         2.261e+02         1.017e+00 
  1788.524          15.679    -53.774    -71.409            0.051        11535.486      0.272      0.000      0.000    0.00000    0.17232          -89.97406       87.45276         1.749e-01         2.261e+02         1.017e+00 
  1789.524          15.628    -53.774    -71.409            0.051        11535.486      0.272      0.000      0.000    0.00000    0.17162          -89.97417       87.44747         1.763e-01         2.260e+02         1.017e+00 
  1790.524          15.578    -53.774    -71.409            0.050        11535.486      0.272      0.000      0.000    0.00000    0.17092          -89.97428       87.44221         1.777e-01         2.260e+02         1.017e+00 
  1791.524          15.527    -53.774    -71.409            0.050        11535.486      0.272      0.000      0.000    0.00000    0.17024          -89.97439       87.43698         1.791e-01         2.260e+02         1.016e+00 
  1792.524          15.477    -53.774    -71.409            0.050        11535.486      0.272      0.000      0.000    0.00000    0.16956          -89.97450       87.43177         1.805e-01         2.259e+02         1.016e+00 
  1793.524          15.427    -53.774    -71.409            0.050        11535.486      0.272      0.000      0.000    0.00000    0.16888          -89.97461       87.42658         1.819e-01         2.259e+02         1.016e+00 
  1794.524          15.378    -53.774    -71.409            0.050        11535.486      0.272      0.000      0.000    0.00000    0.16821          -89.97472       87.42142         1.834e-01         2.259e+02         1.016e+00 
  1795.524          15.328    -53.774    -71.409            0.049        11535.486      0.272      0.000      0.000    0.00000    0.16755          -89.97482       87.41628         1.848e-01         2.258e+02         1.016e+00 
  1796.524          15.279    -53.774    -71.409            0.049        11535.486      0.272      0.000      0.000    0.00000    0.16689          -89.97493       87.41116         1.862e-01         2.258e+02         1.016e+00 
  1797.524          15.230    -53.774    -71.409            0.049        11535.486      0.272      0.000      0.000    0.00000    0.16623          -89.97503       87.40607         1.877e-01         2.258e+02         1.016e+00 
  1798.524          15.181    -53.774    -71.409            0.049        11535.486      0.272      0.000      0.000    0.00000    0.16559          -89.97514       87.40100         1.891e-01         2.257e+02         1.015e+00 
  1799.524          15.132    -53.774    -71.409            0.049        11535.486      0.272      0.000      0.000    0.00000    0.16494          -89.97524       87.39596         1.906e-01         2.257e+02         1.015e+00 
  1800.524          15.083    -53.774    -71.409            0.048        11535.486      0.272      0.000      0.000    0.00000    0.16430          -89.97534       87.39093         1.920e-01         2.257e+02         1.015e+00 
  1801.524          15.035    -53.774    -71.409            0.048        11535.486      0.272      0.000      0.000    0.00000    0.16367          -89.97544       87.38594         1.935e-01         2.257e+02         1.015e+00 
  1802.524          14.987    -53.774    -71.409            0.048        11535.486      0.272      0.000      0.000    0.00000    0.16304          -89.97554       87.38096         1.950e-01         2.256e+02         1.015e+00 
  1803.524          14.939    -53.774    -71.409            0.048        11535.486      0.272      0.000      0.000    0.00000    0.16242          -89.97564       87.37601         1.964e-01         2.256e+02         1.015e+00 
  1804.524          14.891    -53.774    -71.409            0.048        11535.486      0.272      0.000      0.000    0.00000    0.16180          -89.97574       87.37108         1.979e-01         2.256e+02         1.015e+00 
  1805.524          14.843    -53.774    -71.409            0.048        11535.486      0.272      0.000      0.000    0.00000    0.16118          -89.97584       87.36617         1.994e-01         2.255e+02         1.015e+00 
  1806.524          14.796    -53.774    -71.409            0.047        11535.486      0.272      0.000      0.000    0.00000    0.16057          -89.97593       87.36128         2.009e-01         2.255e+02         1.014e+00 
  1807.524          14.749    -53.774    -71.409            0.047        11535.486      0.272      0.000      0.000    0.00000    0.15997          -89.97603       87.35642         2.024e-01         2.255e+02         1.014e+00 
  1808.524          14.702    -53.774    -71.409            0.047        11535.486      0.272      0.000      0.000    0.00000    0.15937          -89.97612       87.35158         2.039e-01         2.255e+02         1.014e+00 
  1809.524          14.655    -53.774    -71.409            0.047        11535.486      0.272      0.000      0.000    0.00000    0.15877          -89.97622       87.34676         2.054e-01         2.254e+02         1.014e+00 
  1810.524          14.608    -53.774    -71.409            0.047        11535.486      0.272      0.000      0.000    0.00000    0.15818          -89.97631       87.34196         2.069e-01         2.254e+02         1.014e+00 
  1811.524          14.561    -53.774    -71.409            0.046        11535.486      0.272      0.000      0.000    0.00000    0.15760          -89.97641       87.33719         2.084e-01         2.254e+02         1.014e+00 
  1812.524          14.515    -53.774    -71.409            0.046        11535.486      0.272      0.000      0.000    0.00000    0.15701          -89.97650       87.33244         2.100e-01         2.254e+02         1.014e+00 
  1813.524          14.469    -53.774    -71.409            0.046        11535.486      0.272      0.000      0.000    0.00000    0.15644          -89.97659       87.32770         2.115e-01         2.253e+02         1.014e+00 
  1814.524          14.423    -53.774    -71.409            0.046        11535.486      0.272      0.000      0.000    0.00000    0.15586          -89.97668       87.32299         2.130e-01         2.253e+02         1.013e+00 
  1815.524          14.377    -53.774    -71.409            0.046        11535.486      0.272      0.000      0.000    0.00000    0.15529          -89.97677       87.31831         2.146e-01         2.253e+02         1.013e+00 
  1816.524          14.331    -53.774    -71.409            0.046        11535.486      0.272      0.000      0.000    0.00000    0.15473          -89.97686       87.31364         2.161e-01         2.252e+02         1.013e+00 
  1817.524          14.286    -53.774    -71.409            0.045        11535.486      0.272      0.000      0.000    0.00000    0.15417          -89.97695       87.30899         2.177e-01         2.252e+02         1.013e+00 
  1818.524          14.240    -53.774    -71.409            0.045        11535.486      0.272      0.000      0.000    0.00000    0.15361          -89.97704       87.30437         2.192e-01         2.252e+02         1.013e+00 
  1819.524          14.195    -53.774    -71.409            0.045        11535.486      0.272      0.000      0.000    0.00000    0.15306          -89.97712       87.29976         2.208e-01         2.252e+02         1.013e+00 
  1820.524          14.150    -53.774    -71.409            0.045        11535.486      0.272      0.000      0.000    0.00000    0.15251          -89.97721       87.29518         2.224e-01         2.252e+02         1.013e+00 
  1821.524          14.105    -53.774    -71.409            0.045        11535.486      0.272      0.000      0.000    0.00000    0.15197          -89.97730       87.29062         2.239e-01         2.251e+02         1.013e+00 
  1822.524          14.060    -53.774    -71.409            0.045        11535.486      0.272      0.000      0.000    0.00000    0.15142          -89.97738       87.28608         2.255e-01         2.251e+02         1.013e+00 
  1823.524          14.016    -53.774    -71.409            0.045        11535.486      0.272      0.000      0.000    0.00000    0.15089          -89.97747       87.28156         2.271e-01         2.251e+02         1.012e+00 
  1824.524          13.971    -53.774    -71.409            0.044        11535.486      0.272      0.000      0.000    0.00000    0.15036          -89.97755       87.27706         2.287e-01         2.251e+02         1.012e+00 
  1825.524          13.927    -53.774    -71.409            0.044        11535.486      0.272      0.000      0.000    0.00000    0.14983          -89.97763       87.27258         2.303e-01         2.250e+02         1.012e+00 
  1826.524          13.883    -53.774    -71.409            0.044        11535.486      0.272      0.000      0.000    0.00000    0.14930          -89.97772       87.26812         2.319e-01         2.250e+02         1.012e+00 
  1827.524          13.839    -53.774    -71.409            0.044        11535.486      0.272      0.000      0.000    0.00000    0.14878          -89.97780       87.26368         2.335e-01         2.250e+02         1.012e+00 
  1828.524          13.795    -53.774    -71.409            0.044        11535.486      0.272      0.000      0.000    0.00000    0.14826          -89.97788       87.25926         2.351e-01         2.250e+02         1.012e+00 
  1829.524          13.751    -53.774    -71.409            0.044        11535.486      0.272      0.000      0.000    0.00000    0.14775          -89.97796       87.25486         2.367e-01         2.250e+02         1.012e+00 
  1830.524          13.708    -53.774    -71.409            0.043        11535.486      0.272      0.000      0.000    0.00000    0.14724          -89.97804       87.25048         2.383e-01         2.249e+02         1.012e+00 
  1831.524          13.665    -53.774    -71.409            0.043        11535.486      0.272      0.000      0.000    0.00000    0.14673          -89.97812       87.24612         2.400e-01         2.249e+02         1.012e+00 
  1832.524          13.621    -53.774    -71.409            0.043        11535.486      0.272      0.000      0.000    0.00000    0.14622          -89.97820       87.24178         2.416e-01         2.249e+02         1.012e+00 
  1833.524          13.578    -53.774    -71.409            0.043        11535.486      0.272      0.000      0.000    0.00000    0.14572          -89.97828       87.23746         2.432e-01         2.249e+02         1.011e+00 
  1834.524          13.535    -53.774    -71.409            0.043        11535.486      0.272      0.000      0.000    0.00000    0.14523          -89.97836       87.23316         2.449e-01         2.249e+02         1.011e+00 
  1835.524          13.493    -53.774    -71.409            0.043        11535.486      0.272      0.000      0.000    0.00000    0.14473          -89.97843       87.22888         2.465e-01         2.248e+02         1.011e+00 
  1836.524          13.450    -53.774    -71.409            0.043        11535.486      0.272      0.000      0.000    0.00000    0.14424          -89.97851       87.22462         2.482e-01         2.248e+02         1.011e+00 
  1837.524          13.408    -53.774    -71.409            0.042        11535.486      0.272      0.000      0.000    0.00000    0.14376          -89.97859       87.22038         2.499e-01         2.248e+02         1.011e+00 
  1838.524          13.365    -53.774    -71.409            0.042        11535.486      0.272      0.000      0.000    0.00000    0.14327          -89.97866       87.21616         2.515e-01         2.248e+02         1.011e+00 
  1839.524          13.323    -53.774    -71.409            0.042        11535.486      0.272      0.000      0.000    0.00000    0.14279          -89.97874       87.21196         2.532e-01         2.248e+02         1.011e+00 
  1840.524          13.281    -53.774    -71.409            0.042        11535.487      0.272      0.000      0.000    0.00000    0.14232          -89.97881       87.20777         2.549e-01         2.247e+02         1.011e+00 
  1841.524          13.239    -53.774    -71.409            0.042        11535.487      0.272      0.000      0.000    0.00000    0.14184          -89.97889       87.20361         2.566e-01         2.247e+02         1.011e+00 
  1842.524          13.197    -53.774    -71.409            0.042        11535.487      0.272      0.000      0.000    0.00000    0.14137          -89.97896       87.19946         2.583e-01         2.247e+02         1.011e+00 
  1843.524          13.156    -53.774    -71.409            0.042        11535.487      0.272      0.000      0.000    0.00000    0.14091          -89.97903       87.19534         2.599e-01         2.247e+02         1.011e+00 
  1844.524          13.114    -53.774    -71.409            0.041        11535.487      0.272      0.000      0.000    0.00000    0.14044          -89.97911       87.19123         2.616e-01         2.247e+02         1.011e+00 
  1845.524          13.073    -53.774    -71.409            0.041        11535.487      0.272      0.000      0.000    0.00000    0.13998          -89.97918       87.18714         2.634e-01         2.246e+02         1.010e+00 
  1846.524          13.032    -53.774    -71.409            0.041        11535.487      0.272      0.000      0.000    0.00000    0.13952          -89.97925       87.18307         2.651e-01         2.246e+02         1.010e+00 
  1847.524          12.991    -53.774    -71.409            0.041        11535.487      0.272      0.000      0.000    0.00000    0.13907          -89.97932       87.17902         2.668e-01         2.246e+02         1.010e+00 
  1848.524          12.950    -53.774    -71.409            0.041        11535.487      0.272      0.000      0.000    0.00000    0.13862          -89.97939       87.17499         2.685e-01         2.246e+02         1.010e+00 
  1849.524          12.909    -53.774    -71.409            0.041        11535.487      0.272      0.000      0.000    0.00000    0.13817          -89.97946       87.17098         2.702e-01         2.246e+02         1.010e+00 
  1850.524          12.868    -53.774    -71.409            0.041        11535.487      0.272      0.000      0.000    0.00000    0.13772          -89.97953       87.16698         2.720e-01         2.246e+02         1.010e+00 
  1851.524          12.828    -53.774    -71.409            0.040        11535.487      0.272      0.000      0.000    0.00000    0.13728          -89.97960       87.16300         2.737e-01         2.245e+02         1.010e+00 
  1852.524          12.787    -53.774    -71.409            0.040        11535.487      0.272      0.000      0.000    0.00000    0.13684          -89.97967       87.15904         2.754e-01         2.245e+02         1.010e+00 
  1853.524          12.747    -53.774    -71.409            0.040        11535.487      0.272      0.000      0.000    0.00000    0.13640          -89.97974       87.15510         2.772e-01         2.245e+02         1.010e+00 
  1854.524          12.707    -53.774    -71.409            0.040        11535.487      0.272      0.000      0.000    0.00000    0.13597          -89.97981       87.15118         2.789e-01         2.245e+02         1.010e+00 
  1855.524          12.667    -53.774    -71.409            0.040        11535.487      0.272      0.000      0.000    0.00000    0.13553          -89.97987       87.14728         2.807e-01         2.245e+02         1.010e+00 
  1856.524          12.627    -53.774    -71.409            0.040        11535.487      0.272      0.000      0.000    0.00000    0.13511          -89.97994       87.14339         2.825e-01         2.245e+02         1.010e+00 
  1857.524          12.587    -53.774    -71.409            0.040        11535.487      0.272      0.000      0.000    0.00000    0.13468          -89.98001       87.13952         2.842e-01         2.244e+02         1.010e+00 
  1858.524          12.547    -53.774    -71.409            0.040        11535.487      0.272      0.000      0.000    0.00000    0.13426          -89.98007       87.13567         2.860e-01         2.244e+02         1.010e+00 
  1859.524          12.508    -53.774    -71.409            0.039        11535.487      0.272      0.000      0.000    0.00000    0.13383          -89.98014       87.13184         2.878e-01         2.244e+02         1.009e+00 
  1860.524          12.468    -53.774    -71.409            0.039        11535.487      0.272      0.000      0.000    0.00000    0.13342          -89.98020       87.12802         2.896e-01         2.244e+02         1.009e+00 
  1861.524          12.429    -53.774    -71.409            0.039        11535.487      0.272      0.000      0.000    0.00000    0.13300          -89.98027       87.12423         2.914e-01         2.244e+02         1.009e+00 
  1862.524          12.390    -53.774    -71.409            0.039        11535.487      0.272      0.000      0.000    0.00000    0.13259          -89.98033       87.12045         2.932e-01         2.244e+02         1.009e+00 
  1863.524          12.351    -53.774    -71.409            0.039        11535.487      0.272      0.000      0.000    0.00000    0.13218          -89.98040       87.11669         2.950e-01         2.244e+02         1.009e+00 
  1864.524          12.312    -53.774    -71.409            0.039        11535.487      0.272      0.000      0.000    0.00000    0.13177          -89.98046       87.11294         2.968e-01         2.243e+02         1.009e+00 
  1865.524          12.273    -53.774    -71.409            0.039        11535.487      0.272      0.000      0.000    0.00000    0.13136          -89.98052       87.10922         2.986e-01         2.243e+02         1.009e+00 
  1866.524          12.234    -53.774    -71.409            0.039        11535.487      0.272      0.000      0.000    0.00000    0.13096          -89.98059       87.10551         3.004e-01         2.243e+02         1.009e+00 
  1867.524          12.196    -53.774    -71.409            0.039        11535.487      0.272      0.000      0.000    0.00000    0.13056          -89.98065       87.10181         3.023e-01         2.243e+02         1.009e+00 
  1868.524          12.157    -53.774    -71.409            0.038        11535.487      0.272      0.000      0.000    0.00000    0.13016          -89.98071       87.09814         3.041e-01         2.243e+02         1.009e+00 
  1869.524          12.119    -53.774    -71.409            0.038        11535.487      0.272      0.000      0.000    0.00000    0.12977          -89.98077       87.09448         3.059e-01         2.243e+02         1.009e+00 
  1870.524          12.081    -53.774    -71.409            0.038        11535.487      0.272      0.000      0.000    0.00000    0.12938          -89.98083       87.09084         3.078e-01         2.243e+02         1.009e+00 
  1871.524          12.043    -53.774    -71.409            0.038        11535.487      0.272      0.000      0.000    0.00000    0.12898          -89.98089       87.08722         3.096e-01         2.242e+02         1.009e+00 
  1872.524          12.005    -53.774    -71.409            0.038        11535.487      0.272      0.000      0.000    0.00000    0.12860          -89.98095       87.08361         3.115e-01         2.242e+02         1.009e+00 
  1873.524          11.967    -53.774    -71.409            0.038        11535.487      0.272      0.000      0.000    0.00000    0.12821          -89.98101       87.08002         3.133e-01         2.242e+02         1.009e+00 
  1874.524          11.929    -53.774    -71.409            0.038        11535.487      0.272      0.000      0.000    0.00000    0.12783          -89.98107       87.07645         3.152e-01         2.242e+02         1.009e+00 
  1875.524          11.891    -53.774    -71.409            0.038        11535.487      0.272      0.000      0.000    0.00000    0.12745          -89.98113       87.07289         3.171e-01         2.242e+02         1.008e+00 
  1876.524          11.854    -53.774    -71.409            0.037        11535.487      0.272      0.000      0.000    0.00000    0.12707          -89.98119       87.06936         3.189e-01         2.242e+02         1.008e+00 
  1877.524          11.816    -53.774    -71.409            0.037        11535.487      0.272      0.000      0.000    0.00000    0.12669          -89.98125       87.06583         3.208e-01         2.242e+02         1.008e+00 
  1878.524          11.779    -53.774    -71.409            0.037        11535.487      0.272      0.000      0.000    0.00000    0.12632          -89.98131       87.06233         3.227e-01         2.242e+02         1.008e+00 
  1879.524          11.742    -53.774    -71.409            0.037        11535.487      0.272      0.000      0.000    0.00000    0.12594          -89.98136       87.05884         3.246e-01         2.241e+02         1.008e+00 
  1880.524          11.705    -53.774    -71.409            0.037        11535.487      0.272      0.000      0.000    0.00000    0.12557          -89.98142       87.05537         3.265e-01         2.241e+02         1.008e+00 
  1881.524          11.668    -53.774    -71.409            0.037        11535.487      0.272      0.000      0.000    0.00000    0.12521          -89.98148       87.05191         3.284e-01         2.241e+02         1.008e+00 
  1882.524          11.631    -53.774    -71.409            0.037        11535.487      0.272      0.000      0.000    0.00000    0.12484          -89.98154       87.04847         3.303e-01         2.241e+02         1.008e+00 
  1883.524          11.594    -53.774    -71.409            0.037        11535.487      0.272      0.000      0.000    0.00000    0.12448          -89.98159       87.04505         3.322e-01         2.241e+02         1.008e+00 
  1884.524          11.558    -53.774    -71.409            0.037        11535.487      0.272      0.000      0.000    0.00000    0.12412          -89.98165       87.04165         3.342e-01         2.241e+02         1.008e+00 
  1885.524          11.521    -53.774    -71.409            0.037        11535.487      0.272      0.000      0.000    0.00000    0.12376          -89.98170       87.03826         3.361e-01         2.241e+02         1.008e+00 
  1886.524          11.485    -53.774    -71.409            0.036        11535.487      0.272      0.000      0.000    0.00000    0.12340          -89.98176       87.03488         3.380e-01         2.241e+02         1.008e+00 
  1887.524          11.448    -53.774    -71.409            0.036        11535.487      0.272      0.000      0.000    0.00000    0.12304          -89.98181       87.03153         3.399e-01         2.241e+02         1.008e+00 
  1888.524          11.412    -53.774    -71.409            0.036        11535.487      0.272      0.000      0.000    0.00000    0.12269          -89.98187       87.02819         3.419e-01         2.240e+02         1.008e+00 
  1889.524          11.376    -53.774    -71.409            0.036        11535.487      0.272      0.000      0.000    0.00000    0.12234          -89.98192       87.02486         3.438e-01         2.240e+02         1.008e+00 
  1890.524          11.340    -53.774    -71.409            0.036        11535.487      0.272      0.000      0.000    0.00000    0.12199          -89.98198       87.02155         3.458e-01         2.240e+02         1.008e+00 
  1891.524          11.304    -53.774    -71.409            0.036        11535.487      0.272      0.000      0.000    0.00000    0.12164          -89.98203       87.01826         3.477e-01         2.240e+02         1.008e+00 
  1892.524          11.268    -53.774    -71.409            0.036        11535.487      0.272      0.000      0.000    0.00000    0.12130          -89.98208       87.01498         3.497e-01         2.240e+02         1.008e+00 
  1893.524          11.232    -53.774    -71.409            0.036        11535.487      0.272      0.000      0.000    0.00000    0.12096          -89.98214       87.01172         3.517e-01         2.240e+02         1.008e+00 
  1894.524          11.197    -53.774    -71.409            0.036        11535.487      0.272      0.000      0.000    0.00000    0.12062          -89.98219       87.00848         3.537e-01         2.240e+02         1.007e+00 
  1895.524          11.161    -53.774    -71.409            0.035        11535.487      0.272      0.000      0.000    0.00000    0.12028          -89.98224       87.00525         3.556e-01         2.240e+02         1.007e+00 
  1896.524          11.126    -53.774    -71.409            0.035        11535.487      0.272      0.000      0.000    0.00000    0.11994          -89.98229       87.00203         3.576e-01         2.240e+02         1.007e+00 
  1897.524          11.090    -53.774    -71.409            0.035        11535.487      0.272      0.000      0.000    0.00000    0.11960          -89.98235       86.99884         3.596e-01         2.239e+02         1.007e+00 
  1898.524          11.055    -53.774    -71.409            0.035        11535.487      0.272      0.000      0.000    0.00000    0.11926          -89.98240       86.99567         3.615e-01         2.239e+02         1.007e+00 
  1899.524          11.020    -53.774    -71.409            0.035        11535.487      0.272      0.000      0.000    0.00000    0.11892          -89.98245       86.99255         3.635e-01         2.239e+02         1.007e+00 
  1900.524          10.985    -53.774    -71.409            0.035        11535.487      0.272      0.000      0.000    0.00000    0.11858          -89.98250       86.98949         3.653e-01         2.238e+02         1.007e+00 
  1901.524          10.950    -53.774    -71.409            0.035        11535.487      0.272      0.000      0.000    0.00000    0.11822          -89.98255       86.98656         3.669e-01         2.237e+02         1.006e+00 
  1902.524          10.915    -53.774    -71.409            0.035        11535.487      0.272      0.000      0.000    0.00000    0.11787          -89.98260       86.98383         3.685e-01         2.236e+02         1.006e+00 
  1903.524          10.880    -53.774    -71.409            0.035        11535.487      0.272      0.000      0.000    0.00000    0.11754          -89.98264       86.98134         3.702e-01         2.235e+02         1.005e+00 
  1904.524          10.846    -53.774    -71.409            0.035        11535.487      0.272      0.000      0.000    0.00000    0.11721          -89.98269       86.97906         3.718e-01         2.235e+02         1.005e+00 
  1905.524          10.811    -53.774    -71.409            0.035        11535.487      0.272      0.000      0.000    0.00000    0.11689          -89.98273       86.97697         3.734e-01         2.235e+02         1.005e+00 
  1906.524          10.777    -53.774    -71.409            0.035        11535.487      0.272      0.000      0.000    0.00000    0.11657          -89.98277       86.97504         3.751e-01         2.235e+02         1.005e+00 
  1907.524          10.742    -53.774    -71.409            0.034        11535.487      0.272      0.000      0.000    0.00000    0.11625          -89.98282       86.97325         3.767e-01         2.234e+02         1.005e+00 
  1908.524          10.708    -53.774    -71.409            0.034        11535.487      0.272      0.000      0.000    0.00000    0.11594          -89.98286       86.97156         3.784e-01         2.234e+02         1.005e+00 
  1909.524          10.673    -53.774    -71.409            0.034        11535.487      0.272      0.000      0.000    0.00000    0.11563          -89.98290       86.96997         3.800e-01         2.234e+02         1.005e+00 
  1910.524          10.639    -53.774    -71.409            0.034        11535.487      0.272      0.000      0.000    0.00000    0.11532          -89.98294       86.96845         3.816e-01         2.234e+02         1.005e+00 
  1911.524          10.605    -53.774    -71.409            0.034        11535.487      0.272      0.000      0.000    0.00000    0.11501          -89.98298       86.96699         3.833e-01         2.234e+02         1.005e+00 
  1912.524          10.571    -53.774    -71.409            0.034        11535.487      0.272      0.000      0.000    0.00000    0.11471          -89.98301       86.96559         3.849e-01         2.234e+02         1.005e+00 
  1913.524          10.537    -53.774    -71.409            0.034        11535.487      0.272      0.000      0.000    0.00000    0.11440          -89.98305       86.96422         3.866e-01         2.234e+02         1.005e+00 
  1914.524          10.503    -53.774    -71.409            0.034        11535.487      0.272      0.000      0.000    0.00000    0.11410          -89.98309       86.96290         3.882e-01         2.234e+02         1.005e+00 
  1915.524          10.469    -53.774    -71.409            0.034        11535.487      0.272      0.000      0.000    0.00000    0.11380          -89.98313       86.96161         3.899e-01         2.234e+02         1.005e+00 
  1916.524          10.435    -53.774    -71.409            0.034        11535.487      0.272      0.000      0.000    0.00000    0.11350          -89.98317       86.96034         3.915e-01         2.234e+02         1.005e+00 
  1917.524          10.401    -53.774    -71.409            0.034        11535.487      0.272      0.000      0.000    0.00000    0.11320          -89.98321       86.95911         3.932e-01         2.234e+02         1.005e+00 
  1918.524          10.368    -53.774    -71.409            0.034        11535.487      0.272      0.000      0.000    0.00000    0.11291          -89.98324       86.95789         3.948e-01         2.234e+02         1.005e+00 
  1919.524          10.334    -53.774    -71.409            0.034        11535.487      0.272      0.000      0.000    0.00000    0.11262          -89.98328       86.95671         3.965e-01         2.234e+02         1.005e+00 
  1920.524          10.301    -53.774    -71.409            0.033        11535.487      0.272      0.000      0.000    0.00000    0.11232          -89.98332       86.95554         3.982e-01         2.234e+02         1.005e+00 
  1921.524          10.267    -53.774    -71.409            0.033        11535.487      0.272      0.000      0.000    0.00000    0.11203          -89.98335       86.95439         3.998e-01         2.234e+02         1.005e+00 
  1922.524          10.234    -53.774    -71.409            0.033        11535.487      0.272      0.000      0.000    0.00000    0.11175          -89.98339       86.95327         4.015e-01         2.233e+02         1.005e+00 
  1923.524          10.200    -53.774    -71.409            0.033        11535.487      0.272      0.000      0.000    0.00000    0.11146          -89.98343       86.95216         4.032e-01         2.233e+02         1.005e+00 
  1924.524          10.167    -53.774    -71.409            0.033        11535.487      0.272      0.000      0.000    0.00000    0.11117          -89.98346       86.95108         4.048e-01         2.233e+02         1.005e+00 
  1925.524          10.134    -53.774    -71.409            0.033        11535.487      0.272      0.000      0.000    0.00000    0.11089          -89.98350       86.95001         4.065e-01         2.233e+02         1.005e+00 
  1926.524          10.101    -53.774    -71.409            0.033        11535.487      0.272      0.000      0.000    0.00000    0.11061          -89.98353       86.94896         4.082e-01         2.233e+02         1.005e+00 
  1927.524          10.068    -53.774    -71.409            0.033        11535.487      0.272      0.000      0.000    0.00000    0.11033          -89.98357       86.94793         4.098e-01         2.233e+02         1.005e+00 
  1928.524          10.035    -53.774    -71.409            0.033        11535.487      0.272      0.000      0.000    0.00000    0.11005          -89.98360       86.94692         4.115e-01         2.233e+02         1.004e+00 
  1929.524          10.002    -53.774    -71.409            0.033        11535.487      0.272      0.000      0.000    0.00000    0.10977          -89.98364       86.94593         4.132e-01         2.233e+02         1.004e+00 
  1930.524           9.969    -53.774    -71.409            0.033        11535.487      0.272      0.000      0.000    0.00000    0.10949          -89.98367       86.94495         4.149e-01         2.233e+02         1.004e+00 
  1931.524           9.936    -53.774    -71.409            0.033        11535.487      0.272      0.000      0.000    0.00000    0.10922          -89.98371       86.94399         4.166e-01         2.233e+02         1.004e+00 
  1932.524           9.904    -53.774    -71.409            0.033        11535.487      0.272      0.000      0.000    0.00000    0.10895          -89.98374       86.94305         4.182e-01         2.233e+02         1.004e+00 
  1933.524           9.871    -53.774    -71.409            0.033        11535.487      0.272      0.000      0.000    0.00000    0.10868          -89.98378       86.94213         4.199e-01         2.233e+02         1.004e+00 
  1934.524           9.839    -53.774    -71.409            0.033        11535.487      0.272      0.000      0.000    0.00000    0.10841          -89.98381       86.94123         4.216e-01         2.233e+02         1.004e+00 
  1935.524           9.806    -53.774    -71.409            0.032        11535.487      0.272      0.000      0.000    0.00000    0.10814          -89.98384       86.94034         4.233e-01         2.233e+02         1.004e+00 
  1936.524           9.774    -53.774    -71.409            0.032        11535.487      0.272      0.000      0.000    0.00000    0.10787          -89.98388       86.93947         4.250e-01         2.233e+02         1.004e+00 
  1937.524           9.741    -53.774    -71.409            0.032        11535.487      0.272      0.000      0.000    0.00000    0.10761          -89.98391       86.93862         4.267e-01         2.233e+02         1.004e+00 
  1938.524           9.709    -53.774    -71.409            0.032        11535.487      0.272      0.000      0.000    0.00000    0.10734          -89.98395       86.93778         4.284e-01         2.233e+02         1.004e+00 
  1939.524           9.677    -53.774    -71.409            0.032        11535.487      0.272      0.000      0.000    0.00000    0.10708          -89.98398       86.93696         4.301e-01         2.233e+02         1.004e+00 
  1940.524           9.644    -53.774    -71.409            0.032        11535.487      0.272      0.000      0.000    0.00000    0.10682          -89.98401       86.93616         4.318e-01         2.233e+02         1.004e+00 
  1941.524           9.612    -53.774    -71.409            0.032        11535.487      0.272      0.000      0.000    0.00000    0.10656          -89.98405       86.93538         4.335e-01         2.232e+02         1.004e+00 
  1942.524           9.580    -53.774    -71.409            0.032        11535.487      0.272      0.000      0.000    0.00000    0.10630          -89.98408       86.93461         4.352e-01         2.232e+02         1.004e+00 
  1943.524           9.548    -53.774    -71.409            0.032        11535.487      0.272      0.000      0.000    0.00000    0.10604          -89.98411       86.93386         4.369e-01         2.232e+02         1.004e+00 
  1944.524           9.516    -53.774    -71.409            0.032        11535.487      0.272      0.000      0.000    0.00000    0.10579          -89.98414       86.93313         4.386e-01         2.232e+02         1.004e+00 
  1945.524           9.485    -53.774    -71.409            0.032        11535.487      0.272      0.000      0.000    0.00000    0.10553          -89.98418       86.93241         4.403e-01         2.232e+02         1.004e+00 
  1946.524           9.453    -53.774    -71.409            0.032        11535.487      0.272      0.000      0.000    0.00000    0.10528          -89.98421       86.93171         4.420e-01         2.232e+02         1.004e+00 
  1947.524           9.421    -53.774    -71.409            0.032        11535.487      0.272      0.000      0.000    0.00000    0.10503          -89.98424       86.93102         4.437e-01         2.232e+02         1.004e+00 
  1948.524           9.389    -53.774    -71.409            0.032        11535.487      0.272      0.000      0.000    0.00000    0.10478          -89.98427       86.93036         4.454e-01         2.232e+02         1.004e+00 
  1949.524           9.358    -53.774    -71.409            0.032        11535.487      0.272      0.000      0.000    0.00000    0.10453          -89.98430       86.92971         4.471e-01         2.232e+02         1.004e+00 
  1950.524           9.326    -53.774    -71.409            0.032        11535.487      0.272      0.000      0.000    0.00000    0.10428          -89.98433       86.92907         4.488e-01         2.232e+02         1.004e+00 
  1951.524           9.295    -53.774    -71.409            0.031        11535.487      0.272      0.000      0.000    0.00000    0.10403          -89.98437       86.92846         4.505e-01         2.232e+02         1.004e+00 
  1952.524           9.263    -53.774    -71.409            0.031        11535.487      0.272      0.000      0.000    0.00000    0.10379          -89.98440       86.92785         4.523e-01         2.232e+02         1.004e+00 
  1953.524           9.232    -53.774    -71.409            0.031        11535.487      0.272      0.000      0.000    0.00000    0.10354          -89.98443       86.92727         4.540e-01         2.232e+02         1.004e+00 
  1954.524           9.200    -53.774    -71.409            0.031        11535.487      0.272      0.000      0.000    0.00000    0.10330          -89.98446       86.92670         4.557e-01         2.232e+02         1.004e+00 
  1955.524           9.169    -53.774    -71.409            0.031        11535.487      0.272      0.000      0.000    0.00000    0.10306          -89.98449       86.92615         4.574e-01         2.232e+02         1.004e+00 
  1956.524           9.138    -53.774    -71.409            0.031        11535.487      0.272      0.000      0.000    0.00000    0.10282          -89.98452       86.92561         4.592e-01         2.232e+02         1.004e+00 
  1957.524           9.107    -53.774    -71.409            0.031        11535.487      0.272      0.000      0.000    0.00000    0.10258          -89.98455       86.92509         4.609e-01         2.232e+02         1.004e+00 
  1958.524           9.076    -53.774    -71.409            0.031        11535.487      0.272      0.000      0.000    0.00000    0.10234          -89.98458       86.92459         4.626e-01         2.232e+02         1.004e+00 
  1959.524           9.045    -53.774    -71.409            0.031        11535.487      0.272      0.000      0.000    0.00000    0.10211          -89.98461       86.92410         4.643e-01         2.232e+02         1.004e+00 
  1960.524           9.014    -53.774    -71.409            0.031        11535.487      0.272      0.000      0.000    0.00000    0.10187          -89.98464       86.92362         4.661e-01         2.232e+02         1.004e+00 
  1961.524           8.983    -53.774    -71.409            0.031        11535.487      0.272      0.000      0.000    0.00000    0.10164          -89.98467       86.92317         4.678e-01         2.232e+02         1.004e+00 
  1962.524           8.952    -53.774    -71.409            0.031        11535.487      0.272      0.000      0.000    0.00000    0.10140          -89.98470       86.92273         4.695e-01         2.232e+02         1.004e+00 
  1963.524           8.921    -53.774    -71.409            0.031        11535.487      0.272      0.000      0.000    0.00000    0.10117          -89.98473       86.92230         4.713e-01         2.232e+02         1.004e+00 
  1964.524           8.891    -53.774    -71.409            0.031        11535.487      0.272      0.000      0.000    0.00000    0.10094          -89.98476       86.92189         4.730e-01         2.231e+02         1.004e+00 
  1965.524           8.860    -53.774    -71.409            0.031        11535.487      0.272      0.000      0.000    0.00000    0.10071          -89.98479       86.92149         4.748e-01         2.231e+02         1.004e+00 
  1966.524           8.829    -53.774    -71.409            0.031        11535.487      0.272      0.000      0.000    0.00000    0.10048          -89.98482       86.92112         4.765e-01         2.231e+02         1.004e+00 
  1967.524           8.799    -53.774    -71.409            0.031        11535.487      0.272      0.000      0.000    0.00000    0.10026          -89.98485       86.92075         4.782e-01         2.231e+02         1.004e+00 
  1968.524           8.768    -53.774    -71.409            0.030        11535.487      0.272      0.000      0.000    0.00000    0.10003          -89.98488       86.92040         4.800e-01         2.231e+02         1.004e+00 
  1969.524           8.738    -53.774    -71.409            0.030        11535.487      0.272      0.000      0.000    0.00000    0.09981          -89.98491       86.92007         4.817e-01         2.231e+02         1.004e+00 
  1970.524           8.707    -53.774    -71.409            0.030        11535.487      0.272      0.000      0.000    0.00000    0.09958          -89.98493       86.91975         4.835e-01         2.231e+02         1.004e+00 
  1971.524           8.677    -53.774    -71.409            0.030        11535.487      0.272      0.000      0.000    0.00000    0.09936          -89.98496       86.91945         4.852e-01         2.231e+02         1.004e+00 
  1972.524           8.647    -53.774    -71.409            0.030        11535.487      0.272      0.000      0.000    0.00000    0.09914          -89.98499       86.91916         4.870e-01         2.231e+02         1.004e+00 
  1973.524           8.616    -53.774    -71.409            0.030        11535.487      0.272      0.000      0.000    0.00000    0.09892          -89.98502       86.91889         4.887e-01         2.231e+02         1.004e+00 
  1974.524           8.586    -53.774    -71.409            0.030        11535.487      0.272      0.000      0.000    0.00000    0.09870          -89.98505       86.91864         4.905e-01         2.231e+02         1.004e+00 
  1975.524           8.556    -53.774    -71.409            0.030        11535.487      0.272      0.000      0.000    0.00000    0.09848          -89.98508       86.91839         4.923e-01         2.231e+02         1.004e+00 
  1976.524           8.526    -53.774    -71.409            0.030        11535.487      0.272      0.000      0.000    0.00000    0.09826          -89.98510       86.91817         4.940e-01         2.231e+02         1.004e+00 
  1977.524           8.496    -53.774    -71.409            0.030        11535.488      0.272      0.000      0.000    0.00000    0.09805          -89.98513       86.91796         4.958e-01         2.231e+02         1.004e+00 
  1978.524           8.466    -53.774    -71.409            0.030        11535.488      0.272      0.000      0.000    0.00000    0.09783          -89.98516       86.91776         4.975e-01         2.231e+02         1.004e+00 
  1979.524           8.436    -53.774    -71.409            0.030        11535.488      0.272      0.000      0.000    0.00000    0.09762          -89.98519       86.91758         4.993e-01         2.231e+02         1.004e+00 
  1980.524           8.406    -53.774    -71.409            0.030        11535.488      0.272      0.000      0.000    0.00000    0.09740          -89.98521       86.91741         5.011e-01         2.231e+02         1.003e+00 
  1981.524           8.376    -53.774    -71.409            0.030        11535.488      0.272      0.000      0.000    0.00000    0.09719          -89.98524       86.91726         5.028e-01         2.231e+02         1.003e+00 
  1982.524           8.347    -53.774    -71.409            0.030        11535.488      0.272      0.000      0.000    0.00000    0.09698          -89.98527       86.91712         5.046e-01         2.231e+02         1.003e+00 
  1983.524           8.317    -53.774    -71.409            0.030        11535.488      0.272      0.000      0.000    0.00000    0.09677          -89.98530       86.91700         5.064e-01         2.231e+02         1.003e+00 
  1984.524           8.287    -53.774    -71.409            0.030        11535.488      0.272      0.000      0.000    0.00000    0.09656          -89.98532       86.91689         5.081e-01         2.231e+02         1.003e+00 
  1985.524           8.258    -53.774    -71.409            0.030        11535.488      0.272      0.000      0.000    0.00000    0.09635          -89.98535       86.91679         5.099e-01         2.231e+02         1.003e+00 
  1986.524           8.228    -53.774    -71.409            0.030        11535.488      0.272      0.000      0.000    0.00000    0.09614          -89.98538       86.91671         5.117e-01         2.231e+02         1.003e+00 
  1987.524           8.199    -53.774    -71.409            0.029        11535.488      0.272      0.000      0.000    0.00000    0.09594          -89.98540       86.91665         5.135e-01         2.231e+02         1.003e+00 
  1988.524           8.169    -53.774    -71.409            0.029        11535.488      0.272      0.000      0.000    0.00000    0.09573          -89.98543       86.91660         5.152e-01         2.231e+02         1.003e+00 
  1989.524           8.140    -53.774    -71.409            0.029        11535.488      0.272      0.000      0.000    0.00000    0.09553          -89.98546       86.91656         5.170e-01         2.231e+02         1.003e+00 
  1990.524           8.110    -53.774    -71.409            0.029        11535.488      0.272      0.000      0.000    0.00000    0.09533          -89.98548       86.91654         5.188e-01         2.231e+02         1.003e+00 
  1991.524           8.081    -53.774    -71.409            0.029        11535.488      0.272      0.000      0.000    0.00000    0.09512          -89.98551       86.91653         5.206e-01         2.231e+02         1.003e+00 
  1992.524           8.052    -53.774    -71.409            0.029        11535.488      0.272      0.000      0.000    0.00000    0.09492          -89.98553       86.91654         5.224e-01         2.231e+02         1.003e+00 
  1993.524           8.023    -53.774    -71.409            0.029        11535.488      0.272      0.000      0.000    0.00000    0.09472          -89.98556       86.91656         5.242e-01         2.231e+02         1.003e+00 
  1994.524           7.994    -53.774    -71.409            0.029        11535.488      0.272      0.000      0.000    0.00000    0.09452          -89.98559       86.91659         5.260e-01         2.231e+02         1.003e+00 
  1995.524           7.965    -53.774    -71.409            0.029        11535.488      0.272      0.000      0.000    0.00000    0.09432          -89.98561       86.91664         5.277e-01         2.230e+02         1.003e+00 
  1996.524           7.935    -53.774    -71.409            0.029        11535.488      0.272      0.000      0.000    0.00000    0.09412          -89.98564       86.91670         5.295e-01         2.230e+02         1.003e+00 
  1997.524           7.906    -53.774    -71.409            0.029        11535.488      0.272      0.000      0.000    0.00000    0.09393          -89.98566       86.91678         5.313e-01         2.230e+02         1.003e+00 
  1998.524           7.878    -53.774    -71.409            0.029        11535.488      0.272      0.000      0.000    0.00000    0.09373          -89.98569       86.91687         5.331e-01         2.230e+02         1.003e+00 
  1999.524           7.849    -53.774    -71.409            0.029        11535.488      0.272      0.000      0.000    0.00000    0.09354          -89.98571       86.91698         5.349e-01         2.230e+02         1.003e+00 
  2000.524           7.820    -53.774    -71.409            0.029        11535.488      0.272      0.000      0.000    0.00000    0.09334          -89.98574       86.91709         5.367e-01         2.230e+02         1.003e+00 
  2001.524           7.791    -53.774    -71.409            0.029        11535.488      0.272      0.000      0.000    0.00000    0.09315          -89.98576       86.91723         5.385e-01         2.230e+02         1.003e+00 
  2002.524           7.762    -53.774    -71.409            0.029        11535.488      0.272      0.000      0.000    0.00000    0.09296          -89.98579       86.91737         5.403e-01         2.230e+02         1.003e+00 
  2003.524           7.734    -53.774    -71.409            0.029        11535.488      0.272      0.000      0.000    0.00000    0.09277          -89.98581       86.91753         5.421e-01         2.230e+02         1.003e+00 
  2004.524           7.705    -53.774    -71.409            0.029        11535.488      0.272      0.000      0.000    0.00000    0.09257          -89.98584       86.91771         5.439e-01         2.230e+02         1.003e+00 
  2005.524           7.676    -53.774    -71.409            0.029        11535.488      0.272      0.000      0.000    0.00000    0.09238          -89.98586       86.91789         5.457e-01         2.230e+02         1.003e+00 
  2006.524           7.648    -53.774    -71.409            0.029        11535.488      0.272      0.000      0.000    0.00000    0.09220          -89.98589       86.91809         5.475e-01         2.230e+02         1.003e+00 
  2007.524           7.619    -53.774    -71.409            0.028        11535.488      0.272      0.000      0.000    0.00000    0.09201          -89.98591       86.91831         5.493e-01         2.230e+02         1.003e+00 
  2008.524           7.591    -53.774    -71.409            0.028        11535.488      0.272      0.000      0.000    0.00000    0.09182          -89.98593       86.91854         5.512e-01         2.230e+02         1.003e+00 
  2009.524           7.562    -53.774    -71.409            0.028        11535.488      0.272      0.000      0.000    0.00000    0.09163          -89.98596       86.91878         5.530e-01         2.230e+02         1.003e+00 
  2010.524           7.534    -53.774    -71.409            0.028        11535.488      0.272      0.000      0.000    0.00000    0.09145          -89.98598       86.91903         5.548e-01         2.230e+02         1.003e+00 
  2011.524           7.506    -53.774    -71.409            0.028        11535.488      0.272      0.000      0.000    0.00000    0.09126          -89.98601       86.91930         5.566e-01         2.230e+02         1.003e+00 
  2012.524           7.477    -53.774    -71.409            0.028        11535.488      0.272      0.000      0.000    0.00000    0.09108          -89.98603       86.91958         5.584e-01         2.230e+02         1.003e+00 
  2013.524           7.449    -53.774    -71.409            0.028        11535.488      0.272      0.000      0.000    0.00000    0.09090          -89.98605       86.91988         5.602e-01         2.230e+02         1.003e+00 
  2014.524           7.421    -53.774    -71.409            0.028        11535.488      0.272      0.000      0.000    0.00000    0.09071          -89.98608       86.92018         5.621e-01         2.230e+02         1.003e+00 
  2015.524           7.393    -53.774    -71.409            0.028        11535.488      0.272      0.000      0.000    0.00000    0.09053          -89.98610       86.92050         5.639e-01         2.230e+02         1.003e+00 
  2016.524           7.365    -53.774    -71.409            0.028        11535.488      0.272      0.000      0.000    0.00000    0.09035          -89.98613       86.92084         5.657e-01         2.230e+02         1.003e+00 
  2017.524           7.337    -53.774    -71.409            0.028        11535.488      0.272      0.000      0.000    0.00000    0.09017          -89.98615       86.92119         5.675e-01         2.230e+02         1.003e+00 
  2018.524           7.309    -53.774    -71.409            0.028        11535.488      0.272      0.000      0.000    0.00000    0.08999          -89.98617       86.92155         5.694e-01         2.230e+02         1.003e+00 
  2019.524           7.281    -53.774    -71.409            0.028        11535.488      0.272      0.000      0.000    0.00000    0.08981          -89.98620       86.92192         5.712e-01         2.230e+02         1.003e+00 
  2020.524           7.253    -53.774    -71.409            0.028        11535.488      0.272      0.000      0.000    0.00000    0.08964          -89.98622       86.92231         5.730e-01         2.230e+02         1.003e+00 
  2021.524           7.225    -53.774    -71.409            0.028        11535.488      0.272      0.000      0.000    0.00000    0.08946          -89.98624       86.92271         5.748e-01         2.230e+02         1.003e+00 
  2022.524           7.197    -53.774    -71.409            0.028        11535.488      0.272      0.000      0.000    0.00000    0.08928          -89.98626       86.92312         5.767e-01         2.230e+02         1.003e+00 
  2023.524           7.169    -53.774    -71.409            0.028        11535.488      0.272      0.000      0.000    0.00000    0.08911          -89.98629       86.92354         5.785e-01         2.230e+02         1.003e+00 
  2024.524           7.142    -53.774    -71.409            0.028        11535.488      0.272      0.000      0.000    0.00000    0.08893          -89.98631       86.92398         5.803e-01         2.230e+02         1.003e+00 
  2025.524           7.114    -53.774    -71.409            0.028        11535.488      0.272      0.000      0.000    0.00000    0.08876          -89.98633       86.92443         5.822e-01         2.230e+02         1.003e+00 
  2026.524           7.086    -53.774    -71.409            0.028        11535.488      0.272      0.000      0.000    0.00000    0.08859          -89.98636       86.92490         5.840e-01         2.230e+02         1.003e+00 
  2027.524           7.059    -53.774    -71.409            0.028        11535.488      0.272      0.000      0.000    0.00000    0.08841          -89.98638       86.92537         5.859e-01         2.230e+02         1.003e+00 
  2028.524           7.031    -53.774    -71.409            0.028        11535.488      0.272      0.000      0.000    0.00000    0.08824          -89.98640       86.92586         5.877e-01         2.230e+02         1.003e+00 
  2029.524           7.004    -53.774    -71.409            0.027        11535.488      0.272      0.000      0.000    0.00000    0.08807          -89.98642       86.92637         5.896e-01         2.230e+02         1.003e+00 
  2030.524           6.976    -53.774    -71.409            0.027        11535.488      0.272      0.000      0.000    0.00000    0.08790          -89.98644       86.92688         5.914e-01         2.230e+02         1.003e+00 
  2031.524           6.949    -53.774    -71.409            0.027        11535.488      0.272      0.000      0.000    0.00000    0.08773          -89.98647       86.92741         5.932e-01         2.230e+02         1.003e+00 
  2032.524           6.921    -53.774    -71.409            0.027        11535.488      0.272      0.000      0.000    0.00000    0.08756          -89.98649       86.92795         5.951e-01         2.230e+02         1.003e+00 
  2033.524           6.894    -53.774    -71.409            0.027        11535.488      0.272      0.000      0.000    0.00000    0.08740          -89.98651       86.92850         5.969e-01         2.230e+02         1.003e+00 
  2034.524           6.867    -53.774    -71.409            0.027        11535.488      0.272      0.000      0.000    0.00000    0.08723          -89.98653       86.92907         5.988e-01         2.230e+02         1.003e+00 
  2035.524           6.839    -53.774    -71.409            0.027        11535.488      0.272      0.000      0.000    0.00000    0.08706          -89.98655       86.92964         6.006e-01         2.230e+02         1.003e+00 
  2036.524           6.812    -53.774    -71.409            0.027        11535.488      0.272      0.000      0.000    0.00000    0.08690          -89.98658       86.93023         6.025e-01         2.230e+02         1.003e+00 
  2037.524           6.785    -53.774    -71.409            0.027        11535.488      0.272      0.000      0.000    0.00000    0.08673          -89.98660       86.93084         6.044e-01         2.230e+02         1.003e+00 
  2038.524           6.758    -53.774    -71.409            0.027        11535.488      0.272      0.000      0.000    0.00000    0.08657          -89.98662       86.93145         6.062e-01         2.230e+02         1.003e+00 
  2039.524           6.731    -53.774    -71.409            0.027        11535.488      0.272      0.000      0.000    0.00000    0.08640          -89.98664       86.93208         6.081e-01         2.230e+02         1.003e+00 
  2040.524           6.704    -53.774    -71.409            0.027        11535.488      0.272      0.000      0.000    0.00000    0.08624          -89.98666       86.93272         6.099e-01         2.230e+02         1.003e+00 
  2041.524           6.677    -53.774    -71.409            0.027        11535.488      0.272      0.000      0.000    0.00000    0.08608          -89.98668       86.93337         6.118e-01         2.230e+02         1.003e+00 
  2042.524           6.650    -53.774    -71.409            0.027        11535.488      0.272      0.000      0.000    0.00000    0.08592          -89.98670       86.93403         6.137e-01         2.229e+02         1.003e+00 
  2043.524           6.623    -53.774    -71.409            0.027        11535.488      0.272      0.000      0.000    0.00000    0.08575          -89.98673       86.93471         6.155e-01         2.229e+02         1.003e+00 
  2044.524           6.596    -53.774    -71.409            0.027        11535.488      0.272      0.000      0.000    0.00000    0.08559          -89.98675       86.93540         6.174e-01         2.229e+02         1.003e+00 
  2045.524           6.569    -53.774    -71.409            0.027        11535.488      0.272      0.000      0.000    0.00000    0.08543          -89.98677       86.93610         6.193e-01         2.229e+02         1.003e+00 
  2046.524           6.542    -53.774    -71.409            0.027        11535.488      0.272      0.000      0.000    0.00000    0.08527          -89.98679       86.93681         6.211e-01         2.229e+02         1.003e+00 
  2047.524           6.515    -53.774    -71.409            0.027        11535.488      0.272      0.000      0.000    0.00000    0.08512          -89.98681       86.93753         6.230e-01         2.229e+02         1.003e+00 
  2048.524           6.489    -53.774    -71.409            0.027        11535.488      0.272      0.000      0.000    0.00000    0.08496          -89.98683       86.93827         6.249e-01         2.229e+02         1.003e+00 
  2049.524           6.462    -53.774    -71.409            0.027        11535.488      0.272      0.000      0.000    0.00000    0.08480          -89.98685       86.93902         6.267e-01         2.229e+02         1.003e+00 
  2050.524           6.435    -53.774    -71.409            0.027        11535.488      0.272      0.000      0.000    0.00000    0.08464          -89.98687       86.93978         6.286e-01         2.229e+02         1.003e+00 
  2051.524           6.409    -53.774    -71.409            0.027        11535.488      0.272      0.000      0.000    0.00000    0.08449          -89.98689       86.94055         6.305e-01         2.229e+02         1.003e+00 
  2052.524           6.382    -53.774    -71.409            0.027        11535.488      0.272      0.000      0.000    0.00000    0.08433          -89.98691       86.94133         6.324e-01         2.229e+02         1.003e+00 
  2053.524           6.356    -53.774    -71.409            0.027        11535.488      0.272      0.000      0.000    0.00000    0.08418          -89.98693       86.94213         6.343e-01         2.229e+02         1.003e+00 
  2054.524           6.329    -53.774    -71.409            0.026        11535.488      0.272      0.000      0.000    0.00000    0.08402          -89.98695       86.94294         6.361e-01         2.229e+02         1.003e+00 
  2055.524           6.303    -53.774    -71.409            0.026        11535.488      0.272      0.000      0.000    0.00000    0.08387          -89.98697       86.94376         6.380e-01         2.229e+02         1.003e+00 
  2056.524           6.276    -53.774    -71.409            0.026        11535.488      0.272      0.000      0.000    0.00000    0.08372          -89.98699       86.94459         6.399e-01         2.229e+02         1.003e+00 
  2057.524           6.250    -53.774    -71.409            0.026        11535.488      0.272      0.000      0.000    0.00000    0.08357          -89.98701       86.94543         6.418e-01         2.229e+02         1.003e+00 
  2058.524           6.224    -53.774    -71.409            0.026        11535.488      0.272      0.000      0.000    0.00000    0.08341          -89.98703       86.94629         6.437e-01         2.229e+02         1.003e+00 
  2059.524           6.197    -53.774    -71.409            0.026        11535.488      0.272      0.000      0.000    0.00000    0.08326          -89.98705       86.94715         6.456e-01         2.229e+02         1.003e+00 
  2060.524           6.171    -53.774    -71.409            0.026        11535.488      0.272      0.000      0.000    0.00000    0.08311          -89.98707       86.94803         6.475e-01         2.229e+02         1.003e+00 
  2061.524           6.145    -53.774    -71.409            0.026        11535.488      0.272      0.000      0.000    0.00000    0.08296          -89.98709       86.94892         6.493e-01         2.229e+02         1.003e+00 
  2062.524           6.119    -53.774    -71.409            0.026        11535.488      0.272      0.000      0.000    0.00000    0.08281          -89.98711       86.94982         6.512e-01         2.229e+02         1.003e+00 
  2063.524           6.092    -53.774    -71.409            0.026        11535.488      0.272      0.000      0.000    0.00000    0.08266          -89.98713       86.95073         6.531e-01         2.229e+02         1.003e+00 
  2064.524           6.066    -53.774    -71.409            0.026        11535.488      0.272      0.000      0.000    0.00000    0.08252          -89.98715       86.95166         6.550e-01         2.229e+02         1.003e+00 
  2065.524           6.040    -53.774    -71.409            0.026        11535.488      0.272      0.000      0.000    0.00000    0.08237          -89.98717       86.95259         6.569e-01         2.229e+02         1.003e+00 
  2066.524           6.014    -53.774    -71.409            0.026        11535.488      0.272      0.000      0.000    0.00000    0.08222          -89.98719       86.95354         6.588e-01         2.229e+02         1.003e+00 
  2067.524           5.988    -53.774    -71.409            0.026        11535.488      0.272      0.000      0.000    0.00000    0.08208          -89.98721       86.95450         6.607e-01         2.229e+02         1.003e+00 
  2068.524           5.962    -53.774    -71.409            0.026        11535.488      0.272      0.000      0.000    0.00000    0.08193          -89.98723       86.95547         6.626e-01         2.229e+02         1.003e+00 
  2069.524           5.936    -53.774    -71.409            0.026        11535.488      0.272      0.000      0.000    0.00000    0.08179          -89.98725       86.95645         6.645e-01         2.229e+02         1.003e+00 
  2070.524           5.911    -53.774    -71.409            0.026        11535.488      0.272      0.000      0.000    0.00000    0.08164          -89.98727       86.95744         6.664e-01         2.229e+02         1.003e+00 
  2071.524           5.885    -53.774    -71.409            0.026        11535.488      0.272      0.000      0.000    0.00000    0.08150          -89.98729       86.95845         6.683e-01         2.229e+02         1.003e+00 
  2072.524           5.859    -53.774    -71.409            0.026        11535.488      0.272      0.000      0.000    0.00000    0.08135          -89.98731       86.95946         6.703e-01         2.229e+02         1.003e+00 
  2073.524           5.833    -53.774    -71.409            0.026        11535.488      0.272      0.000      0.000    0.00000    0.08121          -89.98732       86.96049         6.722e-01         2.229e+02         1.003e+00 
  2074.524           5.807    -53.774    -71.409            0.026        11535.488      0.272      0.000      0.000    0.00000    0.08107          -89.98734       86.96153         6.741e-01         2.229e+02         1.003e+00 
  2075.524           5.782    -53.774    -71.409            0.026        11535.488      0.272      0.000      0.000    0.00000    0.08093          -89.98736       86.96258         6.760e-01         2.229e+02         1.003e+00 
  2076.524           5.756    -53.774    -71.409            0.026        11535.488      0.272      0.000      0.000    0.00000    0.08078          -89.98738       86.96364         6.779e-01         2.229e+02         1.003e+00 
  2077.524           5.730    -53.774    -71.409            0.026        11535.488      0.272      0.000      0.000    0.00000    0.08064          -89.98740       86.96471         6.798e-01         2.229e+02         1.003e+00 
  2078.524           5.705    -53.774    -71.409            0.026        11535.488      0.272      0.000      0.000    0.00000    0.08050          -89.98742       86.96579         6.817e-01         2.229e+02         1.003e+00 
  2079.524           5.679    -53.774    -71.409            0.026        11535.488      0.272      0.000      0.000    0.00000    0.08036          -89.98744       86.96688         6.836e-01         2.229e+02         1.003e+00 
  2080.524           5.654    -53.774    -71.409            0.025        11535.488      0.272      0.000      0.000    0.00000    0.08022          -89.98745       86.96799         6.856e-01         2.229e+02         1.003e+00 
  2081.524           5.628    -53.774    -71.409            0.025        11535.488      0.272      0.000      0.000    0.00000    0.08009          -89.98747       86.96910         6.875e-01         2.229e+02         1.003e+00 
  2082.524           5.603    -53.774    -71.409            0.025        11535.488      0.272      0.000      0.000    0.00000    0.07995          -89.98749       86.97023         6.894e-01         2.229e+02         1.003e+00 
  2083.524           5.577    -53.774    -71.409            0.025        11535.488      0.272      0.000      0.000    0.00000    0.07981          -89.98751       86.97137         6.913e-01         2.229e+02         1.003e+00 
  2084.524           5.552    -53.774    -71.409            0.025        11535.488      0.272      0.000      0.000    0.00000    0.07967          -89.98753       86.97251         6.933e-01         2.229e+02         1.003e+00 
  2085.524           5.527    -53.774    -71.409            0.025        11535.488      0.272      0.000      0.000    0.00000    0.07954          -89.98755       86.97367         6.952e-01         2.229e+02         1.003e+00 
  2086.524           5.501    -53.774    -71.409            0.025        11535.488      0.272      0.000      0.000    0.00000    0.07940          -89.98756       86.97484         6.971e-01         2.229e+02         1.003e+00 
  2087.524           5.476    -53.774    -71.409            0.025        11535.488      0.272      0.000      0.000    0.00000    0.07926          -89.98758       86.97602         6.990e-01         2.229e+02         1.003e+00 
  2088.524           5.451    -53.774    -71.409            0.025        11535.488      0.272      0.000      0.000    0.00000    0.07913          -89.98760       86.97722         7.010e-01         2.229e+02         1.003e+00 
  2089.524           5.426    -53.774    -71.409            0.025        11535.488      0.272      0.000      0.000    0.00000    0.07899          -89.98762       86.97842         7.029e-01         2.229e+02         1.003e+00 
  2090.524           5.401    -53.774    -71.409            0.025        11535.488      0.272      0.000      0.000    0.00000    0.07886          -89.98764       86.97963         7.048e-01         2.229e+02         1.003e+00 
  2091.524           5.375    -53.774    -71.409            0.025        11535.488      0.272      0.000      0.000    0.00000    0.07873          -89.98765       86.98086         7.068e-01         2.229e+02         1.003e+00 
  2092.524           5.350    -53.774    -71.409            0.025        11535.488      0.272      0.000      0.000    0.00000    0.07859          -89.98767       86.98209         7.087e-01         2.229e+02         1.003e+00 
  2093.524           5.325    -53.774    -71.409            0.025        11535.488      0.272      0.000      0.000    0.00000    0.07846          -89.98769       86.98334         7.107e-01         2.229e+02         1.003e+00 
  2094.524           5.300    -53.774    -71.409            0.025        11535.488      0.272      0.000      0.000    0.00000    0.07833          -89.98771       86.98459         7.126e-01         2.229e+02         1.003e+00 
  2095.524           5.275    -53.774    -71.409            0.025        11535.488      0.272      0.000      0.000    0.00000    0.07820          -89.98772       86.98586         7.145e-01         2.229e+02         1.003e+00 
  2096.524           5.250    -53.774    -71.409            0.025        11535.488      0.272      0.000      0.000    0.00000    0.07807          -89.98774       86.98714         7.165e-01         2.229e+02         1.003e+00 
  2097.524           5.225    -53.774    -71.409            0.025        11535.488      0.272      0.000      0.000    0.00000    0.07794          -89.98776       86.98842         7.184e-01         2.229e+02         1.003e+00 
  2098.524           5.201    -53.774    -71.409            0.025        11535.488      0.272      0.000      0.000    0.00000    0.07781          -89.98778       86.98972         7.204e-01         2.229e+02         1.003e+00 
  2099.524           5.176    -53.774    -71.409            0.025        11535.488      0.272      0.000      0.000    0.00000    0.07768          -89.98779       86.99103         7.223e-01         2.229e+02         1.003e+00 
  2100.524           5.151    -53.774    -71.409            0.025        11535.488      0.272      0.000      0.000    0.00000    0.07755          -89.98781       86.99235         7.243e-01         2.229e+02         1.003e+00 
  2101.524           5.126    -53.774    -71.409            0.025        11535.488      0.272      0.000      0.000    0.00000    0.07742          -89.98783       86.99368         7.262e-01         2.229e+02         1.003e+00 
  2102.524           5.101    -53.774    -71.409            0.025        11535.488      0.272      0.000      0.000    0.00000    0.07729          -89.98784       86.99502         7.282e-01         2.229e+02         1.003e+00 
  2103.524           5.077    -53.774    -71.409            0.025        11535.488      0.272      0.000      0.000    0.00000    0.07716          -89.98786       86.99637         7.301e-01         2.229e+02         1.003e+00 
  2104.524           5.052    -53.774    -71.409            0.025        11535.488      0.272      0.000      0.000    0.00000    0.07703          -89.98788       86.99773         7.321e-01         2.229e+02         1.003e+00 
  2105.524           5.027    -53.774    -71.409            0.025        11535.488      0.272      0.000      0.000    0.00000    0.07691          -89.98790       86.99911         7.340e-01         2.229e+02         1.003e+00 
  2106.524           5.003    -53.774    -71.409            0.025        11535.488      0.272      0.000      0.000    0.00000    0.07678          -89.98791       87.00049         7.360e-01         2.229e+02         1.003e+00 
  2107.524           4.978    -53.774    -71.409            0.025        11535.488      0.272      0.000      0.000    0.00000    0.07666          -89.98793       87.00188         7.379e-01         2.229e+02         1.003e+00 
  2108.524           4.953    -53.774    -71.409            0.025        11535.488      0.272      0.000      0.000    0.00000    0.07653          -89.98795       87.00328         7.399e-01         2.229e+02         1.003e+00 
  2109.524           4.929    -53.774    -71.409            0.025        11535.488      0.272      0.000      0.000    0.00000    0.07641          -89.98796       87.00469         7.418e-01         2.229e+02         1.003e+00 
  2110.524           4.904    -53.774    -71.409            0.024        11535.488      0.272      0.000      0.000    0.00000    0.07628          -89.98798       87.00612         7.438e-01         2.229e+02         1.003e+00 
