#_______________________________________________________________________________
#    ######   ####     ##             #####   #####     ##    #    #    ##
#    #       #        #  #            #    #  #    #   #  #   ##  ##   #  #
#    #####    ####   ######           #    #  #####   ######  # ## #  ######
#    #            #  #    #           #    #  #    #  #    #  #    #  #    #
#____######__#####___#____#___________#####___#____#__#____#__#____#__#____#____
#
#              ESA Debris Risk Assessment and Mitigation Analysis
#
#                      ---- DRAMA ( SESAM 2.3.0 ) ----
#                                      ESA 2018 
#
#                              trajectory history file
#-------------------------------------------------------------------------------
# Filename      : PySara.ANTENNA.ef1decee-a1e9-480f-b2d1-264eddd0b744_Trajectory.txt
# RunID         : PySara
# ObjectID      : ef1decee-a1e9-480f-b2d1-264eddd0b744
# ObjectName    : ANTENNA
# Content       : This file contains the trajectory state data of the object,
#                 computed by the DRAMA 3 Re-entry Analysis.
# Documentation : DRAMA Software User Manual, section OPERATIONS MANUAL / Normal operation / SARA / SARA Simulation Output / Re-entry simulation output
#
#--------------------------------------------------------------------------------------------------------------------------------------------------------------------------------------------------------------------------------
#  Time [s]  Altitude [km]  Lat [deg]  Lon [deg]  Velocity [km/s]   Downrange [km]       Drag       Lift       Side    Knudsen       Mach  Flight Path [deg]  Heading [deg]  Density [kg/m^2]  DynPressure [Pa]   Load Factor [g]
#--------------------------------------------------------------------------------------------------------------------------------------------------------------------------------------------------------------------------------
  1370.750          90.959    -46.230    -68.191            7.672        10664.955      0.854      0.000      0.000    0.22102   27.96062           -0.74942      194.59300         2.881e-06         8.479e+01         6.722e-01 
  1370.850          90.949    -46.237    -68.194            7.672        10665.713      0.854      0.000      0.000    0.22068   27.95866           -0.74988      194.59418         2.885e-06         8.491e+01         6.729e-01 
  1371.300          90.903    -46.267    -68.205            7.669        10669.120      0.852      0.000      0.000    0.21909   27.94956           -0.75197      194.59946         2.906e-06         8.547e+01         6.760e-01 
  1372.300          90.803    -46.332    -68.229            7.662        10676.686      0.849      0.000      0.000    0.21548   27.92849           -0.75671      194.61123         2.955e-06         8.677e+01         6.834e-01 
  1373.300          90.701    -46.398    -68.254            7.656        10684.246      0.845      0.000      0.000    0.21164   27.90558           -0.76156      194.62303         3.009e-06         8.820e+01         6.913e-01 
  1374.300          90.599    -46.464    -68.279            7.649        10691.800      0.841      0.000      0.000    0.20786   27.88236           -0.76654      194.63487         3.064e-06         8.966e+01         6.994e-01 
  1375.300          90.496    -46.529    -68.304            7.642        10699.346      0.837      0.000      0.000    0.20412   27.85883           -0.77164      194.64673         3.121e-06         9.115e+01         7.076e-01 
  1376.300          90.393    -46.595    -68.329            7.635        10706.887      0.832      0.000      0.000    0.20042   27.83497           -0.77687      194.65863         3.178e-06         9.267e+01         7.159e-01 
  1377.300          90.289    -46.661    -68.354            7.628        10714.420      0.828      0.000      0.000    0.19677   27.81080           -0.78222      194.67057         3.238e-06         9.422e+01         7.243e-01 
  1378.300          90.185    -46.726    -68.378            7.621        10721.946      0.824      0.000      0.000    0.19317   27.78630           -0.78771      194.68253         3.298e-06         9.581e+01         7.328e-01 
  1379.300          90.080    -46.791    -68.403            7.614        10729.466      0.820      0.000      0.000    0.18961   27.76147           -0.79333      194.69453         3.360e-06         9.743e+01         7.414e-01 
  1380.300          89.974    -46.857    -68.428            7.607        10736.979      0.816      0.000      0.000    0.18610   27.73631           -0.79907      194.70656         3.424e-06         9.909e+01         7.502e-01 
  1381.300          89.868    -46.922    -68.453            7.600        10744.484      0.811      0.000      0.000    0.18263   27.71081           -0.80496      194.71862         3.489e-06         1.008e+02         7.590e-01 
  1382.300          89.760    -46.987    -68.478            7.592        10751.982      0.807      0.000      0.000    0.17920   27.68497           -0.81098      194.73072         3.556e-06         1.025e+02         7.680e-01 
  1383.300          89.653    -47.052    -68.503            7.585        10759.473      0.803      0.000      0.000    0.17581   27.65878           -0.81713      194.74284         3.625e-06         1.043e+02         7.771e-01 
  1384.300          89.544    -47.117    -68.528            7.577        10766.957      0.798      0.000      0.000    0.17247   27.63223           -0.82343      194.75500         3.696e-06         1.061e+02         7.864e-01 
  1385.300          89.435    -47.182    -68.553            7.570        10774.433      0.794      0.000      0.000    0.16917   27.60533           -0.82987      194.76719         3.768e-06         1.080e+02         7.958e-01 
  1386.300          89.325    -47.247    -68.579            7.562        10781.901      0.790      0.000      0.000    0.16590   27.57807           -0.83645      194.77941         3.843e-06         1.099e+02         8.053e-01 
  1387.300          89.214    -47.312    -68.604            7.554        10789.362      0.785      0.000      0.000    0.16268   27.55044           -0.84317      194.79166         3.919e-06         1.118e+02         8.150e-01 
  1388.300          89.103    -47.376    -68.629            7.546        10796.815      0.781      0.000      0.000    0.15950   27.52244           -0.85005      194.80394         3.997e-06         1.138e+02         8.248e-01 
  1389.300          88.990    -47.441    -68.654            7.538        10804.261      0.776      0.000      0.000    0.15636   27.49406           -0.85707      194.81626         4.078e-06         1.159e+02         8.348e-01 
  1390.300          88.877    -47.506    -68.679            7.530        10811.698      0.772      0.000      0.000    0.15325   27.46529           -0.86424      194.82860         4.161e-06         1.180e+02         8.449e-01 
  1391.300          88.763    -47.570    -68.705            7.522        10819.128      0.767      0.000      0.000    0.15019   27.43614           -0.87157      194.84097         4.246e-06         1.201e+02         8.552e-01 
  1392.300          88.648    -47.635    -68.730            7.514        10826.549      0.762      0.000      0.000    0.14716   27.40659           -0.87905      194.85338         4.333e-06         1.224e+02         8.656e-01 
  1393.300          88.532    -47.699    -68.755            7.505        10833.962      0.758      0.000      0.000    0.14417   27.37664           -0.88668      194.86581         4.423e-06         1.246e+02         8.763e-01 
  1394.300          88.416    -47.763    -68.780            7.497        10841.367      0.753      0.000      0.000    0.14123   27.34628           -0.89448      194.87828         4.516e-06         1.269e+02         8.871e-01 
  1395.300          88.298    -47.828    -68.806            7.488        10848.763      0.748      0.000      0.000    0.13831   27.31551           -0.90244      194.89077         4.611e-06         1.293e+02         8.981e-01 
  1396.300          88.180    -47.892    -68.831            7.479        10856.151      0.744      0.000      0.000    0.13544   27.28432           -0.91056      194.90329         4.709e-06         1.318e+02         9.092e-01 
  1397.300          88.061    -47.956    -68.856            7.470        10863.530      0.739      0.000      0.000    0.13260   27.25271           -0.91885      194.91584         4.810e-06         1.343e+02         9.206e-01 
  1398.300          87.940    -48.020    -68.882            7.462        10870.901      0.734      0.000      0.000    0.12981   27.22066           -0.92730      194.92842         4.914e-06         1.368e+02         9.322e-01 
  1399.300          87.819    -48.084    -68.907            7.452        10878.262      0.729      0.000      0.000    0.12704   27.18818           -0.93593      194.94103         5.021e-06         1.395e+02         9.440e-01 
  1400.300          87.697    -48.148    -68.933            7.443        10885.615      0.724      0.000      0.000    0.12432   27.15525           -0.94472      194.95367         5.131e-06         1.422e+02         9.560e-01 
  1401.300          87.574    -48.211    -68.958            7.434        10892.959      0.720      0.000      0.000    0.12163   27.12187           -0.95370      194.96633         5.245e-06         1.450e+02         9.682e-01 
  1402.300          87.449    -48.275    -68.984            7.425        10900.293      0.715      0.000      0.000    0.11898   27.08802           -0.96285      194.97903         5.362e-06         1.478e+02         9.806e-01 
  1403.300          87.324    -48.339    -69.009            7.415        10907.618      0.710      0.000      0.000    0.11637   27.05372           -0.97218      194.99175         5.482e-06         1.508e+02         9.933e-01 
  1404.300          87.198    -48.402    -69.035            7.405        10914.934      0.705      0.000      0.000    0.11379   27.01894           -0.98169      195.00449         5.607e-06         1.538e+02         1.006e+00 
  1405.300          87.070    -48.465    -69.060            7.396        10922.240      0.700      0.000      0.000    0.11125   26.98368           -0.99139      195.01727         5.735e-06         1.569e+02         1.019e+00 
  1406.300          86.942    -48.529    -69.086            7.386        10929.536      0.695      0.000      0.000    0.10874   26.94794           -1.00128      195.03007         5.867e-06         1.601e+02         1.033e+00 
  1407.300          86.812    -48.592    -69.111            7.376        10936.823      0.690      0.000      0.000    0.10627   26.91170           -1.01135      195.04289         6.004e-06         1.634e+02         1.047e+00 
  1408.300          86.682    -48.655    -69.137            7.366        10944.100      0.685      0.000      0.000    0.10383   26.87496           -1.02163      195.05575         6.145e-06         1.667e+02         1.061e+00 
  1409.300          86.550    -48.718    -69.163            7.355        10951.366      0.680      0.000      0.000    0.10143   26.83772           -1.03209      195.06862         6.291e-06         1.702e+02         1.075e+00 
  1410.300          86.417    -48.781    -69.188            7.345        10958.623      0.675      0.000      0.000    0.09906   26.79995           -1.04276      195.08153         6.441e-06         1.738e+02         1.089e+00 
  1411.300          86.282    -48.844    -69.214            7.334        10965.869      0.670      0.000      0.000    0.09673   26.76167           -1.05363      195.09445         6.597e-06         1.775e+02         1.104e+00 
  1412.300          86.147    -48.907    -69.240            7.323        10973.104      0.665      0.000      0.000    0.09442   26.72285           -1.06470      195.10740         6.758e-06         1.813e+02         1.120e+00 
  1413.300          86.010    -48.969    -69.265            7.312        10980.329      0.661      0.000      0.000    0.09215   26.68349           -1.07599      195.12038         6.925e-06         1.852e+02         1.135e+00 
  1414.300          85.872    -49.032    -69.291            7.301        10987.543      0.656      0.000      0.000    0.09004   26.62796           -1.08748      195.13338         7.088e-06         1.890e+02         1.150e+00 
  1415.300          85.733    -49.094    -69.317            7.290        10994.747      0.651      0.000      0.000    0.08797   26.56801           -1.09919      195.14640         7.254e-06         1.929e+02         1.165e+00 
  1416.300          85.592    -49.157    -69.343            7.279        11001.939      0.647      0.000      0.000    0.08593   26.50744           -1.11112      195.15944         7.426e-06         1.968e+02         1.181e+00 
  1417.300          85.451    -49.219    -69.368            7.267        11009.120      0.642      0.000      0.000    0.08393   26.44625           -1.12327      195.17250         7.604e-06         2.009e+02         1.197e+00 
  1418.300          85.308    -49.281    -69.394            7.256        11016.289      0.637      0.000      0.000    0.08196   26.38442           -1.13564      195.18559         7.787e-06         2.051e+02         1.213e+00 
  1419.300          85.163    -49.343    -69.420            7.244        11023.447      0.633      0.000      0.000    0.08001   26.32194           -1.14825      195.19870         7.976e-06         2.094e+02         1.229e+00 
  1420.300          85.017    -49.405    -69.446            7.232        11030.594      0.628      0.000      0.000    0.07810   26.25879           -1.16108      195.21183         8.171e-06         2.138e+02         1.246e+00 
  1421.300          84.870    -49.467    -69.471            7.220        11037.728      0.624      0.000      0.000    0.07622   26.19497           -1.17415      195.22498         8.373e-06         2.183e+02         1.263e+00 
  1422.300          84.721    -49.529    -69.497            7.208        11044.851      0.619      0.000      0.000    0.07438   26.13046           -1.18746      195.23814         8.581e-06         2.230e+02         1.281e+00 
  1423.300          84.571    -49.591    -69.523            7.195        11051.961      0.614      0.000      0.000    0.07256   26.06524           -1.20101      195.25133         8.796e-06         2.278e+02         1.299e+00 
  1424.300          84.420    -49.652    -69.549            7.182        11059.059      0.610      0.000      0.000    0.07077   25.99930           -1.21481      195.26454         9.019e-06         2.327e+02         1.317e+00 
  1425.300          84.267    -49.714    -69.575            7.170        11066.144      0.606      0.000      0.000    0.06901   25.93263           -1.22886      195.27776         9.249e-06         2.378e+02         1.336e+00 
  1426.300          84.112    -49.775    -69.601            7.157        11073.217      0.601      0.000      0.000    0.06728   25.86521           -1.24316      195.29100         9.487e-06         2.430e+02         1.356e+00 
  1427.300          83.956    -49.836    -69.626            7.143        11080.277      0.597      0.000      0.000    0.06558   25.79703           -1.25773      195.30426         9.733e-06         2.484e+02         1.376e+00 
  1428.300          83.799    -49.897    -69.652            7.130        11087.324      0.592      0.000      0.000    0.06391   25.72806           -1.27255      195.31753         9.987e-06         2.540e+02         1.396e+00 
  1429.300          83.639    -49.958    -69.678            7.116        11094.357      0.588      0.000      0.000    0.06227   25.65830           -1.28765      195.33082         1.025e-05         2.597e+02         1.417e+00 
  1430.300          83.479    -50.019    -69.704            7.103        11101.378      0.584      0.000      0.000    0.06066   25.58771           -1.30302      195.34413         1.052e-05         2.656e+02         1.439e+00 
  1431.300          83.316    -50.080    -69.730            7.089        11108.384      0.580      0.000      0.000    0.05907   25.51629           -1.31866      195.35744         1.081e-05         2.716e+02         1.461e+00 
  1432.300          83.152    -50.140    -69.756            7.074        11115.376      0.575      0.000      0.000    0.05752   25.44401           -1.33459      195.37077         1.110e-05         2.778e+02         1.483e+00 
  1433.300          82.987    -50.201    -69.782            7.060        11122.355      0.571      0.000      0.000    0.05599   25.37086           -1.35080      195.38412         1.140e-05         2.842e+02         1.507e+00 
  1434.300          82.820    -50.261    -69.808            7.045        11129.319      0.567      0.000      0.000    0.05450   25.29681           -1.36731      195.39747         1.171e-05         2.908e+02         1.531e+00 
  1435.300          82.651    -50.321    -69.834            7.030        11136.268      0.563      0.000      0.000    0.05302   25.22183           -1.38411      195.41084         1.204e-05         2.977e+02         1.556e+00 
  1436.300          82.480    -50.381    -69.859            7.015        11143.203      0.559      0.000      0.000    0.05158   25.14592           -1.40122      195.42421         1.238e-05         3.047e+02         1.581e+00 
  1437.300          82.308    -50.441    -69.885            7.000        11150.122      0.555      0.000      0.000    0.05017   25.06903           -1.41863      195.43760         1.272e-05         3.119e+02         1.607e+00 
  1438.300          82.133    -50.501    -69.911            6.984        11157.027      0.551      0.000      0.000    0.04878   24.99116           -1.43636      195.45099         1.309e-05         3.193e+02         1.634e+00 
  1439.300          81.957    -50.561    -69.937            6.968        11163.915      0.548      0.000      0.000    0.04742   24.91226           -1.45442      195.46440         1.346e-05         3.270e+02         1.662e+00 
  1440.300          81.780    -50.620    -69.963            6.952        11170.788      0.544      0.000      0.000    0.04608   24.83232           -1.47279      195.47780         1.385e-05         3.349e+02         1.691e+00 
  1441.300          81.600    -50.679    -69.989            6.935        11177.645      0.540      0.000      0.000    0.04478   24.75130           -1.49151      195.49122         1.426e-05         3.431e+02         1.720e+00 
  1442.300          81.419    -50.739    -70.015            6.918        11184.486      0.537      0.000      0.000    0.04349   24.66918           -1.51056      195.50463         1.468e-05         3.515e+02         1.751e+00 
  1443.300          81.235    -50.798    -70.041            6.901        11191.309      0.533      0.000      0.000    0.04224   24.58593           -1.52996      195.51805         1.511e-05         3.601e+02         1.783e+00 
  1444.300          81.050    -50.857    -70.066            6.884        11198.116      0.530      0.000      0.000    0.04101   24.50151           -1.54972      195.53148         1.557e-05         3.691e+02         1.815e+00 
  1445.300          80.863    -50.915    -70.092            6.866        11204.905      0.527      0.000      0.000    0.03981   24.41588           -1.56984      195.54490         1.604e-05         3.783e+02         1.849e+00 
  1446.300          80.674    -50.974    -70.118            6.848        11211.677      0.523      0.000      0.000    0.03863   24.32903           -1.59032      195.55832         1.653e-05         3.878e+02         1.884e+00 
  1447.300          80.483    -51.033    -70.144            6.830        11218.431      0.520      0.000      0.000    0.03748   24.24090           -1.61119      195.57175         1.704e-05         3.976e+02         1.920e+00 
  1448.300          80.290    -51.091    -70.170            6.811        11225.167      0.517      0.000      0.000    0.03635   24.15146           -1.63244      195.58517         1.756e-05         4.076e+02         1.957e+00 
  1449.300          80.095    -51.149    -70.195            6.792        11231.884      0.514      0.000      0.000    0.03524   24.06067           -1.65409      195.59858         1.811e-05         4.181e+02         1.995e+00 
  1450.300          79.898    -51.207    -70.221            6.772        11238.581      0.511      0.000      0.000    0.03417   23.96850           -1.67615      195.61199         1.869e-05         4.288e+02         2.035e+00 
  1451.300          79.699    -51.265    -70.247            6.752        11245.260      0.509      0.000      0.000    0.03311   23.87489           -1.69862      195.62540         1.928e-05         4.398e+02         2.076e+00 
  1452.300          79.497    -51.322    -70.273            6.732        11251.918      0.506      0.000      0.000    0.03208   23.77980           -1.72151      195.63879         1.990e-05         4.513e+02         2.119e+00 
  1453.300          79.294    -51.380    -70.298            6.711        11258.557      0.503      0.000      0.000    0.03107   23.68320           -1.74483      195.65218         2.054e-05         4.630e+02         2.163e+00 
  1454.300          79.089    -51.437    -70.324            6.690        11265.175      0.501      0.000      0.000    0.03009   23.58502           -1.76860      195.66555         2.122e-05         4.751e+02         2.209e+00 
  1455.300          78.881    -51.494    -70.350            6.668        11271.771      0.499      0.000      0.000    0.02913   23.48522           -1.79283      195.67891         2.192e-05         4.876e+02         2.256e+00 
  1456.300          78.671    -51.551    -70.375            6.646        11278.346      0.496      0.000      0.000    0.02819   23.38375           -1.81753      195.69226         2.264e-05         5.005e+02         2.305e+00 
  1457.300          78.460    -51.608    -70.401            6.624        11284.899      0.494      0.000      0.000    0.02728   23.28056           -1.84270      195.70558         2.340e-05         5.138e+02         2.356e+00 
  1458.300          78.245    -51.664    -70.426            6.600        11291.430      0.492      0.000      0.000    0.02639   23.17558           -1.86837      195.71889         2.419e-05         5.275e+02         2.409e+00 
  1459.300          78.029    -51.720    -70.452            6.577        11297.937      0.490      0.000      0.000    0.02552   23.06877           -1.89454      195.73218         2.502e-05         5.416e+02         2.464e+00 
  1460.300          77.811    -51.776    -70.477            6.553        11304.421      0.488      0.000      0.000    0.02467   22.96006           -1.92123      195.74545         2.588e-05         5.561e+02         2.520e+00 
  1461.300          77.590    -51.832    -70.503            6.528        11310.881      0.487      0.000      0.000    0.02384   22.84939           -1.94845      195.75869         2.678e-05         5.711e+02         2.579e+00 
  1462.300          77.367    -51.888    -70.528            6.502        11317.316      0.485      0.000      0.000    0.02304   22.73671           -1.97623      195.77190         2.771e-05         5.865e+02         2.640e+00 
  1463.300          77.141    -51.943    -70.553            6.477        11323.726      0.483      0.000      0.000    0.02225   22.62193           -2.00456      195.78509         2.869e-05         6.023e+02         2.703e+00 
  1464.300          76.914    -51.999    -70.579            6.450        11330.110      0.482      0.000      0.000    0.02149   22.50501           -2.03348      195.79824         2.971e-05         6.186e+02         2.768e+00 
  1465.300          76.684    -52.054    -70.604            6.423        11336.468      0.481      0.000      0.000    0.02074   22.38587           -2.06299      195.81136         3.078e-05         6.354e+02         2.835e+00 
  1466.300          76.451    -52.108    -70.629            6.395        11342.798      0.480      0.000      0.000    0.02002   22.26443           -2.09312      195.82444         3.189e-05         6.527e+02         2.905e+00 
  1467.300          76.216    -52.163    -70.654            6.366        11349.101      0.479      0.000      0.000    0.01932   22.14064           -2.12388      195.83748         3.305e-05         6.705e+02         2.978e+00 
  1468.300          75.979    -52.217    -70.679            6.337        11355.375      0.478      0.000      0.000    0.01863   22.01441           -2.15530      195.85048         3.426e-05         6.888e+02         3.052e+00 
  1469.300          75.740    -52.271    -70.704            6.307        11361.619      0.477      0.000      0.000    0.01797   21.88568           -2.18738      195.86343         3.553e-05         7.075e+02         3.130e+00 
  1470.300          75.498    -52.325    -70.729            6.276        11367.834      0.476      0.000      0.000    0.01732   21.75436           -2.22016      195.87634         3.686e-05         7.268e+02         3.210e+00 
  1471.300          75.254    -52.378    -70.754            6.245        11374.018      0.475      0.000      0.000    0.01669   21.62039           -2.25366      195.88919         3.824e-05         7.466e+02         3.292e+00 
  1472.300          75.007    -52.431    -70.779            6.212        11380.170      0.474      0.000      0.000    0.01608   21.48369           -2.28789      195.90199         3.969e-05         7.669e+02         3.377e+00 
  1473.300          74.758    -52.484    -70.803            6.179        11386.290      0.474      0.000      0.000    0.01549   21.34418           -2.32289      195.91473         4.121e-05         7.877e+02         3.465e+00 
  1474.300          74.506    -52.537    -70.828            6.145        11392.377      0.474      0.000      0.000    0.01492   21.20178           -2.35868      195.92741         4.280e-05         8.091e+02         3.555e+00 
  1475.300          74.252    -52.589    -70.852            6.110        11398.429      0.473      0.000      0.000    0.01436   21.05643           -2.39528      195.94003         4.446e-05         8.310e+02         3.649e+00 
  1476.300          73.995    -52.641    -70.877            6.074        11404.447      0.473      0.000      0.000    0.01382   20.90804           -2.43272      195.95258         4.620e-05         8.533e+02         3.744e+00 
  1477.300          73.736    -52.693    -70.901            6.037        11410.428      0.473      0.000      0.000    0.01330   20.75654           -2.47103      195.96505         4.801e-05         8.762e+02         3.843e+00 
  1478.300          73.475    -52.744    -70.925            5.999        11416.373      0.472      0.000      0.000    0.01279   20.60186           -2.51024      195.97745         4.992e-05         8.996e+02         3.944e+00 
  1479.300          73.211    -52.795    -70.949            5.960        11422.279      0.472      0.000      0.000    0.01230   20.44394           -2.55038      195.98976         5.191e-05         9.235e+02         4.047e+00 
  1480.300          72.944    -52.846    -70.973            5.920        11428.147      0.472      0.000      0.000    0.01182   20.28270           -2.59148      196.00200         5.400e-05         9.479e+02         4.154e+00 
  1481.300          72.675    -52.896    -70.997            5.879        11433.975      0.472      0.000      0.000    0.01136   20.11809           -2.63358      196.01414         5.619e-05         9.728e+02         4.262e+00 
  1482.300          72.404    -52.946    -71.021            5.837        11439.762      0.472      0.000      0.000    0.01092   19.95005           -2.67672      196.02619         5.848e-05         9.981e+02         4.373e+00 
  1483.300          72.130    -52.996    -71.045            5.794        11445.507      0.472      0.000      0.000    0.01049   19.77851           -2.72092      196.03815         6.088e-05         1.024e+03         4.485e+00 
  1484.300          71.854    -53.045    -71.068            5.750        11451.208      0.472      0.000      0.000    0.01007   19.60344           -2.76622      196.05000         6.340e-05         1.050e+03         4.600e+00 
  1485.300          71.575    -53.094    -71.091            5.704        11456.866      0.472      0.000      0.000    0.00967   19.41806           -2.81268      196.06174         6.599e-05         1.076e+03         4.713e+00 
  1486.300          71.294    -53.142    -71.115            5.658        11462.478      0.472      0.000      0.000    0.00929   19.22630           -2.86032      196.07337         6.868e-05         1.102e+03         4.826e+00 
  1487.300          71.011    -53.190    -71.138            5.610        11468.043      0.472      0.000      0.000    0.00893   19.03124           -2.90919      196.08489         7.150e-05         1.128e+03         4.940e+00 
  1488.300          70.725    -53.238    -71.161            5.562        11473.561      0.472      0.000      0.000    0.00858   18.83288           -2.95932      196.09629         7.444e-05         1.154e+03         5.055e+00 
  1489.300          70.436    -53.285    -71.183            5.512        11479.030      0.472      0.000      0.000    0.00824   18.63122           -3.01078      196.10756         7.752e-05         1.180e+03         5.171e+00 
  1490.300          70.146    -53.332    -71.206            5.461        11484.450      0.472      0.000      0.000    0.00791   18.42627           -3.06359      196.11869         8.075e-05         1.207e+03         5.287e+00 
  1491.300          69.853    -53.378    -71.228            5.409        11489.819      0.472      0.000      0.000    0.00759   18.21803           -3.11782      196.12970         8.412e-05         1.234e+03         5.404e+00 
  1492.300          69.557    -53.424    -71.250            5.356        11495.135      0.472      0.000      0.000    0.00728   18.00653           -3.17350      196.14056         8.765e-05         1.260e+03         5.521e+00 
  1493.300          69.260    -53.469    -71.273            5.302        11500.399      0.472      0.000      0.000    0.00699   17.79180           -3.23070      196.15128         9.134e-05         1.287e+03         5.638e+00 
  1494.300          68.960    -53.514    -71.294            5.246        11505.608      0.472      0.000      0.000    0.00671   17.57387           -3.28946      196.16184         9.521e-05         1.314e+03         5.754e+00 
  1495.300          68.658    -53.559    -71.316            5.189        11510.761      0.472      0.000      0.000    0.00643   17.35277           -3.34984      196.17225         9.925e-05         1.340e+03         5.871e+00 
  1496.300          68.353    -53.603    -71.337            5.132        11515.858      0.472      0.000      0.000    0.00617   17.12857           -3.41189      196.18250         1.035e-04         1.366e+03         5.986e+00 
  1497.300          68.047    -53.646    -71.359            5.073        11520.898      0.472      0.000      0.000    0.00592   16.90133           -3.47569      196.19258         1.079e-04         1.393e+03         6.100e+00 
  1498.300          67.738    -53.689    -71.380            5.013        11525.878      0.472      0.000      0.000    0.00567   16.67110           -3.54128      196.20250         1.125e-04         1.418e+03         6.213e+00 
  1499.300          67.427    -53.732    -71.401            4.952        11530.799      0.472      0.000      0.000    0.00544   16.43798           -3.60874      196.21223         1.174e-04         1.444e+03         6.325e+00 
  1500.300          67.115    -53.774    -71.421            4.890        11535.659      0.472      0.000      0.000    0.00521   16.20204           -3.67812      196.22179         1.225e-04         1.469e+03         6.434e+00 
  1501.300          66.800    -53.815    -71.441            4.827        11540.457      0.472      0.000      0.000    0.00500   15.96339           -3.74951      196.23115         1.278e-04         1.493e+03         6.541e+00 
  1502.300          66.483    -53.856    -71.462            4.763        11545.192      0.472      0.000      0.000    0.00479   15.72214           -3.82296      196.24033         1.333e-04         1.517e+03         6.645e+00 
  1503.300          66.165    -53.896    -71.481            4.697        11549.862      0.472      0.000      0.000    0.00459   15.47840           -3.89855      196.24931         1.391e-04         1.540e+03         6.747e+00 
  1504.300          65.845    -53.936    -71.501            4.631        11554.468      0.472      0.000      0.000    0.00440   15.23231           -3.97637      196.25809         1.452e-04         1.562e+03         6.845e+00 
  1505.300          65.523    -53.975    -71.520            4.564        11559.008      0.472      0.000      0.000    0.00421   14.98399           -4.05648      196.26666         1.515e-04         1.584e+03         6.939e+00 
  1506.300          65.199    -54.014    -71.539            4.496        11563.480      0.472      0.000      0.000    0.00404   14.73361           -4.13898      196.27502         1.581e-04         1.605e+03         7.029e+00 
  1507.300          64.874    -54.052    -71.558            4.428        11567.885      0.472      0.000      0.000    0.00387   14.48131           -4.22394      196.28317         1.651e-04         1.624e+03         7.115e+00 
  1508.300          64.547    -54.089    -71.577            4.358        11572.222      0.472      0.000      0.000    0.00371   14.22727           -4.31146      196.29110         1.723e-04         1.643e+03         7.197e+00 
  1509.300          64.218    -54.126    -71.595            4.288        11576.489      0.472      0.000      0.000    0.00355   13.97167           -4.40162      196.29880         1.799e-04         1.660e+03         7.273e+00 
  1510.300          63.889    -54.162    -71.613            4.217        11580.686      0.472      0.000      0.000    0.00340   13.71470           -4.49451      196.30628         1.878e-04         1.676e+03         7.343e+00 
  1511.300          63.558    -54.198    -71.631            4.145        11584.813      0.472      0.000      0.000    0.00326   13.45654           -4.59025      196.31352         1.960e-04         1.691e+03         7.408e+00 
  1512.300          63.225    -54.233    -71.648            4.073        11588.867      0.472      0.000      0.000    0.00312   13.19741           -4.68893      196.32053         2.046e-04         1.705e+03         7.467e+00 
  1513.300          62.892    -54.267    -71.666            4.000        11592.850      0.472      0.000      0.000    0.00299   12.93750           -4.79064      196.32730         2.136e-04         1.717e+03         7.520e+00 
  1514.300          62.557    -54.301    -71.683            3.927        11596.761      0.472      0.000      0.000    0.00286   12.67705           -4.89551      196.33383         2.230e-04         1.727e+03         7.566e+00 
  1515.300          62.221    -54.334    -71.699            3.853        11600.599      0.472      0.000      0.000    0.00274   12.41628           -5.00365      196.34012         2.328e-04         1.736e+03         7.606e+00 
  1516.300          61.885    -54.366    -71.715            3.779        11604.363      0.472      0.000      0.000    0.00263   12.15541           -5.11516      196.34615         2.430e-04         1.744e+03         7.638e+00 
  1517.300          61.548    -54.398    -71.731            3.705        11608.054      0.472      0.000      0.000    0.00252   11.89467           -5.23017      196.35194         2.536e-04         1.749e+03         7.663e+00 
  1518.300          61.209    -54.429    -71.747            3.631        11611.671      0.472      0.000      0.000    0.00241   11.63431           -5.34881      196.35747         2.647e-04         1.753e+03         7.681e+00 
  1519.300          60.871    -54.460    -71.762            3.556        11615.214      0.472      0.000      0.000    0.00231   11.37455           -5.47120      196.36275         2.762e-04         1.756e+03         7.692e+00 
  1520.300          60.531    -54.490    -71.778            3.482        11618.683      0.472      0.000      0.000    0.00221   11.11565           -5.59747      196.36777         2.882e-04         1.756e+03         7.695e+00 
  1521.300          60.192    -54.519    -71.792            3.407        11622.078      0.472      0.000      0.000    0.00212   10.85782           -5.72777      196.37254         3.008e-04         1.755e+03         7.690e+00 
  1522.300          59.851    -54.548    -71.807            3.333        11625.400      0.472      0.000      0.000    0.00203   10.60133           -5.86223      196.37704         3.138e-04         1.753e+03         7.677e+00 
  1523.300          59.511    -54.576    -71.821            3.259        11628.647      0.472      0.000      0.000    0.00195   10.34639           -6.00101      196.38129         3.274e-04         1.748e+03         7.658e+00 
  1524.300          59.170    -54.603    -71.835            3.185        11631.820      0.472      0.000      0.000    0.00187   10.09324           -6.14425      196.38527         3.415e-04         1.742e+03         7.630e+00 
  1525.300          58.829    -54.630    -71.848            3.111        11634.921      0.472      0.000      0.000    0.00179    9.84211           -6.29211      196.38900         3.561e-04         1.734e+03         7.595e+00 
  1526.300          58.488    -54.656    -71.862            3.038        11637.948      0.472      0.000      0.000    0.00172    9.59322           -6.44475      196.39246         3.714e-04         1.724e+03         7.553e+00 
  1527.300          58.147    -54.681    -71.875            2.965        11640.903      0.472      0.000      0.000    0.00165    9.34679           -6.60235      196.39566         3.872e-04         1.713e+03         7.503e+00 
  1528.300          57.806    -54.706    -71.887            2.893        11643.786      0.472      0.000      0.000    0.00158    9.10302           -6.76507      196.39860         4.036e-04         1.700e+03         7.447e+00 
  1529.300          57.465    -54.730    -71.899            2.822        11646.597      0.472      0.000      0.000    0.00152    8.86211           -6.93309      196.40128         4.207e-04         1.685e+03         7.384e+00 
  1530.300          57.125    -54.754    -71.911            2.751        11649.337      0.472      0.000      0.000    0.00146    8.62425           -7.10660      196.40371         4.384e-04         1.670e+03         7.314e+00 
  1531.300          56.785    -54.777    -71.923            2.681        11652.007      0.472      0.000      0.000    0.00140    8.38963           -7.28579      196.40587         4.568e-04         1.652e+03         7.238e+00 
  1532.300          56.445    -54.799    -71.935            2.612        11654.608      0.472      0.000      0.000    0.00134    8.15842           -7.47086      196.40778         4.759e-04         1.634e+03         7.156e+00 
  1533.300          56.106    -54.821    -71.946            2.543        11657.140      0.472      0.000      0.000    0.00129    7.93077           -7.66199      196.40943         4.956e-04         1.614e+03         7.069e+00 
  1534.300          55.767    -54.842    -71.957            2.476        11659.605      0.472      0.000      0.000    0.00124    7.70683           -7.85942      196.41084         5.161e-04         1.592e+03         6.976e+00 
  1535.300          55.429    -54.863    -71.967            2.409        11662.002      0.472      0.000      0.000    0.00119    7.48673           -8.06334      196.41199         5.373e-04         1.570e+03         6.878e+00 
  1536.300          55.091    -54.883    -71.977            2.344        11664.334      0.472      0.000      0.000    0.00114    7.27061           -8.27398      196.41289         5.592e-04         1.547e+03         6.776e+00 
  1537.300          54.754    -54.903    -71.987            2.279        11666.601      0.472      0.000      0.000    0.00110    7.05857           -8.49156      196.41354         5.819e-04         1.523e+03         6.670e+00 
  1538.300          54.418    -54.922    -71.997            2.216        11668.804      0.472      0.000      0.000    0.00105    6.85071           -8.71633      196.41396         6.055e-04         1.497e+03         6.560e+00 
  1539.300          54.082    -54.940    -72.007            2.154        11670.945      0.472      0.000      0.000    0.00101    6.64712           -8.94851      196.41413         6.298e-04         1.472e+03         6.446e+00 
  1540.300          53.748    -54.958    -72.016            2.093        11673.023      0.472      0.000      0.000    0.00097    6.44786           -9.18836      196.41407         6.549e-04         1.445e+03         6.330e+00 
  1541.300          53.414    -54.975    -72.025            2.033        11675.042      0.472      0.000      0.000    0.00094    6.25301           -9.43612      196.41377         6.809e-04         1.418e+03         6.211e+00 
  1542.300          53.081    -54.992    -72.033            1.975        11677.001      0.472      0.000      0.000    0.00090    6.06260           -9.69206      196.41324         7.078e-04         1.390e+03         6.090e+00 
  1543.300          52.749    -55.009    -72.042            1.917        11678.902      0.472      0.000      0.000    0.00087    5.87669           -9.95643      196.41248         7.355e-04         1.362e+03         5.967e+00 
  1544.300          52.418    -55.025    -72.050            1.861        11680.747      0.472      0.000      0.000    0.00084    5.69529          -10.22951      196.41149         7.642e-04         1.334e+03         5.842e+00 
  1545.300          52.088    -55.040    -72.058            1.807        11682.536      0.472      0.000      0.000    0.00080    5.51842          -10.51158      196.41029         7.938e-04         1.305e+03         5.717e+00 
  1546.300          51.759    -55.055    -72.065            1.753        11684.270      0.472      0.000      0.000    0.00077    5.34609          -10.80291      196.40886         8.243e-04         1.276e+03         5.591e+00 
  1547.300          51.431    -55.070    -72.073            1.701        11685.952      0.472      0.000      0.000    0.00075    5.17838          -11.10379      196.40722         8.558e-04         1.247e+03         5.464e+00 
  1548.300          51.104    -55.084    -72.080            1.650        11687.581      0.472      0.000      0.000    0.00072    5.02167          -11.41453      196.40537         8.908e-04         1.222e+03         5.351e+00 
  1549.300          50.778    -55.097    -72.087            1.600        11689.160      0.472      0.000      0.000    0.00069    4.87003          -11.73543      196.40332         9.276e-04         1.196e+03         5.241e+00 
  1550.300          50.453    -55.110    -72.094            1.551        11690.689      0.472      0.000      0.000    0.00066    4.72185          -12.06686      196.40105         9.658e-04         1.171e+03         5.130e+00 
  1551.300          50.129    -55.123    -72.100            1.504        11692.170      0.472      0.000      0.000    0.00063    4.57715          -12.40915      196.39858         1.005e-03         1.146e+03         5.018e+00 
  1552.300          49.807    -55.135    -72.107            1.457        11693.603      0.472      0.000      0.000    0.00061    4.43595          -12.76266      196.39591         1.047e-03         1.120e+03         4.906e+00 
  1553.300          49.485    -55.147    -72.113            1.412        11694.990      0.472      0.000      0.000    0.00059    4.29826          -13.12776      196.39305         1.089e-03         1.094e+03         4.794e+00 
  1554.300          49.165    -55.159    -72.119            1.368        11696.332      0.472      0.000      0.000    0.00056    4.16409          -13.50481      196.38999         1.133e-03         1.069e+03         4.682e+00 
  1555.300          48.846    -55.170    -72.124            1.325        11697.629      0.472      0.000      0.000    0.00054    4.03344          -13.89419      196.38674         1.179e-03         1.043e+03         4.571e+00 
  1556.300          48.529    -55.181    -72.130            1.283        11698.884      0.472      0.000      0.000    0.00052    3.90628          -14.29628      196.38330         1.227e-03         1.018e+03         4.460e+00 
  1557.300          48.213    -55.191    -72.135            1.242        11700.097      0.472      0.000      0.000    0.00050    3.78262          -14.71147      196.37967         1.276e-03         9.929e+02         4.350e+00 
  1558.300          47.898    -55.202    -72.141            1.203        11701.269      0.472      0.000      0.000    0.00048    3.66243          -15.14013      196.37586         1.327e-03         9.680e+02         4.241e+00 
  1559.300          47.584    -55.211    -72.146            1.165        11702.402      0.472      0.000      0.000    0.00046    3.54568          -15.58266      196.37187         1.380e-03         9.434e+02         4.133e+00 
  1560.300          47.272    -55.221    -72.150            1.127        11703.496      0.472      0.000      0.000    0.00044    3.43312          -16.03946      196.36770         1.435e-03         9.195e+02         4.028e+00 
  1561.300          46.961    -55.230    -72.155            1.091        11704.553      0.472      0.000      0.000    0.00043    3.32808          -16.51092      196.36335         1.496e-03         8.982e+02         3.935e+00 
  1562.300          46.652    -55.239    -72.160            1.056        11705.573      0.472      0.000      0.000    0.00041    3.22580          -16.99750      196.35883         1.560e-03         8.772e+02         3.843e+00 
  1563.300          46.344    -55.247    -72.164            1.022        11706.558      0.472      0.000      0.000    0.00039    3.12616          -17.49963      196.35413         1.627e-03         8.563e+02         3.751e+00 
  1564.300          46.038    -55.255    -72.168            0.988        11707.508      0.472      0.000      0.000    0.00038    3.02917          -18.01777      196.34927         1.697e-03         8.356e+02         3.660e+00 
  1565.300          45.733    -55.263    -72.172            0.956        11708.424      0.472      0.000      0.000    0.00036    2.93482          -18.55237      196.34424         1.769e-03         8.152e+02         3.571e+00 
  1566.300          45.429    -55.271    -72.176            0.925        11709.307      0.472      0.000      0.000    0.00035    2.84308          -19.10387      196.33904         1.844e-03         7.950e+02         3.483e+00 
  1567.300          45.127    -55.278    -72.180            0.894        11710.159      0.472      0.000      0.000    0.00033    2.75396          -19.67270      196.33367         1.922e-03         7.751e+02         3.396e+00 
  1568.300          44.827    -55.285    -72.184            0.865        11710.980      0.472      0.000      0.000    0.00032    2.66742          -20.25931      196.32814         2.003e-03         7.556e+02         3.310e+00 
  1569.300          44.528    -55.292    -72.187            0.836        11711.770      0.472      0.000      0.000    0.00031    2.58344          -20.86410      196.32244         2.088e-03         7.364e+02         3.226e+00 
  1570.300          44.231    -55.299    -72.190            0.809        11712.532      0.472      0.000      0.000    0.00029    2.50201          -21.48749      196.31659         2.176e-03         7.175e+02         3.143e+00 
  1571.300          43.936    -55.305    -72.194            0.782        11713.265      0.472      0.000      0.000    0.00028    2.42308          -22.12987      196.31057         2.267e-03         6.991e+02         3.062e+00 
  1572.300          43.642    -55.311    -72.197            0.756        11713.970      0.472      0.000      0.000    0.00027    2.34663          -22.79160      196.30439         2.363e-03         6.810e+02         2.983e+00 
  1573.300          43.350    -55.317    -72.200            0.731        11714.649      0.472      0.000      0.000    0.00026    2.27262          -23.47303      196.29805         2.461e-03         6.634e+02         2.906e+00 
  1574.300          43.060    -55.323    -72.203            0.707        11715.303      0.472      0.000      0.000    0.00025    2.20102          -24.17448      196.29155         2.564e-03         6.462e+02         2.831e+00 
  1575.300          42.771    -55.328    -72.206            0.684        11715.931      0.472      0.000      0.000    0.00024    2.13179          -24.89623      196.28489         2.671e-03         6.295e+02         2.757e+00 
  1576.300          42.484    -55.333    -72.208            0.661        11716.535      0.472      0.000      0.000    0.00023    2.06489          -25.63852      196.27807         2.781e-03         6.132e+02         2.686e+00 
  1577.300          42.199    -55.338    -72.211            0.640        11717.115      0.472      0.000      0.000    0.00022    2.00027          -26.40157      196.27110         2.896e-03         5.974e+02         2.617e+00 
  1578.300          41.915    -55.343    -72.213            0.619        11717.673      0.472      0.000      0.000    0.00021    1.93789          -27.18553      196.26396         3.016e-03         5.820e+02         2.550e+00 
  1579.300          41.634    -55.348    -72.216            0.599        11718.209      0.472      0.000      0.000    0.00020    1.87771          -27.99050      196.25667         3.140e-03         5.672e+02         2.485e+00 
  1580.300          41.353    -55.352    -72.218            0.579        11718.723      0.472      0.000      0.000    0.00020    1.81967          -28.81655      196.24921         3.269e-03         5.528e+02         2.422e+00 
  1581.300          41.075    -55.356    -72.220            0.561        11719.217      0.472      0.000      0.000    0.00019    1.76374          -29.66365      196.24159         3.402e-03         5.389e+02         2.361e+00 
  1582.300          40.799    -55.360    -72.222            0.543        11719.691      0.472      0.000      0.000    0.00018    1.70986          -30.53173      196.23381         3.541e-03         5.255e+02         2.302e+00 
  1583.300          40.524    -55.364    -72.224            0.525        11720.146      0.472      0.000      0.000    0.00017    1.65798          -31.42065      196.22587         3.684e-03         5.126e+02         2.246e+00 
  1584.300          40.251    -55.368    -72.226            0.509        11720.582      0.472      0.000      0.000    0.00017    1.60805          -32.33017      196.21776         3.833e-03         5.002e+02         2.191e+00 
  1585.300          39.980    -55.372    -72.228            0.493        11721.000      0.472      0.000      0.000    0.00016    1.56003          -33.25999      196.20948         3.988e-03         4.883e+02         2.139e+00 
  1586.300          39.710    -55.375    -72.230            0.478        11721.401      0.472      0.000      0.000    0.00015    1.51385          -34.20971      196.20104         4.148e-03         4.769e+02         2.089e+00 
  1587.300          39.443    -55.378    -72.231            0.463        11721.785      0.472      0.000      0.000    0.00015    1.46947          -35.17887      196.19242         4.314e-03         4.659e+02         2.041e+00 
  1588.300          39.177    -55.382    -72.233            0.449        11722.153      0.472      0.000      0.000    0.00014    1.42684          -36.16688      196.18362         4.486e-03         4.554e+02         1.995e+00 
  1589.300          38.913    -55.385    -72.235            0.435        11722.506      0.472      0.000      0.000    0.00014    1.38590          -37.17308      196.17465         4.664e-03         4.454e+02         1.951e+00 
  1590.300          38.651    -55.388    -72.236            0.422        11722.843      0.472      0.000      0.000    0.00013    1.34659          -38.19672      196.16550         4.848e-03         4.358e+02         1.909e+00 
  1591.300          38.390    -55.390    -72.237            0.410        11723.166      0.472      0.000      0.000    0.00013    1.30888          -39.23694      196.15616         5.039e-03         4.267e+02         1.869e+00 
  1592.300          38.132    -55.393    -72.239            0.398        11723.474      0.472      0.000      0.000    0.00012    1.27270          -40.29279      196.14663         5.237e-03         4.181e+02         1.831e+00 
  1593.300          37.875    -55.396    -72.240            0.387        11723.769      0.472      0.000      0.000    0.00012    1.23800          -41.36322      196.13691         5.441e-03         4.098e+02         1.795e+00 
  1594.300          37.621    -55.398    -72.241            0.376        11724.051      0.472      0.000      0.000    0.00011    1.20473          -42.44709      196.12699         5.653e-03         4.020e+02         1.761e+00 
  1595.300          37.368    -55.400    -72.242            0.365        11724.321      0.472      0.000      0.000    0.00011    1.17283          -43.54319      196.11687         5.871e-03         3.946e+02         1.729e+00 
  1596.300          37.117    -55.403    -72.244            0.355        11724.578      0.472      0.000      0.000    0.00010    1.14227          -44.65020      196.10653         6.097e-03         3.876e+02         1.698e+00 
  1597.300          36.869    -55.405    -72.245            0.346        11724.823      0.472      0.000      0.000    0.00010    1.11297          -45.76675      196.09598         6.331e-03         3.810e+02         1.669e+00 
  1598.300          36.622    -55.407    -72.246            0.337        11725.057      0.472      0.000      0.000    0.00010    1.08490          -46.89137      196.08521         6.572e-03         3.747e+02         1.641e+00 
  1599.300          36.377    -55.409    -72.247            0.328        11725.281      0.472      0.000      0.000    0.00009    1.05800          -48.02255      196.07420         6.821e-03         3.688e+02         1.616e+00 
  1600.300          36.135    -55.410    -72.248            0.319        11725.493      0.472      0.000      0.000    0.00009    1.03222          -49.15872      196.06296         7.078e-03         3.633e+02         1.591e+00 
  1601.300          35.894    -55.412    -72.248            0.311        11725.696      0.472      0.000      0.000    0.00009    1.00751          -50.29825      196.05147         7.343e-03         3.580e+02         1.568e+00 
  1601.363          35.879    -55.412    -72.249            0.311        11725.708      0.472      0.000      0.000    0.00009    1.00317          -50.37019      196.05073         7.391e-03         3.571e+02         1.565e+00 
  1601.485          35.850    -55.413    -72.249            0.310        11725.732      0.472      0.000      0.000    0.00009    1.00043          -50.50944      196.04931         7.422e-03         3.566e+02         1.562e+00 
  1601.493          35.848    -55.413    -72.249            0.310        11725.734      0.236      0.000      0.000    0.00009    0.99998          -50.51792      196.04923         7.428e-03         3.565e+02         7.809e-01 
  1601.502          35.846    -55.413    -72.249            0.310        11725.736      0.236      0.000      0.000    0.00009    0.99998          -50.52825      196.04912         7.431e-03         3.566e+02         7.811e-01 
  1601.520          35.842    -55.413    -72.249            0.310        11725.739      0.236      0.000      0.000    0.00009    1.00000          -50.54884      196.04891         7.435e-03         3.568e+02         7.816e-01 
  1601.526          35.840    -55.413    -72.249            0.310        11725.741      0.236      0.000      0.000    0.00009    0.99999          -50.55635      196.04883         7.437e-03         3.569e+02         7.818e-01 
  1601.538          35.837    -55.413    -72.249            0.310        11725.743      0.236      0.000      0.000    0.00009    0.99995          -50.57028      196.04869         7.441e-03         3.570e+02         7.820e-01 
  1601.593          35.824    -55.413    -72.249            0.310        11725.754      0.236      0.000      0.000    0.00009    0.99999          -50.63294      196.04805         7.454e-03         3.577e+02         7.834e-01 
  1601.602          35.822    -55.413    -72.249            0.310        11725.755      0.236      0.000      0.000    0.00009    0.99999          -50.64260      196.04795         7.458e-03         3.578e+02         7.838e-01 
  1601.608          35.820    -55.413    -72.249            0.310        11725.757      0.236      0.000      0.000    0.00009    0.99999          -50.64990      196.04787         7.460e-03         3.579e+02         7.840e-01 
  1601.615          35.819    -55.413    -72.249            0.310        11725.758      0.236      0.000      0.000    0.00009    0.99999          -50.65720      196.04780         7.462e-03         3.580e+02         7.841e-01 
  1601.644          35.812    -55.413    -72.249            0.310        11725.763      0.236      0.000      0.000    0.00009    0.99994          -50.69003      196.04746         7.469e-03         3.583e+02         7.848e-01 
  1601.683          35.803    -55.413    -72.249            0.310        11725.771      0.236      0.000      0.000    0.00009    0.99976          -50.73432      196.04700         7.479e-03         3.586e+02         7.855e-01 
  1601.858          35.760    -55.413    -72.249            0.310        11725.805      0.236      0.000      0.000    0.00008    0.99987          -50.93312      196.04495         7.523e-03         3.606e+02         7.899e-01 
  1602.016          35.722    -55.413    -72.249            0.310        11725.836      0.236      0.000      0.000    0.00008    0.99998          -51.11134      196.04309         7.567e-03         3.627e+02         7.944e-01 
  1602.057          35.713    -55.413    -72.249            0.309        11725.844      0.236      0.000      0.000    0.00008    0.99991          -51.15780      196.04260         7.583e-03         3.633e+02         7.958e-01 
  1602.108          35.700    -55.414    -72.249            0.309        11725.853      0.236      0.000      0.000    0.00008    0.99963          -51.21532      196.04200         7.597e-03         3.637e+02         7.967e-01 
  1602.338          35.645    -55.414    -72.249            0.309        11725.898      0.236      0.000      0.000    0.00008    0.99974          -51.47331      196.03928         7.655e-03         3.664e+02         8.026e-01 
  1603.338          35.401    -55.416    -72.250            0.309        11726.087      0.236      0.000      0.000    0.00008    0.99999          -52.57957      196.02728         7.919e-03         3.782e+02         8.284e-01 
  1604.338          35.154    -55.417    -72.251            0.308        11726.271      0.236      0.000      0.000    0.00008    0.99976          -53.66028      196.01503         8.225e-03         3.915e+02         8.576e-01 
  1605.338          34.904    -55.419    -72.252            0.308        11726.450      0.236      0.000      0.000    0.00007    0.99896          -54.71620      196.00252         8.548e-03         4.051e+02         8.873e-01 
  1606.338          34.652    -55.420    -72.253            0.307        11726.625      0.236      0.000      0.000    0.00007    0.99756          -55.74813      195.98974         8.889e-03         4.188e+02         9.174e-01 
  1607.338          34.397    -55.422    -72.253            0.306        11726.794      0.236      0.000      0.000    0.00007    0.99553          -56.75686      195.97669         9.247e-03         4.326e+02         9.476e-01 
  1608.338          34.140    -55.423    -72.254            0.304        11726.958      0.236      0.000      0.000    0.00007    0.99284          -57.74316      195.96336         9.624e-03         4.465e+02         9.780e-01 
  1609.338          33.882    -55.424    -72.255            0.303        11727.117      0.236      0.000      0.000    0.00006    0.98948          -58.70782      195.94974         1.002e-02         4.603e+02         1.008e+00 
  1610.338          33.623    -55.426    -72.255            0.301        11727.271      0.236      0.000      0.000    0.00006    0.98543          -59.65157      195.93582         1.044e-02         4.741e+02         1.038e+00 
  1611.338          33.362    -55.427    -72.256            0.299        11727.420      0.236      0.000      0.000    0.00006    0.98068          -60.57516      195.92159         1.087e-02         4.876e+02         1.068e+00 
  1612.338          33.102    -55.428    -72.257            0.297        11727.563      0.236      0.000      0.000    0.00006    0.97523          -61.47930      195.90704         1.133e-02         5.009e+02         1.097e+00 
  1613.338          32.840    -55.430    -72.257            0.295        11727.702      0.236      0.000      0.000    0.00005    0.96908          -62.36465      195.89216         1.181e-02         5.139e+02         1.126e+00 
  1614.338          32.579    -55.431    -72.258            0.292        11727.835      0.236      0.000      0.000    0.00005    0.96224          -63.23186      195.87694         1.231e-02         5.265e+02         1.153e+00 
  1615.338          32.319    -55.432    -72.258            0.289        11727.963      0.236      0.000      0.000    0.00005    0.95473          -64.08152      195.86137         1.283e-02         5.386e+02         1.180e+00 
  1616.338          32.059    -55.433    -72.259            0.286        11728.087      0.236      0.000      0.000    0.00005    0.94631          -64.91421      195.84543         1.337e-02         5.498e+02         1.204e+00 
  1617.338          31.800    -55.434    -72.259            0.283        11728.205      0.236      0.000      0.000    0.00005    0.93662          -65.73041      195.82911         1.391e-02         5.597e+02         1.226e+00 
  1618.338          31.543    -55.435    -72.260            0.280        11728.318      0.236      0.000      0.000    0.00004    0.92644          -66.53054      195.81239         1.446e-02         5.689e+02         1.246e+00 
  1619.338          31.286    -55.436    -72.260            0.277        11728.427      0.236      0.000      0.000    0.00004    0.91579          -67.31496      195.79526         1.504e-02         5.774e+02         1.265e+00 
  1620.338          31.032    -55.437    -72.261            0.273        11728.531      0.236      0.000      0.000    0.00004    0.90472          -68.08401      195.77770         1.564e-02         5.853e+02         1.282e+00 
  1621.338          30.780    -55.438    -72.261            0.270        11728.630      0.236      0.000      0.000    0.00004    0.89326          -68.83798      195.75968         1.625e-02         5.924e+02         1.298e+00 
  1622.338          30.529    -55.438    -72.262            0.266        11728.724      0.236      0.000      0.000    0.00004    0.88146          -69.57711      195.74120         1.689e-02         5.988e+02         1.312e+00 
  1623.338          30.282    -55.439    -72.262            0.262        11728.815      0.236      0.000      0.000    0.00004    0.86936          -70.30162      195.72223         1.755e-02         6.044e+02         1.324e+00 
  1624.338          30.036    -55.440    -72.262            0.258        11728.900      0.236      0.000      0.000    0.00004    0.85701          -71.01167      195.70274         1.822e-02         6.093e+02         1.335e+00 
  1625.338          29.793    -55.441    -72.263            0.254        11728.982      0.236      0.000      0.000    0.00003    0.84445          -71.70740      195.68271         1.892e-02         6.135e+02         1.344e+00 
  1626.338          29.554    -55.441    -72.263            0.250        11729.059      0.236      0.000      0.000    0.00003    0.83173          -72.38891      195.66211         1.963e-02         6.169e+02         1.351e+00 
  1627.338          29.317    -55.442    -72.263            0.246        11729.132      0.236      0.000      0.000    0.00003    0.81888          -73.05626      195.64091         2.036e-02         6.197e+02         1.357e+00 
  1628.338          29.083    -55.443    -72.264            0.242        11729.202      0.236      0.000      0.000    0.00003    0.80596          -73.70949      195.61909         2.111e-02         6.217e+02         1.362e+00 
  1629.338          28.852    -55.443    -72.264            0.238        11729.268      0.236      0.000      0.000    0.00003    0.79300          -74.34862      195.59660         2.188e-02         6.232e+02         1.365e+00 
  1630.338          28.624    -55.444    -72.264            0.234        11729.330      0.236      0.000      0.000    0.00003    0.78004          -74.97362      195.57341         2.267e-02         6.240e+02         1.367e+00 
  1631.338          28.399    -55.444    -72.264            0.230        11729.389      0.236      0.000      0.000    0.00003    0.76712          -75.58447      195.54948         2.347e-02         6.243e+02         1.367e+00 
  1632.338          28.178    -55.445    -72.265            0.226        11729.444      0.236      0.000      0.000    0.00003    0.75427          -76.18111      195.52477         2.429e-02         6.240e+02         1.367e+00 
  1633.338          27.960    -55.445    -72.265            0.222        11729.496      0.236      0.000      0.000    0.00003    0.74151          -76.76349      195.49922         2.513e-02         6.233e+02         1.365e+00 
  1634.338          27.745    -55.445    -72.265            0.218        11729.545      0.236      0.000      0.000    0.00002    0.72889          -77.33154      195.47280         2.598e-02         6.221e+02         1.363e+00 
  1635.338          27.534    -55.446    -72.265            0.215        11729.592      0.236      0.000      0.000    0.00002    0.71642          -77.88517      195.44545         2.685e-02         6.205e+02         1.359e+00 
  1636.338          27.326    -55.446    -72.265            0.211        11729.635      0.236      0.000      0.000    0.00002    0.70412          -78.42432      195.41710         2.774e-02         6.186e+02         1.355e+00 
  1637.338          27.121    -55.447    -72.266            0.207        11729.676      0.236      0.000      0.000    0.00002    0.69202          -78.94890      195.38769         2.864e-02         6.164e+02         1.350e+00 
  1638.338          26.920    -55.447    -72.266            0.203        11729.714      0.236      0.000      0.000    0.00002    0.68014          -79.45886      195.35717         2.955e-02         6.139e+02         1.345e+00 
  1639.338          26.721    -55.447    -72.266            0.200        11729.750      0.236      0.000      0.000    0.00002    0.66848          -79.95412      195.32544         3.048e-02         6.112e+02         1.339e+00 
  1640.338          26.526    -55.448    -72.266            0.196        11729.783      0.236      0.000      0.000    0.00002    0.65705          -80.43465      195.29243         3.143e-02         6.082e+02         1.332e+00 
  1641.338          26.334    -55.448    -72.266            0.193        11729.815      0.236      0.000      0.000    0.00002    0.64588          -80.90041      195.25807         3.239e-02         6.052e+02         1.326e+00 
  1642.338          26.145    -55.448    -72.266            0.190        11729.844      0.236      0.000      0.000    0.00002    0.63496          -81.35138      195.22224         3.336e-02         6.020e+02         1.319e+00 
  1643.338          25.959    -55.448    -72.266            0.186        11729.872      0.236      0.000      0.000    0.00002    0.62430          -81.78757      195.18484         3.435e-02         5.987e+02         1.311e+00 
  1644.338          25.776    -55.449    -72.267            0.183        11729.897      0.236      0.000      0.000    0.00002    0.61391          -82.20899      195.14578         3.535e-02         5.953e+02         1.304e+00 
  1645.338          25.596    -55.449    -72.267            0.180        11729.921      0.236      0.000      0.000    0.00002    0.60378          -82.61571      195.10493         3.637e-02         5.919e+02         1.296e+00 
  1646.338          25.419    -55.449    -72.267            0.177        11729.943      0.236      0.000      0.000    0.00002    0.59392          -83.00778      195.06215         3.740e-02         5.884e+02         1.289e+00 
  1647.338          25.245    -55.449    -72.267            0.174        11729.964      0.236      0.000      0.000    0.00002    0.58433          -83.38531      195.01730         3.844e-02         5.850e+02         1.281e+00 
  1648.338          25.073    -55.449    -72.267            0.171        11729.983      0.236      0.000      0.000    0.00002    0.57500          -83.74840      194.97024         3.949e-02         5.815e+02         1.274e+00 
  1649.338          24.904    -55.449    -72.267            0.168        11730.001      0.236      0.000      0.000    0.00002    0.56593          -84.09721      194.92079         4.056e-02         5.781e+02         1.266e+00 
  1650.338          24.738    -55.450    -72.267            0.166        11730.018      0.236      0.000      0.000    0.00002    0.55712          -84.43190      194.86877         4.164e-02         5.747e+02         1.259e+00 
  1651.338          24.574    -55.450    -72.267            0.163        11730.033      0.236      0.000      0.000    0.00001    0.54856          -84.75266      194.81398         4.273e-02         5.714e+02         1.251e+00 
  1652.338          24.413    -55.450    -72.267            0.161        11730.048      0.236      0.000      0.000    0.00001    0.54025          -85.05971      194.75620         4.383e-02         5.681e+02         1.244e+00 
  1653.338          24.254    -55.450    -72.267            0.158        11730.061      0.236      0.000      0.000    0.00001    0.53218          -85.35327      194.69521         4.495e-02         5.649e+02         1.237e+00 
  1654.338          24.098    -55.450    -72.267            0.156        11730.073      0.236      0.000      0.000    0.00001    0.52434          -85.63362      194.63073         4.608e-02         5.617e+02         1.230e+00 
  1655.338          23.943    -55.450    -72.267            0.154        11730.085      0.236      0.000      0.000    0.00001    0.51674          -85.90102      194.56250         4.722e-02         5.587e+02         1.224e+00 
  1656.338          23.791    -55.450    -72.267            0.151        11730.095      0.236      0.000      0.000    0.00001    0.50936          -86.15577      194.49019         4.837e-02         5.557e+02         1.217e+00 
  1657.338          23.641    -55.450    -72.267            0.149        11730.105      0.236      0.000      0.000    0.00001    0.50219          -86.39818      194.41348         4.953e-02         5.528e+02         1.211e+00 
  1658.338          23.494    -55.450    -72.267            0.147        11730.114      0.236      0.000      0.000    0.00001    0.49523          -86.62857      194.33200         5.071e-02         5.500e+02         1.205e+00 
  1659.338          23.348    -55.450    -72.267            0.145        11730.122      0.236      0.000      0.000    0.00001    0.48848          -86.84728      194.24534         5.190e-02         5.473e+02         1.199e+00 
  1660.338          23.204    -55.451    -72.268            0.143        11730.130      0.236      0.000      0.000    0.00001    0.48192          -87.05465      194.15306         5.310e-02         5.446e+02         1.193e+00 
  1661.338          23.062    -55.451    -72.268            0.141        11730.137      0.236      0.000      0.000    0.00001    0.47555          -87.25105      194.05468         5.431e-02         5.421e+02         1.187e+00 
  1662.338          22.922    -55.451    -72.268            0.139        11730.143      0.236      0.000      0.000    0.00001    0.46936          -87.43683      193.94967         5.554e-02         5.396e+02         1.182e+00 
  1663.338          22.784    -55.451    -72.268            0.137        11730.149      0.236      0.000      0.000    0.00001    0.46334          -87.61237      193.83744         5.677e-02         5.373e+02         1.177e+00 
  1664.338          22.648    -55.451    -72.268            0.136        11730.155      0.236      0.000      0.000    0.00001    0.45750          -87.77804      193.71734         5.802e-02         5.350e+02         1.172e+00 
  1665.338          22.513    -55.451    -72.268            0.134        11730.160      0.236      0.000      0.000    0.00001    0.45181          -87.93421      193.58868         5.928e-02         5.328e+02         1.167e+00 
  1666.338          22.380    -55.451    -72.268            0.132        11730.164      0.236      0.000      0.000    0.00001    0.44629          -88.08126      193.45067         6.055e-02         5.306e+02         1.162e+00 
  1667.338          22.249    -55.451    -72.268            0.131        11730.168      0.236      0.000      0.000    0.00001    0.44091          -88.21957      193.30245         6.183e-02         5.286e+02         1.158e+00 
  1668.338          22.119    -55.451    -72.268            0.129        11730.172      0.236      0.000      0.000    0.00001    0.43568          -88.34950      193.14308         6.313e-02         5.266e+02         1.153e+00 
  1669.338          21.991    -55.451    -72.268            0.127        11730.176      0.236      0.000      0.000    0.00001    0.43058          -88.47143      192.97151         6.444e-02         5.247e+02         1.149e+00 
  1670.338          21.864    -55.451    -72.268            0.126        11730.179      0.236      0.000      0.000    0.00001    0.42562          -88.58573      192.78659         6.576e-02         5.229e+02         1.145e+00 
  1671.338          21.739    -55.451    -72.268            0.124        11730.182      0.236      0.000      0.000    0.00001    0.42079          -88.69274      192.58704         6.709e-02         5.211e+02         1.141e+00 
  1672.338          21.616    -55.451    -72.268            0.123        11730.185      0.236      0.000      0.000    0.00001    0.41608          -88.79283      192.37144         6.843e-02         5.195e+02         1.138e+00 
  1673.338          21.493    -55.451    -72.268            0.122        11730.187      0.236      0.000      0.000    0.00001    0.41150          -88.88633      192.13823         6.979e-02         5.178e+02         1.134e+00 
  1674.338          21.372    -55.451    -72.268            0.120        11730.189      0.236      0.000      0.000    0.00001    0.40702          -88.97359      191.88566         7.115e-02         5.163e+02         1.131e+00 
  1675.338          21.253    -55.451    -72.268            0.119        11730.191      0.236      0.000      0.000    0.00001    0.40265          -89.05493      191.61181         7.253e-02         5.148e+02         1.128e+00 
  1676.338          21.134    -55.451    -72.268            0.118        11730.193      0.236      0.000      0.000    0.00001    0.39839          -89.13067      191.31453         7.392e-02         5.133e+02         1.124e+00 
  1677.338          21.017    -55.451    -72.268            0.116        11730.195      0.236      0.000      0.000    0.00001    0.39423          -89.20112      190.99144         7.533e-02         5.119e+02         1.121e+00 
  1678.338          20.902    -55.451    -72.268            0.115        11730.197      0.236      0.000      0.000    0.00001    0.39017          -89.26657      190.63987         7.674e-02         5.106e+02         1.118e+00 
  1679.338          20.787    -55.451    -72.268            0.114        11730.198      0.236      0.000      0.000    0.00001    0.38621          -89.32731      190.25688         7.817e-02         5.093e+02         1.116e+00 
  1680.338          20.674    -55.451    -72.268            0.113        11730.199      0.236      0.000      0.000    0.00001    0.38233          -89.38362      189.83917         7.961e-02         5.081e+02         1.113e+00 
  1681.338          20.561    -55.451    -72.268            0.112        11730.200      0.236      0.000      0.000    0.00001    0.37854          -89.43576      189.38307         8.106e-02         5.069e+02         1.110e+00 
  1682.338          20.450    -55.451    -72.268            0.111        11730.201      0.236      0.000      0.000    0.00001    0.37484          -89.48399      188.88448         8.253e-02         5.057e+02         1.108e+00 
  1683.338          20.340    -55.451    -72.268            0.109        11730.202      0.236      0.000      0.000    0.00001    0.37121          -89.52854      188.33883         8.400e-02         5.046e+02         1.105e+00 
  1684.338          20.231    -55.451    -72.268            0.108        11730.203      0.236      0.000      0.000    0.00001    0.36766          -89.56966      187.74101         8.549e-02         5.035e+02         1.103e+00 
  1685.338          20.123    -55.451    -72.268            0.107        11730.204      0.236      0.000      0.000    0.00001    0.36419          -89.60755      187.08534         8.700e-02         5.025e+02         1.101e+00 
  1686.338          20.017    -55.451    -72.268            0.106        11730.205      0.236      0.000      0.000    0.00001    0.36076          -89.64243      186.36547         8.849e-02         5.014e+02         1.098e+00 
  1687.338          19.911    -55.451    -72.268            0.105        11730.205      0.236      0.000      0.000    0.00001    0.35737          -89.67449      185.57435         8.998e-02         5.002e+02         1.096e+00 
  1688.338          19.806    -55.451    -72.268            0.104        11730.206      0.236      0.000      0.000    0.00001    0.35405          -89.70393      184.70414         9.147e-02         4.991e+02         1.093e+00 
  1689.338          19.702    -55.451    -72.268            0.103        11730.206      0.236      0.000      0.000    0.00001    0.35081          -89.73091      183.74614         9.297e-02         4.981e+02         1.091e+00 
  1690.338          19.599    -55.451    -72.268            0.102        11730.207      0.236      0.000      0.000    0.00001    0.34765          -89.75561      182.69078         9.449e-02         4.971e+02         1.089e+00 
  1691.338          19.497    -55.451    -72.268            0.102        11730.207      0.236      0.000      0.000    0.00001    0.34456          -89.77818      181.52753         9.601e-02         4.962e+02         1.087e+00 
  1692.338          19.396    -55.451    -72.268            0.101        11730.208      0.236      0.000      0.000    0.00001    0.34153          -89.79877      180.24492         9.754e-02         4.953e+02         1.085e+00 
  1693.338          19.296    -55.451    -72.268            0.100        11730.208      0.236      0.000      0.000    0.00001    0.33857          -89.81751      178.83060         9.909e-02         4.945e+02         1.083e+00 
  1694.338          19.196    -55.451    -72.268            0.099        11730.208      0.236      0.000      0.000    0.00001    0.33566          -89.83455      177.27138         1.006e-01         4.937e+02         1.081e+00 
  1695.338          19.098    -55.451    -72.268            0.098        11730.209      0.236      0.000      0.000    0.00001    0.33282          -89.84999      175.55348         1.022e-01         4.929e+02         1.080e+00 
  1696.338          19.000    -55.451    -72.268            0.097        11730.209      0.236      0.000      0.000    0.00001    0.33003          -89.86394      173.66289         1.038e-01         4.922e+02         1.078e+00 
  1697.338          18.903    -55.451    -72.268            0.096        11730.209      0.236      0.000      0.000    0.00001    0.32730          -89.87652      171.58582         1.054e-01         4.915e+02         1.076e+00 
  1698.338          18.807    -55.451    -72.268            0.096        11730.209      0.236      0.000      0.000    0.00001    0.32462          -89.88783      169.30951         1.070e-01         4.908e+02         1.075e+00 
  1699.338          18.712    -55.451    -72.268            0.095        11730.209      0.236      0.000      0.000    0.00001    0.32198          -89.89794      166.82317         1.086e-01         4.901e+02         1.074e+00 
  1700.338          18.617    -55.451    -72.268            0.094        11730.210      0.236      0.000      0.000    0.00001    0.31940          -89.90695      164.11932         1.102e-01         4.895e+02         1.072e+00 
  1701.338          18.524    -55.451    -72.268            0.093        11730.210      0.236      0.000      0.000    0.00001    0.31686          -89.91493      161.19529         1.119e-01         4.889e+02         1.071e+00 
  1702.338          18.431    -55.451    -72.268            0.093        11730.210      0.236      0.000      0.000    0.00001    0.31436          -89.92196      158.05492         1.135e-01         4.883e+02         1.070e+00 
  1703.338          18.338    -55.451    -72.268            0.092        11730.210      0.236      0.000      0.000    0.00001    0.31191          -89.92812      154.71019         1.152e-01         4.877e+02         1.068e+00 
  1704.338          18.247    -55.451    -72.268            0.091        11730.210      0.236      0.000      0.000    0.00001    0.30950          -89.93347      151.18250         1.168e-01         4.872e+02         1.067e+00 
  1705.338          18.156    -55.451    -72.268            0.091        11730.210      0.236      0.000      0.000    0.00001    0.30713          -89.93807      147.50324         1.185e-01         4.866e+02         1.066e+00 
  1706.338          18.066    -55.451    -72.268            0.090        11730.210      0.236      0.000      0.000    0.00001    0.30481          -89.94201      143.71330         1.202e-01         4.861e+02         1.065e+00 
  1707.338          17.976    -55.451    -72.268            0.089        11730.210      0.236      0.000      0.000    0.00001    0.30251          -89.94535      139.86128         1.219e-01         4.856e+02         1.064e+00 
  1708.338          17.887    -55.451    -72.268            0.089        11730.210      0.236      0.000      0.000    0.00001    0.30026          -89.94814      136.00055         1.236e-01         4.851e+02         1.063e+00 
  1709.338          17.799    -55.451    -72.268            0.088        11730.210      0.236      0.000      0.000    0.00001    0.29804          -89.95047      132.18547         1.253e-01         4.846e+02         1.062e+00 
  1710.338          17.712    -55.451    -72.268            0.087        11730.210      0.236      0.000      0.000    0.00001    0.29586          -89.95239      128.46740         1.271e-01         4.842e+02         1.060e+00 
  1711.338          17.625    -55.451    -72.268            0.087        11730.210      0.236      0.000      0.000    0.00000    0.29371          -89.95395      124.89131         1.288e-01         4.837e+02         1.060e+00 
  1712.338          17.538    -55.451    -72.268            0.086        11730.210      0.236      0.000      0.000    0.00000    0.29160          -89.95523      121.49333         1.306e-01         4.833e+02         1.059e+00 
  1713.338          17.453    -55.451    -72.268            0.085        11730.210      0.236      0.000      0.000    0.00000    0.28952          -89.95627      118.29963         1.323e-01         4.828e+02         1.058e+00 
  1714.338          17.368    -55.451    -72.268            0.085        11730.210      0.236      0.000      0.000    0.00000    0.28746          -89.95711      115.32651         1.341e-01         4.824e+02         1.057e+00 
  1715.338          17.283    -55.451    -72.268            0.084        11730.210      0.236      0.000      0.000    0.00000    0.28544          -89.95779      112.58134         1.359e-01         4.820e+02         1.056e+00 
  1716.338          17.199    -55.451    -72.268            0.084        11730.210      0.236      0.000      0.000    0.00000    0.28346          -89.95834      110.06408         1.377e-01         4.816e+02         1.055e+00 
  1717.338          17.116    -55.451    -72.268            0.083        11730.210      0.236      0.000      0.000    0.00000    0.28150          -89.95880      107.76900         1.395e-01         4.812e+02         1.054e+00 
  1718.338          17.033    -55.451    -72.268            0.082        11730.211      0.236      0.000      0.000    0.00000    0.27956          -89.95918      105.68626         1.413e-01         4.809e+02         1.053e+00 
  1719.338          16.951    -55.451    -72.268            0.082        11730.211      0.236      0.000      0.000    0.00000    0.27766          -89.95950      103.80339         1.432e-01         4.805e+02         1.052e+00 
  1720.338          16.870    -55.451    -72.268            0.081        11730.211      0.236      0.000      0.000    0.00000    0.27579          -89.95979      102.10642         1.450e-01         4.801e+02         1.052e+00 
  1721.338          16.789    -55.451    -72.268            0.081        11730.211      0.236      0.000      0.000    0.00000    0.27394          -89.96004      100.58075         1.469e-01         4.798e+02         1.051e+00 
  1722.338          16.708    -55.451    -72.268            0.080        11730.211      0.236      0.000      0.000    0.00000    0.27211          -89.96027       99.21179         1.487e-01         4.794e+02         1.050e+00 
  1723.338          16.628    -55.451    -72.268            0.080        11730.211      0.236      0.000      0.000    0.00000    0.27032          -89.96049       97.98540         1.506e-01         4.791e+02         1.049e+00 
  1724.338          16.549    -55.451    -72.268            0.079        11730.211      0.236      0.000      0.000    0.00000    0.26854          -89.96069       96.88816         1.525e-01         4.788e+02         1.049e+00 
  1725.338          16.470    -55.451    -72.268            0.079        11730.211      0.236      0.000      0.000    0.00000    0.26680          -89.96089       95.90751         1.544e-01         4.784e+02         1.048e+00 
  1726.338          16.391    -55.451    -72.268            0.078        11730.211      0.236      0.000      0.000    0.00000    0.26507          -89.96109       95.03184         1.563e-01         4.781e+02         1.047e+00 
  1727.338          16.313    -55.451    -72.268            0.078        11730.211      0.236      0.000      0.000    0.00000    0.26337          -89.96129       94.25051         1.582e-01         4.778e+02         1.047e+00 
  1728.338          16.236    -55.451    -72.268            0.077        11730.211      0.236      0.000      0.000    0.00000    0.26169          -89.96149       93.55381         1.602e-01         4.775e+02         1.046e+00 
  1729.338          16.159    -55.451    -72.268            0.077        11730.211      0.236      0.000      0.000    0.00000    0.26004          -89.96168       92.93294         1.621e-01         4.772e+02         1.045e+00 
  1730.338          16.083    -55.451    -72.268            0.076        11730.211      0.236      0.000      0.000    0.00000    0.25840          -89.96188       92.37996         1.641e-01         4.769e+02         1.045e+00 
  1731.338          16.007    -55.451    -72.268            0.076        11730.211      0.236      0.000      0.000    0.00000    0.25679          -89.96209       91.88768         1.660e-01         4.767e+02         1.044e+00 
  1732.338          15.931    -55.451    -72.268            0.075        11730.211      0.236      0.000      0.000    0.00000    0.25520          -89.96229       91.44964         1.680e-01         4.764e+02         1.043e+00 
  1733.338          15.856    -55.451    -72.268            0.075        11730.211      0.236      0.000      0.000    0.00000    0.25363          -89.96250       91.06005         1.700e-01         4.761e+02         1.043e+00 
  1734.338          15.782    -55.451    -72.268            0.074        11730.211      0.236      0.000      0.000    0.00000    0.25208          -89.96271       90.71369         1.720e-01         4.759e+02         1.042e+00 
  1735.338          15.708    -55.451    -72.268            0.074        11730.211      0.236      0.000      0.000    0.00000    0.25055          -89.96292       90.40589         1.740e-01         4.756e+02         1.042e+00 
  1736.338          15.634    -55.451    -72.268            0.073        11730.211      0.236      0.000      0.000    0.00000    0.24904          -89.96313       90.13248         1.761e-01         4.753e+02         1.041e+00 
  1737.338          15.561    -55.451    -72.268            0.073        11730.211      0.236      0.000      0.000    0.00000    0.24755          -89.96334       89.88970         1.781e-01         4.751e+02         1.041e+00 
  1738.338          15.488    -55.451    -72.268            0.073        11730.211      0.236      0.000      0.000    0.00000    0.24607          -89.96356       89.67419         1.801e-01         4.749e+02         1.040e+00 
  1739.338          15.416    -55.451    -72.268            0.072        11730.211      0.236      0.000      0.000    0.00000    0.24462          -89.96377       89.48295         1.822e-01         4.746e+02         1.040e+00 
  1740.338          15.344    -55.451    -72.268            0.072        11730.211      0.236      0.000      0.000    0.00000    0.24318          -89.96398       89.31329         1.843e-01         4.744e+02         1.039e+00 
  1741.338          15.272    -55.451    -72.268            0.071        11730.211      0.236      0.000      0.000    0.00000    0.24176          -89.96420       89.16283         1.863e-01         4.742e+02         1.039e+00 
  1742.338          15.201    -55.451    -72.268            0.071        11730.211      0.236      0.000      0.000    0.00000    0.24036          -89.96441       89.02940         1.884e-01         4.739e+02         1.038e+00 
  1743.338          15.131    -55.451    -72.268            0.070        11730.211      0.236      0.000      0.000    0.00000    0.23897          -89.96462       88.91110         1.905e-01         4.737e+02         1.038e+00 
  1744.338          15.060    -55.451    -72.268            0.070        11730.211      0.236      0.000      0.000    0.00000    0.23761          -89.96483       88.80623         1.927e-01         4.735e+02         1.037e+00 
  1745.338          14.990    -55.451    -72.268            0.070        11730.211      0.236      0.000      0.000    0.00000    0.23625          -89.96504       88.71324         1.948e-01         4.733e+02         1.037e+00 
  1746.338          14.921    -55.451    -72.268            0.069        11730.211      0.236      0.000      0.000    0.00000    0.23492          -89.96525       88.63080         1.969e-01         4.731e+02         1.036e+00 
  1747.338          14.852    -55.451    -72.268            0.069        11730.211      0.236      0.000      0.000    0.00000    0.23360          -89.96546       88.55769         1.991e-01         4.729e+02         1.036e+00 
  1748.338          14.783    -55.451    -72.268            0.068        11730.211      0.236      0.000      0.000    0.00000    0.23229          -89.96567       88.49282         2.012e-01         4.727e+02         1.035e+00 
  1749.338          14.715    -55.451    -72.268            0.068        11730.211      0.236      0.000      0.000    0.00000    0.23100          -89.96587       88.43525         2.034e-01         4.725e+02         1.035e+00 
  1750.338          14.647    -55.451    -72.268            0.068        11730.212      0.236      0.000      0.000    0.00000    0.22972          -89.96608       88.38412         2.056e-01         4.723e+02         1.034e+00 
  1751.338          14.579    -55.451    -72.268            0.067        11730.212      0.236      0.000      0.000    0.00000    0.22846          -89.96628       88.33868         2.078e-01         4.721e+02         1.034e+00 
  1752.338          14.512    -55.451    -72.268            0.067        11730.212      0.236      0.000      0.000    0.00000    0.22722          -89.96648       88.29825         2.100e-01         4.719e+02         1.034e+00 
  1753.338          14.445    -55.451    -72.268            0.067        11730.212      0.236      0.000      0.000    0.00000    0.22598          -89.96667       88.26224         2.122e-01         4.717e+02         1.033e+00 
  1754.338          14.379    -55.451    -72.268            0.066        11730.212      0.236      0.000      0.000    0.00000    0.22476          -89.96687       88.23012         2.144e-01         4.716e+02         1.033e+00 
  1755.338          14.313    -55.451    -72.268            0.066        11730.212      0.236      0.000      0.000    0.00000    0.22356          -89.96706       88.20143         2.167e-01         4.714e+02         1.032e+00 
  1756.338          14.247    -55.451    -72.268            0.066        11730.212      0.236      0.000      0.000    0.00000    0.22237          -89.96725       88.17575         2.189e-01         4.712e+02         1.032e+00 
  1757.338          14.182    -55.451    -72.268            0.065        11730.212      0.236      0.000      0.000    0.00000    0.22119          -89.96744       88.15271         2.212e-01         4.710e+02         1.032e+00 
  1758.338          14.117    -55.451    -72.268            0.065        11730.212      0.236      0.000      0.000    0.00000    0.22002          -89.96763       88.13201         2.234e-01         4.709e+02         1.031e+00 
  1759.338          14.052    -55.451    -72.268            0.065        11730.212      0.236      0.000      0.000    0.00000    0.21887          -89.96782       88.11334         2.257e-01         4.707e+02         1.031e+00 
  1760.338          13.988    -55.451    -72.268            0.064        11730.212      0.236      0.000      0.000    0.00000    0.21773          -89.96800       88.09646         2.280e-01         4.705e+02         1.031e+00 
  1761.338          13.924    -55.451    -72.268            0.064        11730.212      0.236      0.000      0.000    0.00000    0.21660          -89.96818       88.08115         2.303e-01         4.704e+02         1.030e+00 
  1762.338          13.860    -55.451    -72.268            0.064        11730.212      0.236      0.000      0.000    0.00000    0.21548          -89.96836       88.06722         2.326e-01         4.702e+02         1.030e+00 
  1763.338          13.796    -55.451    -72.268            0.063        11730.212      0.236      0.000      0.000    0.00000    0.21438          -89.96854       88.05449         2.350e-01         4.701e+02         1.030e+00 
  1764.338          13.733    -55.451    -72.268            0.063        11730.212      0.236      0.000      0.000    0.00000    0.21328          -89.96871       88.04281         2.373e-01         4.699e+02         1.029e+00 
  1765.338          13.671    -55.451    -72.268            0.063        11730.212      0.236      0.000      0.000    0.00000    0.21220          -89.96889       88.03206         2.397e-01         4.698e+02         1.029e+00 
  1766.338          13.608    -55.451    -72.268            0.062        11730.212      0.236      0.000      0.000    0.00000    0.21113          -89.96906       88.02211         2.420e-01         4.696e+02         1.029e+00 
  1767.338          13.546    -55.451    -72.268            0.062        11730.212      0.236      0.000      0.000    0.00000    0.21007          -89.96923       88.01288         2.444e-01         4.695e+02         1.028e+00 
  1768.338          13.484    -55.451    -72.268            0.062        11730.212      0.236      0.000      0.000    0.00000    0.20902          -89.96940       88.00425         2.468e-01         4.694e+02         1.028e+00 
  1769.338          13.423    -55.451    -72.268            0.061        11730.212      0.236      0.000      0.000    0.00000    0.20799          -89.96956       87.99617         2.492e-01         4.692e+02         1.028e+00 
  1770.338          13.362    -55.451    -72.268            0.061        11730.212      0.236      0.000      0.000    0.00000    0.20696          -89.96973       87.98856         2.516e-01         4.691e+02         1.027e+00 
  1771.338          13.301    -55.451    -72.268            0.061        11730.212      0.236      0.000      0.000    0.00000    0.20594          -89.96989       87.98137         2.540e-01         4.690e+02         1.027e+00 
  1772.338          13.240    -55.451    -72.268            0.060        11730.212      0.236      0.000      0.000    0.00000    0.20494          -89.97005       87.97453         2.564e-01         4.688e+02         1.027e+00 
  1773.338          13.180    -55.451    -72.268            0.060        11730.212      0.236      0.000      0.000    0.00000    0.20394          -89.97021       87.96802         2.589e-01         4.687e+02         1.027e+00 
  1774.338          13.120    -55.451    -72.268            0.060        11730.212      0.236      0.000      0.000    0.00000    0.20295          -89.97036       87.96178         2.613e-01         4.686e+02         1.026e+00 
  1775.338          13.060    -55.451    -72.268            0.060        11730.212      0.236      0.000      0.000    0.00000    0.20198          -89.97052       87.95579         2.638e-01         4.684e+02         1.026e+00 
  1776.338          13.001    -55.451    -72.268            0.059        11730.212      0.236      0.000      0.000    0.00000    0.20101          -89.97067       87.95001         2.663e-01         4.683e+02         1.026e+00 
  1777.338          12.942    -55.451    -72.268            0.059        11730.212      0.236      0.000      0.000    0.00000    0.20005          -89.97082       87.94443         2.687e-01         4.682e+02         1.026e+00 
  1778.338          12.883    -55.451    -72.268            0.059        11730.212      0.236      0.000      0.000    0.00000    0.19910          -89.97097       87.93901         2.712e-01         4.681e+02         1.025e+00 
  1779.338          12.824    -55.451    -72.268            0.058        11730.212      0.236      0.000      0.000    0.00000    0.19816          -89.97112       87.93373         2.737e-01         4.680e+02         1.025e+00 
  1780.338          12.766    -55.451    -72.268            0.058        11730.212      0.236      0.000      0.000    0.00000    0.19723          -89.97127       87.92859         2.763e-01         4.678e+02         1.025e+00 
  1781.338          12.708    -55.451    -72.268            0.058        11730.212      0.236      0.000      0.000    0.00000    0.19631          -89.97141       87.92357         2.788e-01         4.677e+02         1.024e+00 
  1782.338          12.650    -55.451    -72.268            0.058        11730.212      0.236      0.000      0.000    0.00000    0.19540          -89.97156       87.91865         2.813e-01         4.676e+02         1.024e+00 
  1783.338          12.593    -55.451    -72.268            0.057        11730.212      0.236      0.000      0.000    0.00000    0.19450          -89.97170       87.91382         2.839e-01         4.675e+02         1.024e+00 
  1784.338          12.535    -55.451    -72.268            0.057        11730.212      0.236      0.000      0.000    0.00000    0.19360          -89.97184       87.90908         2.865e-01         4.674e+02         1.024e+00 
  1785.338          12.478    -55.451    -72.268            0.057        11730.212      0.236      0.000      0.000    0.00000    0.19272          -89.97198       87.90441         2.890e-01         4.673e+02         1.024e+00 
  1786.338          12.422    -55.451    -72.268            0.057        11730.212      0.236      0.000      0.000    0.00000    0.19184          -89.97212       87.89981         2.916e-01         4.672e+02         1.023e+00 
  1787.338          12.365    -55.451    -72.268            0.056        11730.212      0.236      0.000      0.000    0.00000    0.19097          -89.97226       87.89528         2.942e-01         4.671e+02         1.023e+00 
  1788.338          12.309    -55.451    -72.268            0.056        11730.212      0.236      0.000      0.000    0.00000    0.19010          -89.97239       87.89080         2.968e-01         4.670e+02         1.023e+00 
  1789.338          12.253    -55.451    -72.268            0.056        11730.212      0.236      0.000      0.000    0.00000    0.18925          -89.97252       87.88638         2.994e-01         4.669e+02         1.023e+00 
  1790.338          12.198    -55.451    -72.268            0.056        11730.212      0.236      0.000      0.000    0.00000    0.18840          -89.97266       87.88201         3.021e-01         4.668e+02         1.022e+00 
  1791.338          12.142    -55.451    -72.268            0.055        11730.212      0.236      0.000      0.000    0.00000    0.18757          -89.97279       87.87768         3.047e-01         4.667e+02         1.022e+00 
  1792.338          12.087    -55.451    -72.268            0.055        11730.212      0.236      0.000      0.000    0.00000    0.18673          -89.97292       87.87339         3.074e-01         4.666e+02         1.022e+00 
  1793.338          12.032    -55.451    -72.268            0.055        11730.212      0.236      0.000      0.000    0.00000    0.18591          -89.97305       87.86915         3.100e-01         4.665e+02         1.022e+00 
  1794.338          11.977    -55.451    -72.268            0.055        11730.212      0.236      0.000      0.000    0.00000    0.18510          -89.97317       87.86494         3.127e-01         4.664e+02         1.022e+00 
  1795.338          11.923    -55.451    -72.268            0.054        11730.212      0.236      0.000      0.000    0.00000    0.18429          -89.97330       87.86077         3.154e-01         4.663e+02         1.021e+00 
  1796.338          11.869    -55.451    -72.268            0.054        11730.212      0.236      0.000      0.000    0.00000    0.18348          -89.97342       87.85664         3.181e-01         4.662e+02         1.021e+00 
  1797.338          11.815    -55.451    -72.268            0.054        11730.212      0.236      0.000      0.000    0.00000    0.18269          -89.97355       87.85254         3.208e-01         4.661e+02         1.021e+00 
  1798.338          11.761    -55.451    -72.268            0.054        11730.212      0.236      0.000      0.000    0.00000    0.18190          -89.97367       87.84847         3.235e-01         4.660e+02         1.021e+00 
  1799.338          11.707    -55.451    -72.268            0.053        11730.212      0.236      0.000      0.000    0.00000    0.18112          -89.97379       87.84443         3.263e-01         4.660e+02         1.021e+00 
  1800.338          11.654    -55.451    -72.268            0.053        11730.212      0.236      0.000      0.000    0.00000    0.18035          -89.97391       87.84043         3.290e-01         4.659e+02         1.020e+00 
  1801.338          11.601    -55.451    -72.268            0.053        11730.212      0.236      0.000      0.000    0.00000    0.17958          -89.97403       87.83645         3.318e-01         4.658e+02         1.020e+00 
  1802.338          11.548    -55.451    -72.268            0.053        11730.212      0.236      0.000      0.000    0.00000    0.17882          -89.97415       87.83251         3.345e-01         4.657e+02         1.020e+00 
  1803.338          11.495    -55.451    -72.268            0.053        11730.212      0.236      0.000      0.000    0.00000    0.17807          -89.97426       87.82859         3.373e-01         4.656e+02         1.020e+00 
  1804.338          11.443    -55.451    -72.268            0.052        11730.212      0.236      0.000      0.000    0.00000    0.17732          -89.97438       87.82470         3.401e-01         4.655e+02         1.020e+00 
  1805.338          11.391    -55.451    -72.268            0.052        11730.212      0.236      0.000      0.000    0.00000    0.17658          -89.97449       87.82083         3.429e-01         4.655e+02         1.020e+00 
  1806.338          11.339    -55.451    -72.268            0.052        11730.212      0.236      0.000      0.000    0.00000    0.17584          -89.97461       87.81700         3.457e-01         4.654e+02         1.019e+00 
  1807.338          11.287    -55.451    -72.268            0.052        11730.212      0.236      0.000      0.000    0.00000    0.17512          -89.97472       87.81319         3.486e-01         4.653e+02         1.019e+00 
  1808.338          11.236    -55.451    -72.268            0.051        11730.212      0.236      0.000      0.000    0.00000    0.17439          -89.97483       87.80940         3.514e-01         4.652e+02         1.019e+00 
  1809.338          11.184    -55.451    -72.268            0.051        11730.212      0.236      0.000      0.000    0.00000    0.17368          -89.97494       87.80564         3.542e-01         4.652e+02         1.019e+00 
  1810.338          11.133    -55.451    -72.268            0.051        11730.212      0.236      0.000      0.000    0.00000    0.17297          -89.97505       87.80191         3.571e-01         4.651e+02         1.019e+00 
  1811.338          11.082    -55.451    -72.268            0.051        11730.212      0.236      0.000      0.000    0.00000    0.17226          -89.97516       87.79820         3.599e-01         4.650e+02         1.018e+00 
  1812.338          11.032    -55.451    -72.268            0.051        11730.212      0.236      0.000      0.000    0.00000    0.17154          -89.97527       87.79453         3.627e-01         4.648e+02         1.018e+00 
  1813.338          10.981    -55.451    -72.268            0.050        11730.212      0.236      0.000      0.000    0.00000    0.17081          -89.97537       87.79090         3.654e-01         4.645e+02         1.017e+00 
  1814.338          10.931    -55.451    -72.268            0.050        11730.212      0.236      0.000      0.000    0.00000    0.17004          -89.97548       87.78737         3.677e-01         4.640e+02         1.016e+00 
  1815.338          10.881    -55.451    -72.268            0.050        11730.212      0.236      0.000      0.000    0.00000    0.16930          -89.97558       87.78398         3.701e-01         4.636e+02         1.015e+00 
  1816.338          10.831    -55.451    -72.268            0.050        11730.212      0.236      0.000      0.000    0.00000    0.16859          -89.97568       87.78077         3.724e-01         4.633e+02         1.015e+00 
  1817.338          10.781    -55.451    -72.268            0.050        11730.212      0.236      0.000      0.000    0.00000    0.16790          -89.97578       87.77775         3.748e-01         4.631e+02         1.014e+00 
  1818.338          10.731    -55.451    -72.268            0.050        11730.212      0.236      0.000      0.000    0.00000    0.16722          -89.97587       87.77492         3.771e-01         4.630e+02         1.014e+00 
  1819.338          10.682    -55.451    -72.268            0.049        11730.212      0.236      0.000      0.000    0.00000    0.16656          -89.97596       87.77226         3.795e-01         4.629e+02         1.014e+00 
  1820.338          10.633    -55.451    -72.268            0.049        11730.212      0.236      0.000      0.000    0.00000    0.16590          -89.97605       87.76977         3.819e-01         4.628e+02         1.014e+00 
  1821.338          10.583    -55.451    -72.268            0.049        11730.212      0.236      0.000      0.000    0.00000    0.16526          -89.97614       87.76742         3.842e-01         4.627e+02         1.013e+00 
  1822.338          10.534    -55.451    -72.268            0.049        11730.212      0.236      0.000      0.000    0.00000    0.16462          -89.97622       87.76520         3.866e-01         4.626e+02         1.013e+00 
  1823.338          10.486    -55.451    -72.268            0.049        11730.212      0.236      0.000      0.000    0.00000    0.16399          -89.97631       87.76310         3.890e-01         4.625e+02         1.013e+00 
  1824.338          10.437    -55.451    -72.268            0.049        11730.212      0.236      0.000      0.000    0.00000    0.16336          -89.97639       87.76111         3.914e-01         4.625e+02         1.013e+00 
  1825.338          10.388    -55.451    -72.268            0.048        11730.212      0.236      0.000      0.000    0.00000    0.16274          -89.97647       87.75920         3.937e-01         4.624e+02         1.013e+00 
  1826.338          10.340    -55.451    -72.268            0.048        11730.212      0.236      0.000      0.000    0.00000    0.16212          -89.97655       87.75738         3.961e-01         4.624e+02         1.013e+00 
  1827.338          10.292    -55.451    -72.268            0.048        11730.212      0.236      0.000      0.000    0.00000    0.16152          -89.97663       87.75563         3.985e-01         4.623e+02         1.013e+00 
  1828.338          10.244    -55.451    -72.268            0.048        11730.212      0.236      0.000      0.000    0.00000    0.16091          -89.97671       87.75394         4.009e-01         4.623e+02         1.013e+00 
  1829.338          10.196    -55.451    -72.268            0.048        11730.212      0.236      0.000      0.000    0.00000    0.16031          -89.97678       87.75232         4.033e-01         4.622e+02         1.012e+00 
  1830.338          10.148    -55.451    -72.268            0.048        11730.212      0.236      0.000      0.000    0.00000    0.15972          -89.97686       87.75074         4.057e-01         4.622e+02         1.012e+00 
  1831.338          10.100    -55.451    -72.268            0.048        11730.212      0.236      0.000      0.000    0.00000    0.15913          -89.97693       87.74922         4.081e-01         4.621e+02         1.012e+00 
  1832.338          10.053    -55.451    -72.268            0.047        11730.212      0.236      0.000      0.000    0.00000    0.15854          -89.97701       87.74774         4.105e-01         4.621e+02         1.012e+00 
  1833.338          10.006    -55.451    -72.268            0.047        11730.212      0.236      0.000      0.000    0.00000    0.15796          -89.97708       87.74630         4.129e-01         4.621e+02         1.012e+00 
  1834.338           9.958    -55.451    -72.268            0.047        11730.212      0.236      0.000      0.000    0.00000    0.15739          -89.97715       87.74491         4.153e-01         4.620e+02         1.012e+00 
  1835.338           9.911    -55.451    -72.268            0.047        11730.212      0.236      0.000      0.000    0.00000    0.15682          -89.97722       87.74355         4.178e-01         4.620e+02         1.012e+00 
  1836.338           9.864    -55.451    -72.268            0.047        11730.212      0.236      0.000      0.000    0.00000    0.15625          -89.97730       87.74222         4.202e-01         4.619e+02         1.012e+00 
  1837.338           9.817    -55.451    -72.268            0.047        11730.212      0.236      0.000      0.000    0.00000    0.15569          -89.97737       87.74093         4.226e-01         4.619e+02         1.012e+00 
  1838.338           9.771    -55.451    -72.268            0.047        11730.212      0.236      0.000      0.000    0.00000    0.15513          -89.97744       87.73967         4.250e-01         4.619e+02         1.012e+00 
  1839.338           9.724    -55.451    -72.268            0.046        11730.212      0.236      0.000      0.000    0.00000    0.15458          -89.97751       87.73844         4.275e-01         4.618e+02         1.012e+00 
  1840.338           9.678    -55.451    -72.268            0.046        11730.212      0.236      0.000      0.000    0.00000    0.15403          -89.97757       87.73723         4.299e-01         4.618e+02         1.011e+00 
  1841.338           9.632    -55.451    -72.268            0.046        11730.212      0.236      0.000      0.000    0.00000    0.15349          -89.97764       87.73606         4.324e-01         4.617e+02         1.011e+00 
  1842.338           9.585    -55.451    -72.268            0.046        11730.212      0.236      0.000      0.000    0.00000    0.15295          -89.97771       87.73492         4.348e-01         4.617e+02         1.011e+00 
  1843.338           9.539    -55.451    -72.268            0.046        11730.212      0.236      0.000      0.000    0.00000    0.15242          -89.97778       87.73380         4.372e-01         4.617e+02         1.011e+00 
  1844.338           9.494    -55.451    -72.268            0.046        11730.212      0.236      0.000      0.000    0.00000    0.15188          -89.97784       87.73272         4.397e-01         4.616e+02         1.011e+00 
  1845.338           9.448    -55.451    -72.268            0.046        11730.212      0.236      0.000      0.000    0.00000    0.15136          -89.97791       87.73166         4.422e-01         4.616e+02         1.011e+00 
  1846.338           9.402    -55.451    -72.268            0.046        11730.212      0.236      0.000      0.000    0.00000    0.15083          -89.97798       87.73062         4.446e-01         4.616e+02         1.011e+00 
  1847.338           9.357    -55.451    -72.268            0.045        11730.212      0.236      0.000      0.000    0.00000    0.15031          -89.97804       87.72961         4.471e-01         4.615e+02         1.011e+00 
  1848.338           9.311    -55.451    -72.268            0.045        11730.212      0.236      0.000      0.000    0.00000    0.14980          -89.97810       87.72863         4.495e-01         4.615e+02         1.011e+00 
  1849.338           9.266    -55.451    -72.268            0.045        11730.212      0.236      0.000      0.000    0.00000    0.14929          -89.97817       87.72767         4.520e-01         4.615e+02         1.011e+00 
  1850.338           9.221    -55.451    -72.268            0.045        11730.212      0.236      0.000      0.000    0.00000    0.14878          -89.97823       87.72674         4.545e-01         4.614e+02         1.011e+00 
  1851.338           9.176    -55.451    -72.268            0.045        11730.212      0.236      0.000      0.000    0.00000    0.14828          -89.97830       87.72583         4.570e-01         4.614e+02         1.011e+00 
  1852.338           9.131    -55.451    -72.268            0.045        11730.212      0.236      0.000      0.000    0.00000    0.14778          -89.97836       87.72495         4.594e-01         4.614e+02         1.011e+00 
  1853.338           9.086    -55.451    -72.268            0.045        11730.212      0.236      0.000      0.000    0.00000    0.14728          -89.97842       87.72409         4.619e-01         4.613e+02         1.010e+00 
  1854.338           9.042    -55.451    -72.268            0.045        11730.212      0.236      0.000      0.000    0.00000    0.14679          -89.97848       87.72326         4.644e-01         4.613e+02         1.010e+00 
  1855.338           8.997    -55.451    -72.268            0.044        11730.212      0.236      0.000      0.000    0.00000    0.14630          -89.97854       87.72245         4.669e-01         4.613e+02         1.010e+00 
  1856.338           8.953    -55.451    -72.268            0.044        11730.212      0.236      0.000      0.000    0.00000    0.14581          -89.97861       87.72166         4.694e-01         4.612e+02         1.010e+00 
  1857.338           8.909    -55.451    -72.268            0.044        11730.212      0.236      0.000      0.000    0.00000    0.14533          -89.97867       87.72090         4.719e-01         4.612e+02         1.010e+00 
  1858.338           8.865    -55.451    -72.268            0.044        11730.212      0.236      0.000      0.000    0.00000    0.14485          -89.97873       87.72016         4.744e-01         4.612e+02         1.010e+00 
  1859.338           8.821    -55.451    -72.268            0.044        11730.212      0.236      0.000      0.000    0.00000    0.14438          -89.97879       87.71945         4.769e-01         4.611e+02         1.010e+00 
  1860.338           8.777    -55.451    -72.268            0.044        11730.212      0.236      0.000      0.000    0.00000    0.14391          -89.97885       87.71875         4.794e-01         4.611e+02         1.010e+00 
  1861.338           8.733    -55.451    -72.268            0.044        11730.212      0.236      0.000      0.000    0.00000    0.14344          -89.97890       87.71809         4.819e-01         4.611e+02         1.010e+00 
  1862.338           8.689    -55.451    -72.268            0.044        11730.212      0.236      0.000      0.000    0.00000    0.14297          -89.97896       87.71744         4.844e-01         4.611e+02         1.010e+00 
  1863.338           8.646    -55.451    -72.268            0.044        11730.212      0.236      0.000      0.000    0.00000    0.14251          -89.97902       87.71682         4.869e-01         4.610e+02         1.010e+00 
  1864.338           8.602    -55.451    -72.268            0.043        11730.212      0.236      0.000      0.000    0.00000    0.14205          -89.97908       87.71622         4.895e-01         4.610e+02         1.010e+00 
  1865.338           8.559    -55.451    -72.268            0.043        11730.212      0.236      0.000      0.000    0.00000    0.14160          -89.97914       87.71565         4.920e-01         4.610e+02         1.010e+00 
  1866.338           8.516    -55.451    -72.268            0.043        11730.212      0.236      0.000      0.000    0.00000    0.14115          -89.97919       87.71509         4.945e-01         4.609e+02         1.010e+00 
  1867.338           8.473    -55.451    -72.268            0.043        11730.212      0.236      0.000      0.000    0.00000    0.14070          -89.97925       87.71456         4.971e-01         4.609e+02         1.010e+00 
  1868.338           8.430    -55.451    -72.268            0.043        11730.212      0.236      0.000      0.000    0.00000    0.14025          -89.97931       87.71405         4.996e-01         4.609e+02         1.009e+00 
  1869.338           8.387    -55.451    -72.268            0.043        11730.212      0.236      0.000      0.000    0.00000    0.13981          -89.97936       87.71357         5.021e-01         4.609e+02         1.009e+00 
  1870.338           8.344    -55.451    -72.268            0.043        11730.212      0.236      0.000      0.000    0.00000    0.13937          -89.97942       87.71310         5.047e-01         4.608e+02         1.009e+00 
  1871.338           8.301    -55.451    -72.268            0.043        11730.212      0.236      0.000      0.000    0.00000    0.13894          -89.97947       87.71266         5.072e-01         4.608e+02         1.009e+00 
  1872.338           8.259    -55.451    -72.268            0.043        11730.212      0.236      0.000      0.000    0.00000    0.13850          -89.97953       87.71224         5.098e-01         4.608e+02         1.009e+00 
  1873.338           8.216    -55.451    -72.268            0.042        11730.212      0.236      0.000      0.000    0.00000    0.13807          -89.97958       87.71184         5.123e-01         4.608e+02         1.009e+00 
  1874.338           8.174    -55.451    -72.268            0.042        11730.212      0.236      0.000      0.000    0.00000    0.13765          -89.97963       87.71147         5.149e-01         4.607e+02         1.009e+00 
  1875.338           8.132    -55.451    -72.268            0.042        11730.212      0.236      0.000      0.000    0.00000    0.13722          -89.97969       87.71111         5.174e-01         4.607e+02         1.009e+00 
  1876.338           8.089    -55.451    -72.268            0.042        11730.212      0.236      0.000      0.000    0.00000    0.13680          -89.97974       87.71078         5.200e-01         4.607e+02         1.009e+00 
  1877.338           8.047    -55.451    -72.268            0.042        11730.212      0.236      0.000      0.000    0.00000    0.13638          -89.97979       87.71047         5.226e-01         4.607e+02         1.009e+00 
  1878.338           8.006    -55.451    -72.268            0.042        11730.212      0.236      0.000      0.000    0.00000    0.13597          -89.97985       87.71017         5.251e-01         4.606e+02         1.009e+00 
  1879.338           7.964    -55.451    -72.268            0.042        11730.212      0.236      0.000      0.000    0.00000    0.13555          -89.97990       87.70990         5.277e-01         4.606e+02         1.009e+00 
  1880.338           7.922    -55.451    -72.268            0.042        11730.212      0.236      0.000      0.000    0.00000    0.13514          -89.97995       87.70966         5.303e-01         4.606e+02         1.009e+00 
  1881.338           7.880    -55.451    -72.268            0.042        11730.212      0.236      0.000      0.000    0.00000    0.13473          -89.98000       87.70943         5.328e-01         4.606e+02         1.009e+00 
  1882.338           7.839    -55.451    -72.268            0.041        11730.212      0.236      0.000      0.000    0.00000    0.13433          -89.98005       87.70922         5.354e-01         4.605e+02         1.009e+00 
  1883.338           7.797    -55.451    -72.268            0.041        11730.212      0.236      0.000      0.000    0.00000    0.13393          -89.98010       87.70903         5.380e-01         4.605e+02         1.009e+00 
  1884.338           7.756    -55.451    -72.268            0.041        11730.212      0.236      0.000      0.000    0.00000    0.13353          -89.98016       87.70887         5.406e-01         4.605e+02         1.009e+00 
  1885.338           7.715    -55.451    -72.268            0.041        11730.212      0.236      0.000      0.000    0.00000    0.13313          -89.98021       87.70872         5.432e-01         4.605e+02         1.009e+00 
  1886.338           7.674    -55.451    -72.268            0.041        11730.212      0.236      0.000      0.000    0.00000    0.13274          -89.98026       87.70860         5.458e-01         4.605e+02         1.009e+00 
  1887.338           7.633    -55.451    -72.268            0.041        11730.212      0.236      0.000      0.000    0.00000    0.13234          -89.98031       87.70849         5.484e-01         4.604e+02         1.008e+00 
  1888.338           7.592    -55.451    -72.268            0.041        11730.212      0.236      0.000      0.000    0.00000    0.13196          -89.98035       87.70841         5.510e-01         4.604e+02         1.008e+00 
  1889.338           7.551    -55.451    -72.268            0.041        11730.212      0.236      0.000      0.000    0.00000    0.13157          -89.98040       87.70835         5.536e-01         4.604e+02         1.008e+00 
  1890.338           7.510    -55.451    -72.268            0.041        11730.212      0.236      0.000      0.000    0.00000    0.13118          -89.98045       87.70830         5.562e-01         4.604e+02         1.008e+00 
  1891.338           7.470    -55.451    -72.268            0.041        11730.212      0.236      0.000      0.000    0.00000    0.13080          -89.98050       87.70828         5.588e-01         4.603e+02         1.008e+00 
  1892.338           7.429    -55.451    -72.268            0.040        11730.212      0.236      0.000      0.000    0.00000    0.13042          -89.98055       87.70827         5.614e-01         4.603e+02         1.008e+00 
  1893.338           7.389    -55.451    -72.268            0.040        11730.212      0.236      0.000      0.000    0.00000    0.13005          -89.98060       87.70829         5.640e-01         4.603e+02         1.008e+00 
  1894.338           7.348    -55.451    -72.268            0.040        11730.212      0.236      0.000      0.000    0.00000    0.12967          -89.98064       87.70832         5.667e-01         4.603e+02         1.008e+00 
  1895.338           7.308    -55.451    -72.268            0.040        11730.212      0.236      0.000      0.000    0.00000    0.12930          -89.98069       87.70838         5.693e-01         4.603e+02         1.008e+00 
  1896.338           7.268    -55.451    -72.268            0.040        11730.212      0.236      0.000      0.000    0.00000    0.12893          -89.98074       87.70845         5.719e-01         4.602e+02         1.008e+00 
  1897.338           7.228    -55.451    -72.268            0.040        11730.212      0.236      0.000      0.000    0.00000    0.12856          -89.98079       87.70855         5.745e-01         4.602e+02         1.008e+00 
  1898.338           7.188    -55.451    -72.268            0.040        11730.212      0.236      0.000      0.000    0.00000    0.12820          -89.98083       87.70866         5.772e-01         4.602e+02         1.008e+00 
  1899.338           7.148    -55.451    -72.268            0.040        11730.212      0.236      0.000      0.000    0.00000    0.12784          -89.98088       87.70879         5.798e-01         4.602e+02         1.008e+00 
  1900.338           7.108    -55.451    -72.268            0.040        11730.212      0.236      0.000      0.000    0.00000    0.12747          -89.98092       87.70894         5.825e-01         4.602e+02         1.008e+00 
  1901.338           7.069    -55.451    -72.268            0.040        11730.212      0.236      0.000      0.000    0.00000    0.12712          -89.98097       87.70911         5.851e-01         4.602e+02         1.008e+00 
  1902.338           7.029    -55.451    -72.268            0.040        11730.212      0.236      0.000      0.000    0.00000    0.12676          -89.98102       87.70930         5.877e-01         4.601e+02         1.008e+00 
  1903.338           6.989    -55.451    -72.268            0.039        11730.212      0.236      0.000      0.000    0.00000    0.12641          -89.98106       87.70951         5.904e-01         4.601e+02         1.008e+00 
  1904.338           6.950    -55.451    -72.268            0.039        11730.212      0.236      0.000      0.000    0.00000    0.12605          -89.98111       87.70973         5.930e-01         4.601e+02         1.008e+00 
  1905.338           6.911    -55.451    -72.268            0.039        11730.212      0.236      0.000      0.000    0.00000    0.12570          -89.98115       87.70998         5.957e-01         4.601e+02         1.008e+00 
  1906.338           6.871    -55.451    -72.268            0.039        11730.212      0.236      0.000      0.000    0.00000    0.12536          -89.98119       87.71024         5.984e-01         4.601e+02         1.008e+00 
  1907.338           6.832    -55.451    -72.268            0.039        11730.212      0.236      0.000      0.000    0.00000    0.12501          -89.98124       87.71053         6.010e-01         4.600e+02         1.008e+00 
  1908.338           6.793    -55.451    -72.268            0.039        11730.212      0.236      0.000      0.000    0.00000    0.12467          -89.98128       87.71083         6.037e-01         4.600e+02         1.008e+00 
  1909.338           6.754    -55.451    -72.268            0.039        11730.212      0.236      0.000      0.000    0.00000    0.12433          -89.98133       87.71115         6.063e-01         4.600e+02         1.008e+00 
  1910.338           6.715    -55.451    -72.268            0.039        11730.212      0.236      0.000      0.000    0.00000    0.12399          -89.98137       87.71148         6.090e-01         4.600e+02         1.008e+00 
  1911.338           6.677    -55.451    -72.268            0.039        11730.212      0.236      0.000      0.000    0.00000    0.12365          -89.98141       87.71184         6.117e-01         4.600e+02         1.008e+00 
  1912.338           6.638    -55.451    -72.268            0.039        11730.212      0.236      0.000      0.000    0.00000    0.12332          -89.98145       87.71221         6.144e-01         4.600e+02         1.007e+00 
  1913.338           6.599    -55.451    -72.268            0.039        11730.212      0.236      0.000      0.000    0.00000    0.12298          -89.98150       87.71260         6.171e-01         4.600e+02         1.007e+00 
  1914.338           6.561    -55.451    -72.268            0.039        11730.212      0.236      0.000      0.000    0.00000    0.12265          -89.98154       87.71301         6.197e-01         4.599e+02         1.007e+00 
  1915.338           6.522    -55.451    -72.268            0.038        11730.212      0.236      0.000      0.000    0.00000    0.12232          -89.98158       87.71344         6.224e-01         4.599e+02         1.007e+00 
  1916.338           6.484    -55.451    -72.268            0.038        11730.212      0.236      0.000      0.000    0.00000    0.12199          -89.98162       87.71389         6.251e-01         4.599e+02         1.007e+00 
  1917.338           6.445    -55.451    -72.268            0.038        11730.212      0.236      0.000      0.000    0.00000    0.12167          -89.98167       87.71435         6.278e-01         4.599e+02         1.007e+00 
  1918.338           6.407    -55.451    -72.268            0.038        11730.212      0.236      0.000      0.000    0.00000    0.12135          -89.98171       87.71483         6.305e-01         4.599e+02         1.007e+00 
  1919.338           6.369    -55.451    -72.268            0.038        11730.212      0.236      0.000      0.000    0.00000    0.12102          -89.98175       87.71533         6.332e-01         4.599e+02         1.007e+00 
  1920.338           6.331    -55.451    -72.268            0.038        11730.212      0.236      0.000      0.000    0.00000    0.12071          -89.98179       87.71584         6.359e-01         4.598e+02         1.007e+00 
  1921.338           6.293    -55.451    -72.268            0.038        11730.212      0.236      0.000      0.000    0.00000    0.12039          -89.98183       87.71638         6.386e-01         4.598e+02         1.007e+00 
  1922.338           6.255    -55.451    -72.268            0.038        11730.212      0.236      0.000      0.000    0.00000    0.12007          -89.98187       87.71693         6.413e-01         4.598e+02         1.007e+00 
  1923.338           6.217    -55.451    -72.268            0.038        11730.212      0.236      0.000      0.000    0.00000    0.11976          -89.98191       87.71749         6.440e-01         4.598e+02         1.007e+00 
  1924.338           6.180    -55.451    -72.268            0.038        11730.212      0.236      0.000      0.000    0.00000    0.11944          -89.98195       87.71808         6.467e-01         4.598e+02         1.007e+00 
  1925.338           6.142    -55.451    -72.268            0.038        11730.212      0.236      0.000      0.000    0.00000    0.11913          -89.98199       87.71868         6.495e-01         4.598e+02         1.007e+00 
  1926.338           6.104    -55.451    -72.268            0.038        11730.212      0.236      0.000      0.000    0.00000    0.11883          -89.98203       87.71930         6.522e-01         4.598e+02         1.007e+00 
  1927.338           6.067    -55.451    -72.268            0.037        11730.212      0.236      0.000      0.000    0.00000    0.11852          -89.98207       87.71994         6.549e-01         4.597e+02         1.007e+00 
  1928.338           6.029    -55.451    -72.268            0.037        11730.212      0.236      0.000      0.000    0.00000    0.11821          -89.98211       87.72059         6.576e-01         4.597e+02         1.007e+00 
  1929.338           5.992    -55.451    -72.268            0.037        11730.212      0.236      0.000      0.000    0.00000    0.11791          -89.98215       87.72126         6.603e-01         4.597e+02         1.007e+00 
  1930.338           5.955    -55.451    -72.268            0.037        11730.212      0.236      0.000      0.000    0.00000    0.11761          -89.98219       87.72195         6.631e-01         4.597e+02         1.007e+00 
  1931.338           5.918    -55.451    -72.268            0.037        11730.212      0.236      0.000      0.000    0.00000    0.11731          -89.98223       87.72265         6.658e-01         4.597e+02         1.007e+00 
  1932.338           5.881    -55.451    -72.268            0.037        11730.212      0.236      0.000      0.000    0.00000    0.11701          -89.98226       87.72337         6.686e-01         4.597e+02         1.007e+00 
  1933.338           5.843    -55.451    -72.268            0.037        11730.212      0.236      0.000      0.000    0.00000    0.11671          -89.98230       87.72411         6.713e-01         4.597e+02         1.007e+00 
  1934.338           5.807    -55.451    -72.268            0.037        11730.212      0.236      0.000      0.000    0.00000    0.11642          -89.98234       87.72486         6.740e-01         4.597e+02         1.007e+00 
  1935.338           5.770    -55.451    -72.268            0.037        11730.212      0.236      0.000      0.000    0.00000    0.11612          -89.98238       87.72563         6.768e-01         4.596e+02         1.007e+00 
  1936.338           5.733    -55.451    -72.268            0.037        11730.212      0.236      0.000      0.000    0.00000    0.11583          -89.98242       87.72642         6.795e-01         4.596e+02         1.007e+00 
  1937.338           5.696    -55.451    -72.268            0.037        11730.212      0.236      0.000      0.000    0.00000    0.11554          -89.98245       87.72722         6.823e-01         4.596e+02         1.007e+00 
  1938.338           5.659    -55.451    -72.268            0.037        11730.212      0.236      0.000      0.000    0.00000    0.11525          -89.98249       87.72804         6.850e-01         4.596e+02         1.007e+00 
  1939.338           5.623    -55.451    -72.268            0.037        11730.213      0.236      0.000      0.000    0.00000    0.11497          -89.98253       87.72887         6.878e-01         4.596e+02         1.007e+00 
  1940.338           5.586    -55.451    -72.268            0.036        11730.213      0.236      0.000      0.000    0.00000    0.11468          -89.98256       87.72972         6.906e-01         4.596e+02         1.007e+00 
  1941.338           5.550    -55.451    -72.268            0.036        11730.213      0.236      0.000      0.000    0.00000    0.11440          -89.98260       87.73059         6.933e-01         4.596e+02         1.007e+00 
  1942.338           5.514    -55.451    -72.268            0.036        11730.213      0.236      0.000      0.000    0.00000    0.11411          -89.98264       87.73147         6.961e-01         4.596e+02         1.007e+00 
  1943.338           5.477    -55.451    -72.268            0.036        11730.213      0.236      0.000      0.000    0.00000    0.11383          -89.98267       87.73237         6.989e-01         4.595e+02         1.007e+00 
  1944.338           5.441    -55.451    -72.268            0.036        11730.213      0.236      0.000      0.000    0.00000    0.11355          -89.98271       87.73328         7.016e-01         4.595e+02         1.007e+00 
  1945.338           5.405    -55.451    -72.268            0.036        11730.213      0.236      0.000      0.000    0.00000    0.11328          -89.98275       87.73422         7.044e-01         4.595e+02         1.007e+00 
  1946.338           5.369    -55.451    -72.268            0.036        11730.213      0.236      0.000      0.000    0.00000    0.11300          -89.98278       87.73516         7.072e-01         4.595e+02         1.006e+00 
  1947.338           5.333    -55.451    -72.268            0.036        11730.213      0.236      0.000      0.000    0.00000    0.11272          -89.98282       87.73612         7.100e-01         4.595e+02         1.006e+00 
  1948.338           5.297    -55.451    -72.268            0.036        11730.213      0.236      0.000      0.000    0.00000    0.11245          -89.98285       87.73710         7.128e-01         4.595e+02         1.006e+00 
  1949.338           5.261    -55.451    -72.268            0.036        11730.213      0.236      0.000      0.000    0.00000    0.11218          -89.98289       87.73809         7.155e-01         4.595e+02         1.006e+00 
  1950.338           5.225    -55.451    -72.268            0.036        11730.213      0.236      0.000      0.000    0.00000    0.11191          -89.98292       87.73910         7.183e-01         4.595e+02         1.006e+00 
  1951.338           5.189    -55.451    -72.268            0.036        11730.213      0.236      0.000      0.000    0.00000    0.11164          -89.98296       87.74013         7.211e-01         4.595e+02         1.006e+00 
  1952.338           5.154    -55.451    -72.268            0.036        11730.213      0.236      0.000      0.000    0.00000    0.11137          -89.98299       87.74117         7.239e-01         4.594e+02         1.006e+00 
  1953.338           5.118    -55.451    -72.268            0.036        11730.213      0.236      0.000      0.000    0.00000    0.11110          -89.98303       87.74222         7.267e-01         4.594e+02         1.006e+00 
  1954.338           5.083    -55.451    -72.268            0.035        11730.213      0.236      0.000      0.000    0.00000    0.11084          -89.98306       87.74329         7.295e-01         4.594e+02         1.006e+00 
  1955.338           5.047    -55.451    -72.268            0.035        11730.213      0.236      0.000      0.000    0.00000    0.11058          -89.98309       87.74438         7.323e-01         4.594e+02         1.006e+00 
  1956.338           5.012    -55.451    -72.268            0.035        11730.213      0.236      0.000      0.000    0.00000    0.11031          -89.98313       87.74548         7.351e-01         4.594e+02         1.006e+00 
  1957.338           4.977    -55.451    -72.268            0.035        11730.213      0.236      0.000      0.000    0.00000    0.11005          -89.98316       87.74659         7.379e-01         4.594e+02         1.006e+00 
  1958.338           4.941    -55.451    -72.268            0.035        11730.213      0.236      0.000      0.000    0.00000    0.10979          -89.98320       87.74772         7.408e-01         4.594e+02         1.006e+00 
  1959.338           4.906    -55.451    -72.268            0.035        11730.213      0.236      0.000      0.000    0.00000    0.10954          -89.98323       87.74887         7.436e-01         4.594e+02         1.006e+00 
  1960.338           4.871    -55.451    -72.268            0.035        11730.213      0.236      0.000      0.000    0.00000    0.10928          -89.98326       87.75003         7.464e-01         4.594e+02         1.006e+00 
  1961.338           4.836    -55.451    -72.268            0.035        11730.213      0.236      0.000      0.000    0.00000    0.10902          -89.98330       87.75121         7.492e-01         4.594e+02         1.006e+00 
  1962.338           4.801    -55.451    -72.268            0.035        11730.213      0.236      0.000      0.000    0.00000    0.10877          -89.98333       87.75240         7.520e-01         4.593e+02         1.006e+00 
  1963.338           4.766    -55.451    -72.268            0.035        11730.213      0.236      0.000      0.000    0.00000    0.10852          -89.98336       87.75360         7.549e-01         4.593e+02         1.006e+00 
  1964.338           4.731    -55.451    -72.268            0.035        11730.213      0.236      0.000      0.000    0.00000    0.10827          -89.98339       87.75482         7.577e-01         4.593e+02         1.006e+00 
  1965.338           4.697    -55.451    -72.268            0.035        11730.213      0.236      0.000      0.000    0.00000    0.10801          -89.98343       87.75606         7.605e-01         4.593e+02         1.006e+00 
  1966.338           4.662    -55.451    -72.268            0.035        11730.213      0.236      0.000      0.000    0.00000    0.10777          -89.98346       87.75731         7.634e-01         4.593e+02         1.006e+00 
  1967.338           4.627    -55.451    -72.268            0.035        11730.213      0.236      0.000      0.000    0.00000    0.10752          -89.98349       87.75857         7.662e-01         4.593e+02         1.006e+00 
  1968.338           4.593    -55.451    -72.268            0.035        11730.213      0.236      0.000      0.000    0.00000    0.10727          -89.98352       87.75985         7.690e-01         4.593e+02         1.006e+00 
  1969.338           4.558    -55.451    -72.268            0.034        11730.213      0.236      0.000      0.000    0.00000    0.10703          -89.98356       87.76114         7.719e-01         4.593e+02         1.006e+00 
  1970.338           4.524    -55.451    -72.268            0.034        11730.213      0.236      0.000      0.000    0.00000    0.10678          -89.98359       87.76245         7.747e-01         4.593e+02         1.006e+00 
  1971.338           4.489    -55.451    -72.268            0.034        11730.213      0.236      0.000      0.000    0.00000    0.10654          -89.98362       87.76377         7.776e-01         4.593e+02         1.006e+00 
  1972.338           4.455    -55.451    -72.268            0.034        11730.213      0.236      0.000      0.000    0.00000    0.10630          -89.98365       87.76511         7.804e-01         4.593e+02         1.006e+00 
  1973.338           4.421    -55.451    -72.268            0.034        11730.213      0.236      0.000      0.000    0.00000    0.10606          -89.98368       87.76646         7.833e-01         4.592e+02         1.006e+00 
  1974.338           4.386    -55.451    -72.268            0.034        11730.213      0.236      0.000      0.000    0.00000    0.10582          -89.98371       87.76782         7.861e-01         4.592e+02         1.006e+00 
  1975.338           4.352    -55.451    -72.268            0.034        11730.213      0.236      0.000      0.000    0.00000    0.10558          -89.98374       87.76920         7.890e-01         4.592e+02         1.006e+00 
  1976.338           4.318    -55.451    -72.268            0.034        11730.213      0.236      0.000      0.000    0.00000    0.10534          -89.98378       87.77059         7.919e-01         4.592e+02         1.006e+00 
  1977.338           4.284    -55.451    -72.268            0.034        11730.213      0.236      0.000      0.000    0.00000    0.10511          -89.98381       87.77200         7.947e-01         4.592e+02         1.006e+00 
  1978.338           4.250    -55.451    -72.268            0.034        11730.213      0.236      0.000      0.000    0.00000    0.10487          -89.98384       87.77342         7.976e-01         4.592e+02         1.006e+00 
  1979.338           4.216    -55.451    -72.268            0.034        11730.213      0.236      0.000      0.000    0.00000    0.10464          -89.98387       87.77486         8.005e-01         4.592e+02         1.006e+00 
  1980.338           4.182    -55.451    -72.268            0.034        11730.213      0.236      0.000      0.000    0.00000    0.10441          -89.98390       87.77631         8.033e-01         4.592e+02         1.006e+00 
  1981.338           4.149    -55.451    -72.268            0.034        11730.213      0.236      0.000      0.000    0.00000    0.10418          -89.98393       87.77777         8.062e-01         4.592e+02         1.006e+00 
  1982.338           4.115    -55.451    -72.268            0.034        11730.213      0.236      0.000      0.000    0.00000    0.10395          -89.98396       87.77925         8.091e-01         4.592e+02         1.006e+00 
  1983.338           4.081    -55.451    -72.268            0.034        11730.213      0.236      0.000      0.000    0.00000    0.10372          -89.98399       87.78074         8.120e-01         4.592e+02         1.006e+00 
  1984.338           4.048    -55.451    -72.268            0.034        11730.213      0.236      0.000      0.000    0.00000    0.10349          -89.98402       87.78224         8.149e-01         4.592e+02         1.006e+00 
  1985.338           4.014    -55.451    -72.268            0.034        11730.213      0.236      0.000      0.000    0.00000    0.10326          -89.98405       87.78376         8.178e-01         4.592e+02         1.006e+00 
  1986.338           3.981    -55.451    -72.268            0.033        11730.213      0.236      0.000      0.000    0.00000    0.10304          -89.98408       87.78529         8.206e-01         4.591e+02         1.006e+00 
  1987.338           3.947    -55.451    -72.268            0.033        11730.213      0.236      0.000      0.000    0.00000    0.10281          -89.98411       87.78683         8.235e-01         4.591e+02         1.006e+00 
  1988.338           3.914    -55.451    -72.268            0.033        11730.213      0.236      0.000      0.000    0.00000    0.10259          -89.98414       87.78839         8.264e-01         4.591e+02         1.006e+00 
  1989.338           3.881    -55.451    -72.268            0.033        11730.213      0.236      0.000      0.000    0.00000    0.10237          -89.98416       87.78997         8.293e-01         4.591e+02         1.006e+00 
  1990.338           3.847    -55.451    -72.268            0.033        11730.213      0.236      0.000      0.000    0.00000    0.10215          -89.98419       87.79155         8.322e-01         4.591e+02         1.006e+00 
  1991.338           3.814    -55.451    -72.268            0.033        11730.213      0.236      0.000      0.000    0.00000    0.10193          -89.98422       87.79315         8.351e-01         4.591e+02         1.006e+00 
  1992.338           3.781    -55.451    -72.268            0.033        11730.213      0.236      0.000      0.000    0.00000    0.10171          -89.98425       87.79476         8.380e-01         4.591e+02         1.006e+00 
  1993.338           3.748    -55.451    -72.268            0.033        11730.213      0.236      0.000      0.000    0.00000    0.10149          -89.98428       87.79639         8.410e-01         4.591e+02         1.006e+00 
  1994.338           3.715    -55.451    -72.268            0.033        11730.213      0.236      0.000      0.000    0.00000    0.10127          -89.98431       87.79803         8.439e-01         4.591e+02         1.006e+00 
  1995.338           3.682    -55.451    -72.268            0.033        11730.213      0.236      0.000      0.000    0.00000    0.10106          -89.98434       87.79968         8.468e-01         4.591e+02         1.006e+00 
  1996.338           3.649    -55.451    -72.268            0.033        11730.213      0.236      0.000      0.000    0.00000    0.10084          -89.98436       87.80135         8.497e-01         4.591e+02         1.006e+00 
  1997.338           3.616    -55.451    -72.268            0.033        11730.213      0.236      0.000      0.000    0.00000    0.10063          -89.98439       87.80303         8.526e-01         4.591e+02         1.006e+00 
  1998.338           3.584    -55.451    -72.268            0.033        11730.213      0.236      0.000      0.000    0.00000    0.10041          -89.98442       87.80472         8.555e-01         4.591e+02         1.006e+00 
  1999.338           3.551    -55.451    -72.268            0.033        11730.213      0.236      0.000      0.000    0.00000    0.10020          -89.98445       87.80642         8.585e-01         4.591e+02         1.005e+00 
  2000.338           3.518    -55.451    -72.268            0.033        11730.213      0.236      0.000      0.000    0.00000    0.09999          -89.98448       87.80814         8.614e-01         4.591e+02         1.005e+00 
  2001.338           3.486    -55.451    -72.268            0.033        11730.213      0.236      0.000      0.000    0.00000    0.09978          -89.98450       87.80987         8.643e-01         4.590e+02         1.005e+00 
  2002.338           3.453    -55.451    -72.268            0.033        11730.213      0.236      0.000      0.000    0.00000    0.09957          -89.98453       87.81162         8.673e-01         4.590e+02         1.005e+00 
  2003.338           3.421    -55.451    -72.268            0.032        11730.213      0.236      0.000      0.000    0.00000    0.09936          -89.98456       87.81337         8.702e-01         4.590e+02         1.005e+00 
  2004.338           3.388    -55.451    -72.268            0.032        11730.213      0.236      0.000      0.000    0.00000    0.09915          -89.98459       87.81514         8.731e-01         4.590e+02         1.005e+00 
  2005.338           3.356    -55.451    -72.268            0.032        11730.213      0.236      0.000      0.000    0.00000    0.09895          -89.98461       87.81693         8.761e-01         4.590e+02         1.005e+00 
  2006.338           3.323    -55.451    -72.268            0.032        11730.213      0.236      0.000      0.000    0.00000    0.09874          -89.98464       87.81872         8.790e-01         4.590e+02         1.005e+00 
  2007.338           3.291    -55.451    -72.268            0.032        11730.213      0.236      0.000      0.000    0.00000    0.09854          -89.98467       87.82053         8.820e-01         4.590e+02         1.005e+00 
  2008.338           3.259    -55.451    -72.268            0.032        11730.213      0.236      0.000      0.000    0.00000    0.09834          -89.98469       87.82235         8.849e-01         4.590e+02         1.005e+00 
  2009.338           3.227    -55.451    -72.268            0.032        11730.213      0.236      0.000      0.000    0.00000    0.09813          -89.98472       87.82418         8.879e-01         4.590e+02         1.005e+00 
  2010.338           3.195    -55.451    -72.268            0.032        11730.213      0.236      0.000      0.000    0.00000    0.09793          -89.98475       87.82603         8.908e-01         4.590e+02         1.005e+00 
  2011.338           3.162    -55.451    -72.268            0.032        11730.213      0.236      0.000      0.000    0.00000    0.09773          -89.98477       87.82789         8.938e-01         4.590e+02         1.005e+00 
  2012.338           3.130    -55.451    -72.268            0.032        11730.213      0.236      0.000      0.000    0.00000    0.09753          -89.98480       87.82976         8.967e-01         4.590e+02         1.005e+00 
  2013.338           3.099    -55.451    -72.268            0.032        11730.213      0.236      0.000      0.000    0.00000    0.09733          -89.98483       87.83165         8.997e-01         4.590e+02         1.005e+00 
  2014.338           3.067    -55.451    -72.268            0.032        11730.213      0.236      0.000      0.000    0.00000    0.09713          -89.98485       87.83354         9.027e-01         4.590e+02         1.005e+00 
  2015.338           3.035    -55.451    -72.268            0.032        11730.213      0.236      0.000      0.000    0.00000    0.09694          -89.98488       87.83545         9.056e-01         4.590e+02         1.005e+00 
  2016.338           3.003    -55.451    -72.268            0.032        11730.213      0.236      0.000      0.000    0.00000    0.09674          -89.98490       87.83737         9.086e-01         4.590e+02         1.005e+00 
  2017.338           2.971    -55.451    -72.268            0.032        11730.213      0.236      0.000      0.000    0.00000    0.09654          -89.98493       87.83931         9.116e-01         4.590e+02         1.005e+00 
  2018.338           2.939    -55.451    -72.268            0.032        11730.213      0.236      0.000      0.000    0.00000    0.09635          -89.98496       87.84125         9.146e-01         4.589e+02         1.005e+00 
  2019.338           2.908    -55.451    -72.268            0.032        11730.213      0.236      0.000      0.000    0.00000    0.09616          -89.98498       87.84321         9.175e-01         4.589e+02         1.005e+00 
  2020.338           2.876    -55.451    -72.268            0.032        11730.213      0.236      0.000      0.000    0.00000    0.09596          -89.98501       87.84518         9.205e-01         4.589e+02         1.005e+00 
  2021.338           2.845    -55.451    -72.268            0.032        11730.213      0.236      0.000      0.000    0.00000    0.09577          -89.98503       87.84716         9.235e-01         4.589e+02         1.005e+00 
  2022.338           2.813    -55.451    -72.268            0.031        11730.213      0.236      0.000      0.000    0.00000    0.09558          -89.98506       87.84916         9.265e-01         4.589e+02         1.005e+00 
  2023.338           2.782    -55.451    -72.268            0.031        11730.213      0.236      0.000      0.000    0.00000    0.09539          -89.98508       87.85117         9.295e-01         4.589e+02         1.005e+00 
  2024.338           2.750    -55.451    -72.268            0.031        11730.213      0.236      0.000      0.000    0.00000    0.09520          -89.98511       87.85319         9.325e-01         4.589e+02         1.005e+00 
  2025.338           2.719    -55.451    -72.268            0.031        11730.213      0.236      0.000      0.000    0.00000    0.09501          -89.98513       87.85522         9.355e-01         4.589e+02         1.005e+00 
  2026.338           2.688    -55.451    -72.268            0.031        11730.213      0.236      0.000      0.000    0.00000    0.09482          -89.98516       87.85726         9.384e-01         4.589e+02         1.005e+00 
  2027.338           2.656    -55.451    -72.268            0.031        11730.213      0.236      0.000      0.000    0.00000    0.09464          -89.98518       87.85932         9.414e-01         4.589e+02         1.005e+00 
  2028.338           2.625    -55.451    -72.268            0.031        11730.213      0.236      0.000      0.000    0.00000    0.09445          -89.98521       87.86138         9.444e-01         4.589e+02         1.005e+00 
  2029.338           2.594    -55.451    -72.268            0.031        11730.213      0.236      0.000      0.000    0.00000    0.09426          -89.98523       87.86346         9.475e-01         4.589e+02         1.005e+00 
  2030.338           2.563    -55.451    -72.268            0.031        11730.213      0.236      0.000      0.000    0.00000    0.09408          -89.98526       87.86555         9.505e-01         4.589e+02         1.005e+00 
  2031.338           2.532    -55.451    -72.268            0.031        11730.213      0.236      0.000      0.000    0.00000    0.09390          -89.98528       87.86766         9.535e-01         4.589e+02         1.005e+00 
  2032.338           2.501    -55.451    -72.268            0.031        11730.213      0.236      0.000      0.000    0.00000    0.09371          -89.98531       87.86977         9.565e-01         4.589e+02         1.005e+00 
  2033.338           2.470    -55.451    -72.268            0.031        11730.213      0.236      0.000      0.000    0.00000    0.09353          -89.98533       87.87190         9.595e-01         4.589e+02         1.005e+00 
  2034.338           2.439    -55.451    -72.268            0.031        11730.213      0.236      0.000      0.000    0.00000    0.09335          -89.98535       87.87404         9.625e-01         4.589e+02         1.005e+00 
  2035.338           2.408    -55.451    -72.268            0.031        11730.213      0.236      0.000      0.000    0.00000    0.09317          -89.98538       87.87619         9.655e-01         4.589e+02         1.005e+00 
  2036.338           2.378    -55.451    -72.268            0.031        11730.213      0.236      0.000      0.000    0.00000    0.09299          -89.98540       87.87835         9.685e-01         4.589e+02         1.005e+00 
  2037.338           2.347    -55.451    -72.268            0.031        11730.213      0.236      0.000      0.000    0.00000    0.09281          -89.98543       87.88052         9.716e-01         4.589e+02         1.005e+00 
  2038.338           2.316    -55.451    -72.268            0.031        11730.213      0.236      0.000      0.000    0.00000    0.09263          -89.98545       87.88271         9.746e-01         4.589e+02         1.005e+00 
  2039.338           2.285    -55.451    -72.268            0.031        11730.213      0.236      0.000      0.000    0.00000    0.09245          -89.98547       87.88491         9.776e-01         4.588e+02         1.005e+00 
  2040.338           2.255    -55.451    -72.268            0.031        11730.213      0.236      0.000      0.000    0.00000    0.09228          -89.98550       87.88711         9.807e-01         4.588e+02         1.005e+00 
  2041.338           2.224    -55.451    -72.268            0.031        11730.213      0.236      0.000      0.000    0.00000    0.09210          -89.98552       87.88934         9.837e-01         4.588e+02         1.005e+00 
  2042.338           2.194    -55.451    -72.268            0.030        11730.213      0.236      0.000      0.000    0.00000    0.09192          -89.98554       87.89157         9.867e-01         4.588e+02         1.005e+00 
  2043.338           2.163    -55.451    -72.268            0.030        11730.213      0.236      0.000      0.000    0.00000    0.09175          -89.98557       87.89381         9.898e-01         4.588e+02         1.005e+00 
  2044.338           2.133    -55.451    -72.268            0.030        11730.213      0.236      0.000      0.000    0.00000    0.09158          -89.98559       87.89606         9.928e-01         4.588e+02         1.005e+00 
  2045.338           2.102    -55.451    -72.268            0.030        11730.213      0.236      0.000      0.000    0.00000    0.09140          -89.98561       87.89833         9.958e-01         4.588e+02         1.005e+00 
  2046.338           2.072    -55.451    -72.268            0.030        11730.213      0.236      0.000      0.000    0.00000    0.09123          -89.98564       87.90061         9.989e-01         4.588e+02         1.005e+00 
  2047.338           2.042    -55.451    -72.268            0.030        11730.213      0.236      0.000      0.000    0.00000    0.09106          -89.98566       87.90290         1.002e+00         4.588e+02         1.005e+00 
  2048.338           2.012    -55.451    -72.268            0.030        11730.213      0.236      0.000      0.000    0.00000    0.09089          -89.98568       87.90520         1.005e+00         4.588e+02         1.005e+00 
  2049.338           1.981    -55.451    -72.268            0.030        11730.213      0.236      0.000      0.000    0.00000    0.09072          -89.98570       87.90751         1.008e+00         4.588e+02         1.005e+00 
  2050.338           1.951    -55.451    -72.268            0.030        11730.213      0.236      0.000      0.000    0.00000    0.09055          -89.98573       87.90983         1.011e+00         4.588e+02         1.005e+00 
  2051.338           1.921    -55.451    -72.268            0.030        11730.213      0.236      0.000      0.000    0.00000    0.09038          -89.98575       87.91216         1.014e+00         4.588e+02         1.005e+00 
  2052.338           1.891    -55.451    -72.268            0.030        11730.213      0.236      0.000      0.000    0.00000    0.09021          -89.98577       87.91451         1.017e+00         4.588e+02         1.005e+00 
  2053.338           1.861    -55.451    -72.268            0.030        11730.213      0.236      0.000      0.000    0.00000    0.09004          -89.98579       87.91686         1.020e+00         4.588e+02         1.005e+00 
  2054.338           1.831    -55.451    -72.268            0.030        11730.213      0.236      0.000      0.000    0.00000    0.08987          -89.98582       87.91923         1.023e+00         4.588e+02         1.005e+00 
  2055.338           1.801    -55.451    -72.268            0.030        11730.213      0.236      0.000      0.000    0.00000    0.08971          -89.98584       87.92161         1.026e+00         4.588e+02         1.005e+00 
  2056.338           1.771    -55.451    -72.268            0.030        11730.213      0.236      0.000      0.000    0.00000    0.08954          -89.98586       87.92400         1.029e+00         4.588e+02         1.005e+00 
  2057.338           1.742    -55.451    -72.268            0.030        11730.213      0.236      0.000      0.000    0.00000    0.08938          -89.98588       87.92640         1.033e+00         4.588e+02         1.005e+00 
  2058.338           1.712    -55.451    -72.268            0.030        11730.213      0.236      0.000      0.000    0.00000    0.08921          -89.98591       87.92881         1.036e+00         4.588e+02         1.005e+00 
  2059.338           1.682    -55.451    -72.268            0.030        11730.213      0.236      0.000      0.000    0.00000    0.08905          -89.98593       87.93123         1.039e+00         4.588e+02         1.005e+00 
  2060.338           1.652    -55.451    -72.268            0.030        11730.213      0.236      0.000      0.000    0.00000    0.08889          -89.98595       87.93366         1.042e+00         4.588e+02         1.005e+00 
  2061.338           1.623    -55.451    -72.268            0.030        11730.213      0.236      0.000      0.000    0.00000    0.08872          -89.98597       87.93611         1.045e+00         4.588e+02         1.005e+00 
  2062.338           1.593    -55.451    -72.268            0.030        11730.213      0.236      0.000      0.000    0.00000    0.08856          -89.98599       87.93856         1.048e+00         4.588e+02         1.005e+00 
  2063.338           1.564    -55.451    -72.268            0.030        11730.213      0.236      0.000      0.000    0.00000    0.08840          -89.98601       87.94103         1.051e+00         4.588e+02         1.005e+00 
  2064.338           1.534    -55.451    -72.268            0.029        11730.213      0.236      0.000      0.000    0.00000    0.08824          -89.98604       87.94351         1.054e+00         4.588e+02         1.005e+00 
  2065.338           1.505    -55.451    -72.268            0.029        11730.213      0.236      0.000      0.000    0.00000    0.08808          -89.98606       87.94599         1.057e+00         4.588e+02         1.005e+00 
  2066.338           1.475    -55.451    -72.268            0.029        11730.213      0.236      0.000      0.000    0.00000    0.08792          -89.98608       87.94849         1.060e+00         4.588e+02         1.005e+00 
  2067.338           1.446    -55.451    -72.268            0.029        11730.213      0.236      0.000      0.000    0.00000    0.08776          -89.98610       87.95100         1.063e+00         4.587e+02         1.005e+00 
  2068.338           1.416    -55.451    -72.268            0.029        11730.213      0.236      0.000      0.000    0.00000    0.08761          -89.98612       87.95352         1.067e+00         4.587e+02         1.005e+00 
  2069.338           1.387    -55.451    -72.268            0.029        11730.213      0.236      0.000      0.000    0.00000    0.08745          -89.98614       87.95605         1.070e+00         4.587e+02         1.005e+00 
  2070.338           1.358    -55.451    -72.268            0.029        11730.213      0.236      0.000      0.000    0.00000    0.08729          -89.98616       87.95859         1.073e+00         4.587e+02         1.005e+00 
  2071.338           1.329    -55.451    -72.268            0.029        11730.213      0.236      0.000      0.000    0.00000    0.08714          -89.98618       87.96114         1.076e+00         4.587e+02         1.005e+00 
  2072.338           1.299    -55.451    -72.268            0.029        11730.213      0.236      0.000      0.000    0.00000    0.08698          -89.98620       87.96371         1.079e+00         4.587e+02         1.005e+00 
  2073.338           1.270    -55.451    -72.268            0.029        11730.214      0.236      0.000      0.000    0.00000    0.08682          -89.98623       87.96628         1.082e+00         4.587e+02         1.005e+00 
  2074.338           1.241    -55.451    -72.268            0.029        11730.214      0.236      0.000      0.000    0.00000    0.08667          -89.98625       87.96886         1.085e+00         4.587e+02         1.005e+00 
  2075.338           1.212    -55.451    -72.268            0.029        11730.214      0.236      0.000      0.000    0.00000    0.08652          -89.98627       87.97146         1.088e+00         4.587e+02         1.005e+00 
  2076.338           1.183    -55.451    -72.268            0.029        11730.214      0.236      0.000      0.000    0.00000    0.08636          -89.98629       87.97406         1.091e+00         4.587e+02         1.005e+00 
  2077.338           1.154    -55.451    -72.268            0.029        11730.214      0.236      0.000      0.000    0.00000    0.08621          -89.98631       87.97667         1.095e+00         4.587e+02         1.005e+00 
  2078.338           1.125    -55.451    -72.268            0.029        11730.214      0.236      0.000      0.000    0.00000    0.08606          -89.98633       87.97930         1.098e+00         4.587e+02         1.005e+00 
  2079.338           1.096    -55.451    -72.268            0.029        11730.214      0.236      0.000      0.000    0.00000    0.08591          -89.98635       87.98193         1.101e+00         4.587e+02         1.005e+00 
  2080.338           1.068    -55.451    -72.268            0.029        11730.214      0.236      0.000      0.000    0.00000    0.08576          -89.98637       87.98458         1.104e+00         4.587e+02         1.005e+00 
  2081.338           1.039    -55.451    -72.268            0.029        11730.214      0.236      0.000      0.000    0.00000    0.08561          -89.98639       87.98724         1.107e+00         4.587e+02         1.005e+00 
  2082.338           1.010    -55.451    -72.268            0.029        11730.214      0.236      0.000      0.000    0.00000    0.08546          -89.98641       87.98990         1.110e+00         4.587e+02         1.005e+00 
  2083.338           0.981    -55.451    -72.268            0.029        11730.214      0.236      0.000      0.000    0.00000    0.08531          -89.98643       87.99258         1.113e+00         4.587e+02         1.005e+00 
  2084.338           0.953    -55.451    -72.268            0.029        11730.214      0.236      0.000      0.000    0.00000    0.08516          -89.98645       87.99527         1.116e+00         4.587e+02         1.005e+00 
  2085.338           0.924    -55.451    -72.268            0.029        11730.214      0.236      0.000      0.000    0.00000    0.08501          -89.98647       87.99797         1.120e+00         4.587e+02         1.005e+00 
  2086.338           0.895    -55.451    -72.268            0.029        11730.214      0.236      0.000      0.000    0.00000    0.08487          -89.98649       88.00067         1.123e+00         4.587e+02         1.005e+00 
  2087.338           0.867    -55.451    -72.268            0.029        11730.214      0.236      0.000      0.000    0.00000    0.08472          -89.98651       88.00339         1.126e+00         4.587e+02         1.005e+00 
  2088.338           0.838    -55.451    -72.268            0.029        11730.214      0.236      0.000      0.000    0.00000    0.08457          -89.98653       88.00612         1.129e+00         4.587e+02         1.005e+00 
  2089.338           0.810    -55.451    -72.268            0.028        11730.214      0.236      0.000      0.000    0.00000    0.08443          -89.98655       88.00886         1.132e+00         4.587e+02         1.005e+00 
  2090.338           0.781    -55.451    -72.268            0.028        11730.214      0.236      0.000      0.000    0.00000    0.08428          -89.98657       88.01161         1.135e+00         4.587e+02         1.005e+00 
  2091.338           0.753    -55.451    -72.268            0.028        11730.214      0.236      0.000      0.000    0.00000    0.08414          -89.98659       88.01436         1.138e+00         4.587e+02         1.005e+00 
  2092.338           0.725    -55.451    -72.268            0.028        11730.214      0.236      0.000      0.000    0.00000    0.08399          -89.98661       88.01713         1.142e+00         4.587e+02         1.005e+00 
  2093.338           0.696    -55.451    -72.268            0.028        11730.214      0.236      0.000      0.000    0.00000    0.08385          -89.98663       88.01991         1.145e+00         4.587e+02         1.005e+00 
  2094.338           0.668    -55.451    -72.268            0.028        11730.214      0.236      0.000      0.000    0.00000    0.08371          -89.98665       88.02270         1.148e+00         4.587e+02         1.005e+00 
  2095.338           0.640    -55.451    -72.268            0.028        11730.214      0.236      0.000      0.000    0.00000    0.08357          -89.98666       88.02550         1.151e+00         4.587e+02         1.005e+00 
  2096.338           0.611    -55.451    -72.268            0.028        11730.214      0.236      0.000      0.000    0.00000    0.08342          -89.98668       88.02831         1.154e+00         4.587e+02         1.005e+00 
  2097.338           0.583    -55.451    -72.268            0.028        11730.214      0.236      0.000      0.000    0.00000    0.08328          -89.98670       88.03113         1.157e+00         4.587e+02         1.005e+00 
  2098.338           0.555    -55.451    -72.268            0.028        11730.214      0.236      0.000      0.000    0.00000    0.08314          -89.98672       88.03395         1.161e+00         4.587e+02         1.005e+00 
  2099.338           0.527    -55.451    -72.268            0.028        11730.214      0.236      0.000      0.000    0.00000    0.08300          -89.98674       88.03679         1.164e+00         4.587e+02         1.005e+00 
  2100.338           0.499    -55.451    -72.268            0.028        11730.214      0.236      0.000      0.000    0.00000    0.08286          -89.98676       88.03964         1.167e+00         4.587e+02         1.005e+00 
  2101.338           0.471    -55.451    -72.268            0.028        11730.214      0.236      0.000      0.000    0.00000    0.08272          -89.98678       88.04250         1.170e+00         4.587e+02         1.005e+00 
  2102.338           0.443    -55.451    -72.268            0.028        11730.214      0.236      0.000      0.000    0.00000    0.08258          -89.98680       88.04537         1.173e+00         4.587e+02         1.005e+00 
  2103.338           0.415    -55.451    -72.268            0.028        11730.214      0.236      0.000      0.000    0.00000    0.08245          -89.98682       88.04825         1.177e+00         4.587e+02         1.005e+00 
  2104.338           0.387    -55.451    -72.268            0.028        11730.214      0.236      0.000      0.000    0.00000    0.08231          -89.98683       88.05113         1.180e+00         4.587e+02         1.005e+00 
  2105.338           0.359    -55.451    -72.268            0.028        11730.214      0.236      0.000      0.000    0.00000    0.08217          -89.98685       88.05403         1.183e+00         4.587e+02         1.005e+00 
  2106.338           0.332    -55.451    -72.268            0.028        11730.214      0.236      0.000      0.000    0.00000    0.08203          -89.98687       88.05694         1.186e+00         4.587e+02         1.005e+00 
  2107.338           0.304    -55.451    -72.268            0.028        11730.214      0.236      0.000      0.000    0.00000    0.08190          -89.98689       88.05985         1.189e+00         4.587e+02         1.005e+00 
  2108.338           0.276    -55.451    -72.268            0.028        11730.214      0.236      0.000      0.000    0.00000    0.08176          -89.98691       88.06278         1.192e+00         4.587e+02         1.005e+00 
  2109.338           0.248    -55.451    -72.268            0.028        11730.214      0.236      0.000      0.000    0.00000    0.08163          -89.98693       88.06572         1.196e+00         4.587e+02         1.005e+00 
  2110.338           0.221    -55.451    -72.268            0.028        11730.214      0.236      0.000      0.000    0.00000    0.08149          -89.98694       88.06866         1.199e+00         4.586e+02         1.005e+00 
  2111.338           0.193    -55.451    -72.268            0.028        11730.214      0.236      0.000      0.000    0.00000    0.08136          -89.98696       88.07162         1.202e+00         4.586e+02         1.005e+00 
  2112.338           0.165    -55.451    -72.268            0.028        11730.214      0.236      0.000      0.000    0.00000    0.08122          -89.98698       88.07458         1.205e+00         4.586e+02         1.005e+00 
  2113.338           0.138    -55.451    -72.268            0.028        11730.214      0.236      0.000      0.000    0.00000    0.08109          -89.98700       88.07756         1.208e+00         4.586e+02         1.005e+00 
  2114.338           0.110    -55.451    -72.268            0.028        11730.214      0.236      0.000      0.000    0.00000    0.08096          -89.98702       88.08054         1.212e+00         4.586e+02         1.005e+00 
  2115.338           0.083    -55.451    -72.268            0.027        11730.214      0.236      0.000      0.000    0.00000    0.08083          -89.98704       88.08353         1.215e+00         4.586e+02         1.005e+00 
  2116.338           0.055    -55.451    -72.268            0.027        11730.214      0.236      0.000      0.000    0.00000    0.08069          -89.98705       88.08654         1.218e+00         4.586e+02         1.005e+00 
  2117.338           0.028    -55.451    -72.268            0.027        11730.214      0.236      0.000      0.000    0.00000    0.08056          -89.98707       88.08955         1.221e+00         4.586e+02         1.005e+00 
  2118.338           0.001    -55.451    -72.268            0.027        11730.214      0.236      0.000      0.000    0.00000    0.08043          -89.98709       88.09257         1.225e+00         4.586e+02         1.005e+00 
  2119.338           0.000    -55.451    -72.268            0.027        11730.214      0.236      0.000      0.000    0.00000    0.08035          -89.98711       88.09568         1.225e+00         4.579e+02         1.003e+00 
