#_______________________________________________________________________________
#    ######   ####     ##             #####   #####     ##    #    #    ## 
#    #       #        #  #            #    #  #    #   #  #   ##  ##   #  #
#    #####    ####   ######           #    #  #####   ######  # ## #  ######
#    #            #  #    #           #    #  #    #  #    #  #    #  #    #
#____######__#####___#____#___________#####___#____#__#____#__#____#__#____#____
#
#              ESA Debris Risk Assessment and Mitigation Analysis
#
#                      ---- DRAMA ( SESAM 2.3.0 ) ----
#                                      ESA 2018
#
#                              aerothermal history file
#-------------------------------------------------------------------------------
# Filename      : PySara.OBC.4a9aeba4-5db7-410e-87ac-ff00eb69a367_AeroThermalHistory.txt
# RunID         : PySara
# ObjectID      : 4a9aeba4-5db7-410e-87ac-ff00eb69a367
# ObjectName    : OBC
# ReferenceArea : 0.0081 [m^2]
# Content       : This file contains the aerothermal data of the object,
#                 computed by the DRAMA 3 Re-entry Analysis.
# Documentation : DRAMA Software User Manual, section OPERATIONS MANUAL / Normal operation / SARA / SARA Simulation Output / Re-entry simulation output
# Note          : The convective heat and the integrated heat values in this file take into account the visibility factor
#
#------------------------------------------------------------------------------------------------------------------------------------------------------------------------------------
# Time [s]   Altitude [km]   Temp [K]   Mass [kg]  Thick [mm]  Convective Heat [W]  Radiative Heat [W]  Oxidation Heat [W]  Rad Cooling [W]  Integrated Heat [J] VisibilityFactor [-]
#------------------------------------------------------------------------------------------------------------------------------------------------------------------------------------
  1370.750          90.959    300.000       0.094       2.122              740.518               0.000               0.000           -7.996                0.000              1.00000 
  1370.850          90.949    300.746       0.094       2.122              741.834               0.000               0.000           -7.996               74.183              1.00000 
  1371.300          90.903    304.130       0.094       2.122              748.107               0.000               0.000           -8.076              410.832              1.00000 
  1372.300          90.803    311.798       0.094       2.122              762.975               0.000               0.000           -8.446             1173.806              1.00000 
  1373.300          90.701    319.630       0.094       2.122              779.983               0.000               0.000           -9.330             1953.789              1.00000 
  1374.300          90.599    327.629       0.094       2.122              797.370               0.000               0.000          -10.304             2751.159              1.00000 
  1375.300          90.497    335.797       0.094       2.122              815.147               0.000               0.000          -11.375             3566.307              1.00000 
  1376.300          90.393    344.138       0.094       2.122              833.324               0.000               0.000          -12.552             4399.631              1.00000 
  1377.300          90.290    352.655       0.094       2.122              851.912               0.000               0.000          -13.847             5251.543              1.00000 
  1378.300          90.185    361.351       0.094       2.122              870.920               0.000               0.000          -15.269             6122.463              1.00000 
  1379.300          90.080    370.229       0.094       2.122              890.360               0.000               0.000          -16.832             7012.824              1.00000 
  1380.300          89.974    379.291       0.094       2.122              910.244               0.000               0.000          -18.548             7923.068              1.00000 
  1381.300          89.868    388.540       0.094       2.122              930.583               0.000               0.000          -20.431             8853.650              1.00000 
  1382.300          89.761    397.980       0.094       2.122              951.388               0.000               0.000          -22.499             9805.038              1.00000 
  1383.300          89.653    407.613       0.094       2.122              972.672               0.000               0.000          -24.766            10777.710              1.00000 
  1384.300          89.545    417.443       0.094       2.122              994.447               0.000               0.000          -27.252            11772.157              1.00000 
  1385.300          89.435    427.471       0.094       2.122             1016.725               0.000               0.000          -29.978            12788.881              1.00000 
  1386.300          89.325    437.700       0.094       2.122             1039.519               0.000               0.000          -32.964            13828.400              1.00000 
  1387.300          89.214    448.133       0.094       2.122             1062.842               0.000               0.000          -36.234            14891.243              1.00000 
  1388.300          89.103    458.772       0.094       2.122             1086.708               0.000               0.000          -39.814            15977.950              1.00000 
  1389.300          88.990    469.620       0.094       2.122             1111.128               0.000               0.000          -43.732            17089.078              1.00000 
  1390.300          88.877    480.678       0.094       2.122             1136.117               0.000               0.000          -48.017            18225.195              1.00000 
  1391.300          88.762    491.948       0.094       2.122             1161.688               0.000               0.000          -52.702            19386.884              1.00000 
  1392.300          88.647    503.432       0.094       2.122             1187.855               0.000               0.000          -57.821            20574.739              1.00000 
  1393.300          88.531    515.132       0.094       2.122             1214.631               0.000               0.000          -63.413            21789.370              1.00000 
  1394.300          88.414    527.048       0.094       2.122             1242.029               0.000               0.000          -69.516            23031.399              1.00000 
  1395.300          88.296    539.181       0.094       2.122             1270.064               0.000               0.000          -76.175            24301.463              1.00000 
  1396.300          88.177    551.532       0.094       2.122             1298.748               0.000               0.000          -83.435            25600.211              1.00000 
  1397.300          88.057    564.100       0.094       2.122             1328.097               0.000               0.000          -91.347            26928.308              1.00000 
  1398.300          87.936    576.887       0.094       2.122             1358.122               0.000               0.000          -99.962            28286.430              1.00000 
  1399.300          87.814    589.890       0.094       2.122             1388.838               0.000               0.000         -109.338            29675.268              1.00000 
  1400.300          87.691    603.109       0.094       2.122             1420.259               0.000               0.000         -119.535            31095.527              1.00000 
  1401.300          87.567    616.542       0.094       2.122             1452.399               0.000               0.000         -130.615            32547.926              1.00000 
  1402.300          87.441    630.186       0.094       2.122             1485.270               0.000               0.000         -142.646            34033.196              1.00000 
  1403.300          87.315    644.040       0.094       2.122             1518.887               0.000               0.000         -155.699            35552.083              1.00000 
  1404.300          87.187    658.099       0.094       2.122             1553.265               0.000               0.000         -169.849            37105.348              1.00000 
  1405.300          87.058    672.360       0.094       2.122             1588.418               0.000               0.000         -185.172            38693.766              1.00000 
  1406.300          86.928    686.817       0.094       2.122             1624.362               0.000               0.000         -201.752            40318.128              1.00000 
  1407.300          86.797    701.466       0.094       2.122             1661.112               0.000               0.000         -219.673            41979.240              1.00000 
  1408.300          86.665    716.300       0.094       2.122             1698.686               0.000               0.000         -239.022            43677.926              1.00000 
  1409.300          86.531    731.313       0.094       2.122             1737.104               0.000               0.000         -259.891            45415.030              1.00000 
  1410.300          86.396    746.496       0.094       2.122             1776.384               0.000               0.000         -282.373            47191.414              1.00000 
  1411.300          86.260    761.842       0.094       2.122             1816.552               0.000               0.000         -306.564            49007.967              1.00000 
  1412.300          86.122    777.340       0.094       2.122             1857.634               0.000               0.000         -332.560            50865.601              1.00000 
  1413.300          85.983    792.983       0.094       2.122             1899.654               0.000               0.000         -360.459            52765.255              1.00000 
  1414.300          85.843    808.725       0.094       2.122             1939.344               0.000               0.000         -390.360            54704.600              1.00000 
  1415.300          85.701    824.555       0.094       2.122             1979.950               0.000               0.000         -422.293            56684.550              1.00000 
  1416.300          85.558    840.459       0.094       2.122             2021.279               0.000               0.000         -456.340            58705.829              1.00000 
  1417.300          85.413    856.422       0.094       2.122             2063.334               0.000               0.000         -492.579            60769.163              1.00000 
  1418.300          85.267    872.428       0.094       2.122             2106.118               0.000               0.000         -531.082            62875.282              1.00000 
  1419.300          85.119    888.462       0.094       2.122             2149.626               0.000               0.000         -571.913            65024.907              1.00000 
  1420.300          84.970    904.506       0.094       2.122             2193.863               0.000               0.000         -615.129            67218.771              1.00000 
  1421.300          84.819    920.543       0.094       2.122             2238.820               0.000               0.000         -660.780            69457.591              1.00000 
  1422.300          84.667    936.556       0.094       2.122             2284.503               0.000               0.000         -708.905            71742.094              1.00000 
  1423.300          84.513    952.525       0.094       2.122             2330.898               0.000               0.000         -759.530            74072.992              1.00000 
  1424.300          84.358    968.433       0.094       2.122             2378.007               0.000               0.000         -812.674            76450.999              1.00000 
  1425.300          84.201    984.261       0.094       2.122             2425.820               0.000               0.000         -868.339            78876.819              1.00000 
  1426.300          84.042    999.991       0.094       2.122             2474.329               0.000               0.000         -926.514            81351.148              1.00000 
  1427.300          83.881   1015.605       0.094       2.122             2523.530               0.000               0.000         -987.178            83874.678              1.00000 
  1428.300          83.719   1031.083       0.094       2.122             2573.400               0.000               0.000        -1050.290            86448.078              1.00000 
  1429.300          83.555   1046.410       0.094       2.122             2623.939               0.000               0.000        -1115.799            89072.018              1.00000 
  1430.300          83.389   1061.568       0.094       2.122             2675.130               0.000               0.000        -1183.637            91747.148              1.00000 
  1431.300          83.222   1076.540       0.094       2.122             2726.951               0.000               0.000        -1253.723            94474.099              1.00000 
  1432.300          83.052   1091.311       0.094       2.122             2779.394               0.000               0.000        -1325.962            97253.494              1.00000 
  1433.300          82.881   1105.865       0.094       2.122             2832.439               0.000               0.000        -1400.245           100085.933              1.00000 
  1434.300          82.708   1120.191       0.094       2.122             2886.054               0.000               0.000        -1476.454           102971.987              1.00000 
  1435.300          82.533   1134.274       0.094       2.122             2940.227               0.000               0.000        -1554.457           105912.214              1.00000 
  1436.300          82.356   1148.103       0.094       2.122             2994.933               0.000               0.000        -1634.115           108907.147              1.00000 
  1437.300          82.177   1161.669       0.094       2.122             3050.143               0.000               0.000        -1715.280           111957.290              1.00000 
  1438.300          81.996   1174.962       0.094       2.122             3105.821               0.000               0.000        -1797.798           115063.111              1.00000 
  1439.300          81.813   1187.975       0.094       2.122             3161.941               0.000               0.000        -1881.510           118225.053              1.00000 
  1440.300          81.628   1200.701       0.094       2.122             3218.470               0.000               0.000        -1966.255           121443.523              1.00000 
  1441.300          81.442   1213.135       0.094       2.122             3275.370               0.000               0.000        -2051.871           124718.893              1.00000 
  1442.300          81.253   1225.273       0.094       2.122             3332.600               0.000               0.000        -2138.194           128051.492              1.00000 
  1443.300          81.062   1237.113       0.094       2.122             3390.116               0.000               0.000        -2225.064           131441.608              1.00000 
  1444.300          80.868   1248.653       0.094       2.122             3447.872               0.000               0.000        -2312.324           134889.480              1.00000 
  1445.300          80.673   1259.893       0.094       2.122             3505.818               0.000               0.000        -2399.819           138395.298              1.00000 
  1446.300          80.475   1270.833       0.094       2.122             3563.899               0.000               0.000        -2487.402           141959.197              1.00000 
  1447.300          80.276   1281.475       0.094       2.122             3622.058               0.000               0.000        -2574.930           145581.255              1.00000 
  1448.300          80.074   1291.820       0.094       2.122             3680.235               0.000               0.000        -2662.266           149261.490              1.00000 
  1449.300          79.870   1301.872       0.094       2.122             3738.363               0.000               0.000        -2749.282           152999.853              1.00000 
  1450.300          79.663   1311.634       0.094       2.122             3796.373               0.000               0.000        -2835.856           156796.225              1.00000 
  1451.300          79.455   1321.108       0.094       2.122             3854.192               0.000               0.000        -2921.870           160650.417              1.00000 
  1452.300          79.244   1330.301       0.094       2.122             3911.741               0.000               0.000        -3007.216           164562.158              1.00000 
  1453.300          79.030   1339.215       0.094       2.122             3968.938               0.000               0.000        -3091.792           168531.096              1.00000 
  1454.300          78.815   1347.855       0.094       2.122             4025.695               0.000               0.000        -3175.499           172556.791              1.00000 
  1455.300          78.597   1356.226       0.094       2.122             4081.920               0.000               0.000        -3258.246           176638.711              1.00000 
  1456.300          78.376   1364.331       0.094       2.122             4137.516               0.000               0.000        -3339.943           180776.227              1.00000 
  1457.300          78.153   1372.176       0.094       2.122             4192.372               0.000               0.000        -3420.506           184968.600              1.00000 
  1458.300          77.928   1379.763       0.094       2.122             4246.388               0.000               0.000        -3499.852           189214.987              1.00000 
  1459.300          77.700   1387.095       0.094       2.122             4299.451               0.000               0.000        -3577.900           193514.438              1.00000 
  1460.300          77.470   1394.178       0.094       2.122             4351.445               0.000               0.000        -3654.569           197865.884              1.00000 
  1461.300          77.238   1401.012       0.094       2.122             4402.235               0.000               0.000        -3729.779           202268.119              1.00000 
  1462.300          77.002   1407.600       0.094       2.122             4451.705               0.000               0.000        -3803.449           206719.824              1.00000 
  1463.300          76.765   1413.943       0.094       2.122             4499.723               0.000               0.000        -3875.496           211219.546              1.00000 
  1464.300          76.525   1420.044       0.094       2.122             4546.139               0.000               0.000        -3945.834           215765.685              1.00000 
  1465.300          76.282   1425.902       0.094       2.122             4590.827               0.000               0.000        -4014.376           220356.512              1.00000 
  1466.300          76.037   1431.518       0.094       2.122             4633.629               0.000               0.000        -4081.031           224990.141              1.00000 
  1467.300          75.789   1436.891       0.094       2.122             4674.406               0.000               0.000        -4145.704           229664.547              1.00000 
  1468.300          75.539   1442.020       0.094       2.122             4712.999               0.000               0.000        -4208.297           234377.546              1.00000 
  1469.300          75.286   1446.904       0.094       2.122             4749.258               0.000               0.000        -4268.707           239126.804              1.00000 
  1470.300          75.030   1451.540       0.094       2.122             4783.022               0.000               0.000        -4326.829           243909.826              1.00000 
  1471.300          74.772   1455.926       0.094       2.122             4814.141               0.000               0.000        -4382.552           248723.967              1.00000 
  1472.300          74.512   1460.059       0.094       2.122             4842.444               0.000               0.000        -4435.763           253566.411              1.00000 
  1473.300          74.248   1463.936       0.094       2.122             4867.786               0.000               0.000        -4486.346           258434.197              1.00000 
  1474.300          73.983   1467.552       0.094       2.122             4890.004               0.000               0.000        -4534.181           263324.201              1.00000 
  1475.300          73.714   1470.903       0.094       2.122             4908.941               0.000               0.000        -4579.147           268233.142              1.00000 
  1476.300          73.443   1473.000       0.094       2.119             4924.454               0.000               0.000        -4621.122           273157.596              1.00000 
  1477.300          73.170   1473.000       0.094       2.110             4936.254               0.000               0.000        -4647.526           278093.851              1.00000 
  1478.300          72.894   1473.000       0.093       2.101             4943.941               0.000               0.000        -4647.526           283037.792              1.00000 
  1479.300          72.615   1473.000       0.093       2.092             4947.349               0.000               0.000        -4647.526           287985.140              1.00000 
  1480.300          72.334   1473.000       0.092       2.082             4946.302               0.000               0.000        -4647.526           292931.442              1.00000 
  1481.300          72.051   1473.000       0.092       2.073             4940.641               0.000               0.000        -4647.526           297872.083              1.00000 
  1482.300          71.765   1473.000       0.092       2.065             4930.206               0.000               0.000        -4647.526           302802.289              1.00000 
  1483.300          71.477   1473.000       0.091       2.057             4911.856               0.000               0.000        -4647.526           307714.145              1.00000 
  1484.300          71.186   1473.000       0.091       2.049             4888.517               0.000               0.000        -4647.526           312602.662              1.00000 
  1485.300          70.894   1473.000       0.091       2.043             4860.098               0.000               0.000        -4647.526           317462.760              1.00000 
  1486.300          70.598   1473.000       0.091       2.038             4826.532               0.000               0.000        -4647.526           322289.292              1.00000 
  1487.300          70.301   1473.000       0.090       2.033             4787.786               0.000               0.000        -4647.526           327077.078              1.00000 
  1488.300          70.001   1473.000       0.090       2.030             4743.867               0.000               0.000        -4647.526           331820.945              1.00000 
  1489.300          69.700   1473.000       0.090       2.029             4694.821               0.000               0.000        -4647.526           336515.766              1.00000 
  1490.300          69.396   1472.928       0.090       2.029             4640.737               0.000               0.000        -4647.526           341156.503              1.00000 
  1491.300          69.090   1472.241       0.090       2.029             4581.746               0.000               0.000        -4646.618           345738.249              1.00000 
  1492.300          68.782   1470.971       0.090       2.029             4518.011               0.000               0.000        -4637.955           350256.260              1.00000 
  1493.300          68.472   1469.146       0.090       2.029             4449.617               0.000               0.000        -4621.969           354705.877              1.00000 
  1494.300          68.160   1466.790       0.090       2.029             4376.682               0.000               0.000        -4599.071           359082.559              1.00000 
  1495.300          67.846   1463.928       0.090       2.029             4299.345               0.000               0.000        -4569.650           363381.904              1.00000 
  1496.300          67.531   1460.578       0.090       2.029             4217.794               0.000               0.000        -4534.081           367599.698              1.00000 
  1497.300          67.214   1456.760       0.090       2.029             4132.246               0.000               0.000        -4492.726           371731.944              1.00000 
  1498.300          66.895   1452.493       0.090       2.029             4042.956               0.000               0.000        -4445.937           375774.900              1.00000 
  1499.300          66.574   1447.792       0.090       2.029             3950.224               0.000               0.000        -4394.066           379725.123              1.00000 
  1500.300          66.252   1442.676       0.090       2.029             3854.390               0.000               0.000        -4337.462           383579.513              1.00000 
  1501.300          65.929   1437.143       0.090       2.029             3753.981               0.000               0.000        -4276.479           387333.494              1.00000 
  1502.300          65.604   1430.824       0.090       2.029             3614.638               0.000               0.000        -4211.244           390948.132              1.00000 
  1503.300          65.278   1423.814       0.090       2.029             3475.695               0.000               0.000        -4137.673           394423.827              1.00000 
  1504.300          64.950   1416.195       0.090       2.029             3337.728               0.000               0.000        -4057.174           397761.555              1.00000 
  1505.300          64.622   1408.043       0.090       2.029             3201.334               0.000               0.000        -3971.024           400962.889              1.00000 
  1506.300          64.292   1399.430       0.090       2.029             3067.124               0.000               0.000        -3880.384           404030.013              1.00000 
  1507.300          63.961   1390.422       0.090       2.029             2935.673               0.000               0.000        -3786.309           406965.687              1.00000 
  1508.300          63.630   1381.078       0.090       2.029             2807.482               0.000               0.000        -3689.751           409773.169              1.00000 
  1509.300          63.297   1371.456       0.090       2.029             2682.949               0.000               0.000        -3591.566           412456.117              1.00000 
  1510.300          62.964   1361.604       0.090       2.029             2562.294               0.000               0.000        -3492.511           415018.412              1.00000 
  1511.300          62.630   1351.567       0.090       2.029             2445.529               0.000               0.000        -3393.238           417463.941              1.00000 
  1512.300          62.296   1341.381       0.090       2.029             2332.454               0.000               0.000        -3294.289           419796.394              1.00000 
  1513.300          61.961   1331.072       0.090       2.029             2222.668               0.000               0.000        -3196.095           422019.062              1.00000 
  1514.300          61.626   1320.658       0.090       2.029             2115.639               0.000               0.000        -3098.969           424134.701              1.00000 
  1515.300          61.290   1310.149       0.090       2.029             2010.812               0.000               0.000        -3003.120           426145.513              1.00000 
  1516.300          60.954   1299.549       0.090       2.029             1907.693               0.000               0.000        -2908.667           428053.206              1.00000 
  1517.300          60.618   1288.855       0.090       2.029             1805.941               0.000               0.000        -2815.664           429859.147              1.00000 
  1518.300          60.282   1278.067       0.090       2.029             1705.411               0.000               0.000        -2724.127           431564.558              1.00000 
  1519.300          59.946   1267.181       0.090       2.029             1606.148               0.000               0.000        -2634.054           433170.706              1.00000 
  1520.300          59.611   1256.197       0.090       2.029             1508.358               0.000               0.000        -2545.451           434679.064              1.00000 
  1521.300          59.275   1245.120       0.090       2.029             1412.356               0.000               0.000        -2458.341           436091.420              1.00000 
  1522.300          58.939   1233.955       0.090       2.029             1318.509               0.000               0.000        -2372.769           437409.929              1.00000 
  1523.300          58.604   1222.712       0.090       2.029             1227.194               0.000               0.000        -2288.800           438637.122              1.00000 
  1524.300          58.270   1211.404       0.090       2.029             1138.763               0.000               0.000        -2206.517           439775.885              1.00000 
  1525.300          57.935   1200.046       0.090       2.029             1053.520               0.000               0.000        -2126.017           440829.405              1.00000 
  1526.300          57.601   1188.654       0.090       2.029              971.712               0.000               0.000        -2047.396           441801.117              1.00000 
  1527.300          57.268   1177.245       0.090       2.029              893.529               0.000               0.000        -1970.753           442694.646              1.00000 
  1528.300          56.936   1165.839       0.090       2.029              819.097               0.000               0.000        -1896.177           443513.743              1.00000 
  1529.300          56.604   1154.451       0.090       2.029              748.493               0.000               0.000        -1823.747           444262.236              1.00000 
  1530.300          56.272   1143.101       0.090       2.029              681.746               0.000               0.000        -1753.530           444943.982              1.00000 
  1531.300          55.942   1131.803       0.090       2.029              618.845               0.000               0.000        -1685.577           445562.827              1.00000 
  1532.300          55.612   1120.576       0.090       2.029              559.744               0.000               0.000        -1619.925           446122.572              1.00000 
  1533.300          55.284   1109.437       0.090       2.029              504.858               0.000               0.000        -1556.595           446627.430              1.00000 
  1534.300          54.956   1098.389       0.090       2.029              452.413               0.000               0.000        -1495.622           447079.843              1.00000 
  1535.300          54.629   1087.447       0.090       2.029              403.676               0.000               0.000        -1436.931           447483.519              1.00000 
  1536.300          54.302   1076.623       0.090       2.029              358.479               0.000               0.000        -1380.520           447841.998              1.00000 
  1537.300          53.977   1065.929       0.090       2.029              316.655               0.000               0.000        -1326.371           448158.653              1.00000 
  1538.300          53.653   1055.377       0.090       2.029              278.031               0.000               0.000        -1274.456           448436.684              1.00000 
  1539.300          53.330   1044.974       0.090       2.029              242.437               0.000               0.000        -1224.732           448679.121              1.00000 
  1540.300          53.008   1034.728       0.090       2.029              209.703               0.000               0.000        -1177.152           448888.824              1.00000 
  1541.300          52.687   1024.646       0.090       2.029              179.664               0.000               0.000        -1131.660           449068.488              1.00000 
  1542.300          52.366   1014.733       0.090       2.029              152.155               0.000               0.000        -1088.195           449220.643              1.00000 
  1543.300          52.047   1004.993       0.090       2.029              127.016               0.000               0.000        -1046.690           449347.659              1.00000 
  1544.300          51.729    995.430       0.090       2.029              104.095               0.000               0.000        -1007.079           449451.754              1.00000 
  1545.300          51.412    986.047       0.090       2.029               83.238               0.000               0.000         -969.291           449534.992              1.00000 
  1546.300          51.096    976.842       0.090       2.029               64.145               0.000               0.000         -933.256           449599.137              1.00000 
  1547.300          50.781    967.817       0.090       2.029               46.687               0.000               0.000         -898.895           449645.824              1.00000 
  1548.300          50.467    958.970       0.090       2.029               30.774               0.000               0.000         -866.132           449676.598              1.00000 
  1549.300          50.154    950.301       0.090       2.029               16.301               0.000               0.000         -834.894           449692.898              1.00000 
  1550.300          49.843    941.808       0.090       2.029                3.169               0.000               0.000         -805.111           449696.067              1.00000 
  1551.300          49.532    933.582       0.090       2.029                0.000               0.000               0.000         -776.713           449696.067              1.00000 
  1552.300          49.223    925.640       0.090       2.029                0.000               0.000               0.000         -749.931           449696.067              1.00000 
  1553.300          48.915    917.965       0.090       2.029                0.000               0.000               0.000         -724.736           449696.067              1.00000 
  1554.300          48.608    910.541       0.090       2.029                0.000               0.000               0.000         -700.996           449696.067              1.00000 
  1555.300          48.302    903.355       0.090       2.029                0.000               0.000               0.000         -678.593           449696.067              1.00000 
  1556.300          47.997    896.392       0.090       2.029                0.000               0.000               0.000         -657.421           449696.067              1.00000 
  1557.300          47.694    889.642       0.090       2.029                0.000               0.000               0.000         -637.387           449696.067              1.00000 
  1558.300          47.392    883.093       0.090       2.029                0.000               0.000               0.000         -618.404           449696.067              1.00000 
  1559.300          47.091    876.734       0.090       2.029                0.000               0.000               0.000         -600.394           449696.067              1.00000 
  1560.300          46.791    870.557       0.090       2.029                0.000               0.000               0.000         -583.288           449696.067              1.00000 
  1561.300          46.493    864.552       0.090       2.029                0.000               0.000               0.000         -567.022           449696.067              1.00000 
  1562.300          46.196    858.711       0.090       2.029                0.000               0.000               0.000         -551.538           449696.067              1.00000 
  1563.300          45.900    853.026       0.090       2.029                0.000               0.000               0.000         -536.783           449696.067              1.00000 
  1564.300          45.606    847.491       0.090       2.029                0.000               0.000               0.000         -522.710           449696.067              1.00000 
  1565.300          45.313    842.097       0.090       2.029                0.000               0.000               0.000         -509.273           449696.067              1.00000 
  1566.300          45.022    836.840       0.090       2.029                0.000               0.000               0.000         -496.432           449696.067              1.00000 
  1567.300          44.732    831.712       0.090       2.029                0.000               0.000               0.000         -484.150           449696.067              1.00000 
  1568.300          44.443    826.710       0.090       2.029                0.000               0.000               0.000         -472.393           449696.067              1.00000 
  1569.300          44.156    821.826       0.090       2.029                0.000               0.000               0.000         -461.129           449696.067              1.00000 
  1570.300          43.871    817.057       0.090       2.029                0.000               0.000               0.000         -450.329           449696.067              1.00000 
  1571.300          43.587    812.397       0.090       2.029                0.000               0.000               0.000         -439.967           449696.067              1.00000 
  1572.300          43.305    807.843       0.090       2.029                0.000               0.000               0.000         -430.016           449696.067              1.00000 
  1573.300          43.024    803.391       0.090       2.029                0.000               0.000               0.000         -420.455           449696.067              1.00000 
  1574.300          42.745    799.035       0.090       2.029                0.000               0.000               0.000         -411.261           449696.067              1.00000 
  1575.300          42.468    794.773       0.090       2.029                0.000               0.000               0.000         -402.415           449696.067              1.00000 
  1576.300          42.192    790.602       0.090       2.029                0.000               0.000               0.000         -393.898           449696.067              1.00000 
  1577.300          41.918    786.517       0.090       2.029                0.000               0.000               0.000         -385.693           449696.067              1.00000 
  1578.300          41.645    782.516       0.090       2.029                0.000               0.000               0.000         -377.784           449696.067              1.00000 
  1579.300          41.375    778.596       0.090       2.029                0.000               0.000               0.000         -370.155           449696.067              1.00000 
  1580.300          41.106    774.754       0.090       2.029                0.000               0.000               0.000         -362.794           449696.067              1.00000 
  1581.300          40.839    770.987       0.090       2.029                0.000               0.000               0.000         -355.685           449696.067              1.00000 
  1582.300          40.573    767.293       0.090       2.029                0.000               0.000               0.000         -348.818           449696.067              1.00000 
  1583.300          40.310    763.669       0.090       2.029                0.000               0.000               0.000         -342.181           449696.067              1.00000 
  1584.300          40.048    760.113       0.090       2.029                0.000               0.000               0.000         -335.762           449696.067              1.00000 
  1585.300          39.788    756.623       0.090       2.029                0.000               0.000               0.000         -329.552           449696.067              1.00000 
  1586.300          39.530    753.197       0.090       2.029                0.000               0.000               0.000         -323.541           449696.067              1.00000 
  1587.300          39.274    749.832       0.090       2.029                0.000               0.000               0.000         -317.720           449696.067              1.00000 
  1588.300          39.020    746.527       0.090       2.029                0.000               0.000               0.000         -312.080           449696.067              1.00000 
  1589.300          38.768    743.280       0.090       2.029                0.000               0.000               0.000         -306.614           449696.067              1.00000 
  1590.300          38.518    740.089       0.090       2.029                0.000               0.000               0.000         -301.314           449696.067              1.00000 
  1591.300          38.269    736.952       0.090       2.029                0.000               0.000               0.000         -296.173           449696.067              1.00000 
  1592.300          38.023    733.963       0.090       2.029                8.976               0.000               0.000         -291.184           449705.043              1.00000 
  1593.300          37.779    731.019       0.090       2.029                8.445               0.000               0.000         -286.489           449713.488              1.00000 
  1593.363          37.764    730.836       0.090       2.029                8.354               0.000               0.000         -281.919           449714.015              1.00000 
  1593.429          37.748    730.644       0.090       2.029                8.321               0.000               0.000         -281.637           449714.566              1.00000 
  1593.495          37.732    730.456       0.090       2.029                8.289               0.000               0.000         -281.342           449715.107              1.00000 
  1593.512          37.728    730.406       0.090       2.029                4.143               0.000               0.000         -281.052           449715.177              1.00000 
  1593.529          37.724    730.356       0.090       2.029                4.142               0.000               0.000         -280.975           449715.248              1.00000 
  1593.605          37.705    730.131       0.090       2.029                4.147               0.000               0.000         -280.898           449715.566              1.00000 
  1593.647          37.695    730.008       0.090       2.029                4.150               0.000               0.000         -280.553           449715.741              1.00000 
  1593.672          37.689    729.934       0.090       2.029                4.152               0.000               0.000         -280.363           449715.845              1.00000 
  1593.684          37.686    729.900       0.090       2.029                4.153               0.000               0.000         -280.250           449715.894              1.00000 
  1593.690          37.685    729.882       0.090       2.029                4.153               0.000               0.000         -280.197           449715.919              1.00000 
  1593.702          37.682    729.848       0.090       2.029                4.153               0.000               0.000         -280.170           449715.967              1.00000 
  1593.753          37.669    729.698       0.090       2.029                4.156               0.000               0.000         -280.118           449716.181              1.00000 
  1593.758          37.668    729.685       0.090       2.029                4.156               0.000               0.000         -279.888           449716.199              1.00000 
  1593.762          37.667    729.672       0.090       2.029                4.157               0.000               0.000         -279.867           449716.218              1.00000 
  1593.776          37.664    729.632       0.090       2.029                4.158               0.000               0.000         -279.847           449716.275              1.00000 
  1593.800          37.658    729.562       0.090       2.029                4.159               0.000               0.000         -279.786           449716.374              1.00000 
  1593.833          37.650    729.465       0.090       2.029                4.159               0.000               0.000         -279.680           449716.513              1.00000 
  1593.984          37.613    729.025       0.090       2.029                4.168               0.000               0.000         -279.530           449717.141              1.00000 
  1594.032          37.601    728.885       0.090       2.029                4.172               0.000               0.000         -278.857           449717.343              1.00000 
  1594.070          37.592    728.774       0.090       2.029                4.175               0.000               0.000         -278.642           449717.501              1.00000 
  1594.078          37.590    728.751       0.090       2.029                4.175               0.000               0.000         -278.473           449717.535              1.00000 
  1594.085          37.588    728.731       0.090       2.029                4.176               0.000               0.000         -278.438           449717.563              1.00000 
  1594.092          37.587    728.711       0.090       2.029                4.176               0.000               0.000         -278.407           449717.592              1.00000 
  1594.123          37.579    728.621       0.090       2.029                4.177               0.000               0.000         -278.377           449717.721              1.00000 
  1594.164          37.569    728.503       0.090       2.029                4.177               0.000               0.000         -278.239           449717.892              1.00000 
  1594.348          37.524    727.968       0.090       2.029                4.188               0.000               0.000         -278.058           449718.665              1.00000 
  1594.514          37.483    727.488       0.090       2.029                4.199               0.000               0.000         -277.242           449719.362              1.00000 
  1594.566          37.470    727.340       0.090       2.029                4.204               0.000               0.000         -276.512           449719.577              1.00000 
  1594.593          37.464    727.262       0.090       2.029                4.205               0.000               0.000         -276.287           449719.691              1.00000 
  1594.609          37.460    727.214       0.090       2.029                4.207               0.000               0.000         -276.169           449719.761              1.00000 
  1594.616          37.458    727.196       0.090       2.029                4.207               0.000               0.000         -276.096           449719.788              1.00000 
  1594.622          37.457    727.177       0.090       2.029                4.207               0.000               0.000         -276.068           449719.814              1.00000 
  1594.628          37.455    727.159       0.090       2.029                4.208               0.000               0.000         -276.040           449719.841              1.00000 
  1594.645          37.451    727.110       0.090       2.029                4.209               0.000               0.000         -276.013           449719.913              1.00000 
  1594.652          37.449    727.092       0.090       2.029                4.209               0.000               0.000         -275.938           449719.939              1.00000 
  1594.663          37.446    727.058       0.090       2.029                4.209               0.000               0.000         -275.910           449719.989              1.00000 
  1594.716          37.433    726.905       0.090       2.029                4.212               0.000               0.000         -275.859           449720.212              1.00000 
  1594.774          37.419    726.739       0.090       2.029                4.216               0.000               0.000         -275.627           449720.457              1.00000 
  1594.798          37.413    726.671       0.090       2.029                4.218               0.000               0.000         -275.375           449720.556              1.00000 
  1594.803          37.412    726.656       0.090       2.029                4.218               0.000               0.000         -275.273           449720.579              1.00000 
  1594.814          37.409    726.626       0.090       2.029                4.218               0.000               0.000         -275.249           449720.622              1.00000 
  1594.860          37.398    726.493       0.090       2.029                4.221               0.000               0.000         -275.204           449720.818              1.00000 
  1594.913          37.385    726.341       0.090       2.029                4.224               0.000               0.000         -275.002           449721.042              1.00000 
  1594.940          37.378    726.263       0.090       2.029                4.226               0.000               0.000         -274.772           449721.157              1.00000 
  1594.952          37.375    726.229       0.090       2.029                4.227               0.000               0.000         -274.655           449721.207              1.00000 
  1594.973          37.370    726.168       0.090       2.029                4.228               0.000               0.000         -274.603           449721.297              1.00000 
  1595.004          37.362    726.080       0.090       2.029                4.227               0.000               0.000         -274.511           449721.427              1.00000 
  1595.142          37.328    725.687       0.090       2.029                4.235               0.000               0.000         -274.378           449722.009              1.00000 
  1595.761          37.174    723.920       0.090       2.029                4.270               0.000               0.000         -273.784           449724.653              1.00000 
  1596.761          36.922    721.094       0.090       2.029                4.325               0.000               0.000         -271.127           449728.977              1.00000 
  1597.761          36.668    718.314       0.090       2.029                4.376               0.000               0.000         -266.919           449733.353              1.00000 
  1598.761          36.411    715.577       0.090       2.029                4.420               0.000               0.000         -262.825           449737.774              1.00000 
  1599.761          36.153    712.883       0.090       2.029                4.457               0.000               0.000         -258.843           449742.230              1.00000 
  1600.761          35.892    710.230       0.090       2.029                4.485               0.000               0.000         -254.967           449746.715              1.00000 
  1601.761          35.630    707.618       0.090       2.029                4.504               0.000               0.000         -251.193           449751.219              1.00000 
  1602.761          35.367    705.044       0.090       2.029                4.513               0.000               0.000         -247.517           449755.732              1.00000 
  1603.761          35.103    702.509       0.090       2.029                4.513               0.000               0.000         -243.936           449760.244              1.00000 
  1604.761          34.838    700.010       0.090       2.029                4.502               0.000               0.000         -240.446           449764.746              1.00000 
  1605.761          34.574    697.547       0.090       2.029                4.481               0.000               0.000         -237.043           449769.228              1.00000 
  1606.761          34.310    695.119       0.090       2.029                4.450               0.000               0.000         -233.725           449773.678              1.00000 
  1607.761          34.046    692.725       0.090       2.029                4.409               0.000               0.000         -230.487           449778.087              1.00000 
  1608.761          33.783    690.363       0.090       2.029                4.358               0.000               0.000         -227.328           449782.446              1.00000 
  1609.761          33.521    688.034       0.090       2.029                4.298               0.000               0.000         -224.244           449786.744              1.00000 
  1610.761          33.260    685.736       0.090       2.029                4.229               0.000               0.000         -221.233           449790.972              1.00000 
  1611.761          33.002    683.468       0.090       2.029                4.151               0.000               0.000         -218.292           449795.124              1.00000 
  1612.761          32.745    681.230       0.090       2.029                4.066               0.000               0.000         -215.419           449799.190              1.00000 
  1613.761          32.490    679.020       0.090       2.029                3.975               0.000               0.000         -212.611           449803.165              1.00000 
  1614.761          32.237    676.839       0.090       2.029                3.877               0.000               0.000         -209.866           449807.042              1.00000 
  1615.761          31.987    674.684       0.090       2.029                3.772               0.000               0.000         -207.182           449810.813              1.00000 
  1616.761          31.740    672.557       0.090       2.029                3.662               0.000               0.000         -204.556           449814.476              1.00000 
  1617.761          31.495    670.455       0.090       2.029                3.551               0.000               0.000         -201.988           449818.027              1.00000 
  1618.761          31.254    668.379       0.090       2.029                3.437               0.000               0.000         -199.476           449821.464              1.00000 
  1619.761          31.016    666.328       0.090       2.029                3.324               0.000               0.000         -197.016           449824.788              1.00000 
  1620.761          30.780    664.301       0.090       2.029                3.210               0.000               0.000         -194.609           449827.997              1.00000 
  1621.761          30.548    662.298       0.090       2.029                3.096               0.000               0.000         -192.252           449831.093              1.00000 
  1622.761          30.319    660.318       0.090       2.029                2.984               0.000               0.000         -189.943           449834.077              1.00000 
  1623.761          30.094    658.360       0.090       2.029                2.873               0.000               0.000         -187.682           449836.951              1.00000 
  1624.761          29.872    656.425       0.090       2.029                2.765               0.000               0.000         -185.467           449839.715              1.00000 
  1625.761          29.653    654.512       0.090       2.029                2.659               0.000               0.000         -183.296           449842.374              1.00000 
  1626.761          29.438    652.621       0.090       2.029                2.555               0.000               0.000         -181.168           449844.929              1.00000 
  1627.761          29.225    650.750       0.090       2.029                2.455               0.000               0.000         -179.083           449847.384              1.00000 
  1628.761          29.017    648.900       0.090       2.029                2.358               0.000               0.000         -177.039           449849.742              1.00000 
  1629.761          28.811    647.071       0.090       2.029                2.264               0.000               0.000         -175.034           449852.006              1.00000 
  1630.761          28.609    645.261       0.090       2.029                2.174               0.000               0.000         -173.068           449854.180              1.00000 
  1631.761          28.411    643.470       0.090       2.029                2.087               0.000               0.000         -171.140           449856.266              1.00000 
  1632.761          28.215    641.699       0.090       2.029                2.004               0.000               0.000         -169.249           449858.270              1.00000 
  1633.761          28.023    639.947       0.090       2.029                1.924               0.000               0.000         -167.393           449860.194              1.00000 
  1634.761          27.833    638.213       0.090       2.029                1.847               0.000               0.000         -165.572           449862.041              1.00000 
  1635.761          27.647    636.497       0.090       2.029                1.775               0.000               0.000         -163.785           449863.816              1.00000 
  1636.761          27.464    634.799       0.090       2.029                1.705               0.000               0.000         -162.030           449865.521              1.00000 
  1637.761          27.283    633.119       0.090       2.029                1.639               0.000               0.000         -160.308           449867.160              1.00000 
  1638.761          27.106    631.456       0.090       2.029                1.576               0.000               0.000         -158.618           449868.735              1.00000 
  1639.761          26.931    629.810       0.090       2.029                1.516               0.000               0.000         -156.958           449870.251              1.00000 
  1640.761          26.759    628.180       0.090       2.029                1.459               0.000               0.000         -155.327           449871.709              1.00000 
  1641.761          26.590    626.567       0.090       2.029                1.404               0.000               0.000         -153.726           449873.114              1.00000 
  1642.761          26.424    624.970       0.090       2.029                1.353               0.000               0.000         -152.153           449874.466              1.00000 
  1643.761          26.260    623.389       0.090       2.029                1.304               0.000               0.000         -150.608           449875.770              1.00000 
  1644.761          26.098    621.823       0.090       2.029                1.257               0.000               0.000         -149.089           449877.027              1.00000 
  1645.761          25.939    620.273       0.090       2.029                1.213               0.000               0.000         -147.597           449878.239              1.00000 
  1646.761          25.782    618.738       0.090       2.029                1.170               0.000               0.000         -146.131           449879.410              1.00000 
  1647.761          25.627    617.217       0.090       2.029                1.130               0.000               0.000         -144.689           449880.540              1.00000 
  1648.761          25.475    615.711       0.090       2.029                1.092               0.000               0.000         -143.272           449881.633              1.00000 
  1649.761          25.325    614.220       0.090       2.029                1.056               0.000               0.000         -141.880           449882.689              1.00000 
  1650.761          25.177    612.743       0.090       2.029                1.022               0.000               0.000         -140.510           449883.711              1.00000 
  1651.761          25.030    611.279       0.090       2.029                0.989               0.000               0.000         -139.163           449884.700              1.00000 
  1652.761          24.886    609.830       0.090       2.029                0.958               0.000               0.000         -137.838           449885.657              1.00000 
  1653.761          24.744    608.394       0.090       2.029                0.928               0.000               0.000         -136.535           449886.586              1.00000 
  1654.761          24.604    606.971       0.090       2.029                0.900               0.000               0.000         -135.254           449887.485              1.00000 
  1655.761          24.465    605.561       0.090       2.029                0.873               0.000               0.000         -133.993           449888.358              1.00000 
  1656.761          24.329    604.164       0.090       2.029                0.847               0.000               0.000         -132.752           449889.205              1.00000 
  1657.761          24.194    602.780       0.090       2.029                0.822               0.000               0.000         -131.532           449890.028              1.00000 
  1658.761          24.060    601.408       0.090       2.029                0.799               0.000               0.000         -130.330           449890.827              1.00000 
  1659.761          23.929    600.049       0.090       2.029                0.777               0.000               0.000         -129.148           449891.603              1.00000 
  1660.761          23.799    598.701       0.090       2.029                0.755               0.000               0.000         -127.984           449892.358              1.00000 
  1661.761          23.670    597.366       0.090       2.029                0.735               0.000               0.000         -126.839           449893.093              1.00000 
  1662.761          23.543    596.042       0.090       2.029                0.715               0.000               0.000         -125.711           449893.808              1.00000 
  1663.761          23.418    594.730       0.090       2.029                0.696               0.000               0.000         -124.600           449894.504              1.00000 
  1664.761          23.294    593.429       0.090       2.029                0.678               0.000               0.000         -123.506           449895.182              1.00000 
  1665.761          23.171    592.139       0.090       2.029                0.661               0.000               0.000         -122.429           449895.843              1.00000 
  1666.761          23.050    590.861       0.090       2.029                0.644               0.000               0.000         -121.369           449896.487              1.00000 
  1667.761          22.930    589.593       0.090       2.029                0.628               0.000               0.000         -120.324           449897.115              1.00000 
  1668.761          22.811    588.336       0.090       2.029                0.613               0.000               0.000         -119.295           449897.727              1.00000 
  1669.761          22.693    587.090       0.090       2.029                0.598               0.000               0.000         -118.281           449898.325              1.00000 
  1670.761          22.577    585.854       0.090       2.029                0.584               0.000               0.000         -117.281           449898.909              1.00000 
  1671.761          22.462    584.628       0.090       2.029                0.570               0.000               0.000         -116.297           449899.479              1.00000 
  1672.761          22.348    583.413       0.090       2.029                0.557               0.000               0.000         -115.327           449900.036              1.00000 
  1673.761          22.236    582.208       0.090       2.029                0.544               0.000               0.000         -114.371           449900.580              1.00000 
  1674.761          22.124    581.012       0.090       2.029                0.532               0.000               0.000         -113.428           449901.112              1.00000 
  1675.761          22.014    579.826       0.090       2.029                0.520               0.000               0.000         -112.500           449901.633              1.00000 
  1676.761          21.904    578.650       0.090       2.029                0.509               0.000               0.000         -111.584           449902.141              1.00000 
  1677.761          21.796    577.483       0.090       2.029                0.498               0.000               0.000         -110.681           449902.639              1.00000 
  1678.761          21.689    576.325       0.090       2.029                0.487               0.000               0.000         -109.791           449903.126              1.00000 
  1679.761          21.583    575.177       0.090       2.029                0.477               0.000               0.000         -108.913           449903.603              1.00000 
  1680.761          21.478    574.037       0.090       2.029                0.467               0.000               0.000         -108.048           449904.070              1.00000 
  1681.761          21.373    572.907       0.090       2.029                0.457               0.000               0.000         -107.194           449904.528              1.00000 
  1682.761          21.270    571.785       0.090       2.029                0.448               0.000               0.000         -106.352           449904.976              1.00000 
  1683.761          21.168    570.673       0.090       2.029                0.439               0.000               0.000         -105.522           449905.415              1.00000 
  1684.761          21.066    569.568       0.090       2.029                0.430               0.000               0.000         -104.703           449905.845              1.00000 
  1685.761          20.966    568.473       0.090       2.029                0.422               0.000               0.000         -103.895           449906.267              1.00000 
  1686.761          20.866    567.385       0.090       2.029                0.414               0.000               0.000         -103.098           449906.681              1.00000 
  1687.761          20.767    566.306       0.090       2.029                0.406               0.000               0.000         -102.311           449907.086              1.00000 
  1688.761          20.669    565.235       0.090       2.029                0.398               0.000               0.000         -101.535           449907.484              1.00000 
  1689.761          20.572    564.172       0.090       2.029                0.390               0.000               0.000         -100.769           449907.875              1.00000 
  1690.761          20.476    563.117       0.090       2.029                0.383               0.000               0.000         -100.013           449908.258              1.00000 
  1691.761          20.380    562.069       0.090       2.029                0.376               0.000               0.000          -99.267           449908.634              1.00000 
  1692.761          20.286    561.030       0.090       2.029                0.369               0.000               0.000          -98.530           449909.003              1.00000 
  1693.761          20.192    559.998       0.090       2.029                0.363               0.000               0.000          -97.803           449909.366              1.00000 
  1694.761          20.098    558.973       0.090       2.029                0.356               0.000               0.000          -97.086           449909.722              1.00000 
  1695.761          20.006    557.956       0.090       2.029                0.350               0.000               0.000          -96.377           449910.072              1.00000 
  1696.761          19.914    556.947       0.090       2.029                0.344               0.000               0.000          -95.678           449910.415              1.00000 
  1697.761          19.823    555.944       0.090       2.029                0.338               0.000               0.000          -94.987           449910.753              1.00000 
  1698.761          19.733    554.949       0.090       2.029                0.332               0.000               0.000          -94.305           449911.084              1.00000 
  1699.761          19.644    553.961       0.090       2.029                0.326               0.000               0.000          -93.632           449911.411              1.00000 
  1700.761          19.555    552.980       0.090       2.029                0.321               0.000               0.000          -92.967           449911.731              1.00000 
  1701.761          19.467    552.006       0.090       2.029                0.315               0.000               0.000          -92.310           449912.047              1.00000 
  1702.761          19.379    551.038       0.090       2.029                0.310               0.000               0.000          -91.661           449912.357              1.00000 
  1703.761          19.292    550.077       0.090       2.029                0.305               0.000               0.000          -91.020           449912.662              1.00000 
  1704.761          19.206    549.123       0.090       2.029                0.300               0.000               0.000          -90.387           449912.963              1.00000 
  1705.761          19.120    548.176       0.090       2.029                0.296               0.000               0.000          -89.762           449913.258              1.00000 
  1706.761          19.035    547.235       0.090       2.029                0.291               0.000               0.000          -89.144           449913.549              1.00000 
  1707.761          18.950    546.300       0.090       2.029                0.287               0.000               0.000          -88.533           449913.836              1.00000 
  1708.761          18.867    545.372       0.090       2.029                0.282               0.000               0.000          -87.930           449914.118              1.00000 
  1709.761          18.783    544.450       0.090       2.029                0.278               0.000               0.000          -87.334           449914.396              1.00000 
  1710.761          18.701    543.534       0.090       2.029                0.274               0.000               0.000          -86.745           449914.670              1.00000 
  1711.761          18.618    542.625       0.090       2.029                0.270               0.000               0.000          -86.163           449914.939              1.00000 
  1712.761          18.537    541.721       0.090       2.029                0.266               0.000               0.000          -85.587           449915.205              1.00000 
  1713.761          18.456    540.823       0.090       2.029                0.262               0.000               0.000          -85.019           449915.466              1.00000 
  1714.761          18.375    539.932       0.090       2.029                0.258               0.000               0.000          -84.456           449915.724              1.00000 
  1715.761          18.295    539.046       0.090       2.029                0.254               0.000               0.000          -83.901           449915.978              1.00000 
  1716.761          18.216    538.166       0.090       2.029                0.250               0.000               0.000          -83.352           449916.228              1.00000 
  1717.761          18.137    537.291       0.090       2.029                0.247               0.000               0.000          -82.809           449916.475              1.00000 
  1718.761          18.059    536.423       0.090       2.029                0.243               0.000               0.000          -82.272           449916.719              1.00000 
  1719.761          17.981    535.560       0.090       2.029                0.240               0.000               0.000          -81.741           449916.958              1.00000 
  1720.761          17.903    534.702       0.090       2.029                0.237               0.000               0.000          -81.216           449917.195              1.00000 
  1721.761          17.826    533.850       0.090       2.029                0.233               0.000               0.000          -80.697           449917.428              1.00000 
  1722.761          17.750    533.003       0.090       2.029                0.230               0.000               0.000          -80.184           449917.658              1.00000 
  1723.761          17.674    532.162       0.090       2.029                0.227               0.000               0.000          -79.676           449917.885              1.00000 
  1724.761          17.598    531.326       0.090       2.029                0.224               0.000               0.000          -79.175           449918.109              1.00000 
  1725.761          17.523    530.495       0.090       2.029                0.221               0.000               0.000          -78.678           449918.330              1.00000 
  1726.761          17.449    529.669       0.090       2.029                0.218               0.000               0.000          -78.187           449918.548              1.00000 
  1727.761          17.375    528.848       0.090       2.029                0.215               0.000               0.000          -77.701           449918.763              1.00000 
  1728.761          17.301    528.033       0.090       2.029                0.212               0.000               0.000          -77.221           449918.975              1.00000 
  1729.761          17.228    527.222       0.090       2.029                0.209               0.000               0.000          -76.746           449919.184              1.00000 
  1730.761          17.155    526.417       0.090       2.029                0.207               0.000               0.000          -76.276           449919.391              1.00000 
  1731.761          17.083    525.616       0.090       2.029                0.204               0.000               0.000          -75.810           449919.595              1.00000 
  1732.761          17.011    524.820       0.090       2.029                0.201               0.000               0.000          -75.350           449919.797              1.00000 
  1733.761          16.939    524.029       0.090       2.029                0.199               0.000               0.000          -74.895           449919.995              1.00000 
  1734.761          16.868    523.243       0.090       2.029                0.196               0.000               0.000          -74.444           449920.192              1.00000 
  1735.761          16.797    522.461       0.090       2.029                0.194               0.000               0.000          -73.999           449920.386              1.00000 
  1736.761          16.727    521.684       0.090       2.029                0.191               0.000               0.000          -73.557           449920.577              1.00000 
  1737.761          16.657    520.912       0.090       2.029                0.189               0.000               0.000          -73.121           449920.766              1.00000 
  1738.761          16.588    520.144       0.090       2.029                0.187               0.000               0.000          -72.689           449920.953              1.00000 
  1739.761          16.519    519.381       0.090       2.029                0.184               0.000               0.000          -72.261           449921.137              1.00000 
  1740.761          16.450    518.622       0.090       2.029                0.182               0.000               0.000          -71.838           449921.319              1.00000 
  1741.761          16.382    517.867       0.090       2.029                0.180               0.000               0.000          -71.419           449921.499              1.00000 
  1742.761          16.314    517.117       0.090       2.029                0.178               0.000               0.000          -71.004           449921.677              1.00000 
  1743.761          16.246    516.371       0.090       2.029                0.176               0.000               0.000          -70.594           449921.853              1.00000 
  1744.761          16.179    515.630       0.090       2.029                0.174               0.000               0.000          -70.187           449922.026              1.00000 
  1745.761          16.112    514.893       0.090       2.029                0.172               0.000               0.000          -69.785           449922.198              1.00000 
  1746.761          16.046    514.160       0.090       2.029                0.170               0.000               0.000          -69.387           449922.367              1.00000 
  1747.761          15.980    513.431       0.090       2.029                0.168               0.000               0.000          -68.993           449922.535              1.00000 
  1748.761          15.914    512.706       0.090       2.029                0.166               0.000               0.000          -68.602           449922.700              1.00000 
  1749.761          15.848    511.985       0.090       2.029                0.164               0.000               0.000          -68.216           449922.864              1.00000 
  1750.761          15.783    511.269       0.090       2.029                0.162               0.000               0.000          -67.833           449923.026              1.00000 
  1751.761          15.719    510.556       0.090       2.029                0.160               0.000               0.000          -67.454           449923.186              1.00000 
  1752.761          15.654    509.847       0.090       2.029                0.158               0.000               0.000          -67.079           449923.344              1.00000 
  1753.761          15.590    509.142       0.090       2.029                0.156               0.000               0.000          -66.707           449923.500              1.00000 
  1754.761          15.526    508.442       0.090       2.029                0.155               0.000               0.000          -66.339           449923.655              1.00000 
  1755.761          15.463    507.744       0.090       2.029                0.153               0.000               0.000          -65.974           449923.808              1.00000 
  1756.761          15.400    507.051       0.090       2.029                0.151               0.000               0.000          -65.613           449923.959              1.00000 
  1757.761          15.337    506.362       0.090       2.029                0.150               0.000               0.000          -65.256           449924.109              1.00000 
  1758.761          15.275    505.676       0.090       2.029                0.148               0.000               0.000          -64.901           449924.256              1.00000 
  1759.761          15.213    504.994       0.090       2.029                0.146               0.000               0.000          -64.551           449924.403              1.00000 
  1760.761          15.151    504.315       0.090       2.029                0.145               0.000               0.000          -64.203           449924.547              1.00000 
  1761.761          15.089    503.641       0.090       2.029                0.143               0.000               0.000          -63.859           449924.690              1.00000 
  1762.761          15.028    502.969       0.090       2.029                0.142               0.000               0.000          -63.518           449924.832              1.00000 
  1763.761          14.967    502.302       0.090       2.029                0.140               0.000               0.000          -63.180           449924.972              1.00000 
  1764.761          14.907    501.638       0.090       2.029                0.139               0.000               0.000          -62.845           449925.111              1.00000 
  1765.761          14.846    500.977       0.090       2.029                0.137               0.000               0.000          -62.513           449925.248              1.00000 
  1766.761          14.786    500.320       0.090       2.029                0.136               0.000               0.000          -62.185           449925.384              1.00000 
  1767.761          14.727    499.666       0.090       2.029                0.134               0.000               0.000          -61.859           449925.518              1.00000 
  1768.761          14.667    499.016       0.090       2.029                0.133               0.000               0.000          -61.536           449925.651              1.00000 
  1769.761          14.608    498.369       0.090       2.029                0.131               0.000               0.000          -61.217           449925.782              1.00000 
  1770.761          14.549    497.726       0.090       2.029                0.130               0.000               0.000          -60.900           449925.912              1.00000 
  1771.761          14.491    497.085       0.090       2.029                0.129               0.000               0.000          -60.586           449926.041              1.00000 
  1772.761          14.432    496.448       0.090       2.029                0.128               0.000               0.000          -60.275           449926.169              1.00000 
  1773.761          14.374    495.815       0.090       2.029                0.126               0.000               0.000          -59.966           449926.295              1.00000 
  1774.761          14.316    495.184       0.090       2.029                0.125               0.000               0.000          -59.661           449926.420              1.00000 
  1775.761          14.259    494.557       0.090       2.029                0.124               0.000               0.000          -59.358           449926.543              1.00000 
  1776.761          14.202    493.933       0.090       2.029                0.122               0.000               0.000          -59.058           449926.666              1.00000 
  1777.761          14.145    493.312       0.090       2.029                0.121               0.000               0.000          -58.760           449926.787              1.00000 
  1778.761          14.088    492.694       0.090       2.029                0.120               0.000               0.000          -58.465           449926.907              1.00000 
  1779.761          14.032    492.079       0.090       2.029                0.119               0.000               0.000          -58.173           449927.026              1.00000 
  1780.761          13.975    491.467       0.090       2.029                0.118               0.000               0.000          -57.883           449927.144              1.00000 
  1781.761          13.919    490.858       0.090       2.029                0.117               0.000               0.000          -57.596           449927.260              1.00000 
  1782.761          13.864    490.253       0.090       2.029                0.115               0.000               0.000          -57.311           449927.376              1.00000 
  1783.761          13.808    489.650       0.090       2.029                0.114               0.000               0.000          -57.028           449927.490              1.00000 
  1784.761          13.753    489.050       0.090       2.029                0.113               0.000               0.000          -56.748           449927.603              1.00000 
  1785.761          13.698    488.453       0.090       2.029                0.112               0.000               0.000          -56.471           449927.715              1.00000 
  1786.761          13.643    487.859       0.090       2.029                0.111               0.000               0.000          -56.196           449927.826              1.00000 
  1787.761          13.589    487.268       0.090       2.029                0.110               0.000               0.000          -55.923           449927.936              1.00000 
  1788.761          13.535    486.680       0.090       2.029                0.109               0.000               0.000          -55.652           449928.045              1.00000 
  1789.761          13.481    486.095       0.090       2.029                0.108               0.000               0.000          -55.384           449928.153              1.00000 
  1790.761          13.427    485.512       0.090       2.029                0.107               0.000               0.000          -55.118           449928.260              1.00000 
  1791.761          13.373    484.932       0.090       2.029                0.106               0.000               0.000          -54.854           449928.366              1.00000 
  1792.761          13.320    484.355       0.090       2.029                0.105               0.000               0.000          -54.593           449928.471              1.00000 
  1793.761          13.267    483.781       0.090       2.029                0.104               0.000               0.000          -54.333           449928.575              1.00000 
  1794.761          13.214    483.209       0.090       2.029                0.103               0.000               0.000          -54.076           449928.678              1.00000 
  1795.761          13.161    482.640       0.090       2.029                0.102               0.000               0.000          -53.821           449928.780              1.00000 
  1796.761          13.109    482.074       0.090       2.029                0.101               0.000               0.000          -53.568           449928.882              1.00000 
  1797.761          13.057    481.511       0.090       2.029                0.100               0.000               0.000          -53.317           449928.982              1.00000 
  1798.761          13.005    480.950       0.090       2.029                0.099               0.000               0.000          -53.068           449929.081              1.00000 
  1799.761          12.953    480.391       0.090       2.029                0.098               0.000               0.000          -52.821           449929.180              1.00000 
  1800.761          12.902    479.835       0.090       2.029                0.098               0.000               0.000          -52.576           449929.277              1.00000 
  1801.761          12.850    479.282       0.090       2.029                0.097               0.000               0.000          -52.334           449929.374              1.00000 
  1802.761          12.799    478.732       0.090       2.029                0.096               0.000               0.000          -52.093           449929.470              1.00000 
  1803.761          12.748    478.183       0.090       2.029                0.095               0.000               0.000          -51.854           449929.565              1.00000 
  1804.761          12.697    477.638       0.090       2.029                0.094               0.000               0.000          -51.617           449929.659              1.00000 
  1805.761          12.647    477.095       0.090       2.029                0.093               0.000               0.000          -51.381           449929.752              1.00000 
  1806.761          12.597    476.554       0.090       2.029                0.093               0.000               0.000          -51.148           449929.845              1.00000 
  1807.761          12.546    476.016       0.090       2.029                0.092               0.000               0.000          -50.917           449929.937              1.00000 
  1808.761          12.497    475.480       0.090       2.029                0.091               0.000               0.000          -50.687           449930.028              1.00000 
  1809.761          12.447    474.946       0.090       2.029                0.090               0.000               0.000          -50.459           449930.118              1.00000 
  1810.761          12.397    474.415       0.090       2.029                0.089               0.000               0.000          -50.233           449930.207              1.00000 
  1811.761          12.348    473.887       0.090       2.029                0.089               0.000               0.000          -50.009           449930.296              1.00000 
  1812.761          12.299    473.360       0.090       2.029                0.088               0.000               0.000          -49.786           449930.384              1.00000 
  1813.761          12.250    472.836       0.090       2.029                0.087               0.000               0.000          -49.565           449930.471              1.00000 
  1814.761          12.201    472.315       0.090       2.029                0.086               0.000               0.000          -49.346           449930.557              1.00000 
  1815.761          12.153    471.795       0.090       2.029                0.086               0.000               0.000          -49.129           449930.643              1.00000 
  1816.761          12.104    471.278       0.090       2.029                0.085               0.000               0.000          -48.913           449930.728              1.00000 
  1817.761          12.056    470.763       0.090       2.029                0.084               0.000               0.000          -48.699           449930.812              1.00000 
  1818.761          12.008    470.251       0.090       2.029                0.084               0.000               0.000          -48.487           449930.896              1.00000 
  1819.761          11.960    469.740       0.090       2.029                0.083               0.000               0.000          -48.276           449930.979              1.00000 
  1820.761          11.913    469.232       0.090       2.029                0.082               0.000               0.000          -48.066           449931.061              1.00000 
  1821.761          11.865    468.726       0.090       2.029                0.082               0.000               0.000          -47.859           449931.143              1.00000 
  1822.761          11.818    468.222       0.090       2.029                0.081               0.000               0.000          -47.653           449931.223              1.00000 
  1823.761          11.771    467.721       0.090       2.029                0.080               0.000               0.000          -47.448           449931.304              1.00000 
  1824.761          11.724    467.221       0.090       2.029                0.080               0.000               0.000          -47.245           449931.383              1.00000 
  1825.761          11.677    466.724       0.090       2.029                0.079               0.000               0.000          -47.044           449931.462              1.00000 
  1826.761          11.631    466.229       0.090       2.029                0.078               0.000               0.000          -46.844           449931.540              1.00000 
  1827.761          11.584    465.735       0.090       2.029                0.078               0.000               0.000          -46.645           449931.618              1.00000 
  1828.761          11.538    465.244       0.090       2.029                0.077               0.000               0.000          -46.448           449931.695              1.00000 
  1829.761          11.492    464.755       0.090       2.029                0.076               0.000               0.000          -46.252           449931.772              1.00000 
  1830.761          11.446    464.268       0.090       2.029                0.076               0.000               0.000          -46.058           449931.847              1.00000 
  1831.761          11.400    463.783       0.090       2.029                0.075               0.000               0.000          -45.866           449931.923              1.00000 
  1832.761          11.355    463.300       0.090       2.029                0.075               0.000               0.000          -45.674           449931.997              1.00000 
  1833.761          11.310    462.820       0.090       2.029                0.074               0.000               0.000          -45.484           449932.071              1.00000 
  1834.761          11.264    462.341       0.090       2.029                0.073               0.000               0.000          -45.296           449932.145              1.00000 
  1835.761          11.219    461.864       0.090       2.029                0.073               0.000               0.000          -45.109           449932.218              1.00000 
  1836.761          11.174    461.389       0.090       2.029                0.072               0.000               0.000          -44.923           449932.290              1.00000 
  1837.761          11.130    460.916       0.090       2.029                0.072               0.000               0.000          -44.738           449932.362              1.00000 
  1838.761          11.085    460.445       0.090       2.029                0.071               0.000               0.000          -44.555           449932.433              1.00000 
  1839.761          11.041    459.975       0.090       2.029                0.071               0.000               0.000          -44.373           449932.504              1.00000 
  1840.761          10.996    459.508       0.090       2.029                0.070               0.000               0.000          -44.193           449932.574              1.00000 
  1841.761          10.952    459.043       0.090       2.029                0.070               0.000               0.000          -44.013           449932.644              1.00000 
  1842.761          10.908    458.579       0.090       2.029                0.069               0.000               0.000          -43.835           449932.713              1.00000 
  1843.761          10.864    458.118       0.090       2.029                0.069               0.000               0.000          -43.658           449932.781              1.00000 
  1844.761          10.821    457.658       0.090       2.029                0.068               0.000               0.000          -43.483           449932.850              1.00000 
  1845.761          10.777    457.200       0.090       2.029                0.068               0.000               0.000          -43.309           449932.917              1.00000 
  1846.761          10.734    456.744       0.090       2.029                0.067               0.000               0.000          -43.136           449932.985              1.00000 
  1847.761          10.690    456.289       0.090       2.029                0.067               0.000               0.000          -42.964           449933.052              1.00000 
  1848.761          10.647    455.837       0.090       2.029                0.067               0.000               0.000          -42.793           449933.118              1.00000 
  1849.761          10.604    455.386       0.090       2.029                0.066               0.000               0.000          -42.623           449933.185              1.00000 
  1850.761          10.561    454.937       0.090       2.029                0.066               0.000               0.000          -42.455           449933.250              1.00000 
  1851.761          10.518    454.490       0.090       2.029                0.065               0.000               0.000          -42.288           449933.316              1.00000 
  1852.761          10.475    454.045       0.090       2.029                0.065               0.000               0.000          -42.122           449933.381              1.00000 
  1853.761          10.433    453.601       0.090       2.029                0.065               0.000               0.000          -41.957           449933.445              1.00000 
  1854.761          10.390    453.159       0.090       2.029                0.064               0.000               0.000          -41.793           449933.510              1.00000 
  1855.761          10.348    452.719       0.090       2.029                0.064               0.000               0.000          -41.631           449933.574              1.00000 
  1856.761          10.306    452.280       0.090       2.029                0.064               0.000               0.000          -41.469           449933.637              1.00000 
  1857.761          10.263    451.844       0.090       2.029                0.063               0.000               0.000          -41.309           449933.700              1.00000 
  1858.761          10.221    451.409       0.090       2.029                0.063               0.000               0.000          -41.149           449933.763              1.00000 
  1859.761          10.179    450.975       0.090       2.029                0.062               0.000               0.000          -40.991           449933.826              1.00000 
  1860.761          10.138    450.543       0.090       2.029                0.062               0.000               0.000          -40.834           449933.888              1.00000 
  1861.761          10.096    450.113       0.090       2.029                0.062               0.000               0.000          -40.678           449933.949              1.00000 
  1862.761          10.054    449.685       0.090       2.029                0.061               0.000               0.000          -40.523           449934.011              1.00000 
  1863.761          10.013    449.258       0.090       2.029                0.061               0.000               0.000          -40.369           449934.072              1.00000 
  1864.761           9.971    448.833       0.090       2.029                0.061               0.000               0.000          -40.215           449934.132              1.00000 
  1865.761           9.930    448.409       0.090       2.029                0.060               0.000               0.000          -40.063           449934.193              1.00000 
  1866.761           9.889    447.987       0.090       2.029                0.060               0.000               0.000          -39.912           449934.253              1.00000 
  1867.761           9.848    447.566       0.090       2.029                0.060               0.000               0.000          -39.762           449934.313              1.00000 
  1868.761           9.807    447.147       0.090       2.029                0.059               0.000               0.000          -39.613           449934.372              1.00000 
  1869.761           9.766    446.730       0.090       2.029                0.059               0.000               0.000          -39.465           449934.431              1.00000 
  1870.761           9.725    446.314       0.090       2.029                0.059               0.000               0.000          -39.318           449934.490              1.00000 
  1871.761           9.684    445.900       0.090       2.029                0.058               0.000               0.000          -39.172           449934.548              1.00000 
  1872.761           9.644    445.487       0.090       2.029                0.058               0.000               0.000          -39.027           449934.606              1.00000 
  1873.761           9.603    445.076       0.090       2.029                0.058               0.000               0.000          -38.882           449934.664              1.00000 
  1874.761           9.563    444.667       0.090       2.029                0.057               0.000               0.000          -38.739           449934.722              1.00000 
  1875.761           9.523    444.258       0.090       2.029                0.057               0.000               0.000          -38.597           449934.779              1.00000 
  1876.761           9.483    443.852       0.090       2.029                0.057               0.000               0.000          -38.455           449934.836              1.00000 
  1877.761           9.442    443.447       0.090       2.029                0.057               0.000               0.000          -38.314           449934.892              1.00000 
  1878.761           9.403    443.043       0.090       2.029                0.056               0.000               0.000          -38.175           449934.948              1.00000 
  1879.761           9.363    442.641       0.090       2.029                0.056               0.000               0.000          -38.036           449935.004              1.00000 
  1880.761           9.323    442.240       0.090       2.029                0.056               0.000               0.000          -37.898           449935.060              1.00000 
  1881.761           9.283    441.841       0.090       2.029                0.055               0.000               0.000          -37.761           449935.115              1.00000 
  1882.761           9.244    441.443       0.090       2.029                0.055               0.000               0.000          -37.625           449935.170              1.00000 
  1883.761           9.204    441.046       0.090       2.029                0.055               0.000               0.000          -37.489           449935.225              1.00000 
  1884.761           9.165    440.651       0.090       2.029                0.055               0.000               0.000          -37.355           449935.280              1.00000 
  1885.761           9.125    440.258       0.090       2.029                0.054               0.000               0.000          -37.221           449935.334              1.00000 
  1886.761           9.086    439.865       0.090       2.029                0.054               0.000               0.000          -37.088           449935.388              1.00000 
  1887.761           9.047    439.475       0.090       2.029                0.054               0.000               0.000          -36.956           449935.442              1.00000 
  1888.761           9.008    439.085       0.090       2.029                0.053               0.000               0.000          -36.825           449935.495              1.00000 
  1889.761           8.969    438.697       0.090       2.029                0.053               0.000               0.000          -36.695           449935.548              1.00000 
  1890.761           8.930    438.310       0.090       2.029                0.053               0.000               0.000          -36.565           449935.601              1.00000 
  1891.761           8.892    437.925       0.090       2.029                0.053               0.000               0.000          -36.437           449935.654              1.00000 
  1892.761           8.853    437.541       0.090       2.029                0.052               0.000               0.000          -36.309           449935.706              1.00000 
  1893.761           8.814    437.159       0.090       2.029                0.052               0.000               0.000          -36.181           449935.758              1.00000 
  1894.761           8.776    436.777       0.090       2.029                0.052               0.000               0.000          -36.055           449935.810              1.00000 
  1895.761           8.737    436.397       0.090       2.029                0.052               0.000               0.000          -35.929           449935.862              1.00000 
  1896.761           8.699    436.019       0.090       2.029                0.051               0.000               0.000          -35.805           449935.913              1.00000 
  1897.761           8.661    435.641       0.090       2.029                0.051               0.000               0.000          -35.681           449935.964              1.00000 
  1898.761           8.623    435.265       0.090       2.029                0.051               0.000               0.000          -35.557           449936.015              1.00000 
  1899.761           8.585    434.891       0.090       2.029                0.051               0.000               0.000          -35.435           449936.065              1.00000 
  1900.761           8.547    434.517       0.090       2.029                0.050               0.000               0.000          -35.313           449936.116              1.00000 
  1901.761           8.509    434.145       0.090       2.029                0.050               0.000               0.000          -35.192           449936.166              1.00000 
  1902.761           8.471    433.774       0.090       2.029                0.050               0.000               0.000          -35.071           449936.215              1.00000 
  1903.761           8.433    433.404       0.090       2.029                0.050               0.000               0.000          -34.951           449936.265              1.00000 
  1904.761           8.396    433.036       0.090       2.029                0.049               0.000               0.000          -34.832           449936.314              1.00000 
  1905.761           8.358    432.669       0.090       2.029                0.049               0.000               0.000          -34.714           449936.363              1.00000 
  1906.761           8.321    432.303       0.090       2.029                0.049               0.000               0.000          -34.597           449936.412              1.00000 
  1907.761           8.284    431.938       0.090       2.029                0.049               0.000               0.000          -34.480           449936.461              1.00000 
  1908.761           8.246    431.575       0.090       2.029                0.048               0.000               0.000          -34.364           449936.509              1.00000 
  1909.761           8.209    431.213       0.090       2.029                0.048               0.000               0.000          -34.248           449936.558              1.00000 
  1910.761           8.172    430.852       0.090       2.029                0.048               0.000               0.000          -34.133           449936.605              1.00000 
  1911.761           8.135    430.492       0.090       2.029                0.048               0.000               0.000          -34.019           449936.653              1.00000 
  1912.761           8.098    430.133       0.090       2.029                0.047               0.000               0.000          -33.906           449936.701              1.00000 
  1913.761           8.061    429.776       0.090       2.029                0.047               0.000               0.000          -33.793           449936.748              1.00000 
  1914.761           8.024    429.420       0.090       2.029                0.047               0.000               0.000          -33.681           449936.795              1.00000 
  1915.761           7.988    429.065       0.090       2.029                0.047               0.000               0.000          -33.569           449936.842              1.00000 
  1916.761           7.951    428.711       0.090       2.029                0.047               0.000               0.000          -33.458           449936.888              1.00000 
  1917.761           7.914    428.358       0.090       2.029                0.046               0.000               0.000          -33.348           449936.935              1.00000 
  1918.761           7.878    428.007       0.090       2.029                0.046               0.000               0.000          -33.238           449936.981              1.00000 
  1919.761           7.842    427.656       0.090       2.029                0.046               0.000               0.000          -33.129           449937.027              1.00000 
  1920.761           7.805    427.307       0.090       2.029                0.046               0.000               0.000          -33.021           449937.073              1.00000 
  1921.761           7.769    426.959       0.090       2.029                0.046               0.000               0.000          -32.913           449937.118              1.00000 
  1922.761           7.733    426.612       0.090       2.029                0.045               0.000               0.000          -32.806           449937.164              1.00000 
  1923.761           7.697    426.266       0.090       2.029                0.045               0.000               0.000          -32.700           449937.209              1.00000 
  1924.761           7.661    425.922       0.090       2.029                0.045               0.000               0.000          -32.594           449937.254              1.00000 
  1925.761           7.625    425.578       0.090       2.029                0.045               0.000               0.000          -32.489           449937.298              1.00000 
  1926.761           7.589    425.236       0.090       2.029                0.045               0.000               0.000          -32.384           449937.343              1.00000 
  1927.761           7.553    424.894       0.090       2.029                0.044               0.000               0.000          -32.280           449937.387              1.00000 
  1928.761           7.517    424.554       0.090       2.029                0.044               0.000               0.000          -32.176           449937.431              1.00000 
  1929.761           7.482    424.215       0.090       2.029                0.044               0.000               0.000          -32.073           449937.475              1.00000 
  1930.761           7.446    423.877       0.090       2.029                0.044               0.000               0.000          -31.971           449937.519              1.00000 
  1931.761           7.411    423.540       0.090       2.029                0.044               0.000               0.000          -31.869           449937.563              1.00000 
  1932.761           7.375    423.204       0.090       2.029                0.043               0.000               0.000          -31.768           449937.606              1.00000 
  1933.761           7.340    422.869       0.090       2.029                0.043               0.000               0.000          -31.667           449937.649              1.00000 
  1934.761           7.305    422.535       0.090       2.029                0.043               0.000               0.000          -31.567           449937.692              1.00000 
  1935.761           7.269    422.202       0.090       2.029                0.043               0.000               0.000          -31.467           449937.735              1.00000 
  1936.761           7.234    421.870       0.090       2.029                0.043               0.000               0.000          -31.368           449937.778              1.00000 
  1937.761           7.199    421.540       0.090       2.029                0.042               0.000               0.000          -31.270           449937.820              1.00000 
  1938.761           7.164    421.210       0.090       2.029                0.042               0.000               0.000          -31.172           449937.862              1.00000 
  1939.761           7.129    420.881       0.090       2.029                0.042               0.000               0.000          -31.075           449937.904              1.00000 
  1940.761           7.094    420.554       0.090       2.029                0.042               0.000               0.000          -30.978           449937.946              1.00000 
  1941.761           7.060    420.227       0.090       2.029                0.042               0.000               0.000          -30.881           449937.988              1.00000 
  1942.761           7.025    419.901       0.090       2.029                0.042               0.000               0.000          -30.786           449938.029              1.00000 
  1943.761           6.990    419.577       0.090       2.029                0.041               0.000               0.000          -30.690           449938.071              1.00000 
  1944.761           6.956    419.253       0.090       2.029                0.041               0.000               0.000          -30.595           449938.112              1.00000 
  1945.761           6.921    418.931       0.090       2.029                0.041               0.000               0.000          -30.501           449938.153              1.00000 
  1946.761           6.887    418.609       0.090       2.029                0.041               0.000               0.000          -30.407           449938.194              1.00000 
  1947.761           6.852    418.288       0.090       2.029                0.041               0.000               0.000          -30.314           449938.234              1.00000 
  1948.761           6.818    417.969       0.090       2.029                0.040               0.000               0.000          -30.221           449938.275              1.00000 
  1949.761           6.784    417.650       0.090       2.029                0.040               0.000               0.000          -30.129           449938.315              1.00000 
  1950.761           6.750    417.332       0.090       2.029                0.040               0.000               0.000          -30.037           449938.355              1.00000 
  1951.761           6.716    417.016       0.090       2.029                0.040               0.000               0.000          -29.946           449938.395              1.00000 
  1952.761           6.682    416.700       0.090       2.029                0.040               0.000               0.000          -29.855           449938.435              1.00000 
  1953.761           6.648    416.385       0.090       2.029                0.040               0.000               0.000          -29.765           449938.475              1.00000 
  1954.761           6.614    416.071       0.090       2.029                0.039               0.000               0.000          -29.675           449938.514              1.00000 
  1955.761           6.580    415.758       0.090       2.029                0.039               0.000               0.000          -29.586           449938.553              1.00000 
  1956.761           6.546    415.446       0.090       2.029                0.039               0.000               0.000          -29.497           449938.593              1.00000 
  1957.761           6.512    415.135       0.090       2.029                0.039               0.000               0.000          -29.408           449938.632              1.00000 
  1958.761           6.479    414.825       0.090       2.029                0.039               0.000               0.000          -29.320           449938.670              1.00000 
  1959.761           6.445    414.516       0.090       2.029                0.039               0.000               0.000          -29.233           449938.709              1.00000 
  1960.761           6.412    414.208       0.090       2.029                0.039               0.000               0.000          -29.146           449938.748              1.00000 
  1961.761           6.378    413.901       0.090       2.029                0.038               0.000               0.000          -29.059           449938.786              1.00000 
  1962.761           6.345    413.594       0.090       2.029                0.038               0.000               0.000          -28.973           449938.824              1.00000 
  1963.761           6.311    413.289       0.090       2.029                0.038               0.000               0.000          -28.887           449938.862              1.00000 
  1964.761           6.278    412.984       0.090       2.029                0.038               0.000               0.000          -28.802           449938.900              1.00000 
  1965.761           6.245    412.680       0.090       2.029                0.038               0.000               0.000          -28.717           449938.938              1.00000 
  1966.761           6.212    412.377       0.090       2.029                0.038               0.000               0.000          -28.633           449938.975              1.00000 
  1967.761           6.179    412.075       0.090       2.029                0.037               0.000               0.000          -28.549           449939.013              1.00000 
  1968.761           6.146    411.774       0.090       2.029                0.037               0.000               0.000          -28.465           449939.050              1.00000 
  1969.761           6.113    411.474       0.090       2.029                0.037               0.000               0.000          -28.382           449939.087              1.00000 
  1970.761           6.080    411.175       0.090       2.029                0.037               0.000               0.000          -28.300           449939.124              1.00000 
  1971.761           6.047    410.876       0.090       2.029                0.037               0.000               0.000          -28.217           449939.161              1.00000 
  1972.761           6.014    410.579       0.090       2.029                0.037               0.000               0.000          -28.136           449939.198              1.00000 
  1973.761           5.981    410.282       0.090       2.029                0.037               0.000               0.000          -28.054           449939.234              1.00000 
  1974.761           5.949    409.986       0.090       2.029                0.036               0.000               0.000          -27.973           449939.271              1.00000 
  1975.761           5.916    409.691       0.090       2.029                0.036               0.000               0.000          -27.893           449939.307              1.00000 
  1976.761           5.883    409.397       0.090       2.029                0.036               0.000               0.000          -27.812           449939.343              1.00000 
  1977.761           5.851    409.104       0.090       2.029                0.036               0.000               0.000          -27.733           449939.379              1.00000 
  1978.761           5.819    408.811       0.090       2.029                0.036               0.000               0.000          -27.653           449939.415              1.00000 
  1979.761           5.786    408.520       0.090       2.029                0.036               0.000               0.000          -27.574           449939.451              1.00000 
  1980.761           5.754    408.229       0.090       2.029                0.036               0.000               0.000          -27.496           449939.486              1.00000 
  1981.761           5.722    407.939       0.090       2.029                0.035               0.000               0.000          -27.417           449939.522              1.00000 
  1982.761           5.689    407.650       0.090       2.029                0.035               0.000               0.000          -27.340           449939.557              1.00000 
  1983.761           5.657    407.361       0.090       2.029                0.035               0.000               0.000          -27.262           449939.592              1.00000 
  1984.761           5.625    407.074       0.090       2.029                0.035               0.000               0.000          -27.185           449939.627              1.00000 
  1985.761           5.593    406.787       0.090       2.029                0.035               0.000               0.000          -27.108           449939.662              1.00000 
  1986.761           5.561    406.501       0.090       2.029                0.035               0.000               0.000          -27.032           449939.697              1.00000 
  1987.761           5.529    406.216       0.090       2.029                0.035               0.000               0.000          -26.956           449939.732              1.00000 
  1988.761           5.497    405.932       0.090       2.029                0.035               0.000               0.000          -26.881           449939.766              1.00000 
  1989.761           5.466    405.648       0.090       2.029                0.034               0.000               0.000          -26.805           449939.801              1.00000 
  1990.761           5.434    405.366       0.090       2.029                0.034               0.000               0.000          -26.731           449939.835              1.00000 
  1991.761           5.402    405.084       0.090       2.029                0.034               0.000               0.000          -26.656           449939.869              1.00000 
  1992.761           5.371    404.802       0.090       2.029                0.034               0.000               0.000          -26.582           449939.903              1.00000 
  1993.761           5.339    404.522       0.090       2.029                0.034               0.000               0.000          -26.508           449939.937              1.00000 
  1994.761           5.307    404.242       0.090       2.029                0.034               0.000               0.000          -26.435           449939.971              1.00000 
  1995.761           5.276    403.964       0.090       2.029                0.034               0.000               0.000          -26.362           449940.004              1.00000 
  1996.761           5.244    403.686       0.090       2.029                0.034               0.000               0.000          -26.289           449940.038              1.00000 
  1997.761           5.213    403.408       0.090       2.029                0.033               0.000               0.000          -26.217           449940.071              1.00000 
  1998.761           5.182    403.132       0.090       2.029                0.033               0.000               0.000          -26.145           449940.104              1.00000 
  1999.761           5.151    402.856       0.090       2.029                0.033               0.000               0.000          -26.073           449940.137              1.00000 
  2000.761           5.119    402.581       0.090       2.029                0.033               0.000               0.000          -26.002           449940.170              1.00000 
  2001.761           5.088    402.307       0.090       2.029                0.033               0.000               0.000          -25.931           449940.203              1.00000 
  2002.761           5.057    402.033       0.090       2.029                0.033               0.000               0.000          -25.861           449940.236              1.00000 
  2003.761           5.026    401.760       0.090       2.029                0.033               0.000               0.000          -25.790           449940.269              1.00000 
  2004.761           4.995    401.488       0.090       2.029                0.033               0.000               0.000          -25.720           449940.301              1.00000 
  2005.761           4.964    401.217       0.090       2.029                0.032               0.000               0.000          -25.651           449940.334              1.00000 
  2006.761           4.933    400.946       0.090       2.029                0.032               0.000               0.000          -25.582           449940.366              1.00000 
  2007.761           4.902    400.677       0.090       2.029                0.032               0.000               0.000          -25.513           449940.398              1.00000 
  2008.761           4.872    400.407       0.090       2.029                0.032               0.000               0.000          -25.444           449940.430              1.00000 
  2009.761           4.841    400.139       0.090       2.029                0.032               0.000               0.000          -25.376           449940.462              1.00000 
  2010.761           4.810    399.871       0.090       2.029                0.032               0.000               0.000          -25.308           449940.494              1.00000 
  2011.761           4.779    399.604       0.090       2.029                0.032               0.000               0.000          -25.240           449940.526              1.00000 
  2012.761           4.749    399.338       0.090       2.029                0.032               0.000               0.000          -25.173           449940.557              1.00000 
  2013.761           4.718    399.073       0.090       2.029                0.032               0.000               0.000          -25.106           449940.589              1.00000 
  2014.761           4.688    398.808       0.090       2.029                0.031               0.000               0.000          -25.039           449940.620              1.00000 
  2015.761           4.657    398.544       0.090       2.029                0.031               0.000               0.000          -24.973           449940.652              1.00000 
  2016.761           4.627    398.280       0.090       2.029                0.031               0.000               0.000          -24.907           449940.683              1.00000 
  2017.761           4.597    398.017       0.090       2.029                0.031               0.000               0.000          -24.841           449940.714              1.00000 
  2018.761           4.566    397.755       0.090       2.029                0.031               0.000               0.000          -24.775           449940.745              1.00000 
  2019.761           4.536    397.494       0.090       2.029                0.031               0.000               0.000          -24.710           449940.776              1.00000 
  2020.761           4.506    397.233       0.090       2.029                0.031               0.000               0.000          -24.645           449940.806              1.00000 
  2021.761           4.476    396.973       0.090       2.029                0.031               0.000               0.000          -24.581           449940.837              1.00000 
  2022.761           4.446    396.714       0.090       2.029                0.031               0.000               0.000          -24.516           449940.868              1.00000 
  2023.761           4.416    396.455       0.090       2.029                0.030               0.000               0.000          -24.452           449940.898              1.00000 
  2024.761           4.386    396.197       0.090       2.029                0.030               0.000               0.000          -24.389           449940.928              1.00000 
  2025.761           4.356    395.940       0.090       2.029                0.030               0.000               0.000          -24.325           449940.959              1.00000 
  2026.761           4.326    395.683       0.090       2.029                0.030               0.000               0.000          -24.262           449940.989              1.00000 
  2027.761           4.296    395.428       0.090       2.029                0.030               0.000               0.000          -24.199           449941.019              1.00000 
  2028.761           4.266    395.172       0.090       2.029                0.030               0.000               0.000          -24.137           449941.049              1.00000 
  2029.761           4.236    394.918       0.090       2.029                0.030               0.000               0.000          -24.074           449941.078              1.00000 
  2030.761           4.207    394.664       0.090       2.029                0.030               0.000               0.000          -24.012           449941.108              1.00000 
  2031.761           4.177    394.410       0.090       2.029                0.030               0.000               0.000          -23.951           449941.138              1.00000 
  2032.761           4.147    394.158       0.090       2.029                0.030               0.000               0.000          -23.889           449941.167              1.00000 
  2033.761           4.118    393.906       0.090       2.029                0.029               0.000               0.000          -23.828           449941.197              1.00000 
  2034.761           4.088    393.654       0.090       2.029                0.029               0.000               0.000          -23.767           449941.226              1.00000 
  2035.761           4.059    393.403       0.090       2.029                0.029               0.000               0.000          -23.707           449941.255              1.00000 
  2036.761           4.029    393.153       0.090       2.029                0.029               0.000               0.000          -23.646           449941.284              1.00000 
  2037.761           4.000    392.904       0.090       2.029                0.029               0.000               0.000          -23.586           449941.313              1.00000 
  2038.761           3.971    392.655       0.090       2.029                0.029               0.000               0.000          -23.526           449941.342              1.00000 
  2039.761           3.941    392.407       0.090       2.029                0.029               0.000               0.000          -23.467           449941.371              1.00000 
  2040.761           3.912    392.159       0.090       2.029                0.029               0.000               0.000          -23.408           449941.400              1.00000 
  2041.761           3.883    391.912       0.090       2.029                0.029               0.000               0.000          -23.349           449941.428              1.00000 
  2042.761           3.854    391.666       0.090       2.029                0.029               0.000               0.000          -23.290           449941.457              1.00000 
  2043.761           3.825    391.420       0.090       2.029                0.028               0.000               0.000          -23.231           449941.485              1.00000 
  2044.761           3.796    391.175       0.090       2.029                0.028               0.000               0.000          -23.173           449941.514              1.00000 
  2045.761           3.766    390.930       0.090       2.029                0.028               0.000               0.000          -23.115           449941.542              1.00000 
  2046.761           3.738    390.687       0.090       2.029                0.028               0.000               0.000          -23.057           449941.570              1.00000 
  2047.761           3.709    390.443       0.090       2.029                0.028               0.000               0.000          -23.000           449941.598              1.00000 
  2048.761           3.680    390.201       0.090       2.029                0.028               0.000               0.000          -22.943           449941.626              1.00000 
  2049.761           3.651    389.959       0.090       2.029                0.028               0.000               0.000          -22.886           449941.654              1.00000 
  2050.761           3.622    389.717       0.090       2.029                0.028               0.000               0.000          -22.829           449941.682              1.00000 
  2051.761           3.593    389.476       0.090       2.029                0.028               0.000               0.000          -22.772           449941.709              1.00000 
  2052.761           3.565    389.236       0.090       2.029                0.028               0.000               0.000          -22.716           449941.737              1.00000 
  2053.761           3.536    388.996       0.090       2.029                0.028               0.000               0.000          -22.660           449941.765              1.00000 
  2054.761           3.507    388.757       0.090       2.029                0.027               0.000               0.000          -22.604           449941.792              1.00000 
  2055.761           3.479    388.519       0.090       2.029                0.027               0.000               0.000          -22.549           449941.819              1.00000 
  2056.761           3.450    388.281       0.090       2.029                0.027               0.000               0.000          -22.494           449941.847              1.00000 
  2057.761           3.422    388.043       0.090       2.029                0.027               0.000               0.000          -22.439           449941.874              1.00000 
  2058.761           3.393    387.807       0.090       2.029                0.027               0.000               0.000          -22.384           449941.901              1.00000 
  2059.761           3.365    387.570       0.090       2.029                0.027               0.000               0.000          -22.329           449941.928              1.00000 
  2060.761           3.336    387.335       0.090       2.029                0.027               0.000               0.000          -22.275           449941.955              1.00000 
  2061.761           3.308    387.100       0.090       2.029                0.027               0.000               0.000          -22.221           449941.982              1.00000 
  2062.761           3.280    386.865       0.090       2.029                0.027               0.000               0.000          -22.167           449942.008              1.00000 
  2063.761           3.251    386.631       0.090       2.029                0.027               0.000               0.000          -22.113           449942.035              1.00000 
  2064.761           3.223    386.398       0.090       2.029                0.027               0.000               0.000          -22.060           449942.062              1.00000 
  2065.761           3.195    386.165       0.090       2.029                0.026               0.000               0.000          -22.006           449942.088              1.00000 
  2066.761           3.167    385.933       0.090       2.029                0.026               0.000               0.000          -21.953           449942.115              1.00000 
  2067.761           3.139    385.701       0.090       2.029                0.026               0.000               0.000          -21.901           449942.141              1.00000 
  2068.761           3.111    385.470       0.090       2.029                0.026               0.000               0.000          -21.848           449942.167              1.00000 
  2069.761           3.083    385.240       0.090       2.029                0.026               0.000               0.000          -21.796           449942.193              1.00000 
  2070.761           3.055    385.010       0.090       2.029                0.026               0.000               0.000          -21.744           449942.219              1.00000 
  2071.761           3.027    384.780       0.090       2.029                0.026               0.000               0.000          -21.692           449942.245              1.00000 
  2072.761           2.999    384.551       0.090       2.029                0.026               0.000               0.000          -21.640           449942.271              1.00000 
  2073.761           2.971    384.323       0.090       2.029                0.026               0.000               0.000          -21.589           449942.297              1.00000 
  2074.761           2.943    384.095       0.090       2.029                0.026               0.000               0.000          -21.538           449942.323              1.00000 
  2075.761           2.915    383.868       0.090       2.029                0.026               0.000               0.000          -21.487           449942.349              1.00000 
  2076.761           2.888    383.641       0.090       2.029                0.026               0.000               0.000          -21.436           449942.374              1.00000 
  2077.761           2.860    383.415       0.090       2.029                0.026               0.000               0.000          -21.385           449942.400              1.00000 
  2078.761           2.832    383.189       0.090       2.029                0.025               0.000               0.000          -21.335           449942.425              1.00000 
  2079.761           2.805    382.964       0.090       2.029                0.025               0.000               0.000          -21.285           449942.451              1.00000 
  2080.761           2.777    382.739       0.090       2.029                0.025               0.000               0.000          -21.235           449942.476              1.00000 
  2081.761           2.750    382.515       0.090       2.029                0.025               0.000               0.000          -21.185           449942.501              1.00000 
  2082.761           2.722    382.292       0.090       2.029                0.025               0.000               0.000          -21.135           449942.526              1.00000 
  2083.761           2.695    382.069       0.090       2.029                0.025               0.000               0.000          -21.086           449942.551              1.00000 
  2084.761           2.667    381.846       0.090       2.029                0.025               0.000               0.000          -21.037           449942.576              1.00000 
  2085.761           2.640    381.624       0.090       2.029                0.025               0.000               0.000          -20.988           449942.601              1.00000 
  2086.761           2.613    381.403       0.090       2.029                0.025               0.000               0.000          -20.939           449942.626              1.00000 
  2087.761           2.585    381.182       0.090       2.029                0.025               0.000               0.000          -20.890           449942.651              1.00000 
  2088.761           2.558    380.961       0.090       2.029                0.025               0.000               0.000          -20.842           449942.675              1.00000 
  2089.761           2.531    380.741       0.090       2.029                0.025               0.000               0.000          -20.794           449942.700              1.00000 
  2090.761           2.504    380.522       0.090       2.029                0.025               0.000               0.000          -20.746           449942.725              1.00000 
  2091.761           2.476    380.303       0.090       2.029                0.024               0.000               0.000          -20.698           449942.749              1.00000 
  2092.761           2.449    380.085       0.090       2.029                0.024               0.000               0.000          -20.650           449942.774              1.00000 
  2093.761           2.422    379.867       0.090       2.029                0.024               0.000               0.000          -20.603           449942.798              1.00000 
  2094.761           2.395    379.649       0.090       2.029                0.024               0.000               0.000          -20.556           449942.822              1.00000 
  2095.761           2.368    379.432       0.090       2.029                0.024               0.000               0.000          -20.509           449942.846              1.00000 
  2096.761           2.341    379.216       0.090       2.029                0.024               0.000               0.000          -20.462           449942.870              1.00000 
  2097.761           2.314    379.000       0.090       2.029                0.024               0.000               0.000          -20.415           449942.894              1.00000 
  2098.761           2.287    378.784       0.090       2.029                0.024               0.000               0.000          -20.369           449942.918              1.00000 
  2099.761           2.260    378.569       0.090       2.029                0.024               0.000               0.000          -20.323           449942.942              1.00000 
  2100.761           2.234    378.355       0.090       2.029                0.024               0.000               0.000          -20.276           449942.966              1.00000 
  2101.761           2.207    378.141       0.090       2.029                0.024               0.000               0.000          -20.231           449942.990              1.00000 
  2102.761           2.180    377.927       0.090       2.029                0.024               0.000               0.000          -20.185           449943.014              1.00000 
  2103.761           2.153    377.714       0.090       2.029                0.024               0.000               0.000          -20.139           449943.037              1.00000 
  2104.761           2.127    377.502       0.090       2.029                0.024               0.000               0.000          -20.094           449943.061              1.00000 
  2105.761           2.100    377.290       0.090       2.029                0.023               0.000               0.000          -20.049           449943.084              1.00000 
  2106.761           2.073    377.078       0.090       2.029                0.023               0.000               0.000          -20.004           449943.108              1.00000 
  2107.761           2.047    376.867       0.090       2.029                0.023               0.000               0.000          -19.959           449943.131              1.00000 
  2108.761           2.020    376.656       0.090       2.029                0.023               0.000               0.000          -19.914           449943.154              1.00000 
  2109.761           1.994    376.446       0.090       2.029                0.023               0.000               0.000          -19.870           449943.178              1.00000 
  2110.761           1.967    376.236       0.090       2.029                0.023               0.000               0.000          -19.825           449943.201              1.00000 
  2111.761           1.941    376.027       0.090       2.029                0.023               0.000               0.000          -19.781           449943.224              1.00000 
  2112.761           1.915    375.818       0.090       2.029                0.023               0.000               0.000          -19.737           449943.247              1.00000 
  2113.761           1.888    375.610       0.090       2.029                0.023               0.000               0.000          -19.694           449943.270              1.00000 
  2114.761           1.862    375.402       0.090       2.029                0.023               0.000               0.000          -19.650           449943.293              1.00000 
  2115.761           1.836    375.195       0.090       2.029                0.023               0.000               0.000          -19.606           449943.316              1.00000 
  2116.761           1.809    374.988       0.090       2.029                0.023               0.000               0.000          -19.563           449943.338              1.00000 
  2117.761           1.783    374.781       0.090       2.029                0.023               0.000               0.000          -19.520           449943.361              1.00000 
  2118.761           1.757    374.575       0.090       2.029                0.023               0.000               0.000          -19.477           449943.384              1.00000 
  2119.761           1.731    374.370       0.090       2.029                0.023               0.000               0.000          -19.434           449943.406              1.00000 
  2120.761           1.705    374.165       0.090       2.029                0.023               0.000               0.000          -19.392           449943.429              1.00000 
  2121.761           1.679    373.960       0.090       2.029                0.022               0.000               0.000          -19.349           449943.451              1.00000 
  2122.761           1.653    373.756       0.090       2.029                0.022               0.000               0.000          -19.307           449943.474              1.00000 
  2123.761           1.627    373.552       0.090       2.029                0.022               0.000               0.000          -19.265           449943.496              1.00000 
  2124.761           1.601    373.349       0.090       2.029                0.022               0.000               0.000          -19.223           449943.518              1.00000 
  2125.761           1.575    373.146       0.090       2.029                0.022               0.000               0.000          -19.181           449943.540              1.00000 
  2126.761           1.549    372.943       0.090       2.029                0.022               0.000               0.000          -19.139           449943.562              1.00000 
  2127.761           1.523    372.741       0.090       2.029                0.022               0.000               0.000          -19.098           449943.584              1.00000 
  2128.761           1.497    372.540       0.090       2.029                0.022               0.000               0.000          -19.056           449943.607              1.00000 
  2129.761           1.471    372.339       0.090       2.029                0.022               0.000               0.000          -19.015           449943.628              1.00000 
  2130.761           1.445    372.138       0.090       2.029                0.022               0.000               0.000          -18.974           449943.650              1.00000 
  2131.761           1.420    371.938       0.090       2.029                0.022               0.000               0.000          -18.933           449943.672              1.00000 
  2132.761           1.394    371.738       0.090       2.029                0.022               0.000               0.000          -18.893           449943.694              1.00000 
  2133.761           1.368    371.538       0.090       2.029                0.022               0.000               0.000          -18.852           449943.716              1.00000 
  2134.761           1.343    371.339       0.090       2.029                0.022               0.000               0.000          -18.812           449943.737              1.00000 
  2135.761           1.317    371.141       0.090       2.029                0.022               0.000               0.000          -18.771           449943.759              1.00000 
  2136.761           1.291    370.943       0.090       2.029                0.022               0.000               0.000          -18.731           449943.780              1.00000 
  2137.761           1.266    370.745       0.090       2.029                0.021               0.000               0.000          -18.691           449943.802              1.00000 
  2138.761           1.240    370.548       0.090       2.029                0.021               0.000               0.000          -18.651           449943.823              1.00000 
  2139.761           1.215    370.351       0.090       2.029                0.021               0.000               0.000          -18.612           449943.845              1.00000 
  2140.761           1.189    370.154       0.090       2.029                0.021               0.000               0.000          -18.572           449943.866              1.00000 
  2141.761           1.164    369.958       0.090       2.029                0.021               0.000               0.000          -18.533           449943.887              1.00000 
  2142.761           1.138    369.763       0.090       2.029                0.021               0.000               0.000          -18.494           449943.908              1.00000 
  2143.761           1.113    369.567       0.090       2.029                0.021               0.000               0.000          -18.455           449943.930              1.00000 
  2144.761           1.088    369.373       0.090       2.029                0.021               0.000               0.000          -18.416           449943.951              1.00000 
  2145.761           1.062    369.178       0.090       2.029                0.021               0.000               0.000          -18.377           449943.972              1.00000 
  2146.761           1.037    368.984       0.090       2.029                0.021               0.000               0.000          -18.338           449943.993              1.00000 
  2147.761           1.012    368.791       0.090       2.029                0.021               0.000               0.000          -18.300           449944.014              1.00000 
  2148.761           0.987    368.597       0.090       2.029                0.021               0.000               0.000          -18.261           449944.034              1.00000 
  2149.761           0.962    368.405       0.090       2.029                0.021               0.000               0.000          -18.223           449944.055              1.00000 
  2150.761           0.936    368.212       0.090       2.029                0.021               0.000               0.000          -18.185           449944.076              1.00000 
  2151.761           0.911    368.020       0.090       2.029                0.021               0.000               0.000          -18.147           449944.097              1.00000 
  2152.761           0.886    367.829       0.090       2.029                0.021               0.000               0.000          -18.109           449944.117              1.00000 
  2153.761           0.861    367.638       0.090       2.029                0.021               0.000               0.000          -18.071           449944.138              1.00000 
  2154.761           0.836    367.447       0.090       2.029                0.021               0.000               0.000          -18.034           449944.158              1.00000 
  2155.761           0.811    367.256       0.090       2.029                0.020               0.000               0.000          -17.997           449944.179              1.00000 
  2156.761           0.786    367.066       0.090       2.029                0.020               0.000               0.000          -17.959           449944.199              1.00000 
  2157.761           0.761    366.877       0.090       2.029                0.020               0.000               0.000          -17.922           449944.220              1.00000 
  2158.761           0.736    366.688       0.090       2.029                0.020               0.000               0.000          -17.885           449944.240              1.00000 
  2159.761           0.712    366.499       0.090       2.029                0.020               0.000               0.000          -17.848           449944.260              1.00000 
  2160.761           0.687    366.310       0.090       2.029                0.020               0.000               0.000          -17.812           449944.280              1.00000 
  2161.761           0.662    366.122       0.090       2.029                0.020               0.000               0.000          -17.775           449944.300              1.00000 
  2162.761           0.637    365.935       0.090       2.029                0.020               0.000               0.000          -17.738           449944.321              1.00000 
  2163.761           0.612    365.747       0.090       2.029                0.020               0.000               0.000          -17.702           449944.341              1.00000 
  2164.761           0.588    365.561       0.090       2.029                0.020               0.000               0.000          -17.666           449944.361              1.00000 
  2165.761           0.563    365.374       0.090       2.029                0.020               0.000               0.000          -17.630           449944.381              1.00000 
  2166.761           0.538    365.188       0.090       2.029                0.020               0.000               0.000          -17.594           449944.400              1.00000 
  2167.761           0.514    365.002       0.090       2.029                0.020               0.000               0.000          -17.558           449944.420              1.00000 
  2168.761           0.489    364.817       0.090       2.029                0.020               0.000               0.000          -17.522           449944.440              1.00000 
  2169.761           0.465    364.632       0.090       2.029                0.020               0.000               0.000          -17.487           449944.460              1.00000 
  2170.761           0.440    364.447       0.090       2.029                0.020               0.000               0.000          -17.451           449944.479              1.00000 
  2171.761           0.415    364.263       0.090       2.029                0.020               0.000               0.000          -17.416           449944.499              1.00000 
  2172.761           0.391    364.079       0.090       2.029                0.020               0.000               0.000          -17.381           449944.519              1.00000 
  2173.761           0.367    363.896       0.090       2.029                0.020               0.000               0.000          -17.346           449944.538              1.00000 
  2174.761           0.342    363.713       0.090       2.029                0.019               0.000               0.000          -17.311           449944.558              1.00000 
  2175.761           0.318    363.530       0.090       2.029                0.019               0.000               0.000          -17.276           449944.577              1.00000 
  2176.761           0.293    363.347       0.090       2.029                0.019               0.000               0.000          -17.241           449944.597              1.00000 
  2177.761           0.269    363.165       0.090       2.029                0.019               0.000               0.000          -17.207           449944.616              1.00000 
  2178.761           0.245    362.984       0.090       2.029                0.019               0.000               0.000          -17.172           449944.635              1.00000 
  2179.761           0.220    362.802       0.090       2.029                0.019               0.000               0.000          -17.138           449944.654              1.00000 
  2180.761           0.196    362.622       0.090       2.029                0.019               0.000               0.000          -17.104           449944.674              1.00000 
  2181.761           0.172    362.441       0.090       2.029                0.019               0.000               0.000          -17.070           449944.693              1.00000 
  2182.761           0.148    362.261       0.090       2.029                0.019               0.000               0.000          -17.036           449944.712              1.00000 
  2183.761           0.124    362.081       0.090       2.029                0.019               0.000               0.000          -17.002           449944.731              1.00000 
  2184.761           0.099    361.901       0.090       2.029                0.019               0.000               0.000          -16.968           449944.750              1.00000 
  2185.761           0.075    361.722       0.090       2.029                0.019               0.000               0.000          -16.934           449944.769              1.00000 
  2186.761           0.051    361.543       0.090       2.029                0.019               0.000               0.000          -16.901           449944.788              1.00000 
  2187.761           0.027    361.365       0.090       2.029                0.019               0.000               0.000          -16.868           449944.807              1.00000 
  2188.761           0.003    361.187       0.090       2.029                0.019               0.000               0.000          -16.834           449944.825              1.00000 
  2189.761           0.000    361.009       0.090       2.029                0.019               0.000               0.000          -16.801           449944.844              1.00000 
