#_______________________________________________________________________________
#    ######   ####     ##             #####   #####     ##    #    #    ## 
#    #       #        #  #            #    #  #    #   #  #   ##  ##   #  #
#    #####    ####   ######           #    #  #####   ######  # ## #  ######
#    #            #  #    #           #    #  #    #  #    #  #    #  #    #
#____######__#####___#____#___________#####___#____#__#____#__#____#__#____#____
#
#              ESA Debris Risk Assessment and Mitigation Analysis
#
#                      ---- DRAMA ( SESAM 2.3.0 ) ----
#                                      ESA 2018
#
#                              aerothermal history file
#-------------------------------------------------------------------------------
# Filename      : PySara.ANTENNA.ef1decee-a1e9-480f-b2d1-264eddd0b744_AeroThermalHistory.txt
# RunID         : PySara
# ObjectID      : ef1decee-a1e9-480f-b2d1-264eddd0b744
# ObjectName    : ANTENNA
# ReferenceArea : 0.0081 [m^2]
# Content       : This file contains the aerothermal data of the object,
#                 computed by the DRAMA 3 Re-entry Analysis.
# Documentation : DRAMA Software User Manual, section OPERATIONS MANUAL / Normal operation / SARA / SARA Simulation Output / Re-entry simulation output
# Note          : The convective heat and the integrated heat values in this file take into account the visibility factor
#
#------------------------------------------------------------------------------------------------------------------------------------------------------------------------------------
# Time [s]   Altitude [km]   Temp [K]   Mass [kg]  Thick [mm]  Convective Heat [W]  Radiative Heat [W]  Oxidation Heat [W]  Rad Cooling [W]  Integrated Heat [J] VisibilityFactor [-]
#------------------------------------------------------------------------------------------------------------------------------------------------------------------------------------
  1370.750          90.959    300.000       0.089       0.550             1121.588               0.000               0.000           -6.479                0.000              1.00000 
  1370.850          90.949    302.642       0.089       0.550             1123.587               0.000               0.000           -6.479              112.359              1.00000 
  1371.300          90.903    314.619       0.089       0.550             1133.840               0.000               0.000           -6.711              622.587              1.00000 
  1372.300          90.803    341.658       0.089       0.550             1159.625               0.000               0.000           -7.838             1782.212              1.00000 
  1373.300          90.701    369.028       0.089       0.550             1192.071               0.000               0.000          -10.900             2974.283              1.00000 
  1374.300          90.599    396.717       0.089       0.550             1224.394               0.000               0.000          -14.835             4198.676              1.00000 
  1375.300          90.496    424.707       0.089       0.550             1256.667               0.000               0.000          -19.814             5455.343              1.00000 
  1376.300          90.393    452.973       0.089       0.550             1288.952               0.000               0.000          -26.026             6744.295              1.00000 
  1377.300          90.289    481.487       0.089       0.550             1321.302               0.000               0.000          -33.677             8065.597              1.00000 
  1378.300          90.185    510.226       0.089       0.550             1353.758               0.000               0.000          -42.991             9419.355              1.00000 
  1379.300          90.080    539.156       0.089       0.550             1386.360               0.000               0.000          -54.212            10805.714              1.00000 
  1380.300          89.974    568.237       0.089       0.550             1419.140               0.000               0.000          -67.593            12224.854              1.00000 
  1381.300          89.868    597.423       0.089       0.550             1452.127               0.000               0.000          -83.399            13676.981              1.00000 
  1382.300          89.760    626.670       0.089       0.550             1485.345               0.000               0.000         -101.900            15162.326              1.00000 
  1383.300          89.653    655.921       0.089       0.550             1518.820               0.000               0.000         -123.367            16681.146              1.00000 
  1384.300          89.544    685.115       0.089       0.550             1552.571               0.000               0.000         -148.065            18233.717              1.00000 
  1385.300          89.435    714.188       0.089       0.550             1586.617               0.000               0.000         -176.238            19820.334              1.00000 
  1386.300          89.325    743.166       0.089       0.550             1620.977               0.000               0.000         -208.111            21441.311              1.00000 
  1387.300          89.214    772.015       0.089       0.550             1655.677               0.000               0.000         -243.998            23096.988              1.00000 
  1388.300          89.103    800.670       0.089       0.550             1690.736               0.000               0.000         -284.150            24787.723              1.00000 
  1389.300          88.990    829.039       0.089       0.550             1726.167               0.000               0.000         -328.744            26513.890              1.00000 
  1390.300          88.877    856.874       0.089       0.550             1761.983               0.000               0.000         -377.871            28275.872              1.00000 
  1391.300          88.763    883.971       0.089       0.550             1798.186               0.000               0.000         -431.233            30074.058              1.00000 
  1392.300          88.648    910.172       0.089       0.550             1834.783               0.000               0.000         -488.424            31908.841              1.00000 
  1393.300          88.532    935.646       0.089       0.550             1871.790               0.000               0.000         -548.956            33780.631              1.00000 
  1394.300          88.416    960.448       0.089       0.550             1909.238               0.000               0.000         -613.041            35689.869              1.00000 
  1395.300          88.298    984.567       0.089       0.550             1947.149               0.000               0.000         -680.675            37637.018              1.00000 
  1396.300          88.180   1007.964       0.089       0.550             1985.539               0.000               0.000         -751.668            39622.558              1.00000 
  1397.300          88.061   1030.604       0.089       0.550             2024.423               0.000               0.000         -825.703            41646.981              1.00000 
  1398.300          87.940   1052.461       0.089       0.550             2063.814               0.000               0.000         -902.427            43710.794              1.00000 
  1399.300          87.819   1073.511       0.089       0.550             2103.724               0.000               0.000         -981.452            45814.519              1.00000 
  1400.300          87.697   1093.741       0.089       0.550             2144.168               0.000               0.000        -1062.357            47958.687              1.00000 
  1401.300          87.574   1113.142       0.089       0.550             2185.158               0.000               0.000        -1144.729            50143.845              1.00000 
  1402.300          87.449   1131.711       0.089       0.550             2226.707               0.000               0.000        -1228.137            52370.552              1.00000 
  1403.300          87.324   1149.455       0.089       0.550             2268.827               0.000               0.000        -1312.161            54639.379              1.00000 
  1404.300          87.198   1166.385       0.089       0.550             2311.530               0.000               0.000        -1396.409            56950.910              1.00000 
  1405.300          87.070   1182.521       0.089       0.550             2354.830               0.000               0.000        -1480.514            59305.739              1.00000 
  1406.300          86.942   1197.886       0.089       0.550             2398.738               0.000               0.000        -1564.155            61704.477              1.00000 
  1407.300          86.812   1212.510       0.089       0.550             2443.268               0.000               0.000        -1647.049            64147.745              1.00000 
  1408.300          86.682   1226.427       0.089       0.550             2488.433               0.000               0.000        -1728.962            66636.178              1.00000 
  1409.300          86.550   1239.673       0.089       0.550             2534.251               0.000               0.000        -1809.719            69170.429              1.00000 
  1410.300          86.417   1252.289       0.089       0.550             2580.736               0.000               0.000        -1889.180            71751.165              1.00000 
  1411.300          86.282   1264.315       0.089       0.550             2627.904               0.000               0.000        -1967.262            74379.069              1.00000 
  1412.300          86.147   1275.792       0.089       0.550             2675.788               0.000               0.000        -2043.927            77054.857              1.00000 
  1413.300          86.010   1286.762       0.089       0.550             2724.402               0.000               0.000        -2119.159            79779.259              1.00000 
  1414.300          85.872   1297.204       0.089       0.550             2770.314               0.000               0.000        -2192.991            82549.573              1.00000 
  1415.300          85.733   1307.153       0.089       0.550             2816.230               0.000               0.000        -2265.050            85365.804              1.00000 
  1416.300          85.592   1316.651       0.089       0.550             2862.646               0.000               0.000        -2335.343            88228.450              1.00000 
  1417.300          85.451   1325.739       0.089       0.550             2909.545               0.000               0.000        -2403.960            91137.995              1.00000 
  1418.300          85.308   1334.456       0.089       0.550             2956.931               0.000               0.000        -2471.021            94094.926              1.00000 
  1419.300          85.163   1342.838       0.089       0.550             3004.794               0.000               0.000        -2536.655            97099.720              1.00000 
  1420.300          85.017   1350.917       0.089       0.550             3053.124               0.000               0.000        -2600.992           100152.844              1.00000 
  1421.300          84.870   1358.723       0.089       0.550             3101.920               0.000               0.000        -2664.151           103254.764              1.00000 
  1422.300          84.721   1366.286       0.089       0.550             3151.161               0.000               0.000        -2726.269           106405.925              1.00000 
  1423.300          84.571   1373.630       0.089       0.550             3200.847               0.000               0.000        -2787.473           109606.772              1.00000 
  1424.300          84.420   1380.777       0.089       0.550             3250.952               0.000               0.000        -2847.889           112857.724              1.00000 
  1425.300          84.267   1387.748       0.089       0.550             3301.477               0.000               0.000        -2907.628           116159.201              1.00000 
  1426.300          84.112   1394.559       0.089       0.550             3352.393               0.000               0.000        -2966.786           119511.594              1.00000 
  1427.300          83.956   1401.227       0.089       0.550             3403.693               0.000               0.000        -3025.460           122915.287              1.00000 
  1428.300          83.799   1407.766       0.089       0.550             3455.354               0.000               0.000        -3083.743           126370.641              1.00000 
  1429.300          83.639   1414.189       0.089       0.550             3507.354               0.000               0.000        -3141.712           129877.996              1.00000 
  1430.300          83.479   1420.505       0.089       0.550             3559.683               0.000               0.000        -3199.439           133437.678              1.00000 
  1431.300          83.316   1426.722       0.089       0.550             3612.298               0.000               0.000        -3256.981           137049.976              1.00000 
  1432.300          83.152   1432.848       0.089       0.550             3665.191               0.000               0.000        -3314.375           140715.167              1.00000 
  1433.300          82.987   1438.889       0.089       0.550             3718.333               0.000               0.000        -3371.667           144433.500              1.00000 
  1434.300          82.820   1444.852       0.089       0.550             3771.685               0.000               0.000        -3428.894           148205.184              1.00000 
  1435.300          82.651   1450.740       0.089       0.550             3825.229               0.000               0.000        -3486.083           152030.414              1.00000 
  1436.300          82.480   1456.556       0.089       0.550             3878.932               0.000               0.000        -3543.255           155909.346              1.00000 
  1437.300          82.308   1462.303       0.089       0.550             3932.747               0.000               0.000        -3600.422           159842.093              1.00000 
  1438.300          82.133   1467.981       0.089       0.550             3986.650               0.000               0.000        -3657.581           163828.743              1.00000 
  1439.300          81.957   1473.593       0.089       0.550             4040.602               0.000               0.000        -3714.725           167869.345              1.00000 
  1440.300          81.780   1479.139       0.089       0.550             4094.561               0.000               0.000        -3771.852           171963.906              1.00000 
  1441.300          81.600   1484.618       0.089       0.550             4148.474               0.000               0.000        -3828.952           176112.380              1.00000 
  1442.300          81.419   1490.032       0.089       0.550             4202.306               0.000               0.000        -3886.008           180314.686              1.00000 
  1443.300          81.235   1495.379       0.089       0.550             4256.009               0.000               0.000        -3942.998           184570.695              1.00000 
  1444.300          81.050   1500.657       0.089       0.550             4309.531               0.000               0.000        -3999.898           188880.226              1.00000 
  1445.300          80.863   1505.864       0.089       0.550             4362.819               0.000               0.000        -4056.670           193243.046              1.00000 
  1446.300          80.674   1510.999       0.089       0.550             4415.817               0.000               0.000        -4113.270           197658.862              1.00000 
  1447.300          80.483   1516.060       0.089       0.550             4468.462               0.000               0.000        -4169.663           202127.324              1.00000 
  1448.300          80.290   1521.044       0.089       0.550             4520.696               0.000               0.000        -4225.805           206648.020              1.00000 
  1449.300          80.095   1525.949       0.089       0.550             4572.454               0.000               0.000        -4281.650           211220.474              1.00000 
  1450.300          79.898   1530.772       0.089       0.550             4623.670               0.000               0.000        -4337.148           215844.144              1.00000 
  1451.300          79.699   1535.510       0.089       0.550             4674.275               0.000               0.000        -4392.243           220518.419              1.00000 
  1452.300          79.497   1540.159       0.089       0.550             4724.194               0.000               0.000        -4446.878           225242.613              1.00000 
  1453.300          79.294   1544.716       0.089       0.550             4773.351               0.000               0.000        -4500.981           230015.964              1.00000 
  1454.300          79.089   1549.176       0.089       0.550             4821.670               0.000               0.000        -4554.480           234837.634              1.00000 
  1455.300          78.881   1553.537       0.089       0.550             4869.066               0.000               0.000        -4607.311           239706.700              1.00000 
  1456.300          78.671   1557.793       0.089       0.550             4915.455               0.000               0.000        -4659.402           244622.155              1.00000 
  1457.300          78.460   1561.942       0.089       0.550             4960.747               0.000               0.000        -4710.680           249582.902              1.00000 
  1458.300          78.245   1565.979       0.089       0.550             5004.853               0.000               0.000        -4761.066           254587.755              1.00000 
  1459.300          78.029   1569.900       0.089       0.550             5047.681               0.000               0.000        -4810.480           259635.436              1.00000 
  1460.300          77.811   1573.699       0.089       0.550             5089.135               0.000               0.000        -4858.835           264724.571              1.00000 
  1461.300          77.590   1577.373       0.089       0.550             5129.116               0.000               0.000        -4906.046           269853.688              1.00000 
  1462.300          77.367   1580.916       0.089       0.550             5167.522               0.000               0.000        -4952.018           275021.209              1.00000 
  1463.300          77.141   1584.321       0.089       0.550             5204.242               0.000               0.000        -4996.651           280225.451              1.00000 
  1464.300          76.914   1587.586       0.089       0.550             5239.178               0.000               0.000        -5039.850           285464.629              1.00000 
  1465.300          76.684   1590.704       0.089       0.550             5272.224               0.000               0.000        -5081.518           290736.853              1.00000 
  1466.300          76.451   1593.670       0.089       0.550             5303.261               0.000               0.000        -5121.556           296040.114              1.00000 
  1467.300          76.216   1596.479       0.089       0.550             5332.181               0.000               0.000        -5159.862           301372.296              1.00000 
  1468.300          75.979   1599.124       0.089       0.550             5358.878               0.000               0.000        -5196.331           306731.174              1.00000 
  1469.300          75.740   1601.600       0.089       0.550             5383.226               0.000               0.000        -5230.859           312114.400              1.00000 
  1470.300          75.498   1603.902       0.089       0.550             5405.119               0.000               0.000        -5263.335           317519.519              1.00000 
  1471.300          75.254   1606.022       0.089       0.550             5424.443               0.000               0.000        -5293.653           322943.962              1.00000 
  1472.300          75.007   1607.955       0.089       0.550             5441.077               0.000               0.000        -5321.702           328385.039              1.00000 
  1473.300          74.758   1609.695       0.089       0.550             5454.919               0.000               0.000        -5347.372           333839.958              1.00000 
  1474.300          74.506   1611.236       0.089       0.550             5465.844               0.000               0.000        -5370.555           339305.802              1.00000 
  1475.300          74.252   1612.570       0.089       0.550             5473.755               0.000               0.000        -5391.140           344779.556              1.00000 
  1476.300          73.995   1613.692       0.089       0.550             5478.535               0.000               0.000        -5409.021           350258.092              1.00000 
  1477.300          73.736   1614.595       0.089       0.550             5480.087               0.000               0.000        -5424.090           355738.178              1.00000 
  1478.300          73.475   1615.273       0.089       0.550             5478.311               0.000               0.000        -5436.245           361216.489              1.00000 
  1479.300          73.211   1615.720       0.089       0.550             5473.104               0.000               0.000        -5445.384           366689.593              1.00000 
  1480.300          72.944   1615.929       0.089       0.550             5464.388               0.000               0.000        -5451.410           372153.981              1.00000 
  1481.300          72.675   1615.894       0.089       0.550             5452.074               0.000               0.000        -5454.233           377606.056              1.00000 
  1482.300          72.404   1615.610       0.089       0.550             5436.084               0.000               0.000        -5453.763           383042.139              1.00000 
  1483.300          72.130   1615.069       0.089       0.550             5416.356               0.000               0.000        -5449.919           388458.495              1.00000 
  1484.300          71.854   1614.266       0.089       0.550             5392.828               0.000               0.000        -5442.626           393851.323              1.00000 
  1485.300          71.575   1613.165       0.089       0.550             5363.542               0.000               0.000        -5431.815           399214.864              1.00000 
  1486.300          71.294   1611.753       0.089       0.550             5329.509               0.000               0.000        -5417.013           404544.374              1.00000 
  1487.300          71.011   1610.033       0.089       0.550             5291.527               0.000               0.000        -5398.073           409835.900              1.00000 
  1488.300          70.725   1608.004       0.089       0.550             5249.522               0.000               0.000        -5375.062           415085.422              1.00000 
  1489.300          70.436   1605.665       0.089       0.550             5203.435               0.000               0.000        -5348.020           420288.858              1.00000 
  1490.300          70.146   1603.013       0.089       0.550             5153.217               0.000               0.000        -5316.969           425442.074              1.00000 
  1491.300          69.853   1600.043       0.089       0.550             5098.832               0.000               0.000        -5281.924           430540.906              1.00000 
  1492.300          69.557   1596.751       0.089       0.550             5040.259               0.000               0.000        -5242.891           435581.166              1.00000 
  1493.300          69.260   1593.132       0.089       0.550             4977.494               0.000               0.000        -5199.880           440558.659              1.00000 
  1494.300          68.960   1589.181       0.089       0.550             4910.546               0.000               0.000        -5152.902           445469.206              1.00000 
  1495.300          68.658   1584.893       0.089       0.550             4839.445               0.000               0.000        -5101.973           450308.651              1.00000 
  1496.300          68.353   1580.261       0.089       0.550             4764.236               0.000               0.000        -5047.120           455072.887              1.00000 
  1497.300          68.047   1575.281       0.089       0.550             4684.984               0.000               0.000        -4988.380           459757.870              1.00000 
  1498.300          67.738   1569.949       0.089       0.550             4601.773               0.000               0.000        -4925.802           464359.644              1.00000 
  1499.300          67.427   1564.262       0.089       0.550             4514.709               0.000               0.000        -4859.448           468874.353              1.00000 
  1500.300          67.115   1558.216       0.089       0.550             4423.913               0.000               0.000        -4789.411           473298.266              1.00000 
  1501.300          66.800   1551.808       0.089       0.550             4329.532               0.000               0.000        -4715.794           477627.798              1.00000 
  1502.300          66.483   1545.037       0.089       0.550             4231.730               0.000               0.000        -4638.705           481859.528              1.00000 
  1503.300          66.165   1537.901       0.089       0.550             4130.692               0.000               0.000        -4558.271           485990.221              1.00000 
  1504.300          65.845   1530.398       0.089       0.550             4026.620               0.000               0.000        -4474.634           490016.841              1.00000 
  1505.300          65.523   1522.531       0.089       0.550             3919.740               0.000               0.000        -4387.953           493936.581              1.00000 
  1506.300          65.199   1514.302       0.089       0.550             3810.297               0.000               0.000        -4298.417           497746.878              1.00000 
  1507.300          64.874   1505.715       0.089       0.550             3698.550               0.000               0.000        -4206.248           501445.427              1.00000 
  1508.300          64.547   1496.772       0.089       0.550             3584.772               0.000               0.000        -4111.647           505030.199              1.00000 
  1509.300          64.218   1487.478       0.089       0.550             3469.254               0.000               0.000        -4014.832           508499.453              1.00000 
  1510.300          63.889   1477.824       0.089       0.550             3351.396               0.000               0.000        -3916.032           511850.849              1.00000 
  1511.300          63.558   1467.805       0.089       0.550             3231.419               0.000               0.000        -3815.356           515082.267              1.00000 
  1512.300          63.225   1457.435       0.089       0.550             3110.784               0.000               0.000        -3712.937           518193.051              1.00000 
  1513.300          62.892   1446.729       0.089       0.550             2989.828               0.000               0.000        -3609.119           521182.879              1.00000 
  1514.300          62.557   1435.706       0.089       0.550             2868.881               0.000               0.000        -3504.237           524051.760              1.00000 
  1515.300          62.221   1424.382       0.089       0.550             2748.267               0.000               0.000        -3398.648           526800.027              1.00000 
  1516.300          61.885   1412.772       0.089       0.550             2628.321               0.000               0.000        -3292.682           529428.348              1.00000 
  1517.300          61.548   1400.892       0.089       0.550             2509.357               0.000               0.000        -3186.634           531937.705              1.00000 
  1518.300          61.209   1388.764       0.089       0.550             2391.680               0.000               0.000        -3080.793           534329.385              1.00000 
  1519.300          60.871   1376.405       0.089       0.550             2275.578               0.000               0.000        -2975.488           536604.963              1.00000 
  1520.300          60.531   1363.830       0.089       0.550             2161.314               0.000               0.000        -2870.973           538766.278              1.00000 
  1521.300          60.192   1351.061       0.089       0.550             2049.134               0.000               0.000        -2767.486           540815.411              1.00000 
  1522.300          59.851   1338.114       0.089       0.550             1939.256               0.000               0.000        -2665.285           542754.667              1.00000 
  1523.300          59.511   1325.007       0.089       0.550             1831.876               0.000               0.000        -2564.583           544586.543              1.00000 
  1524.300          59.170   1311.758       0.089       0.550             1727.180               0.000               0.000        -2465.565           546313.723              1.00000 
  1525.300          58.829   1298.387       0.089       0.550             1625.328               0.000               0.000        -2368.424           547939.051              1.00000 
  1526.300          58.488   1284.909       0.089       0.550             1526.478               0.000               0.000        -2273.322           549465.529              1.00000 
  1527.300          58.147   1271.346       0.089       0.550             1430.768               0.000               0.000        -2180.391           550896.297              1.00000 
  1528.300          57.806   1257.714       0.089       0.550             1338.325               0.000               0.000        -2089.771           552234.622              1.00000 
  1529.300          57.465   1244.033       0.089       0.550             1249.262               0.000               0.000        -2001.578           553483.885              1.00000 
  1530.300          57.125   1230.321       0.089       0.550             1163.672               0.000               0.000        -1915.896           554647.556              1.00000 
  1531.300          56.785   1216.596       0.089       0.550             1081.628               0.000               0.000        -1832.811           555729.185              1.00000 
  1532.300          56.445   1202.876       0.089       0.550             1003.185               0.000               0.000        -1752.388           556732.369              1.00000 
  1533.300          56.106   1189.180       0.089       0.550              928.371               0.000               0.000        -1674.667           557660.740              1.00000 
  1534.300          55.767   1175.525       0.089       0.550              857.198               0.000               0.000        -1599.687           558517.938              1.00000 
  1535.300          55.429   1161.927       0.089       0.550              789.652               0.000               0.000        -1527.466           559307.590              1.00000 
  1536.300          55.091   1148.403       0.089       0.550              725.705               0.000               0.000        -1458.005           560033.295              1.00000 
  1537.300          54.754   1134.970       0.089       0.550              665.307               0.000               0.000        -1391.303           560698.602              1.00000 
  1538.300          54.418   1121.641       0.089       0.550              608.394               0.000               0.000        -1327.339           561306.996              1.00000 
  1539.300          54.082   1108.432       0.089       0.550              554.887               0.000               0.000        -1266.078           561861.883              1.00000 
  1540.300          53.748   1095.354       0.089       0.550              504.695               0.000               0.000        -1207.481           562366.578              1.00000 
  1541.300          53.414   1082.420       0.089       0.550              457.717               0.000               0.000        -1151.497           562824.295              1.00000 
  1542.300          53.081   1069.642       0.089       0.550              413.861               0.000               0.000        -1098.065           563238.155              1.00000 
  1543.300          52.749   1057.027       0.089       0.550              372.942               0.000               0.000        -1047.122           563611.097              1.00000 
  1544.300          52.418   1044.587       0.089       0.550              334.894               0.000               0.000         -998.594           563945.991              1.00000 
  1545.300          52.088   1032.328       0.089       0.550              299.590               0.000               0.000         -952.407           564245.580              1.00000 
  1546.300          51.759   1020.256       0.089       0.550              266.899               0.000               0.000         -908.478           564512.479              1.00000 
  1547.300          51.431   1008.380       0.089       0.550              236.691               0.000               0.000         -866.725           564749.170              1.00000 
  1548.300          51.104    996.706       0.089       0.550              208.947               0.000               0.000         -827.069           564958.117              1.00000 
  1549.300          50.778    985.236       0.089       0.550              183.278               0.000               0.000         -789.429           565141.395              1.00000 
  1550.300          50.453    973.971       0.089       0.550              159.540               0.000               0.000         -753.712           565300.935              1.00000 
  1551.300          50.129    962.912       0.089       0.550              137.636               0.000               0.000         -719.827           565438.571              1.00000 
  1552.300          49.807    952.057       0.089       0.550              117.469               0.000               0.000         -687.686           565556.040              1.00000 
  1553.300          49.485    941.409       0.089       0.550               98.942               0.000               0.000         -657.199           565654.983              1.00000 
  1554.300          49.165    930.966       0.089       0.550               81.961               0.000               0.000         -628.286           565736.943              1.00000 
  1555.300          48.846    920.729       0.089       0.550               66.430               0.000               0.000         -600.870           565803.374              1.00000 
  1556.300          48.529    910.693       0.089       0.550               52.259               0.000               0.000         -574.874           565855.633              1.00000 
  1557.300          48.213    900.856       0.089       0.550               39.359               0.000               0.000         -550.214           565894.992              1.00000 
  1558.300          47.898    891.221       0.089       0.550               27.644               0.000               0.000         -526.825           565922.636              1.00000 
  1559.300          47.584    881.778       0.089       0.550               17.030               0.000               0.000         -504.644           565939.666              1.00000 
  1560.300          47.272    872.497       0.089       0.550                7.406               0.000               0.000         -483.594           565947.073              1.00000 
  1561.300          46.961    863.406       0.089       0.550                0.000               0.000               0.000         -463.554           565947.073              1.00000 
  1562.300          46.652    854.633       0.089       0.550                0.000               0.000               0.000         -444.534           565947.073              1.00000 
  1563.300          46.344    846.161       0.089       0.550                0.000               0.000               0.000         -426.740           565947.073              1.00000 
  1564.300          46.038    837.983       0.089       0.550                0.000               0.000               0.000         -410.068           565947.073              1.00000 
  1565.300          45.733    830.086       0.089       0.550                0.000               0.000               0.000         -394.444           565947.073              1.00000 
  1566.300          45.429    822.452       0.089       0.550                0.000               0.000               0.000         -379.783           565947.073              1.00000 
  1567.300          45.127    815.067       0.089       0.550                0.000               0.000               0.000         -366.004           565947.073              1.00000 
  1568.300          44.827    807.918       0.089       0.550                0.000               0.000               0.000         -353.035           565947.073              1.00000 
  1569.300          44.528    801.006       0.089       0.550                0.000               0.000               0.000         -340.812           565947.073              1.00000 
  1570.300          44.231    794.321       0.089       0.550                0.000               0.000               0.000         -329.296           565947.073              1.00000 
  1571.300          43.936    787.851       0.089       0.550                0.000               0.000               0.000         -318.441           565947.073              1.00000 
  1572.300          43.642    781.585       0.089       0.550                0.000               0.000               0.000         -308.192           565947.073              1.00000 
  1573.300          43.350    775.511       0.089       0.550                0.000               0.000               0.000         -298.503           565947.073              1.00000 
  1574.300          43.060    769.619       0.089       0.550                0.000               0.000               0.000         -289.332           565947.073              1.00000 
  1575.300          42.771    763.900       0.089       0.550                0.000               0.000               0.000         -280.639           565947.073              1.00000 
  1576.300          42.484    758.346       0.089       0.550                0.000               0.000               0.000         -272.390           565947.073              1.00000 
  1577.300          42.199    752.949       0.089       0.550                0.000               0.000               0.000         -264.554           565947.073              1.00000 
  1578.300          41.915    747.700       0.089       0.550                0.000               0.000               0.000         -257.102           565947.073              1.00000 
  1579.300          41.634    742.594       0.089       0.550                0.000               0.000               0.000         -250.008           565947.073              1.00000 
  1580.300          41.353    737.622       0.089       0.550                0.000               0.000               0.000         -243.248           565947.073              1.00000 
  1581.300          41.075    732.780       0.089       0.550                0.000               0.000               0.000         -236.799           565947.073              1.00000 
  1582.300          40.799    728.061       0.089       0.550                0.000               0.000               0.000         -230.642           565947.073              1.00000 
  1583.300          40.524    723.460       0.089       0.550                0.000               0.000               0.000         -224.759           565947.073              1.00000 
  1584.300          40.251    718.971       0.089       0.550                0.000               0.000               0.000         -219.130           565947.073              1.00000 
  1585.300          39.980    714.590       0.089       0.550                0.000               0.000               0.000         -213.742           565947.073              1.00000 
  1586.300          39.710    710.313       0.089       0.550                0.000               0.000               0.000         -208.580           565947.073              1.00000 
  1587.300          39.443    706.134       0.089       0.550                0.000               0.000               0.000         -203.630           565947.073              1.00000 
  1588.300          39.177    702.051       0.089       0.550                0.000               0.000               0.000         -198.881           565947.073              1.00000 
  1589.300          38.913    698.059       0.089       0.550                0.000               0.000               0.000         -194.320           565947.073              1.00000 
  1590.300          38.651    694.155       0.089       0.550                0.000               0.000               0.000         -189.938           565947.073              1.00000 
  1591.300          38.390    690.336       0.089       0.550                0.000               0.000               0.000         -185.725           565947.073              1.00000 
  1592.300          38.132    686.596       0.089       0.550                0.000               0.000               0.000         -181.671           565947.073              1.00000 
  1593.300          37.875    682.933       0.089       0.550                0.000               0.000               0.000         -177.767           565947.073              1.00000 
  1594.300          37.621    679.344       0.089       0.550                0.000               0.000               0.000         -174.003           565947.073              1.00000 
  1595.300          37.368    675.827       0.089       0.550                0.000               0.000               0.000         -170.374           565947.073              1.00000 
  1596.300          37.117    672.378       0.089       0.550                0.000               0.000               0.000         -166.873           565947.073              1.00000 
  1597.300          36.869    668.995       0.089       0.550                0.000               0.000               0.000         -163.492           565947.073              1.00000 
  1598.300          36.622    665.844       0.089       0.550                8.071               0.000               0.000         -160.227           565955.144              1.00000 
  1599.300          36.377    662.742       0.089       0.550                7.563               0.000               0.000         -157.230           565962.707              1.00000 
  1600.300          36.135    659.688       0.089       0.550                7.097               0.000               0.000         -154.320           565969.805              1.00000 
  1601.300          35.894    656.681       0.089       0.550                6.668               0.000               0.000         -151.495           565976.473              1.00000 
  1601.363          35.879    656.495       0.089       0.550                6.595               0.000               0.000         -148.752           565976.889              1.00000 
  1601.485          35.850    656.134       0.089       0.550                6.549               0.000               0.000         -148.583           565977.688              1.00000 
  1601.493          35.848    656.112       0.089       0.550                3.271               0.000               0.000         -148.257           565977.713              1.00000 
  1601.502          35.846    656.085       0.089       0.550                3.271               0.000               0.000         -148.237           565977.742              1.00000 
  1601.520          35.842    656.030       0.089       0.550                3.272               0.000               0.000         -148.212           565977.801              1.00000 
  1601.526          35.840    656.010       0.089       0.550                3.272               0.000               0.000         -148.163           565977.823              1.00000 
  1601.538          35.837    655.974       0.089       0.550                3.272               0.000               0.000         -148.145           565977.863              1.00000 
  1601.593          35.824    655.808       0.089       0.550                3.275               0.000               0.000         -148.112           565978.043              1.00000 
  1601.602          35.822    655.782       0.089       0.550                3.276               0.000               0.000         -147.962           565978.071              1.00000 
  1601.608          35.820    655.763       0.089       0.550                3.276               0.000               0.000         -147.939           565978.092              1.00000 
  1601.615          35.819    655.744       0.089       0.550                3.276               0.000               0.000         -147.922           565978.113              1.00000 
  1601.644          35.812    655.657       0.089       0.550                3.277               0.000               0.000         -147.904           565978.207              1.00000 
  1601.683          35.803    655.540       0.089       0.550                3.277               0.000               0.000         -147.826           565978.335              1.00000 
  1601.858          35.760    655.014       0.089       0.550                3.285               0.000               0.000         -147.721           565978.911              1.00000 
  1602.016          35.722    654.541       0.089       0.550                3.294               0.000               0.000         -147.247           565979.431              1.00000 
  1602.057          35.713    654.418       0.089       0.550                3.296               0.000               0.000         -146.822           565979.567              1.00000 
  1602.108          35.700    654.266       0.089       0.550                3.295               0.000               0.000         -146.712           565979.735              1.00000 
  1602.338          35.645    653.581       0.089       0.550                3.306               0.000               0.000         -146.576           565980.495              1.00000 
  1603.338          35.401    650.615       0.089       0.550                3.351               0.000               0.000         -145.963           565983.846              1.00000 
  1604.338          35.154    647.702       0.089       0.550                3.398               0.000               0.000         -143.331           565987.244              1.00000 
  1605.338          34.904    644.840       0.089       0.550                3.439               0.000               0.000         -140.781           565990.683              1.00000 
  1606.338          34.652    642.028       0.089       0.550                3.475               0.000               0.000         -138.310           565994.159              1.00000 
  1607.338          34.397    639.265       0.089       0.550                3.506               0.000               0.000         -135.913           565997.664              1.00000 
  1608.338          34.140    636.549       0.089       0.550                3.529               0.000               0.000         -133.588           566001.194              1.00000 
  1609.338          33.882    633.878       0.089       0.550                3.546               0.000               0.000         -131.332           566004.739              1.00000 
  1610.338          33.623    631.251       0.089       0.550                3.555               0.000               0.000         -129.142           566008.294              1.00000 
  1611.338          33.362    628.666       0.089       0.550                3.556               0.000               0.000         -127.014           566011.850              1.00000 
  1612.338          33.102    626.123       0.089       0.550                3.549               0.000               0.000         -124.947           566015.400              1.00000 
  1613.338          32.840    623.620       0.089       0.550                3.535               0.000               0.000         -122.937           566018.934              1.00000 
  1614.338          32.579    621.155       0.089       0.550                3.512               0.000               0.000         -120.983           566022.446              1.00000 
  1615.338          32.319    618.728       0.089       0.550                3.481               0.000               0.000         -119.082           566025.927              1.00000 
  1616.338          32.059    616.337       0.089       0.550                3.441               0.000               0.000         -117.231           566029.368              1.00000 
  1617.338          31.800    613.982       0.089       0.550                3.392               0.000               0.000         -115.430           566032.759              1.00000 
  1618.338          31.543    611.660       0.089       0.550                3.336               0.000               0.000         -113.675           566036.095              1.00000 
  1619.338          31.286    609.372       0.089       0.550                3.274               0.000               0.000         -111.966           566039.369              1.00000 
  1620.338          31.032    607.116       0.089       0.550                3.208               0.000               0.000         -110.300           566042.577              1.00000 
  1621.338          30.780    604.891       0.089       0.550                3.136               0.000               0.000         -108.675           566045.713              1.00000 
  1622.338          30.529    602.696       0.089       0.550                3.061               0.000               0.000         -107.091           566048.774              1.00000 
  1623.338          30.282    600.532       0.089       0.550                2.981               0.000               0.000         -105.545           566051.755              1.00000 
  1624.338          30.036    598.395       0.089       0.550                2.899               0.000               0.000         -104.037           566054.655              1.00000 
  1625.338          29.793    596.287       0.089       0.550                2.815               0.000               0.000         -102.565           566057.470              1.00000 
  1626.338          29.554    594.206       0.089       0.550                2.729               0.000               0.000         -101.127           566060.199              1.00000 
  1627.338          29.317    592.152       0.089       0.550                2.642               0.000               0.000          -99.723           566062.842              1.00000 
  1628.338          29.083    590.124       0.089       0.550                2.555               0.000               0.000          -98.351           566065.397              1.00000 
  1629.338          28.852    588.121       0.089       0.550                2.468               0.000               0.000          -97.010           566067.864              1.00000 
  1630.338          28.624    586.143       0.089       0.550                2.381               0.000               0.000          -95.700           566070.245              1.00000 
  1631.338          28.399    584.189       0.089       0.550                2.295               0.000               0.000          -94.419           566072.540              1.00000 
  1632.338          28.178    582.258       0.089       0.550                2.210               0.000               0.000          -93.166           566074.750              1.00000 
  1633.338          27.960    580.351       0.089       0.550                2.127               0.000               0.000          -91.941           566076.877              1.00000 
  1634.338          27.745    578.467       0.089       0.550                2.046               0.000               0.000          -90.742           566078.923              1.00000 
  1635.338          27.534    576.604       0.089       0.550                1.967               0.000               0.000          -89.569           566080.890              1.00000 
  1636.338          27.326    574.764       0.089       0.550                1.890               0.000               0.000          -88.421           566082.781              1.00000 
  1637.338          27.121    572.945       0.089       0.550                1.816               0.000               0.000          -87.298           566084.597              1.00000 
  1638.338          26.920    571.147       0.089       0.550                1.745               0.000               0.000          -86.198           566086.341              1.00000 
  1639.338          26.721    569.369       0.089       0.550                1.676               0.000               0.000          -85.121           566088.017              1.00000 
  1640.338          26.526    567.611       0.089       0.550                1.609               0.000               0.000          -84.066           566089.626              1.00000 
  1641.338          26.334    565.873       0.089       0.550                1.546               0.000               0.000          -83.032           566091.172              1.00000 
  1642.338          26.145    564.155       0.089       0.550                1.485               0.000               0.000          -82.020           566092.656              1.00000 
  1643.338          25.959    562.455       0.089       0.550                1.426               0.000               0.000          -81.028           566094.083              1.00000 
  1644.338          25.776    560.774       0.089       0.550                1.371               0.000               0.000          -80.056           566095.454              1.00000 
  1645.338          25.596    559.112       0.089       0.550                1.318               0.000               0.000          -79.104           566096.771              1.00000 
  1646.338          25.419    557.467       0.089       0.550                1.267               0.000               0.000          -78.170           566098.038              1.00000 
  1647.338          25.245    555.841       0.089       0.550                1.219               0.000               0.000          -77.254           566099.257              1.00000 
  1648.338          25.073    554.231       0.089       0.550                1.173               0.000               0.000          -76.356           566100.430              1.00000 
  1649.338          24.904    552.639       0.089       0.550                1.129               0.000               0.000          -75.476           566101.559              1.00000 
  1650.338          24.738    551.064       0.089       0.550                1.088               0.000               0.000          -74.612           566102.647              1.00000 
  1651.338          24.574    549.505       0.089       0.550                1.048               0.000               0.000          -73.765           566103.695              1.00000 
  1652.338          24.413    547.962       0.089       0.550                1.011               0.000               0.000          -72.934           566104.706              1.00000 
  1653.338          24.254    546.436       0.089       0.550                0.975               0.000               0.000          -72.119           566105.681              1.00000 
  1654.338          24.098    544.925       0.089       0.550                0.941               0.000               0.000          -71.318           566106.622              1.00000 
  1655.338          23.943    543.429       0.089       0.550                0.909               0.000               0.000          -70.533           566107.531              1.00000 
  1656.338          23.791    541.949       0.089       0.550                0.878               0.000               0.000          -69.762           566108.409              1.00000 
  1657.338          23.641    540.484       0.089       0.550                0.849               0.000               0.000          -69.005           566109.258              1.00000 
  1658.338          23.494    539.034       0.089       0.550                0.821               0.000               0.000          -68.261           566110.079              1.00000 
  1659.338          23.348    537.598       0.089       0.550                0.795               0.000               0.000          -67.532           566110.873              1.00000 
  1660.338          23.204    536.176       0.089       0.550                0.770               0.000               0.000          -66.815           566111.643              1.00000 
  1661.338          23.062    534.768       0.089       0.550                0.746               0.000               0.000          -66.111           566112.388              1.00000 
  1662.338          22.922    533.374       0.089       0.550                0.723               0.000               0.000          -65.419           566113.111              1.00000 
  1663.338          22.784    531.994       0.089       0.550                0.701               0.000               0.000          -64.740           566113.812              1.00000 
  1664.338          22.648    530.627       0.089       0.550                0.680               0.000               0.000          -64.072           566114.492              1.00000 
  1665.338          22.513    529.273       0.089       0.550                0.660               0.000               0.000          -63.416           566115.152              1.00000 
  1666.338          22.380    527.932       0.089       0.550                0.641               0.000               0.000          -62.771           566115.794              1.00000 
  1667.338          22.249    526.603       0.089       0.550                0.623               0.000               0.000          -62.138           566116.417              1.00000 
  1668.338          22.119    525.288       0.089       0.550                0.606               0.000               0.000          -61.515           566117.023              1.00000 
  1669.338          21.991    523.984       0.089       0.550                0.589               0.000               0.000          -60.902           566117.612              1.00000 
  1670.338          21.864    522.693       0.089       0.550                0.574               0.000               0.000          -60.300           566118.186              1.00000 
  1671.338          21.739    521.414       0.089       0.550                0.558               0.000               0.000          -59.708           566118.744              1.00000 
  1672.338          21.616    520.146       0.089       0.550                0.544               0.000               0.000          -59.125           566119.288              1.00000 
  1673.338          21.493    518.890       0.089       0.550                0.530               0.000               0.000          -58.552           566119.818              1.00000 
  1674.338          21.372    517.645       0.089       0.550                0.516               0.000               0.000          -57.989           566120.334              1.00000 
  1675.338          21.253    516.412       0.089       0.550                0.504               0.000               0.000          -57.435           566120.838              1.00000 
  1676.338          21.134    515.190       0.089       0.550                0.491               0.000               0.000          -56.889           566121.329              1.00000 
  1677.338          21.017    513.978       0.089       0.550                0.479               0.000               0.000          -56.352           566121.808              1.00000 
  1678.338          20.902    512.777       0.089       0.550                0.468               0.000               0.000          -55.824           566122.276              1.00000 
  1679.338          20.787    511.587       0.089       0.550                0.457               0.000               0.000          -55.304           566122.733              1.00000 
  1680.338          20.674    510.408       0.089       0.550                0.446               0.000               0.000          -54.793           566123.179              1.00000 
  1681.338          20.561    509.238       0.089       0.550                0.436               0.000               0.000          -54.289           566123.615              1.00000 
  1682.338          20.450    508.079       0.089       0.550                0.426               0.000               0.000          -53.793           566124.041              1.00000 
  1683.338          20.340    506.929       0.089       0.550                0.417               0.000               0.000          -53.305           566124.458              1.00000 
  1684.338          20.231    505.790       0.089       0.550                0.408               0.000               0.000          -52.824           566124.866              1.00000 
  1685.338          20.123    504.660       0.089       0.550                0.399               0.000               0.000          -52.351           566125.264              1.00000 
  1686.338          20.017    503.540       0.089       0.550                0.390               0.000               0.000          -51.885           566125.655              1.00000 
  1687.338          19.911    502.429       0.089       0.550                0.382               0.000               0.000          -51.426           566126.036              1.00000 
  1688.338          19.806    501.327       0.089       0.550                0.374               0.000               0.000          -50.973           566126.410              1.00000 
  1689.338          19.702    500.235       0.089       0.550                0.366               0.000               0.000          -50.528           566126.776              1.00000 
  1690.338          19.599    499.151       0.089       0.550                0.359               0.000               0.000          -50.089           566127.135              1.00000 
  1691.338          19.497    498.077       0.089       0.550                0.352               0.000               0.000          -49.656           566127.487              1.00000 
  1692.338          19.396    497.011       0.089       0.550                0.345               0.000               0.000          -49.230           566127.831              1.00000 
  1693.338          19.296    495.954       0.089       0.550                0.338               0.000               0.000          -48.810           566128.169              1.00000 
  1694.338          19.196    494.905       0.089       0.550                0.331               0.000               0.000          -48.396           566128.501              1.00000 
  1695.338          19.098    493.865       0.089       0.550                0.325               0.000               0.000          -47.988           566128.826              1.00000 
  1696.338          19.000    492.833       0.089       0.550                0.319               0.000               0.000          -47.586           566129.145              1.00000 
  1697.338          18.903    491.809       0.089       0.550                0.313               0.000               0.000          -47.189           566129.458              1.00000 
  1698.338          18.807    490.793       0.089       0.550                0.308               0.000               0.000          -46.798           566129.766              1.00000 
  1699.338          18.712    489.785       0.089       0.550                0.302               0.000               0.000          -46.413           566130.068              1.00000 
  1700.338          18.617    488.786       0.089       0.550                0.297               0.000               0.000          -46.033           566130.365              1.00000 
  1701.338          18.524    487.793       0.089       0.550                0.291               0.000               0.000          -45.658           566130.656              1.00000 
  1702.338          18.431    486.809       0.089       0.550                0.286               0.000               0.000          -45.289           566130.942              1.00000 
  1703.338          18.338    485.832       0.089       0.550                0.281               0.000               0.000          -44.924           566131.224              1.00000 
  1704.338          18.247    484.862       0.089       0.550                0.277               0.000               0.000          -44.564           566131.500              1.00000 
  1705.338          18.156    483.900       0.089       0.550                0.272               0.000               0.000          -44.210           566131.772              1.00000 
  1706.338          18.066    482.945       0.089       0.550                0.267               0.000               0.000          -43.860           566132.040              1.00000 
  1707.338          17.976    481.997       0.089       0.550                0.263               0.000               0.000          -43.515           566132.303              1.00000 
  1708.338          17.887    481.056       0.089       0.550                0.259               0.000               0.000          -43.174           566132.561              1.00000 
  1709.338          17.799    480.123       0.089       0.550                0.254               0.000               0.000          -42.838           566132.815              1.00000 
  1710.338          17.712    479.196       0.089       0.550                0.250               0.000               0.000          -42.506           566133.066              1.00000 
  1711.338          17.625    478.275       0.089       0.550                0.246               0.000               0.000          -42.179           566133.312              1.00000 
  1712.338          17.538    477.362       0.089       0.550                0.242               0.000               0.000          -41.856           566133.554              1.00000 
  1713.338          17.453    476.455       0.089       0.550                0.239               0.000               0.000          -41.537           566133.793              1.00000 
  1714.338          17.368    475.555       0.089       0.550                0.235               0.000               0.000          -41.222           566134.028              1.00000 
  1715.338          17.283    474.661       0.089       0.550                0.231               0.000               0.000          -40.912           566134.259              1.00000 
  1716.338          17.199    473.774       0.089       0.550                0.228               0.000               0.000          -40.605           566134.487              1.00000 
  1717.338          17.116    472.893       0.089       0.550                0.224               0.000               0.000          -40.302           566134.711              1.00000 
  1718.338          17.033    472.018       0.089       0.550                0.221               0.000               0.000          -40.003           566134.932              1.00000 
  1719.338          16.951    471.149       0.089       0.550                0.217               0.000               0.000          -39.708           566135.149              1.00000 
  1720.338          16.870    470.287       0.089       0.550                0.214               0.000               0.000          -39.417           566135.363              1.00000 
  1721.338          16.789    469.430       0.089       0.550                0.211               0.000               0.000          -39.129           566135.574              1.00000 
  1722.338          16.708    468.579       0.089       0.550                0.208               0.000               0.000          -38.844           566135.782              1.00000 
  1723.338          16.628    467.734       0.089       0.550                0.205               0.000               0.000          -38.564           566135.987              1.00000 
  1724.338          16.549    466.895       0.089       0.550                0.202               0.000               0.000          -38.286           566136.190              1.00000 
  1725.338          16.470    466.062       0.089       0.550                0.199               0.000               0.000          -38.012           566136.389              1.00000 
  1726.338          16.391    465.235       0.089       0.550                0.196               0.000               0.000          -37.742           566136.585              1.00000 
  1727.338          16.313    464.412       0.089       0.550                0.194               0.000               0.000          -37.474           566136.779              1.00000 
  1728.338          16.236    463.596       0.089       0.550                0.191               0.000               0.000          -37.210           566136.970              1.00000 
  1729.338          16.159    462.785       0.089       0.550                0.188               0.000               0.000          -36.949           566137.158              1.00000 
  1730.338          16.083    461.979       0.089       0.550                0.186               0.000               0.000          -36.691           566137.344              1.00000 
  1731.338          16.007    461.179       0.089       0.550                0.183               0.000               0.000          -36.436           566137.527              1.00000 
  1732.338          15.931    460.384       0.089       0.550                0.181               0.000               0.000          -36.185           566137.707              1.00000 
  1733.338          15.856    459.594       0.089       0.550                0.178               0.000               0.000          -35.936           566137.886              1.00000 
  1734.338          15.782    458.810       0.089       0.550                0.176               0.000               0.000          -35.690           566138.061              1.00000 
  1735.338          15.708    458.030       0.089       0.550                0.174               0.000               0.000          -35.447           566138.235              1.00000 
  1736.338          15.634    457.256       0.089       0.550                0.171               0.000               0.000          -35.206           566138.406              1.00000 
  1737.338          15.561    456.486       0.089       0.550                0.169               0.000               0.000          -34.969           566138.575              1.00000 
  1738.338          15.488    455.722       0.089       0.550                0.167               0.000               0.000          -34.734           566138.742              1.00000 
  1739.338          15.416    454.962       0.089       0.550                0.165               0.000               0.000          -34.502           566138.906              1.00000 
  1740.338          15.344    454.207       0.089       0.550                0.163               0.000               0.000          -34.272           566139.069              1.00000 
  1741.338          15.272    453.457       0.089       0.550                0.160               0.000               0.000          -34.046           566139.229              1.00000 
  1742.338          15.201    452.712       0.089       0.550                0.158               0.000               0.000          -33.821           566139.388              1.00000 
  1743.338          15.131    451.971       0.089       0.550                0.156               0.000               0.000          -33.599           566139.544              1.00000 
  1744.338          15.060    451.235       0.089       0.550                0.154               0.000               0.000          -33.380           566139.699              1.00000 
  1745.338          14.990    450.504       0.089       0.550                0.153               0.000               0.000          -33.163           566139.851              1.00000 
  1746.338          14.921    449.777       0.089       0.550                0.151               0.000               0.000          -32.949           566140.002              1.00000 
  1747.338          14.852    449.054       0.089       0.550                0.149               0.000               0.000          -32.737           566140.151              1.00000 
  1748.338          14.783    448.336       0.089       0.550                0.147               0.000               0.000          -32.527           566140.298              1.00000 
  1749.338          14.715    447.622       0.089       0.550                0.145               0.000               0.000          -32.319           566140.443              1.00000 
  1750.338          14.647    446.913       0.089       0.550                0.143               0.000               0.000          -32.114           566140.586              1.00000 
  1751.338          14.579    446.208       0.089       0.550                0.142               0.000               0.000          -31.911           566140.728              1.00000 
  1752.338          14.512    445.507       0.089       0.550                0.140               0.000               0.000          -31.710           566140.868              1.00000 
  1753.338          14.445    444.810       0.089       0.550                0.138               0.000               0.000          -31.511           566141.007              1.00000 
  1754.338          14.379    444.118       0.089       0.550                0.137               0.000               0.000          -31.314           566141.143              1.00000 
  1755.338          14.313    443.429       0.089       0.550                0.135               0.000               0.000          -31.120           566141.279              1.00000 
  1756.338          14.247    442.745       0.089       0.550                0.134               0.000               0.000          -30.927           566141.412              1.00000 
  1757.338          14.182    442.065       0.089       0.550                0.132               0.000               0.000          -30.737           566141.544              1.00000 
  1758.338          14.117    441.388       0.089       0.550                0.131               0.000               0.000          -30.548           566141.675              1.00000 
  1759.338          14.052    440.716       0.089       0.550                0.129               0.000               0.000          -30.362           566141.804              1.00000 
  1760.338          13.988    440.048       0.089       0.550                0.128               0.000               0.000          -30.177           566141.931              1.00000 
  1761.338          13.924    439.383       0.089       0.550                0.126               0.000               0.000          -29.995           566142.058              1.00000 
  1762.338          13.860    438.722       0.089       0.550                0.125               0.000               0.000          -29.814           566142.182              1.00000 
  1763.338          13.796    438.065       0.089       0.550                0.123               0.000               0.000          -29.635           566142.306              1.00000 
  1764.338          13.733    437.412       0.089       0.550                0.122               0.000               0.000          -29.458           566142.428              1.00000 
  1765.338          13.671    436.762       0.089       0.550                0.121               0.000               0.000          -29.282           566142.548              1.00000 
  1766.338          13.608    436.116       0.089       0.550                0.119               0.000               0.000          -29.109           566142.668              1.00000 
  1767.338          13.546    435.474       0.089       0.550                0.118               0.000               0.000          -28.937           566142.786              1.00000 
  1768.338          13.484    434.836       0.089       0.550                0.117               0.000               0.000          -28.767           566142.902              1.00000 
  1769.338          13.423    434.200       0.089       0.550                0.115               0.000               0.000          -28.599           566143.018              1.00000 
  1770.338          13.362    433.569       0.089       0.550                0.114               0.000               0.000          -28.432           566143.132              1.00000 
  1771.338          13.301    432.941       0.089       0.550                0.113               0.000               0.000          -28.267           566143.245              1.00000 
  1772.338          13.240    432.316       0.089       0.550                0.112               0.000               0.000          -28.103           566143.357              1.00000 
  1773.338          13.180    431.695       0.089       0.550                0.111               0.000               0.000          -27.942           566143.468              1.00000 
  1774.338          13.120    431.078       0.089       0.550                0.109               0.000               0.000          -27.781           566143.577              1.00000 
  1775.338          13.060    430.463       0.089       0.550                0.108               0.000               0.000          -27.623           566143.686              1.00000 
  1776.338          13.001    429.852       0.089       0.550                0.107               0.000               0.000          -27.466           566143.793              1.00000 
  1777.338          12.942    429.245       0.089       0.550                0.106               0.000               0.000          -27.310           566143.899              1.00000 
  1778.338          12.883    428.640       0.089       0.550                0.105               0.000               0.000          -27.156           566144.004              1.00000 
  1779.338          12.824    428.039       0.089       0.550                0.104               0.000               0.000          -27.003           566144.108              1.00000 
  1780.338          12.766    427.441       0.089       0.550                0.103               0.000               0.000          -26.852           566144.211              1.00000 
  1781.338          12.708    426.846       0.089       0.550                0.102               0.000               0.000          -26.702           566144.313              1.00000 
  1782.338          12.650    426.255       0.089       0.550                0.101               0.000               0.000          -26.554           566144.413              1.00000 
  1783.338          12.593    425.666       0.089       0.550                0.100               0.000               0.000          -26.407           566144.513              1.00000 
  1784.338          12.535    425.081       0.089       0.550                0.099               0.000               0.000          -26.262           566144.612              1.00000 
  1785.338          12.478    424.499       0.089       0.550                0.098               0.000               0.000          -26.117           566144.710              1.00000 
  1786.338          12.422    423.920       0.089       0.550                0.097               0.000               0.000          -25.975           566144.807              1.00000 
  1787.338          12.365    423.343       0.089       0.550                0.096               0.000               0.000          -25.833           566144.902              1.00000 
  1788.338          12.309    422.770       0.089       0.550                0.095               0.000               0.000          -25.693           566144.997              1.00000 
  1789.338          12.253    422.200       0.089       0.550                0.094               0.000               0.000          -25.554           566145.091              1.00000 
  1790.338          12.198    421.633       0.089       0.550                0.093               0.000               0.000          -25.417           566145.185              1.00000 
  1791.338          12.142    421.068       0.089       0.550                0.092               0.000               0.000          -25.280           566145.277              1.00000 
  1792.338          12.087    420.507       0.089       0.550                0.091               0.000               0.000          -25.145           566145.368              1.00000 
  1793.338          12.032    419.948       0.089       0.550                0.090               0.000               0.000          -25.011           566145.459              1.00000 
  1794.338          11.977    419.392       0.089       0.550                0.090               0.000               0.000          -24.879           566145.548              1.00000 
  1795.338          11.923    418.839       0.089       0.550                0.089               0.000               0.000          -24.747           566145.637              1.00000 
  1796.338          11.869    418.289       0.089       0.550                0.088               0.000               0.000          -24.617           566145.725              1.00000 
  1797.338          11.815    417.742       0.089       0.550                0.087               0.000               0.000          -24.488           566145.812              1.00000 
  1798.338          11.761    417.197       0.089       0.550                0.086               0.000               0.000          -24.360           566145.898              1.00000 
  1799.338          11.707    416.655       0.089       0.550                0.085               0.000               0.000          -24.233           566145.984              1.00000 
  1800.338          11.654    416.116       0.089       0.550                0.085               0.000               0.000          -24.107           566146.068              1.00000 
  1801.338          11.601    415.579       0.089       0.550                0.084               0.000               0.000          -23.983           566146.152              1.00000 
  1802.338          11.548    415.045       0.089       0.550                0.083               0.000               0.000          -23.859           566146.236              1.00000 
  1803.338          11.495    414.514       0.089       0.550                0.082               0.000               0.000          -23.737           566146.318              1.00000 
  1804.338          11.443    413.985       0.089       0.550                0.082               0.000               0.000          -23.616           566146.400              1.00000 
  1805.338          11.391    413.459       0.089       0.550                0.081               0.000               0.000          -23.495           566146.480              1.00000 
  1806.338          11.339    412.935       0.089       0.550                0.080               0.000               0.000          -23.376           566146.561              1.00000 
  1807.338          11.287    412.414       0.089       0.550                0.079               0.000               0.000          -23.258           566146.640              1.00000 
  1808.338          11.236    411.895       0.089       0.550                0.079               0.000               0.000          -23.141           566146.719              1.00000 
  1809.338          11.184    411.379       0.089       0.550                0.078               0.000               0.000          -23.025           566146.797              1.00000 
  1810.338          11.133    410.866       0.089       0.550                0.077               0.000               0.000          -22.909           566146.874              1.00000 
  1811.338          11.082    410.354       0.089       0.550                0.077               0.000               0.000          -22.795           566146.951              1.00000 
  1812.338          11.032    409.846       0.089       0.550                0.076               0.000               0.000          -22.682           566147.027              1.00000 
  1813.338          10.981    409.339       0.089       0.550                0.075               0.000               0.000          -22.570           566147.102              1.00000 
  1814.338          10.931    408.835       0.089       0.550                0.075               0.000               0.000          -22.458           566147.177              1.00000 
  1815.338          10.881    408.334       0.089       0.550                0.074               0.000               0.000          -22.348           566147.251              1.00000 
  1816.338          10.831    407.835       0.089       0.550                0.073               0.000               0.000          -22.239           566147.324              1.00000 
  1817.338          10.781    407.338       0.089       0.550                0.073               0.000               0.000          -22.130           566147.397              1.00000 
  1818.338          10.731    406.843       0.089       0.550                0.072               0.000               0.000          -22.022           566147.470              1.00000 
  1819.338          10.682    406.351       0.089       0.550                0.072               0.000               0.000          -21.916           566147.542              1.00000 
  1820.338          10.633    405.861       0.089       0.550                0.071               0.000               0.000          -21.810           566147.613              1.00000 
  1821.338          10.583    405.373       0.089       0.550                0.071               0.000               0.000          -21.705           566147.684              1.00000 
  1822.338          10.534    404.887       0.089       0.550                0.070               0.000               0.000          -21.600           566147.754              1.00000 
  1823.338          10.486    404.404       0.089       0.550                0.070               0.000               0.000          -21.497           566147.824              1.00000 
  1824.338          10.437    403.923       0.089       0.550                0.069               0.000               0.000          -21.395           566147.894              1.00000 
  1825.338          10.388    403.444       0.089       0.550                0.069               0.000               0.000          -21.293           566147.963              1.00000 
  1826.338          10.340    402.967       0.089       0.550                0.069               0.000               0.000          -21.192           566148.031              1.00000 
  1827.338          10.292    402.493       0.089       0.550                0.068               0.000               0.000          -21.092           566148.099              1.00000 
  1828.338          10.244    402.020       0.089       0.550                0.068               0.000               0.000          -20.993           566148.167              1.00000 
  1829.338          10.196    401.550       0.089       0.550                0.067               0.000               0.000          -20.895           566148.234              1.00000 
  1830.338          10.148    401.082       0.089       0.550                0.067               0.000               0.000          -20.797           566148.301              1.00000 
  1831.338          10.100    400.616       0.089       0.550                0.066               0.000               0.000          -20.700           566148.367              1.00000 
  1832.338          10.053    400.152       0.089       0.550                0.066               0.000               0.000          -20.604           566148.433              1.00000 
  1833.338          10.006    399.690       0.089       0.550                0.065               0.000               0.000          -20.509           566148.499              1.00000 
  1834.338           9.958    399.230       0.089       0.550                0.065               0.000               0.000          -20.414           566148.564              1.00000 
  1835.338           9.911    398.772       0.089       0.550                0.065               0.000               0.000          -20.321           566148.629              1.00000 
  1836.338           9.864    398.316       0.089       0.550                0.064               0.000               0.000          -20.228           566148.693              1.00000 
  1837.338           9.817    397.862       0.089       0.550                0.064               0.000               0.000          -20.135           566148.757              1.00000 
  1838.338           9.771    397.410       0.089       0.550                0.063               0.000               0.000          -20.044           566148.820              1.00000 
  1839.338           9.724    396.960       0.089       0.550                0.063               0.000               0.000          -19.953           566148.883              1.00000 
  1840.338           9.678    396.512       0.089       0.550                0.063               0.000               0.000          -19.862           566148.946              1.00000 
  1841.338           9.632    396.066       0.089       0.550                0.062               0.000               0.000          -19.773           566149.008              1.00000 
  1842.338           9.585    395.622       0.089       0.550                0.062               0.000               0.000          -19.684           566149.070              1.00000 
  1843.338           9.539    395.180       0.089       0.550                0.061               0.000               0.000          -19.596           566149.131              1.00000 
  1844.338           9.494    394.739       0.089       0.550                0.061               0.000               0.000          -19.508           566149.193              1.00000 
  1845.338           9.448    394.301       0.089       0.550                0.061               0.000               0.000          -19.422           566149.253              1.00000 
  1846.338           9.402    393.864       0.089       0.550                0.060               0.000               0.000          -19.335           566149.314              1.00000 
  1847.338           9.357    393.429       0.089       0.550                0.060               0.000               0.000          -19.250           566149.374              1.00000 
  1848.338           9.311    392.996       0.089       0.550                0.060               0.000               0.000          -19.165           566149.433              1.00000 
  1849.338           9.266    392.565       0.089       0.550                0.059               0.000               0.000          -19.081           566149.493              1.00000 
  1850.338           9.221    392.136       0.089       0.550                0.059               0.000               0.000          -18.997           566149.552              1.00000 
  1851.338           9.176    391.708       0.089       0.550                0.059               0.000               0.000          -18.914           566149.610              1.00000 
  1852.338           9.131    391.283       0.089       0.550                0.058               0.000               0.000          -18.832           566149.668              1.00000 
  1853.338           9.086    390.859       0.089       0.550                0.058               0.000               0.000          -18.750           566149.726              1.00000 
  1854.338           9.042    390.437       0.089       0.550                0.058               0.000               0.000          -18.669           566149.784              1.00000 
  1855.338           8.997    390.016       0.089       0.550                0.057               0.000               0.000          -18.589           566149.841              1.00000 
  1856.338           8.953    389.597       0.089       0.550                0.057               0.000               0.000          -18.509           566149.898              1.00000 
  1857.338           8.909    389.180       0.089       0.550                0.057               0.000               0.000          -18.429           566149.955              1.00000 
  1858.338           8.865    388.765       0.089       0.550                0.056               0.000               0.000          -18.351           566150.011              1.00000 
  1859.338           8.821    388.352       0.089       0.550                0.056               0.000               0.000          -18.272           566150.067              1.00000 
  1860.338           8.777    387.940       0.089       0.550                0.056               0.000               0.000          -18.195           566150.122              1.00000 
  1861.338           8.733    387.529       0.089       0.550                0.055               0.000               0.000          -18.118           566150.178              1.00000 
  1862.338           8.689    387.121       0.089       0.550                0.055               0.000               0.000          -18.041           566150.233              1.00000 
  1863.338           8.646    386.714       0.089       0.550                0.055               0.000               0.000          -17.965           566150.287              1.00000 
  1864.338           8.602    386.309       0.089       0.550                0.054               0.000               0.000          -17.890           566150.342              1.00000 
  1865.338           8.559    385.905       0.089       0.550                0.054               0.000               0.000          -17.815           566150.396              1.00000 
  1866.338           8.516    385.503       0.089       0.550                0.054               0.000               0.000          -17.741           566150.449              1.00000 
  1867.338           8.473    385.103       0.089       0.550                0.053               0.000               0.000          -17.667           566150.503              1.00000 
  1868.338           8.430    384.704       0.089       0.550                0.053               0.000               0.000          -17.593           566150.556              1.00000 
  1869.338           8.387    384.307       0.089       0.550                0.053               0.000               0.000          -17.521           566150.609              1.00000 
  1870.338           8.344    383.911       0.089       0.550                0.053               0.000               0.000          -17.448           566150.661              1.00000 
  1871.338           8.301    383.517       0.089       0.550                0.052               0.000               0.000          -17.377           566150.714              1.00000 
  1872.338           8.259    383.124       0.089       0.550                0.052               0.000               0.000          -17.305           566150.766              1.00000 
  1873.338           8.216    382.733       0.089       0.550                0.052               0.000               0.000          -17.235           566150.817              1.00000 
  1874.338           8.174    382.344       0.089       0.550                0.051               0.000               0.000          -17.164           566150.869              1.00000 
  1875.338           8.132    381.956       0.089       0.550                0.051               0.000               0.000          -17.095           566150.920              1.00000 
  1876.338           8.089    381.569       0.089       0.550                0.051               0.000               0.000          -17.025           566150.971              1.00000 
  1877.338           8.047    381.184       0.089       0.550                0.051               0.000               0.000          -16.957           566151.021              1.00000 
  1878.338           8.006    380.801       0.089       0.550                0.050               0.000               0.000          -16.888           566151.072              1.00000 
  1879.338           7.964    380.419       0.089       0.550                0.050               0.000               0.000          -16.820           566151.122              1.00000 
  1880.338           7.922    380.038       0.089       0.550                0.050               0.000               0.000          -16.753           566151.172              1.00000 
  1881.338           7.880    379.659       0.089       0.550                0.050               0.000               0.000          -16.686           566151.221              1.00000 
  1882.338           7.839    379.282       0.089       0.550                0.049               0.000               0.000          -16.620           566151.270              1.00000 
  1883.338           7.797    378.905       0.089       0.550                0.049               0.000               0.000          -16.554           566151.320              1.00000 
  1884.338           7.756    378.531       0.089       0.550                0.049               0.000               0.000          -16.488           566151.368              1.00000 
  1885.338           7.715    378.157       0.089       0.550                0.049               0.000               0.000          -16.423           566151.417              1.00000 
  1886.338           7.674    377.785       0.089       0.550                0.048               0.000               0.000          -16.358           566151.465              1.00000 
  1887.338           7.633    377.415       0.089       0.550                0.048               0.000               0.000          -16.294           566151.513              1.00000 
  1888.338           7.592    377.046       0.089       0.550                0.048               0.000               0.000          -16.230           566151.561              1.00000 
  1889.338           7.551    376.678       0.089       0.550                0.048               0.000               0.000          -16.167           566151.608              1.00000 
  1890.338           7.510    376.312       0.089       0.550                0.047               0.000               0.000          -16.104           566151.656              1.00000 
  1891.338           7.470    375.947       0.089       0.550                0.047               0.000               0.000          -16.041           566151.703              1.00000 
  1892.338           7.429    375.583       0.089       0.550                0.047               0.000               0.000          -15.979           566151.749              1.00000 
  1893.338           7.389    375.221       0.089       0.550                0.047               0.000               0.000          -15.917           566151.796              1.00000 
  1894.338           7.348    374.860       0.089       0.550                0.046               0.000               0.000          -15.856           566151.842              1.00000 
  1895.338           7.308    374.500       0.089       0.550                0.046               0.000               0.000          -15.795           566151.888              1.00000 
  1896.338           7.268    374.142       0.089       0.550                0.046               0.000               0.000          -15.735           566151.934              1.00000 
  1897.338           7.228    373.785       0.089       0.550                0.046               0.000               0.000          -15.674           566151.980              1.00000 
  1898.338           7.188    373.429       0.089       0.550                0.045               0.000               0.000          -15.615           566152.025              1.00000 
  1899.338           7.148    373.075       0.089       0.550                0.045               0.000               0.000          -15.555           566152.070              1.00000 
  1900.338           7.108    372.722       0.089       0.550                0.045               0.000               0.000          -15.496           566152.115              1.00000 
  1901.338           7.069    372.370       0.089       0.550                0.045               0.000               0.000          -15.438           566152.160              1.00000 
  1902.338           7.029    372.020       0.089       0.550                0.045               0.000               0.000          -15.380           566152.205              1.00000 
  1903.338           6.989    371.670       0.089       0.550                0.044               0.000               0.000          -15.322           566152.249              1.00000 
  1904.338           6.950    371.322       0.089       0.550                0.044               0.000               0.000          -15.264           566152.293              1.00000 
  1905.338           6.911    370.976       0.089       0.550                0.044               0.000               0.000          -15.207           566152.337              1.00000 
  1906.338           6.871    370.630       0.089       0.550                0.044               0.000               0.000          -15.150           566152.381              1.00000 
  1907.338           6.832    370.286       0.089       0.550                0.043               0.000               0.000          -15.094           566152.424              1.00000 
  1908.338           6.793    369.943       0.089       0.550                0.043               0.000               0.000          -15.038           566152.467              1.00000 
  1909.338           6.754    369.601       0.089       0.550                0.043               0.000               0.000          -14.982           566152.510              1.00000 
  1910.338           6.715    369.260       0.089       0.550                0.043               0.000               0.000          -14.927           566152.553              1.00000 
  1911.338           6.677    368.921       0.089       0.550                0.043               0.000               0.000          -14.872           566152.596              1.00000 
  1912.338           6.638    368.583       0.089       0.550                0.042               0.000               0.000          -14.818           566152.638              1.00000 
  1913.338           6.599    368.246       0.089       0.550                0.042               0.000               0.000          -14.763           566152.680              1.00000 
  1914.338           6.561    367.910       0.089       0.550                0.042               0.000               0.000          -14.709           566152.722              1.00000 
  1915.338           6.522    367.575       0.089       0.550                0.042               0.000               0.000          -14.656           566152.764              1.00000 
  1916.338           6.484    367.241       0.089       0.550                0.042               0.000               0.000          -14.603           566152.806              1.00000 
  1917.338           6.445    366.909       0.089       0.550                0.041               0.000               0.000          -14.550           566152.847              1.00000 
  1918.338           6.407    366.578       0.089       0.550                0.041               0.000               0.000          -14.497           566152.888              1.00000 
  1919.338           6.369    366.248       0.089       0.550                0.041               0.000               0.000          -14.445           566152.930              1.00000 
  1920.338           6.331    365.919       0.089       0.550                0.041               0.000               0.000          -14.393           566152.970              1.00000 
  1921.338           6.293    365.591       0.089       0.550                0.041               0.000               0.000          -14.341           566153.011              1.00000 
  1922.338           6.255    365.264       0.089       0.550                0.040               0.000               0.000          -14.290           566153.052              1.00000 
  1923.338           6.217    364.939       0.089       0.550                0.040               0.000               0.000          -14.239           566153.092              1.00000 
  1924.338           6.180    364.614       0.089       0.550                0.040               0.000               0.000          -14.188           566153.132              1.00000 
  1925.338           6.142    364.291       0.089       0.550                0.040               0.000               0.000          -14.138           566153.172              1.00000 
  1926.338           6.104    363.969       0.089       0.550                0.040               0.000               0.000          -14.088           566153.212              1.00000 
  1927.338           6.067    363.648       0.089       0.550                0.040               0.000               0.000          -14.038           566153.251              1.00000 
  1928.338           6.029    363.327       0.089       0.550                0.039               0.000               0.000          -13.988           566153.291              1.00000 
  1929.338           5.992    363.008       0.089       0.550                0.039               0.000               0.000          -13.939           566153.330              1.00000 
  1930.338           5.955    362.691       0.089       0.550                0.039               0.000               0.000          -13.890           566153.369              1.00000 
  1931.338           5.918    362.374       0.089       0.550                0.039               0.000               0.000          -13.842           566153.408              1.00000 
  1932.338           5.881    362.058       0.089       0.550                0.039               0.000               0.000          -13.793           566153.446              1.00000 
  1933.338           5.843    361.743       0.089       0.550                0.039               0.000               0.000          -13.745           566153.485              1.00000 
  1934.338           5.807    361.429       0.089       0.550                0.038               0.000               0.000          -13.698           566153.523              1.00000 
  1935.338           5.770    361.117       0.089       0.550                0.038               0.000               0.000          -13.650           566153.562              1.00000 
  1936.338           5.733    360.805       0.089       0.550                0.038               0.000               0.000          -13.603           566153.600              1.00000 
  1937.338           5.696    360.495       0.089       0.550                0.038               0.000               0.000          -13.556           566153.637              1.00000 
  1938.338           5.659    360.185       0.089       0.550                0.038               0.000               0.000          -13.510           566153.675              1.00000 
  1939.338           5.623    359.876       0.089       0.550                0.038               0.000               0.000          -13.463           566153.713              1.00000 
  1940.338           5.586    359.569       0.089       0.550                0.037               0.000               0.000          -13.417           566153.750              1.00000 
  1941.338           5.550    359.262       0.089       0.550                0.037               0.000               0.000          -13.371           566153.787              1.00000 
  1942.338           5.514    358.957       0.089       0.550                0.037               0.000               0.000          -13.326           566153.824              1.00000 
  1943.338           5.477    358.652       0.089       0.550                0.037               0.000               0.000          -13.280           566153.861              1.00000 
  1944.338           5.441    358.349       0.089       0.550                0.037               0.000               0.000          -13.235           566153.898              1.00000 
  1945.338           5.405    358.046       0.089       0.550                0.037               0.000               0.000          -13.191           566153.934              1.00000 
  1946.338           5.369    357.745       0.089       0.550                0.036               0.000               0.000          -13.146           566153.971              1.00000 
  1947.338           5.333    357.444       0.089       0.550                0.036               0.000               0.000          -13.102           566154.007              1.00000 
  1948.338           5.297    357.145       0.089       0.550                0.036               0.000               0.000          -13.058           566154.043              1.00000 
  1949.338           5.261    356.846       0.089       0.550                0.036               0.000               0.000          -13.014           566154.079              1.00000 
  1950.338           5.225    356.548       0.089       0.550                0.036               0.000               0.000          -12.971           566154.115              1.00000 
  1951.338           5.189    356.251       0.089       0.550                0.036               0.000               0.000          -12.928           566154.150              1.00000 
  1952.338           5.154    355.956       0.089       0.550                0.035               0.000               0.000          -12.885           566154.186              1.00000 
  1953.338           5.118    355.661       0.089       0.550                0.035               0.000               0.000          -12.842           566154.221              1.00000 
  1954.338           5.083    355.367       0.089       0.550                0.035               0.000               0.000          -12.799           566154.257              1.00000 
  1955.338           5.047    355.074       0.089       0.550                0.035               0.000               0.000          -12.757           566154.292              1.00000 
  1956.338           5.012    354.782       0.089       0.550                0.035               0.000               0.000          -12.715           566154.327              1.00000 
  1957.338           4.977    354.491       0.089       0.550                0.035               0.000               0.000          -12.673           566154.361              1.00000 
  1958.338           4.941    354.200       0.089       0.550                0.035               0.000               0.000          -12.632           566154.396              1.00000 
  1959.338           4.906    353.911       0.089       0.550                0.034               0.000               0.000          -12.590           566154.430              1.00000 
  1960.338           4.871    353.623       0.089       0.550                0.034               0.000               0.000          -12.549           566154.465              1.00000 
  1961.338           4.836    353.335       0.089       0.550                0.034               0.000               0.000          -12.508           566154.499              1.00000 
  1962.338           4.801    353.048       0.089       0.550                0.034               0.000               0.000          -12.468           566154.533              1.00000 
  1963.338           4.766    352.763       0.089       0.550                0.034               0.000               0.000          -12.427           566154.567              1.00000 
  1964.338           4.731    352.478       0.089       0.550                0.034               0.000               0.000          -12.387           566154.601              1.00000 
  1965.338           4.697    352.194       0.089       0.550                0.034               0.000               0.000          -12.347           566154.634              1.00000 
  1966.338           4.662    351.911       0.089       0.550                0.034               0.000               0.000          -12.308           566154.668              1.00000 
  1967.338           4.627    351.629       0.089       0.550                0.033               0.000               0.000          -12.268           566154.701              1.00000 
  1968.338           4.593    351.347       0.089       0.550                0.033               0.000               0.000          -12.229           566154.734              1.00000 
  1969.338           4.558    351.067       0.089       0.550                0.033               0.000               0.000          -12.190           566154.768              1.00000 
  1970.338           4.524    350.787       0.089       0.550                0.033               0.000               0.000          -12.151           566154.801              1.00000 
  1971.338           4.489    350.508       0.089       0.550                0.033               0.000               0.000          -12.112           566154.833              1.00000 
  1972.338           4.455    350.230       0.089       0.550                0.033               0.000               0.000          -12.074           566154.866              1.00000 
  1973.338           4.421    349.953       0.089       0.550                0.033               0.000               0.000          -12.035           566154.899              1.00000 
  1974.338           4.386    349.677       0.089       0.550                0.032               0.000               0.000          -11.997           566154.931              1.00000 
  1975.338           4.352    349.402       0.089       0.550                0.032               0.000               0.000          -11.960           566154.964              1.00000 
  1976.338           4.318    349.127       0.089       0.550                0.032               0.000               0.000          -11.922           566154.996              1.00000 
  1977.338           4.284    348.854       0.089       0.550                0.032               0.000               0.000          -11.884           566155.028              1.00000 
  1978.338           4.250    348.581       0.089       0.550                0.032               0.000               0.000          -11.847           566155.060              1.00000 
  1979.338           4.216    348.309       0.089       0.550                0.032               0.000               0.000          -11.810           566155.092              1.00000 
  1980.338           4.182    348.037       0.089       0.550                0.032               0.000               0.000          -11.773           566155.123              1.00000 
  1981.338           4.149    347.767       0.089       0.550                0.032               0.000               0.000          -11.737           566155.155              1.00000 
  1982.338           4.115    347.497       0.089       0.550                0.031               0.000               0.000          -11.700           566155.186              1.00000 
  1983.338           4.081    347.228       0.089       0.550                0.031               0.000               0.000          -11.664           566155.218              1.00000 
  1984.338           4.048    346.960       0.089       0.550                0.031               0.000               0.000          -11.628           566155.249              1.00000 
  1985.338           4.014    346.693       0.089       0.550                0.031               0.000               0.000          -11.592           566155.280              1.00000 
  1986.338           3.981    346.426       0.089       0.550                0.031               0.000               0.000          -11.556           566155.311              1.00000 
  1987.338           3.947    346.161       0.089       0.550                0.031               0.000               0.000          -11.521           566155.342              1.00000 
  1988.338           3.914    345.896       0.089       0.550                0.031               0.000               0.000          -11.486           566155.373              1.00000 
  1989.338           3.881    345.632       0.089       0.550                0.031               0.000               0.000          -11.451           566155.403              1.00000 
  1990.338           3.847    345.368       0.089       0.550                0.031               0.000               0.000          -11.416           566155.434              1.00000 
  1991.338           3.814    345.106       0.089       0.550                0.030               0.000               0.000          -11.381           566155.464              1.00000 
  1992.338           3.781    344.844       0.089       0.550                0.030               0.000               0.000          -11.346           566155.494              1.00000 
  1993.338           3.748    344.583       0.089       0.550                0.030               0.000               0.000          -11.312           566155.525              1.00000 
  1994.338           3.715    344.323       0.089       0.550                0.030               0.000               0.000          -11.278           566155.555              1.00000 
  1995.338           3.682    344.063       0.089       0.550                0.030               0.000               0.000          -11.244           566155.585              1.00000 
  1996.338           3.649    343.804       0.089       0.550                0.030               0.000               0.000          -11.210           566155.615              1.00000 
  1997.338           3.616    343.546       0.089       0.550                0.030               0.000               0.000          -11.176           566155.644              1.00000 
  1998.338           3.584    343.289       0.089       0.550                0.030               0.000               0.000          -11.143           566155.674              1.00000 
  1999.338           3.551    343.032       0.089       0.550                0.030               0.000               0.000          -11.109           566155.703              1.00000 
  2000.338           3.518    342.777       0.089       0.550                0.029               0.000               0.000          -11.076           566155.733              1.00000 
  2001.338           3.486    342.522       0.089       0.550                0.029               0.000               0.000          -11.043           566155.762              1.00000 
  2002.338           3.453    342.267       0.089       0.550                0.029               0.000               0.000          -11.010           566155.791              1.00000 
  2003.338           3.421    342.014       0.089       0.550                0.029               0.000               0.000          -10.978           566155.820              1.00000 
  2004.338           3.388    341.761       0.089       0.550                0.029               0.000               0.000          -10.945           566155.849              1.00000 
  2005.338           3.356    341.508       0.089       0.550                0.029               0.000               0.000          -10.913           566155.878              1.00000 
  2006.338           3.323    341.257       0.089       0.550                0.029               0.000               0.000          -10.881           566155.907              1.00000 
  2007.338           3.291    341.006       0.089       0.550                0.029               0.000               0.000          -10.849           566155.936              1.00000 
  2008.338           3.259    340.756       0.089       0.550                0.029               0.000               0.000          -10.817           566155.964              1.00000 
  2009.338           3.227    340.507       0.089       0.550                0.028               0.000               0.000          -10.785           566155.993              1.00000 
  2010.338           3.195    340.258       0.089       0.550                0.028               0.000               0.000          -10.753           566156.021              1.00000 
  2011.338           3.162    340.010       0.089       0.550                0.028               0.000               0.000          -10.722           566156.049              1.00000 
  2012.338           3.130    339.763       0.089       0.550                0.028               0.000               0.000          -10.691           566156.077              1.00000 
  2013.338           3.099    339.516       0.089       0.550                0.028               0.000               0.000          -10.660           566156.105              1.00000 
  2014.338           3.067    339.270       0.089       0.550                0.028               0.000               0.000          -10.629           566156.133              1.00000 
  2015.338           3.035    339.025       0.089       0.550                0.028               0.000               0.000          -10.598           566156.161              1.00000 
  2016.338           3.003    338.781       0.089       0.550                0.028               0.000               0.000          -10.568           566156.189              1.00000 
  2017.338           2.971    338.537       0.089       0.550                0.028               0.000               0.000          -10.537           566156.217              1.00000 
  2018.338           2.939    338.294       0.089       0.550                0.028               0.000               0.000          -10.507           566156.244              1.00000 
  2019.338           2.908    338.051       0.089       0.550                0.027               0.000               0.000          -10.477           566156.272              1.00000 
  2020.338           2.876    337.809       0.089       0.550                0.027               0.000               0.000          -10.447           566156.299              1.00000 
  2021.338           2.845    337.568       0.089       0.550                0.027               0.000               0.000          -10.417           566156.326              1.00000 
  2022.338           2.813    337.328       0.089       0.550                0.027               0.000               0.000          -10.387           566156.354              1.00000 
  2023.338           2.782    337.088       0.089       0.550                0.027               0.000               0.000          -10.357           566156.381              1.00000 
  2024.338           2.750    336.849       0.089       0.550                0.027               0.000               0.000          -10.328           566156.408              1.00000 
  2025.338           2.719    336.610       0.089       0.550                0.027               0.000               0.000          -10.299           566156.435              1.00000 
  2026.338           2.688    336.372       0.089       0.550                0.027               0.000               0.000          -10.270           566156.461              1.00000 
  2027.338           2.656    336.135       0.089       0.550                0.027               0.000               0.000          -10.241           566156.488              1.00000 
  2028.338           2.625    335.898       0.089       0.550                0.027               0.000               0.000          -10.212           566156.515              1.00000 
  2029.338           2.594    335.662       0.089       0.550                0.027               0.000               0.000          -10.183           566156.541              1.00000 
  2030.338           2.563    335.427       0.089       0.550                0.026               0.000               0.000          -10.154           566156.568              1.00000 
  2031.338           2.532    335.192       0.089       0.550                0.026               0.000               0.000          -10.126           566156.594              1.00000 
  2032.338           2.501    334.958       0.089       0.550                0.026               0.000               0.000          -10.098           566156.620              1.00000 
  2033.338           2.470    334.725       0.089       0.550                0.026               0.000               0.000          -10.069           566156.646              1.00000 
  2034.338           2.439    334.492       0.089       0.550                0.026               0.000               0.000          -10.041           566156.673              1.00000 
  2035.338           2.408    334.260       0.089       0.550                0.026               0.000               0.000          -10.014           566156.699              1.00000 
  2036.338           2.378    334.028       0.089       0.550                0.026               0.000               0.000           -9.986           566156.724              1.00000 
  2037.338           2.347    333.797       0.089       0.550                0.026               0.000               0.000           -9.958           566156.750              1.00000 
  2038.338           2.316    333.567       0.089       0.550                0.026               0.000               0.000           -9.931           566156.776              1.00000 
  2039.338           2.285    333.337       0.089       0.550                0.026               0.000               0.000           -9.903           566156.802              1.00000 
  2040.338           2.255    333.108       0.089       0.550                0.026               0.000               0.000           -9.876           566156.827              1.00000 
  2041.338           2.224    332.880       0.089       0.550                0.025               0.000               0.000           -9.849           566156.853              1.00000 
  2042.338           2.194    332.652       0.089       0.550                0.025               0.000               0.000           -9.822           566156.878              1.00000 
  2043.338           2.163    332.425       0.089       0.550                0.025               0.000               0.000           -9.795           566156.903              1.00000 
  2044.338           2.133    332.198       0.089       0.550                0.025               0.000               0.000           -9.768           566156.929              1.00000 
  2045.338           2.102    331.972       0.089       0.550                0.025               0.000               0.000           -9.742           566156.954              1.00000 
  2046.338           2.072    331.746       0.089       0.550                0.025               0.000               0.000           -9.715           566156.979              1.00000 
  2047.338           2.042    331.521       0.089       0.550                0.025               0.000               0.000           -9.689           566157.004              1.00000 
  2048.338           2.012    331.297       0.089       0.550                0.025               0.000               0.000           -9.663           566157.029              1.00000 
  2049.338           1.981    331.073       0.089       0.550                0.025               0.000               0.000           -9.636           566157.053              1.00000 
  2050.338           1.951    330.850       0.089       0.550                0.025               0.000               0.000           -9.610           566157.078              1.00000 
  2051.338           1.921    330.627       0.089       0.550                0.025               0.000               0.000           -9.584           566157.103              1.00000 
  2052.338           1.891    330.405       0.089       0.550                0.025               0.000               0.000           -9.559           566157.127              1.00000 
  2053.338           1.861    330.184       0.089       0.550                0.024               0.000               0.000           -9.533           566157.152              1.00000 
  2054.338           1.831    329.963       0.089       0.550                0.024               0.000               0.000           -9.508           566157.176              1.00000 
  2055.338           1.801    329.742       0.089       0.550                0.024               0.000               0.000           -9.482           566157.201              1.00000 
  2056.338           1.771    329.523       0.089       0.550                0.024               0.000               0.000           -9.457           566157.225              1.00000 
  2057.338           1.742    329.303       0.089       0.550                0.024               0.000               0.000           -9.432           566157.249              1.00000 
  2058.338           1.712    329.085       0.089       0.550                0.024               0.000               0.000           -9.407           566157.273              1.00000 
  2059.338           1.682    328.867       0.089       0.550                0.024               0.000               0.000           -9.382           566157.297              1.00000 
  2060.338           1.652    328.649       0.089       0.550                0.024               0.000               0.000           -9.357           566157.321              1.00000 
  2061.338           1.623    328.432       0.089       0.550                0.024               0.000               0.000           -9.332           566157.345              1.00000 
  2062.338           1.593    328.216       0.089       0.550                0.024               0.000               0.000           -9.307           566157.369              1.00000 
  2063.338           1.564    328.000       0.089       0.550                0.024               0.000               0.000           -9.283           566157.393              1.00000 
  2064.338           1.534    327.784       0.089       0.550                0.024               0.000               0.000           -9.258           566157.416              1.00000 
  2065.338           1.505    327.570       0.089       0.550                0.024               0.000               0.000           -9.234           566157.440              1.00000 
  2066.338           1.475    327.355       0.089       0.550                0.023               0.000               0.000           -9.210           566157.463              1.00000 
  2067.338           1.446    327.142       0.089       0.550                0.023               0.000               0.000           -9.186           566157.487              1.00000 
  2068.338           1.416    326.928       0.089       0.550                0.023               0.000               0.000           -9.162           566157.510              1.00000 
  2069.338           1.387    326.716       0.089       0.550                0.023               0.000               0.000           -9.138           566157.533              1.00000 
  2070.338           1.358    326.504       0.089       0.550                0.023               0.000               0.000           -9.114           566157.556              1.00000 
  2071.338           1.329    326.292       0.089       0.550                0.023               0.000               0.000           -9.091           566157.580              1.00000 
  2072.338           1.299    326.081       0.089       0.550                0.023               0.000               0.000           -9.067           566157.603              1.00000 
  2073.338           1.270    325.870       0.089       0.550                0.023               0.000               0.000           -9.044           566157.626              1.00000 
  2074.338           1.241    325.660       0.089       0.550                0.023               0.000               0.000           -9.020           566157.649              1.00000 
  2075.338           1.212    325.451       0.089       0.550                0.023               0.000               0.000           -8.997           566157.671              1.00000 
  2076.338           1.183    325.242       0.089       0.550                0.023               0.000               0.000           -8.974           566157.694              1.00000 
  2077.338           1.154    325.033       0.089       0.550                0.023               0.000               0.000           -8.951           566157.717              1.00000 
  2078.338           1.125    324.825       0.089       0.550                0.023               0.000               0.000           -8.928           566157.739              1.00000 
  2079.338           1.096    324.618       0.089       0.550                0.023               0.000               0.000           -8.905           566157.762              1.00000 
  2080.338           1.068    324.411       0.089       0.550                0.022               0.000               0.000           -8.882           566157.785              1.00000 
  2081.338           1.039    324.204       0.089       0.550                0.022               0.000               0.000           -8.860           566157.807              1.00000 
  2082.338           1.010    323.998       0.089       0.550                0.022               0.000               0.000           -8.837           566157.829              1.00000 
  2083.338           0.981    323.793       0.089       0.550                0.022               0.000               0.000           -8.815           566157.852              1.00000 
  2084.338           0.953    323.588       0.089       0.550                0.022               0.000               0.000           -8.793           566157.874              1.00000 
  2085.338           0.924    323.384       0.089       0.550                0.022               0.000               0.000           -8.770           566157.896              1.00000 
  2086.338           0.895    323.180       0.089       0.550                0.022               0.000               0.000           -8.748           566157.918              1.00000 
  2087.338           0.867    322.976       0.089       0.550                0.022               0.000               0.000           -8.726           566157.940              1.00000 
  2088.338           0.838    322.773       0.089       0.550                0.022               0.000               0.000           -8.704           566157.962              1.00000 
  2089.338           0.810    322.571       0.089       0.550                0.022               0.000               0.000           -8.682           566157.984              1.00000 
  2090.338           0.781    322.369       0.089       0.550                0.022               0.000               0.000           -8.661           566158.006              1.00000 
  2091.338           0.753    322.167       0.089       0.550                0.022               0.000               0.000           -8.639           566158.028              1.00000 
  2092.338           0.725    321.966       0.089       0.550                0.022               0.000               0.000           -8.617           566158.049              1.00000 
  2093.338           0.696    321.766       0.089       0.550                0.022               0.000               0.000           -8.596           566158.071              1.00000 
  2094.338           0.668    321.566       0.089       0.550                0.022               0.000               0.000           -8.574           566158.092              1.00000 
  2095.338           0.640    321.366       0.089       0.550                0.022               0.000               0.000           -8.553           566158.114              1.00000 
  2096.338           0.611    321.167       0.089       0.550                0.021               0.000               0.000           -8.532           566158.135              1.00000 
  2097.338           0.583    320.968       0.089       0.550                0.021               0.000               0.000           -8.511           566158.157              1.00000 
  2098.338           0.555    320.770       0.089       0.550                0.021               0.000               0.000           -8.490           566158.178              1.00000 
  2099.338           0.527    320.572       0.089       0.550                0.021               0.000               0.000           -8.469           566158.199              1.00000 
  2100.338           0.499    320.375       0.089       0.550                0.021               0.000               0.000           -8.448           566158.221              1.00000 
  2101.338           0.471    320.178       0.089       0.550                0.021               0.000               0.000           -8.427           566158.242              1.00000 
  2102.338           0.443    319.982       0.089       0.550                0.021               0.000               0.000           -8.406           566158.263              1.00000 
  2103.338           0.415    319.786       0.089       0.550                0.021               0.000               0.000           -8.386           566158.284              1.00000 
  2104.338           0.387    319.591       0.089       0.550                0.021               0.000               0.000           -8.365           566158.305              1.00000 
  2105.338           0.359    319.396       0.089       0.550                0.021               0.000               0.000           -8.345           566158.326              1.00000 
  2106.338           0.332    319.201       0.089       0.550                0.021               0.000               0.000           -8.325           566158.346              1.00000 
  2107.338           0.304    319.007       0.089       0.550                0.021               0.000               0.000           -8.304           566158.367              1.00000 
  2108.338           0.276    318.814       0.089       0.550                0.021               0.000               0.000           -8.284           566158.388              1.00000 
  2109.338           0.248    318.621       0.089       0.550                0.021               0.000               0.000           -8.264           566158.408              1.00000 
  2110.338           0.221    318.428       0.089       0.550                0.021               0.000               0.000           -8.244           566158.429              1.00000 
  2111.338           0.193    318.236       0.089       0.550                0.021               0.000               0.000           -8.224           566158.450              1.00000 
  2112.338           0.165    318.044       0.089       0.550                0.020               0.000               0.000           -8.204           566158.470              1.00000 
  2113.338           0.138    317.853       0.089       0.550                0.020               0.000               0.000           -8.185           566158.490              1.00000 
  2114.338           0.110    317.662       0.089       0.550                0.020               0.000               0.000           -8.165           566158.511              1.00000 
  2115.338           0.083    317.471       0.089       0.550                0.020               0.000               0.000           -8.145           566158.531              1.00000 
  2116.338           0.055    317.281       0.089       0.550                0.020               0.000               0.000           -8.126           566158.551              1.00000 
  2117.338           0.028    317.092       0.089       0.550                0.020               0.000               0.000           -8.106           566158.571              1.00000 
  2118.338           0.001    316.903       0.089       0.550                0.020               0.000               0.000           -8.087           566158.592              1.00000 
  2119.338           0.000    316.714       0.089       0.550                0.020               0.000               0.000           -8.068           566158.612              1.00000 
