#_______________________________________________________________________________
#    ######   ####     ##             #####   #####     ##    #    #    ## 
#    #       #        #  #            #    #  #    #   #  #   ##  ##   #  #
#    #####    ####   ######           #    #  #####   ######  # ## #  ######
#    #            #  #    #           #    #  #    #  #    #  #    #  #    #
#____######__#####___#____#___________#####___#____#__#____#__#____#__#____#____
#
#              ESA Debris Risk Assessment and Mitigation Analysis
#
#                      ---- DRAMA ( SESAM 2.3.0 ) ----
#                                      ESA 2018
#
#                              aerothermal history file
#-------------------------------------------------------------------------------
# Filename      : PySara.COMM.5ec80fef-472a-49e4-8831-11217eacc162_AeroThermalHistory.txt
# RunID         : PySara
# ObjectID      : 5ec80fef-472a-49e4-8831-11217eacc162
# ObjectName    : COMM
# ReferenceArea : 0.0081 [m^2]
# Content       : This file contains the aerothermal data of the object,
#                 computed by the DRAMA 3 Re-entry Analysis.
# Documentation : DRAMA Software User Manual, section OPERATIONS MANUAL / Normal operation / SARA / SARA Simulation Output / Re-entry simulation output
# Note          : The convective heat and the integrated heat values in this file take into account the visibility factor
#
#------------------------------------------------------------------------------------------------------------------------------------------------------------------------------------
# Time [s]   Altitude [km]   Temp [K]   Mass [kg]  Thick [mm]  Convective Heat [W]  Radiative Heat [W]  Oxidation Heat [W]  Rad Cooling [W]  Integrated Heat [J] VisibilityFactor [-]
#------------------------------------------------------------------------------------------------------------------------------------------------------------------------------------
  1370.750          90.959    300.000       0.075       1.824              686.832               0.000               0.000           -7.368                0.000              1.00000 
  1370.850          90.949    300.867       0.075       1.824              688.035               0.000               0.000           -7.368               68.803              1.00000 
  1371.300          90.903    304.801       0.075       1.824              693.785               0.000               0.000           -7.454              381.007              1.00000 
  1372.300          90.803    313.712       0.075       1.824              707.454               0.000               0.000           -7.851             1088.461              1.00000 
  1373.300          90.701    322.811       0.075       1.824              723.185               0.000               0.000           -8.810             1811.647              1.00000 
  1374.300          90.599    332.101       0.075       1.824              739.258               0.000               0.000           -9.878             2550.905              1.00000 
  1375.300          90.497    341.586       0.075       1.824              755.681               0.000               0.000          -11.065             3306.586              1.00000 
  1376.300          90.394    351.267       0.075       1.824              772.463               0.000               0.000          -12.384             4079.049              1.00000 
  1377.300          90.290    361.148       0.075       1.824              789.615               0.000               0.000          -13.849             4868.664              1.00000 
  1378.300          90.185    371.232       0.075       1.824              807.145               0.000               0.000          -15.474             5675.809              1.00000 
  1379.300          90.080    381.521       0.075       1.824              825.064               0.000               0.000          -17.276             6500.873              1.00000 
  1380.300          89.975    392.018       0.075       1.824              843.381               0.000               0.000          -19.273             7344.253              1.00000 
  1381.300          89.868    402.725       0.075       1.824              862.107               0.000               0.000          -21.483             8206.360              1.00000 
  1382.300          89.761    413.645       0.075       1.824              881.252               0.000               0.000          -23.928             9087.612              1.00000 
  1383.300          89.654    424.780       0.075       1.824              900.828               0.000               0.000          -26.631             9988.440              1.00000 
  1384.300          89.545    436.131       0.075       1.824              920.844               0.000               0.000          -29.616            10909.284              1.00000 
  1385.300          89.436    447.702       0.075       1.824              941.312               0.000               0.000          -32.911            11850.596              1.00000 
  1386.300          89.325    459.493       0.075       1.824              962.244               0.000               0.000          -36.545            12812.840              1.00000 
  1387.300          89.214    471.505       0.075       1.824              983.650               0.000               0.000          -40.549            13796.491              1.00000 
  1388.300          89.103    483.740       0.075       1.824             1005.543               0.000               0.000          -44.959            14802.033              1.00000 
  1389.300          88.990    496.199       0.075       1.824             1027.933               0.000               0.000          -49.810            15829.966              1.00000 
  1390.300          88.876    508.881       0.075       1.824             1050.832               0.000               0.000          -55.143            16880.798              1.00000 
  1391.300          88.762    521.787       0.075       1.824             1074.252               0.000               0.000          -61.001            17955.050              1.00000 
  1392.300          88.646    534.917       0.075       1.824             1098.204               0.000               0.000          -67.429            19053.254              1.00000 
  1393.300          88.530    548.268       0.075       1.824             1122.701               0.000               0.000          -74.476            20175.955              1.00000 
  1394.300          88.413    561.840       0.075       1.824             1147.753               0.000               0.000          -82.194            21323.708              1.00000 
  1395.300          88.294    575.631       0.075       1.824             1173.372               0.000               0.000          -90.640            22497.080              1.00000 
  1396.300          88.175    589.638       0.075       1.824             1199.570               0.000               0.000          -99.873            23696.650              1.00000 
  1397.300          88.054    603.858       0.075       1.824             1226.358               0.000               0.000         -109.954            24923.008              1.00000 
  1398.300          87.933    618.287       0.075       1.824             1253.747               0.000               0.000         -120.951            26176.755              1.00000 
  1399.300          87.810    632.920       0.075       1.824             1281.749               0.000               0.000         -132.932            27458.504              1.00000 
  1400.300          87.686    647.751       0.075       1.824             1310.373               0.000               0.000         -145.970            28768.877              1.00000 
  1401.300          87.561    662.774       0.075       1.824             1339.633               0.000               0.000         -160.141            30108.510              1.00000 
  1402.300          87.435    677.983       0.075       1.824             1369.537               0.000               0.000         -175.522            31478.047              1.00000 
  1403.300          87.308    693.368       0.075       1.824             1400.098               0.000               0.000         -192.196            32878.145              1.00000 
  1404.300          87.179    708.921       0.075       1.824             1431.327               0.000               0.000         -210.245            34309.472              1.00000 
  1405.300          87.049    724.633       0.075       1.824             1463.235               0.000               0.000         -229.753            35772.707              1.00000 
  1406.300          86.918    740.491       0.075       1.824             1495.834               0.000               0.000         -250.808            37268.541              1.00000 
  1407.300          86.786    756.484       0.075       1.824             1529.137               0.000               0.000         -273.494            38797.678              1.00000 
  1408.300          86.652    772.600       0.075       1.824             1563.158               0.000               0.000         -297.899            40360.836              1.00000 
  1409.300          86.517    788.825       0.075       1.824             1597.911               0.000               0.000         -324.107            41958.748              1.00000 
  1410.300          86.380    805.144       0.075       1.824             1633.413               0.000               0.000         -352.202            43592.161              1.00000 
  1411.300          86.242    821.542       0.075       1.824             1669.686               0.000               0.000         -382.264            45261.847              1.00000 
  1412.300          86.103    838.003       0.075       1.824             1706.748               0.000               0.000         -414.371            46968.595              1.00000 
  1413.300          85.962    854.506       0.075       1.824             1744.184               0.000               0.000         -448.593            48712.779              1.00000 
  1414.300          85.820    870.998       0.075       1.824             1779.826               0.000               0.000         -484.986            50492.605              1.00000 
  1415.300          85.676    887.464       0.075       1.824             1816.223               0.000               0.000         -523.527            52308.827              1.00000 
  1416.300          85.531    903.881       0.075       1.824             1853.216               0.000               0.000         -564.251            54162.043              1.00000 
  1417.300          85.384    920.231       0.075       1.824             1890.816               0.000               0.000         -607.178            56052.858              1.00000 
  1418.300          85.235    936.493       0.075       1.824             1929.008               0.000               0.000         -652.316            57981.866              1.00000 
  1419.300          85.085    952.646       0.075       1.824             1967.802               0.000               0.000         -699.661            59949.668              1.00000 
  1420.300          84.933    968.669       0.075       1.824             2007.182               0.000               0.000         -749.196            61956.849              1.00000 
  1421.300          84.780    984.543       0.075       1.824             2047.156               0.000               0.000         -800.887            64004.005              1.00000 
  1422.300          84.625   1000.248       0.075       1.824             2087.703               0.000               0.000         -854.689            66091.709              1.00000 
  1423.300          84.468   1015.766       0.075       1.824             2128.832               0.000               0.000         -910.543            68220.541              1.00000 
  1424.300          84.310   1031.078       0.075       1.824             2170.525               0.000               0.000         -968.376            70391.066              1.00000 
  1425.300          84.149   1046.167       0.075       1.824             2212.776               0.000               0.000        -1028.100            72603.842              1.00000 
  1426.300          83.987   1061.018       0.075       1.824             2255.579               0.000               0.000        -1089.618            74859.421              1.00000 
  1427.300          83.823   1075.616       0.075       1.824             2298.913               0.000               0.000        -1152.819            77158.334              1.00000 
  1428.300          83.657   1089.948       0.075       1.824             2342.776               0.000               0.000        -1217.585            79501.110              1.00000 
  1429.300          83.489   1104.002       0.075       1.824             2387.148               0.000               0.000        -1283.788            81888.258              1.00000 
  1430.300          83.320   1117.767       0.075       1.824             2432.010               0.000               0.000        -1351.292            84320.268              1.00000 
  1431.300          83.148   1131.236       0.075       1.824             2477.353               0.000               0.000        -1419.958            86797.622              1.00000 
  1432.300          82.975   1144.400       0.075       1.824             2523.157               0.000               0.000        -1489.642            89320.778              1.00000 
  1433.300          82.799   1157.254       0.075       1.824             2569.392               0.000               0.000        -1560.202            91890.170              1.00000 
  1434.300          82.622   1169.795       0.075       1.824             2616.042               0.000               0.000        -1631.490            94506.212              1.00000 
  1435.300          82.442   1182.019       0.075       1.824             2663.085               0.000               0.000        -1703.366            97169.297              1.00000 
  1436.300          82.260   1193.925       0.075       1.824             2710.491               0.000               0.000        -1775.690            99879.788              1.00000 
  1437.300          82.076   1205.515       0.075       1.824             2758.233               0.000               0.000        -1848.326           102638.021              1.00000 
  1438.300          81.891   1216.789       0.075       1.824             2806.271               0.000               0.000        -1921.146           105444.292              1.00000 
  1439.300          81.702   1227.750       0.075       1.824             2854.577               0.000               0.000        -1994.027           108298.869              1.00000 
  1440.300          81.512   1238.402       0.075       1.824             2903.115               0.000               0.000        -2066.854           111201.984              1.00000 
  1441.300          81.320   1248.749       0.075       1.824             2951.842               0.000               0.000        -2139.519           114153.826              1.00000 
  1442.300          81.125   1258.796       0.075       1.824             3000.715               0.000               0.000        -2211.922           117154.541              1.00000 
  1443.300          80.928   1268.549       0.075       1.824             3049.688               0.000               0.000        -2283.971           120204.229              1.00000 
  1444.300          80.729   1278.014       0.075       1.824             3098.709               0.000               0.000        -2355.583           123302.938              1.00000 
  1445.300          80.527   1287.198       0.075       1.824             3147.724               0.000               0.000        -2426.679           126450.662              1.00000 
  1446.300          80.324   1296.108       0.075       1.824             3196.675               0.000               0.000        -2497.189           129647.337              1.00000 
  1447.300          80.117   1304.749       0.075       1.824             3245.500               0.000               0.000        -2567.049           132892.837              1.00000 
  1448.300          79.909   1313.130       0.075       1.824             3294.131               0.000               0.000        -2636.198           136186.968              1.00000 
  1449.300          79.698   1321.255       0.075       1.824             3342.500               0.000               0.000        -2704.581           139529.468              1.00000 
  1450.300          79.485   1329.131       0.075       1.824             3390.530               0.000               0.000        -2772.146           142919.999              1.00000 
  1451.300          79.269   1336.765       0.075       1.824             3438.142               0.000               0.000        -2838.843           146358.141              1.00000 
  1452.300          79.050   1344.160       0.075       1.824             3485.247               0.000               0.000        -2904.623           149843.388              1.00000 
  1453.300          78.830   1351.323       0.075       1.824             3531.762               0.000               0.000        -2969.437           153375.149              1.00000 
  1454.300          78.606   1358.256       0.075       1.824             3577.592               0.000               0.000        -3033.236           156952.741              1.00000 
  1455.300          78.381   1364.965       0.075       1.824             3622.641               0.000               0.000        -3095.970           160575.382              1.00000 
  1456.300          78.152   1371.451       0.075       1.824             3666.798               0.000               0.000        -3157.588           164242.180              1.00000 
  1457.300          77.921   1377.716       0.075       1.824             3709.958               0.000               0.000        -3218.033           167952.138              1.00000 
  1458.300          77.688   1383.764       0.075       1.824             3752.014               0.000               0.000        -3277.246           171704.152              1.00000 
  1459.300          77.452   1389.593       0.075       1.824             3792.842               0.000               0.000        -3335.166           175496.994              1.00000 
  1460.300          77.213   1395.205       0.075       1.824             3832.320               0.000               0.000        -3391.723           179329.314              1.00000 
  1461.300          76.972   1400.599       0.075       1.824             3870.331               0.000               0.000        -3446.847           183199.645              1.00000 
  1462.300          76.728   1405.774       0.075       1.824             3906.730               0.000               0.000        -3500.461           187106.375              1.00000 
  1463.300          76.482   1410.728       0.075       1.824             3941.399               0.000               0.000        -3552.480           191047.774              1.00000 
  1464.300          76.233   1415.458       0.075       1.824             3974.189               0.000               0.000        -3602.819           195021.964              1.00000 
  1465.300          75.981   1419.962       0.075       1.824             4004.972               0.000               0.000        -3651.384           199026.936              1.00000 
  1466.300          75.727   1424.235       0.075       1.824             4033.597               0.000               0.000        -3698.079           203060.532              1.00000 
  1467.300          75.470   1428.275       0.075       1.824             4059.931               0.000               0.000        -3742.800           207120.463              1.00000 
  1468.300          75.210   1432.075       0.075       1.824             4083.817               0.000               0.000        -3785.441           211204.280              1.00000 
  1469.300          74.947   1435.632       0.075       1.824             4105.124               0.000               0.000        -3825.893           215309.404              1.00000 
  1470.300          74.682   1438.939       0.075       1.824             4123.703               0.000               0.000        -3864.042           219433.107              1.00000 
  1471.300          74.415   1441.991       0.075       1.824             4139.412               0.000               0.000        -3899.773           223572.519              1.00000 
  1472.300          74.145   1444.783       0.075       1.824             4152.117               0.000               0.000        -3932.968           227724.636              1.00000 
  1473.300          73.872   1447.307       0.075       1.824             4161.681               0.000               0.000        -3963.509           231886.316              1.00000 
  1474.300          73.596   1449.557       0.075       1.824             4167.968               0.000               0.000        -3991.280           236054.284              1.00000 
  1475.300          73.318   1451.528       0.075       1.824             4170.863               0.000               0.000        -4016.163           240225.147              1.00000 
  1476.300          73.037   1453.212       0.075       1.824             4170.247               0.000               0.000        -4038.045           244395.394              1.00000 
  1477.300          72.754   1454.603       0.075       1.824             4166.013               0.000               0.000        -4056.816           248561.407              1.00000 
  1478.300          72.468   1455.694       0.075       1.824             4158.061               0.000               0.000        -4072.369           252719.468              1.00000 
  1479.300          72.180   1456.480       0.075       1.824             4146.305               0.000               0.000        -4084.606           256865.773              1.00000 
  1480.300          71.890   1456.954       0.075       1.824             4130.673               0.000               0.000        -4093.434           260996.445              1.00000 
  1481.300          71.596   1457.092       0.075       1.824             4109.615               0.000               0.000        -4098.769           265106.060              1.00000 
  1482.300          71.301   1456.878       0.075       1.824             4083.489               0.000               0.000        -4100.323           269189.550              1.00000 
  1483.300          71.003   1456.310       0.075       1.824             4053.339               0.000               0.000        -4097.910           273242.889              1.00000 
  1484.300          70.703   1455.388       0.075       1.824             4019.109               0.000               0.000        -4091.527           277261.997              1.00000 
  1485.300          70.400   1454.109       0.075       1.824             3980.765               0.000               0.000        -4081.170           281242.762              1.00000 
  1486.300          70.096   1452.472       0.075       1.824             3938.291               0.000               0.000        -4066.844           285181.053              1.00000 
  1487.300          69.789   1450.474       0.075       1.824             3891.694               0.000               0.000        -4048.557           289072.747              1.00000 
  1488.300          69.480   1448.113       0.075       1.824             3841.004               0.000               0.000        -4026.327           292913.751              1.00000 
  1489.300          69.169   1445.389       0.075       1.824             3786.276               0.000               0.000        -4000.181           296700.027              1.00000 
  1490.300          68.856   1442.299       0.075       1.824             3727.591               0.000               0.000        -3970.161           300427.618              1.00000 
  1491.300          68.541   1438.844       0.075       1.824             3665.062               0.000               0.000        -3936.323           304092.680              1.00000 
  1492.300          68.224   1435.024       0.075       1.824             3598.836               0.000               0.000        -3898.740           307691.516              1.00000 
  1493.300          67.905   1430.841       0.075       1.824             3529.096               0.000               0.000        -3857.502           311220.611              1.00000 
  1494.300          67.584   1426.298       0.075       1.824             3456.060               0.000               0.000        -3812.721           314676.671              1.00000 
  1495.300          67.262   1421.400       0.075       1.824             3379.988               0.000               0.000        -3764.530           318056.659              1.00000 
  1496.300          66.939   1416.153       0.075       1.824             3301.180               0.000               0.000        -3713.085           321357.839              1.00000 
  1497.300          66.613   1410.196       0.075       1.824             3190.827               0.000               0.000        -3658.566           324548.666              1.00000 
  1498.300          66.287   1403.528       0.075       1.824             3073.890               0.000               0.000        -3597.388           327622.557              1.00000 
  1499.300          65.959   1396.235       0.075       1.824             2957.304               0.000               0.000        -3529.830           330579.860              1.00000 
  1500.300          65.629   1388.396       0.075       1.824             2841.588               0.000               0.000        -3457.039           333421.449              1.00000 
  1501.300          65.299   1380.082       0.075       1.824             2727.293               0.000               0.000        -3380.053           336148.742              1.00000 
  1502.300          64.967   1371.359       0.075       1.824             2614.949               0.000               0.000        -3299.812           338763.690              1.00000 
  1503.300          64.635   1362.288       0.075       1.824             2505.039               0.000               0.000        -3217.169           341268.730              1.00000 
  1504.300          64.301   1352.927       0.075       1.824             2397.971               0.000               0.000        -3132.893           343666.701              1.00000 
  1505.300          63.967   1343.328       0.075       1.824             2294.016               0.000               0.000        -3047.667           345960.717              1.00000 
  1506.300          63.632   1333.535       0.075       1.824             2193.267               0.000               0.000        -2962.086           348153.984              1.00000 
  1507.300          63.296   1323.587       0.075       1.824             2095.626               0.000               0.000        -2876.654           350249.610              1.00000 
  1508.300          62.960   1313.512       0.075       1.824             2000.799               0.000               0.000        -2791.771           352250.409              1.00000 
  1509.300          62.623   1303.330       0.075       1.824             1908.343               0.000               0.000        -2707.735           354158.752              1.00000 
  1510.300          62.286   1293.051       0.075       1.824             1817.751               0.000               0.000        -2624.748           355976.502              1.00000 
  1511.300          61.949   1282.678       0.075       1.824             1728.534               0.000               0.000        -2542.920           357705.037              1.00000 
  1512.300          61.612   1272.208       0.075       1.824             1640.314               0.000               0.000        -2462.298           359345.351              1.00000 
  1513.300          61.274   1261.637       0.075       1.824             1552.883               0.000               0.000        -2382.884           360898.234              1.00000 
  1514.300          60.937   1250.957       0.075       1.824             1466.209               0.000               0.000        -2304.660           362364.443              1.00000 
  1515.300          60.599   1240.166       0.075       1.824             1380.432               0.000               0.000        -2227.611           363744.874              1.00000 
  1516.300          60.262   1229.264       0.075       1.824             1295.814               0.000               0.000        -2151.738           365040.689              1.00000 
  1517.300          59.925   1218.254       0.075       1.824             1212.690               0.000               0.000        -2077.068           366253.379              1.00000 
  1518.300          59.588   1207.145       0.075       1.824             1131.427               0.000               0.000        -2003.649           367384.806              1.00000 
  1519.300          59.252   1195.946       0.075       1.824             1052.377               0.000               0.000        -1931.555           368437.183              1.00000 
  1520.300          58.916   1184.674       0.075       1.824              975.860               0.000               0.000        -1860.873           369413.043              1.00000 
  1521.300          58.581   1173.343       0.075       1.824              902.150               0.000               0.000        -1791.698           370315.193              1.00000 
  1522.300          58.246   1161.973       0.075       1.824              831.460               0.000               0.000        -1724.131           371146.653              1.00000 
  1523.300          57.912   1150.582       0.075       1.824              763.952               0.000               0.000        -1658.266           371910.605              1.00000 
  1524.300          57.579   1139.189       0.075       1.824              699.735               0.000               0.000        -1594.191           372610.339              1.00000 
  1525.300          57.246   1127.814       0.075       1.824              638.869               0.000               0.000        -1531.981           373249.208              1.00000 
  1526.300          56.914   1116.473       0.075       1.824              581.376               0.000               0.000        -1471.699           373830.585              1.00000 
  1527.300          56.583   1105.186       0.075       1.824              527.242               0.000               0.000        -1413.393           374357.826              1.00000 
  1528.300          56.253   1093.979       0.075       1.824              477.213               0.000               0.000        -1357.099           374835.040              1.00000 
  1529.300          55.924   1082.846       0.075       1.824              428.877               0.000               0.000        -1302.883           375263.916              1.00000 
  1530.300          55.596   1071.806       0.075       1.824              383.900               0.000               0.000        -1250.654           375647.817              1.00000 
  1531.300          55.269   1060.874       0.075       1.824              342.141               0.000               0.000        -1200.425           375989.958              1.00000 
  1532.300          54.943   1050.064       0.075       1.824              303.452               0.000               0.000        -1152.193           376293.410              1.00000 
  1533.300          54.618   1039.387       0.075       1.824              267.683               0.000               0.000        -1105.942           376561.093              1.00000 
  1534.300          54.294   1028.853       0.075       1.824              234.685               0.000               0.000        -1061.642           376795.778              1.00000 
  1535.300          53.971   1018.473       0.075       1.824              204.307               0.000               0.000        -1019.257           377000.085              1.00000 
  1536.300          53.649   1008.254       0.075       1.824              176.400               0.000               0.000         -978.742           377176.485              1.00000 
  1537.300          53.328    998.201       0.075       1.824              150.818               0.000               0.000         -940.045           377327.303              1.00000 
  1538.300          53.008    988.321       0.075       1.824              127.417               0.000               0.000         -903.112           377454.719              1.00000 
  1539.300          52.689    978.617       0.075       1.824              106.057               0.000               0.000         -867.884           377560.777              1.00000 
  1540.300          52.372    969.094       0.075       1.824               86.604               0.000               0.000         -834.298           377647.380              1.00000 
  1541.300          52.055    959.753       0.075       1.824               68.926               0.000               0.000         -802.293           377716.306              1.00000 
  1542.300          51.740    950.596       0.075       1.824               52.899               0.000               0.000         -771.804           377769.205              1.00000 
  1543.300          51.426    941.624       0.075       1.824               38.400               0.000               0.000         -742.768           377807.605              1.00000 
  1544.300          51.113    932.836       0.075       1.824               25.137               0.000               0.000         -715.122           377832.742              1.00000 
  1545.300          50.801    924.228       0.075       1.824               13.052               0.000               0.000         -688.795           377845.793              1.00000 
  1546.300          50.490    915.801       0.075       1.824                2.092               0.000               0.000         -663.723           377847.885              1.00000 
  1547.300          50.180    907.651       0.075       1.824                0.000               0.000               0.000         -639.844           377847.885              1.00000 
  1548.300          49.871    899.788       0.075       1.824                0.000               0.000               0.000         -617.370           377847.885              1.00000 
  1549.300          49.564    892.193       0.075       1.824                0.000               0.000               0.000         -596.252           377847.885              1.00000 
  1550.300          49.257    884.852       0.075       1.824                0.000               0.000               0.000         -576.375           377847.885              1.00000 
  1551.300          48.952    877.749       0.075       1.824                0.000               0.000               0.000         -557.637           377847.885              1.00000 
  1552.300          48.648    870.871       0.075       1.824                0.000               0.000               0.000         -539.947           377847.885              1.00000 
  1553.300          48.346    864.207       0.075       1.824                0.000               0.000               0.000         -523.222           377847.885              1.00000 
  1554.300          48.044    857.744       0.075       1.824                0.000               0.000               0.000         -507.389           377847.885              1.00000 
  1555.300          47.744    851.473       0.075       1.824                0.000               0.000               0.000         -492.381           377847.885              1.00000 
  1556.300          47.445    845.383       0.075       1.824                0.000               0.000               0.000         -478.137           377847.885              1.00000 
  1557.300          47.147    839.465       0.075       1.824                0.000               0.000               0.000         -464.604           377847.885              1.00000 
  1558.300          46.851    833.711       0.075       1.824                0.000               0.000               0.000         -451.731           377847.885              1.00000 
  1559.300          46.556    828.113       0.075       1.824                0.000               0.000               0.000         -439.473           377847.885              1.00000 
  1560.300          46.262    822.665       0.075       1.824                0.000               0.000               0.000         -427.788           377847.885              1.00000 
  1561.300          45.969    817.358       0.075       1.824                0.000               0.000               0.000         -416.640           377847.885              1.00000 
  1562.300          45.678    812.187       0.075       1.824                0.000               0.000               0.000         -405.993           377847.885              1.00000 
  1563.300          45.388    807.145       0.075       1.824                0.000               0.000               0.000         -395.815           377847.885              1.00000 
  1564.300          45.100    802.227       0.075       1.824                0.000               0.000               0.000         -386.079           377847.885              1.00000 
  1565.300          44.813    797.429       0.075       1.824                0.000               0.000               0.000         -376.755           377847.885              1.00000 
  1566.300          44.527    792.743       0.075       1.824                0.000               0.000               0.000         -367.821           377847.885              1.00000 
  1567.300          44.243    788.168       0.075       1.824                0.000               0.000               0.000         -359.253           377847.885              1.00000 
  1568.300          43.961    783.696       0.075       1.824                0.000               0.000               0.000         -351.030           377847.885              1.00000 
  1569.300          43.680    779.326       0.075       1.824                0.000               0.000               0.000         -343.132           377847.885              1.00000 
  1570.300          43.401    775.052       0.075       1.824                0.000               0.000               0.000         -335.541           377847.885              1.00000 
  1571.300          43.123    770.871       0.075       1.824                0.000               0.000               0.000         -328.241           377847.885              1.00000 
  1572.300          42.847    766.780       0.075       1.824                0.000               0.000               0.000         -321.216           377847.885              1.00000 
  1573.300          42.573    762.775       0.075       1.824                0.000               0.000               0.000         -314.450           377847.885              1.00000 
  1574.300          42.300    758.852       0.075       1.824                0.000               0.000               0.000         -307.932           377847.885              1.00000 
  1575.300          42.029    755.010       0.075       1.824                0.000               0.000               0.000         -301.647           377847.885              1.00000 
  1576.300          41.760    751.245       0.075       1.824                0.000               0.000               0.000         -295.584           377847.885              1.00000 
  1577.300          41.493    747.555       0.075       1.824                0.000               0.000               0.000         -289.732           377847.885              1.00000 
  1578.300          41.227    743.936       0.075       1.824                0.000               0.000               0.000         -284.081           377847.885              1.00000 
  1579.300          40.963    740.388       0.075       1.824                0.000               0.000               0.000         -278.621           377847.885              1.00000 
  1580.300          40.701    736.906       0.075       1.824                0.000               0.000               0.000         -273.342           377847.885              1.00000 
  1581.300          40.441    733.489       0.075       1.824                0.000               0.000               0.000         -268.237           377847.885              1.00000 
  1582.300          40.182    730.136       0.075       1.824                0.000               0.000               0.000         -263.296           377847.885              1.00000 
  1583.300          39.926    726.843       0.075       1.824                0.000               0.000               0.000         -258.514           377847.885              1.00000 
  1584.300          39.672    723.609       0.075       1.824                0.000               0.000               0.000         -253.882           377847.885              1.00000 
  1585.300          39.419    720.433       0.075       1.824                0.000               0.000               0.000         -249.394           377847.885              1.00000 
  1586.300          39.169    717.311       0.075       1.824                0.000               0.000               0.000         -245.044           377847.885              1.00000 
  1587.300          38.920    714.244       0.075       1.824                0.000               0.000               0.000         -240.825           377847.885              1.00000 
  1588.300          38.674    711.328       0.075       1.824                7.818               0.000               0.000         -236.732           377855.703              1.00000 
  1588.500          38.625    710.755       0.075       1.824                7.677               0.000               0.000         -232.890           377857.238              1.00000 
  1588.680          38.581    710.240       0.075       1.824                7.594               0.000               0.000         -232.139           377858.605              1.00000 
  1588.897          38.528    709.620       0.075       1.824                7.498               0.000               0.000         -231.467           377860.235              1.00000 
  1588.959          38.512    709.444       0.075       1.824                7.462               0.000               0.000         -230.660           377860.696              1.00000 
  1589.004          38.502    709.317       0.075       1.824                7.441               0.000               0.000         -230.432           377861.029              1.00000 
  1589.030          38.495    709.244       0.075       1.824                7.428               0.000               0.000         -230.266           377861.221              1.00000 
  1589.062          38.487    709.152       0.075       1.824                3.711               0.000               0.000         -230.171           377861.339              1.00000 
  1589.093          38.480    709.060       0.075       1.824                3.713               0.000               0.000         -230.052           377861.457              1.00000 
  1589.112          38.475    709.007       0.075       1.824                3.714               0.000               0.000         -229.933           377861.526              1.00000 
  1589.116          38.474    708.994       0.075       1.824                3.713               0.000               0.000         -229.865           377861.543              1.00000 
  1589.121          38.473    708.980       0.075       1.824                3.714               0.000               0.000         -229.847           377861.560              1.00000 
  1589.135          38.470    708.940       0.075       1.824                3.715               0.000               0.000         -229.830           377861.613              1.00000 
  1589.144          38.467    708.916       0.075       1.824                3.716               0.000               0.000         -229.777           377861.644              1.00000 
  1589.158          38.464    708.873       0.075       1.824                3.716               0.000               0.000         -229.746           377861.698              1.00000 
  1589.188          38.457    708.786       0.075       1.824                3.717               0.000               0.000         -229.691           377861.811              1.00000 
  1589.208          38.452    708.730       0.075       1.824                3.719               0.000               0.000         -229.578           377861.883              1.00000 
  1589.219          38.449    708.698       0.075       1.824                3.720               0.000               0.000         -229.506           377861.924              1.00000 
  1589.231          38.446    708.665       0.075       1.824                3.720               0.000               0.000         -229.464           377861.967              1.00000 
  1589.250          38.442    708.611       0.075       1.824                3.720               0.000               0.000         -229.422           377862.038              1.00000 
  1589.335          38.421    708.366       0.075       1.824                3.725               0.000               0.000         -229.351           377862.355              1.00000 
  1589.346          38.418    708.335       0.075       1.824                3.726               0.000               0.000         -229.034           377862.395              1.00000 
  1589.350          38.417    708.322       0.075       1.824                3.725               0.000               0.000         -228.994           377862.412              1.00000 
  1589.354          38.416    708.309       0.075       1.824                3.726               0.000               0.000         -228.977           377862.428              1.00000 
  1589.368          38.413    708.270       0.075       1.824                3.727               0.000               0.000         -228.961           377862.479              1.00000 
  1589.374          38.411    708.253       0.075       1.824                3.728               0.000               0.000         -228.911           377862.502              1.00000 
  1589.380          38.410    708.235       0.075       1.824                3.728               0.000               0.000         -228.888           377862.525              1.00000 
  1589.387          38.408    708.217       0.075       1.824                3.728               0.000               0.000         -228.865           377862.548              1.00000 
  1589.395          38.406    708.192       0.075       1.824                3.728               0.000               0.000         -228.842           377862.581              1.00000 
  1589.411          38.402    708.148       0.075       1.824                3.729               0.000               0.000         -228.809           377862.638              1.00000 
  1589.480          38.385    707.949       0.075       1.824                3.732               0.000               0.000         -228.752           377862.897              1.00000 
  1589.490          38.383    707.920       0.075       1.824                3.734               0.000               0.000         -228.496           377862.936              1.00000 
  1589.498          38.381    707.898       0.075       1.824                3.734               0.000               0.000         -228.458           377862.964              1.00000 
  1589.511          38.377    707.859       0.075       1.824                3.734               0.000               0.000         -228.430           377863.014              1.00000 
  1589.573          38.362    707.684       0.075       1.824                3.737               0.000               0.000         -228.379           377863.243              1.00000 
  1589.583          38.360    707.656       0.075       1.824                3.738               0.000               0.000         -228.154           377863.280              1.00000 
  1589.594          38.357    707.625       0.075       1.824                3.739               0.000               0.000         -228.117           377863.321              1.00000 
  1589.612          38.353    707.573       0.075       1.824                3.739               0.000               0.000         -228.077           377863.389              1.00000 
  1589.693          38.333    707.339       0.075       1.824                3.743               0.000               0.000         -228.010           377863.695              1.00000 
  1589.721          38.326    707.261       0.075       1.824                3.745               0.000               0.000         -227.709           377863.798              1.00000 
  1589.759          38.317    707.153       0.075       1.824                3.746               0.000               0.000         -227.608           377863.939              1.00000 
  1589.806          38.305    707.018       0.075       1.824                3.746               0.000               0.000         -227.470           377864.117              1.00000 
  1590.021          38.252    706.407       0.075       1.824                3.758               0.000               0.000         -227.295           377864.923              1.00000 
  1590.214          38.204    705.859       0.075       1.824                3.769               0.000               0.000         -226.511           377865.651              1.00000 
  1590.270          38.190    705.699       0.075       1.824                3.774               0.000               0.000         -225.810           377865.865              1.00000 
  1590.331          38.175    705.528       0.075       1.824                3.777               0.000               0.000         -225.605           377866.094              1.00000 
  1590.360          38.168    705.446       0.075       1.824                3.779               0.000               0.000         -225.386           377866.203              1.00000 
  1590.381          38.163    705.388       0.075       1.824                3.780               0.000               0.000         -225.281           377866.281              1.00000 
  1590.396          38.159    705.346       0.075       1.824                3.781               0.000               0.000         -225.206           377866.338              1.00000 
  1590.419          38.153    705.281       0.075       1.824                3.781               0.000               0.000         -225.153           377866.425              1.00000 
  1590.522          38.128    704.988       0.075       1.824                3.786               0.000               0.000         -225.070           377866.818              1.00000 
  1590.631          38.101    704.682       0.075       1.824                3.792               0.000               0.000         -224.697           377867.231              1.00000 
  1590.744          38.073    704.366       0.075       1.824                3.799               0.000               0.000         -224.306           377867.657              1.00000 
  1590.845          38.047    704.083       0.075       1.824                3.804               0.000               0.000         -223.905           377868.041              1.00000 
  1590.935          38.025    703.829       0.075       1.824                3.810               0.000               0.000         -223.545           377868.388              1.00000 
  1590.949          38.021    703.790       0.075       1.824                3.810               0.000               0.000         -223.222           377868.441              1.00000 
  1590.971          38.016    703.729       0.075       1.824                3.810               0.000               0.000         -223.173           377868.524              1.00000 
  1591.069          37.991    703.455       0.075       1.824                3.815               0.000               0.000         -223.096           377868.898              1.00000 
  1591.510          37.880    702.225       0.075       1.824                3.837               0.000               0.000         -222.749           377870.590              1.00000 
  1592.510          37.627    699.457       0.075       1.824                3.884               0.000               0.000         -221.195           377874.474              1.00000 
  1593.510          37.371    696.734       0.075       1.824                3.929               0.000               0.000         -217.728           377878.403              1.00000 
  1594.510          37.113    694.054       0.075       1.824                3.968               0.000               0.000         -214.357           377882.371              1.00000 
  1595.510          36.852    691.417       0.075       1.824                4.000               0.000               0.000         -211.078           377886.371              1.00000 
  1596.510          36.590    688.820       0.075       1.824                4.024               0.000               0.000         -207.888           377890.394              1.00000 
  1597.510          36.326    686.263       0.075       1.824                4.039               0.000               0.000         -204.782           377894.434              1.00000 
  1598.510          36.062    683.745       0.075       1.824                4.047               0.000               0.000         -201.759           377898.480              1.00000 
  1599.510          35.796    681.264       0.075       1.824                4.045               0.000               0.000         -198.813           377902.526              1.00000 
  1600.510          35.531    678.820       0.075       1.824                4.035               0.000               0.000         -195.944           377906.560              1.00000 
  1601.510          35.265    676.411       0.075       1.824                4.015               0.000               0.000         -193.147           377910.575              1.00000 
  1602.510          34.999    674.036       0.075       1.824                3.986               0.000               0.000         -190.419           377914.562              1.00000 
  1603.510          34.734    671.695       0.075       1.824                3.948               0.000               0.000         -187.759           377918.510              1.00000 
  1604.510          34.470    669.386       0.075       1.824                3.902               0.000               0.000         -185.164           377922.412              1.00000 
  1605.510          34.207    667.109       0.075       1.824                3.847               0.000               0.000         -182.632           377926.259              1.00000 
  1606.510          33.946    664.862       0.075       1.824                3.785               0.000               0.000         -180.159           377930.044              1.00000 
  1607.510          33.686    662.645       0.075       1.824                3.715               0.000               0.000         -177.744           377933.759              1.00000 
  1608.510          33.428    660.458       0.075       1.824                3.638               0.000               0.000         -175.386           377937.397              1.00000 
  1609.510          33.172    658.299       0.075       1.824                3.555               0.000               0.000         -173.081           377940.952              1.00000 
  1610.510          32.918    656.167       0.075       1.824                3.468               0.000               0.000         -170.829           377944.420              1.00000 
  1611.510          32.667    654.062       0.075       1.824                3.375               0.000               0.000         -168.627           377947.795              1.00000 
  1612.510          32.419    651.983       0.075       1.824                3.279               0.000               0.000         -166.474           377951.074              1.00000 
  1613.510          32.174    649.930       0.075       1.824                3.180               0.000               0.000         -164.367           377954.255              1.00000 
  1614.510          31.932    647.902       0.075       1.824                3.077               0.000               0.000         -162.307           377957.332              1.00000 
  1615.510          31.693    645.898       0.075       1.824                2.973               0.000               0.000         -160.290           377960.305              1.00000 
  1616.510          31.457    643.918       0.075       1.824                2.869               0.000               0.000         -158.317           377963.175              1.00000 
  1617.510          31.224    641.962       0.075       1.824                2.766               0.000               0.000         -156.384           377965.941              1.00000 
  1618.510          30.995    640.028       0.075       1.824                2.665               0.000               0.000         -154.492           377968.606              1.00000 
  1619.510          30.769    638.116       0.075       1.824                2.564               0.000               0.000         -152.639           377971.170              1.00000 
  1620.510          30.546    636.227       0.075       1.824                2.466               0.000               0.000         -150.824           377973.637              1.00000 
  1621.510          30.327    634.358       0.075       1.824                2.371               0.000               0.000         -149.045           377976.007              1.00000 
  1622.510          30.112    632.511       0.075       1.824                2.278               0.000               0.000         -147.302           377978.285              1.00000 
  1623.510          29.899    630.685       0.075       1.824                2.187               0.000               0.000         -145.594           377980.472              1.00000 
  1624.510          29.690    628.878       0.075       1.824                2.100               0.000               0.000         -143.919           377982.572              1.00000 
  1625.510          29.485    627.092       0.075       1.824                2.016               0.000               0.000         -142.277           377984.588              1.00000 
  1626.510          29.282    625.325       0.075       1.824                1.935               0.000               0.000         -140.668           377986.523              1.00000 
  1627.510          29.083    623.577       0.075       1.824                1.857               0.000               0.000         -139.089           377988.381              1.00000 
  1628.510          28.888    621.848       0.075       1.824                1.783               0.000               0.000         -137.540           377990.163              1.00000 
  1629.510          28.695    620.137       0.075       1.824                1.711               0.000               0.000         -136.021           377991.875              1.00000 
  1630.510          28.506    618.444       0.075       1.824                1.643               0.000               0.000         -134.530           377993.518              1.00000 
  1631.510          28.319    616.769       0.075       1.824                1.578               0.000               0.000         -133.067           377995.097              1.00000 
  1632.510          28.136    615.112       0.075       1.824                1.516               0.000               0.000         -131.632           377996.613              1.00000 
  1633.510          27.956    613.472       0.075       1.824                1.457               0.000               0.000         -130.223           377998.070              1.00000 
  1634.510          27.778    611.849       0.075       1.824                1.401               0.000               0.000         -128.839           377999.471              1.00000 
  1635.510          27.603    610.242       0.075       1.824                1.348               0.000               0.000         -127.481           378000.819              1.00000 
  1636.510          27.431    608.652       0.075       1.824                1.297               0.000               0.000         -126.147           378002.116              1.00000 
  1637.510          27.262    607.078       0.075       1.824                1.248               0.000               0.000         -124.838           378003.364              1.00000 
  1638.510          27.095    605.519       0.075       1.824                1.203               0.000               0.000         -123.551           378004.567              1.00000 
  1639.510          26.931    603.976       0.075       1.824                1.159               0.000               0.000         -122.287           378005.726              1.00000 
  1640.510          26.769    602.449       0.075       1.824                1.118               0.000               0.000         -121.046           378006.843              1.00000 
  1641.510          26.610    600.936       0.075       1.824                1.078               0.000               0.000         -119.826           378007.921              1.00000 
  1642.510          26.453    599.439       0.075       1.824                1.041               0.000               0.000         -118.627           378008.962              1.00000 
  1643.510          26.298    597.956       0.075       1.824                1.005               0.000               0.000         -117.449           378009.967              1.00000 
  1644.510          26.146    596.487       0.075       1.824                0.971               0.000               0.000         -116.291           378010.939              1.00000 
  1645.510          25.996    595.032       0.075       1.824                0.939               0.000               0.000         -115.152           378011.878              1.00000 
  1646.510          25.847    593.591       0.075       1.824                0.909               0.000               0.000         -114.033           378012.787              1.00000 
  1647.510          25.701    592.164       0.075       1.824                0.880               0.000               0.000         -112.933           378013.666              1.00000 
  1648.510          25.557    590.750       0.075       1.824                0.852               0.000               0.000         -111.850           378014.518              1.00000 
  1649.510          25.415    589.349       0.075       1.824                0.826               0.000               0.000         -110.786           378015.344              1.00000 
  1650.510          25.274    587.962       0.075       1.824                0.800               0.000               0.000         -109.739           378016.144              1.00000 
  1651.510          25.136    586.587       0.075       1.824                0.776               0.000               0.000         -108.709           378016.920              1.00000 
  1652.510          24.999    585.225       0.075       1.824                0.754               0.000               0.000         -107.696           378017.674              1.00000 
  1653.510          24.864    583.875       0.075       1.824                0.732               0.000               0.000         -106.699           378018.406              1.00000 
  1654.510          24.730    582.538       0.075       1.824                0.711               0.000               0.000         -105.718           378019.117              1.00000 
  1655.510          24.599    581.212       0.075       1.824                0.691               0.000               0.000         -104.753           378019.808              1.00000 
  1656.510          24.468    579.899       0.075       1.824                0.672               0.000               0.000         -103.803           378020.479              1.00000 
  1657.510          24.340    578.597       0.075       1.824                0.654               0.000               0.000         -102.867           378021.133              1.00000 
  1658.510          24.213    577.306       0.075       1.824                0.636               0.000               0.000         -101.947           378021.769              1.00000 
  1659.510          24.087    576.027       0.075       1.824                0.619               0.000               0.000         -101.040           378022.389              1.00000 
  1660.510          23.963    574.759       0.075       1.824                0.603               0.000               0.000         -100.148           378022.992              1.00000 
  1661.510          23.840    573.502       0.075       1.824                0.588               0.000               0.000          -99.269           378023.580              1.00000 
  1662.510          23.718    572.256       0.075       1.824                0.573               0.000               0.000          -98.403           378024.153              1.00000 
  1663.510          23.598    571.021       0.075       1.824                0.559               0.000               0.000          -97.551           378024.712              1.00000 
  1664.510          23.479    569.796       0.075       1.824                0.545               0.000               0.000          -96.711           378025.258              1.00000 
  1665.510          23.362    568.581       0.075       1.824                0.532               0.000               0.000          -95.884           378025.790              1.00000 
  1666.510          23.245    567.377       0.075       1.824                0.520               0.000               0.000          -95.069           378026.310              1.00000 
  1667.510          23.130    566.183       0.075       1.824                0.508               0.000               0.000          -94.266           378026.817              1.00000 
  1668.510          23.016    564.999       0.075       1.824                0.496               0.000               0.000          -93.475           378027.313              1.00000 
  1669.510          22.904    563.824       0.075       1.824                0.485               0.000               0.000          -92.696           378027.798              1.00000 
  1670.510          22.792    562.659       0.075       1.824                0.474               0.000               0.000          -91.927           378028.272              1.00000 
  1671.510          22.681    561.504       0.075       1.824                0.463               0.000               0.000          -91.170           378028.735              1.00000 
  1672.510          22.572    560.358       0.075       1.824                0.453               0.000               0.000          -90.423           378029.188              1.00000 
  1673.510          22.464    559.221       0.075       1.824                0.443               0.000               0.000          -89.687           378029.631              1.00000 
  1674.510          22.356    558.094       0.075       1.824                0.434               0.000               0.000          -88.962           378030.065              1.00000 
  1675.510          22.250    556.975       0.075       1.824                0.425               0.000               0.000          -88.247           378030.490              1.00000 
  1676.510          22.144    555.865       0.075       1.824                0.416               0.000               0.000          -87.541           378030.906              1.00000 
  1677.510          22.040    554.764       0.075       1.824                0.407               0.000               0.000          -86.846           378031.313              1.00000 
  1678.510          21.937    553.672       0.075       1.824                0.399               0.000               0.000          -86.160           378031.713              1.00000 
  1679.510          21.834    552.588       0.075       1.824                0.391               0.000               0.000          -85.483           378032.104              1.00000 
  1680.510          21.732    551.513       0.075       1.824                0.383               0.000               0.000          -84.816           378032.487              1.00000 
  1681.510          21.632    550.445       0.075       1.824                0.376               0.000               0.000          -84.157           378032.863              1.00000 
  1682.510          21.532    549.387       0.075       1.824                0.369               0.000               0.000          -83.508           378033.231              1.00000 
  1683.510          21.433    548.336       0.075       1.824                0.361               0.000               0.000          -82.867           378033.593              1.00000 
  1684.510          21.335    547.293       0.075       1.824                0.355               0.000               0.000          -82.235           378033.947              1.00000 
  1685.510          21.238    546.258       0.075       1.824                0.348               0.000               0.000          -81.611           378034.295              1.00000 
  1686.510          21.141    545.230       0.075       1.824                0.341               0.000               0.000          -80.995           378034.637              1.00000 
  1687.510          21.046    544.211       0.075       1.824                0.335               0.000               0.000          -80.388           378034.972              1.00000 
  1688.510          20.951    543.199       0.075       1.824                0.329               0.000               0.000          -79.788           378035.301              1.00000 
  1689.510          20.857    542.194       0.075       1.824                0.323               0.000               0.000          -79.196           378035.624              1.00000 
  1690.510          20.763    541.197       0.075       1.824                0.317               0.000               0.000          -78.612           378035.941              1.00000 
  1691.510          20.671    540.207       0.075       1.824                0.312               0.000               0.000          -78.035           378036.253              1.00000 
  1692.510          20.579    539.224       0.075       1.824                0.306               0.000               0.000          -77.466           378036.559              1.00000 
  1693.510          20.488    538.248       0.075       1.824                0.301               0.000               0.000          -76.904           378036.860              1.00000 
  1694.510          20.397    537.280       0.075       1.824                0.296               0.000               0.000          -76.348           378037.155              1.00000 
  1695.510          20.308    536.318       0.075       1.824                0.291               0.000               0.000          -75.800           378037.446              1.00000 
  1696.510          20.219    535.363       0.075       1.824                0.286               0.000               0.000          -75.259           378037.732              1.00000 
  1697.510          20.130    534.415       0.075       1.824                0.281               0.000               0.000          -74.724           378038.013              1.00000 
  1698.510          20.043    533.473       0.075       1.824                0.276               0.000               0.000          -74.196           378038.289              1.00000 
  1699.510          19.956    532.538       0.075       1.824                0.272               0.000               0.000          -73.675           378038.561              1.00000 
  1700.510          19.869    531.610       0.075       1.824                0.267               0.000               0.000          -73.160           378038.828              1.00000 
  1701.510          19.784    530.688       0.075       1.824                0.263               0.000               0.000          -72.651           378039.091              1.00000 
  1702.510          19.699    529.772       0.075       1.824                0.259               0.000               0.000          -72.148           378039.349              1.00000 
  1703.510          19.614    528.863       0.075       1.824                0.255               0.000               0.000          -71.652           378039.604              1.00000 
  1704.510          19.530    527.959       0.075       1.824                0.251               0.000               0.000          -71.161           378039.855              1.00000 
  1705.510          19.447    527.062       0.075       1.824                0.247               0.000               0.000          -70.676           378040.102              1.00000 
  1706.510          19.364    526.171       0.075       1.824                0.243               0.000               0.000          -70.197           378040.345              1.00000 
  1707.510          19.282    525.286       0.075       1.824                0.239               0.000               0.000          -69.723           378040.584              1.00000 
  1708.510          19.200    524.407       0.075       1.824                0.236               0.000               0.000          -69.255           378040.820              1.00000 
  1709.510          19.119    523.534       0.075       1.824                0.232               0.000               0.000          -68.793           378041.053              1.00000 
  1710.510          19.039    522.666       0.075       1.824                0.229               0.000               0.000          -68.336           378041.282              1.00000 
  1711.510          18.959    521.805       0.075       1.824                0.226               0.000               0.000          -67.884           378041.507              1.00000 
  1712.510          18.879    520.948       0.075       1.824                0.222               0.000               0.000          -67.437           378041.730              1.00000 
  1713.510          18.800    520.098       0.075       1.824                0.219               0.000               0.000          -66.996           378041.949              1.00000 
  1714.510          18.722    519.253       0.075       1.824                0.216               0.000               0.000          -66.559           378042.165              1.00000 
  1715.510          18.644    518.413       0.075       1.824                0.213               0.000               0.000          -66.128           378042.378              1.00000 
  1716.510          18.567    517.579       0.075       1.824                0.210               0.000               0.000          -65.701           378042.588              1.00000 
  1717.510          18.490    516.750       0.075       1.824                0.207               0.000               0.000          -65.279           378042.796              1.00000 
  1718.510          18.413    515.927       0.075       1.824                0.204               0.000               0.000          -64.862           378043.000              1.00000 
  1719.510          18.337    515.108       0.075       1.824                0.202               0.000               0.000          -64.450           378043.201              1.00000 
  1720.510          18.262    514.295       0.075       1.824                0.199               0.000               0.000          -64.042           378043.400              1.00000 
  1721.510          18.187    513.487       0.075       1.824                0.196               0.000               0.000          -63.638           378043.596              1.00000 
  1722.510          18.112    512.684       0.075       1.824                0.194               0.000               0.000          -63.239           378043.790              1.00000 
  1723.510          18.038    511.886       0.075       1.824                0.191               0.000               0.000          -62.845           378043.981              1.00000 
  1724.510          17.964    511.093       0.075       1.824                0.188               0.000               0.000          -62.454           378044.169              1.00000 
  1725.510          17.891    510.305       0.075       1.824                0.186               0.000               0.000          -62.068           378044.355              1.00000 
  1726.510          17.818    509.521       0.075       1.824                0.184               0.000               0.000          -61.686           378044.539              1.00000 
  1727.510          17.746    508.743       0.075       1.824                0.181               0.000               0.000          -61.308           378044.720              1.00000 
  1728.510          17.674    507.969       0.075       1.824                0.179               0.000               0.000          -60.934           378044.899              1.00000 
  1729.510          17.603    507.200       0.075       1.824                0.177               0.000               0.000          -60.565           378045.076              1.00000 
  1730.510          17.531    506.435       0.075       1.824                0.174               0.000               0.000          -60.199           378045.250              1.00000 
  1731.510          17.461    505.675       0.075       1.824                0.172               0.000               0.000          -59.836           378045.422              1.00000 
  1732.510          17.390    504.920       0.075       1.824                0.170               0.000               0.000          -59.478           378045.592              1.00000 
  1733.510          17.321    504.169       0.075       1.824                0.168               0.000               0.000          -59.123           378045.760              1.00000 
  1734.510          17.251    503.422       0.075       1.824                0.166               0.000               0.000          -58.772           378045.926              1.00000 
  1735.510          17.182    502.680       0.075       1.824                0.164               0.000               0.000          -58.425           378046.090              1.00000 
  1736.510          17.113    501.943       0.075       1.824                0.162               0.000               0.000          -58.081           378046.252              1.00000 
  1737.510          17.045    501.209       0.075       1.824                0.160               0.000               0.000          -57.741           378046.411              1.00000 
  1738.510          16.977    500.480       0.075       1.824                0.158               0.000               0.000          -57.404           378046.569              1.00000 
  1739.510          16.909    499.755       0.075       1.824                0.156               0.000               0.000          -57.071           378046.725              1.00000 
  1740.510          16.842    499.034       0.075       1.824                0.154               0.000               0.000          -56.741           378046.880              1.00000 
  1741.510          16.775    498.318       0.075       1.824                0.152               0.000               0.000          -56.415           378047.032              1.00000 
  1742.510          16.709    497.605       0.075       1.824                0.151               0.000               0.000          -56.091           378047.182              1.00000 
  1743.510          16.643    496.897       0.075       1.824                0.149               0.000               0.000          -55.771           378047.331              1.00000 
  1744.510          16.577    496.192       0.075       1.824                0.147               0.000               0.000          -55.454           378047.478              1.00000 
  1745.510          16.512    495.492       0.075       1.824                0.145               0.000               0.000          -55.140           378047.624              1.00000 
  1746.510          16.447    494.795       0.075       1.824                0.144               0.000               0.000          -54.830           378047.767              1.00000 
  1747.510          16.382    494.103       0.075       1.824                0.142               0.000               0.000          -54.522           378047.910              1.00000 
  1748.510          16.317    493.414       0.075       1.824                0.140               0.000               0.000          -54.217           378048.050              1.00000 
  1749.510          16.253    492.729       0.075       1.824                0.139               0.000               0.000          -53.916           378048.189              1.00000 
  1750.510          16.190    492.048       0.075       1.824                0.137               0.000               0.000          -53.617           378048.326              1.00000 
  1751.510          16.126    491.370       0.075       1.824                0.136               0.000               0.000          -53.321           378048.462              1.00000 
  1752.510          16.063    490.696       0.075       1.824                0.134               0.000               0.000          -53.028           378048.596              1.00000 
  1753.510          16.000    490.026       0.075       1.824                0.133               0.000               0.000          -52.738           378048.729              1.00000 
  1754.510          15.938    489.360       0.075       1.824                0.131               0.000               0.000          -52.450           378048.860              1.00000 
  1755.510          15.876    488.697       0.075       1.824                0.130               0.000               0.000          -52.166           378048.990              1.00000 
  1756.510          15.814    488.038       0.075       1.824                0.129               0.000               0.000          -51.883           378049.119              1.00000 
  1757.510          15.752    487.382       0.075       1.824                0.127               0.000               0.000          -51.604           378049.246              1.00000 
  1758.510          15.691    486.730       0.075       1.824                0.126               0.000               0.000          -51.327           378049.372              1.00000 
  1759.510          15.630    486.081       0.075       1.824                0.124               0.000               0.000          -51.053           378049.496              1.00000 
  1760.510          15.570    485.436       0.075       1.824                0.123               0.000               0.000          -50.782           378049.619              1.00000 
  1761.510          15.509    484.794       0.075       1.824                0.122               0.000               0.000          -50.512           378049.741              1.00000 
  1762.510          15.449    484.156       0.075       1.824                0.121               0.000               0.000          -50.246           378049.862              1.00000 
  1763.510          15.390    483.521       0.075       1.824                0.119               0.000               0.000          -49.982           378049.981              1.00000 
  1764.510          15.330    482.889       0.075       1.824                0.118               0.000               0.000          -49.720           378050.099              1.00000 
  1765.510          15.271    482.261       0.075       1.824                0.117               0.000               0.000          -49.461           378050.216              1.00000 
  1766.510          15.212    481.635       0.075       1.824                0.116               0.000               0.000          -49.204           378050.331              1.00000 
  1767.510          15.154    481.013       0.075       1.824                0.114               0.000               0.000          -48.949           378050.446              1.00000 
  1768.510          15.095    480.394       0.075       1.824                0.113               0.000               0.000          -48.697           378050.559              1.00000 
  1769.510          15.037    479.779       0.075       1.824                0.112               0.000               0.000          -48.446           378050.671              1.00000 
  1770.510          14.979    479.166       0.075       1.824                0.111               0.000               0.000          -48.199           378050.782              1.00000 
  1771.510          14.922    478.557       0.075       1.824                0.110               0.000               0.000          -47.953           378050.892              1.00000 
  1772.510          14.865    477.951       0.075       1.824                0.109               0.000               0.000          -47.709           378051.001              1.00000 
  1773.510          14.808    477.347       0.075       1.824                0.108               0.000               0.000          -47.468           378051.108              1.00000 
  1774.510          14.751    476.747       0.075       1.824                0.107               0.000               0.000          -47.229           378051.215              1.00000 
  1775.510          14.695    476.150       0.075       1.824                0.106               0.000               0.000          -46.992           378051.321              1.00000 
  1776.510          14.638    475.556       0.075       1.824                0.105               0.000               0.000          -46.757           378051.425              1.00000 
  1777.510          14.582    474.964       0.075       1.824                0.104               0.000               0.000          -46.524           378051.529              1.00000 
  1778.510          14.527    474.376       0.075       1.824                0.103               0.000               0.000          -46.293           378051.631              1.00000 
  1779.510          14.471    473.791       0.075       1.824                0.102               0.000               0.000          -46.064           378051.733              1.00000 
  1780.510          14.416    473.208       0.075       1.824                0.101               0.000               0.000          -45.837           378051.833              1.00000 
  1781.510          14.361    472.628       0.075       1.824                0.100               0.000               0.000          -45.612           378051.933              1.00000 
  1782.510          14.306    472.052       0.075       1.824                0.099               0.000               0.000          -45.389           378052.032              1.00000 
  1783.510          14.252    471.477       0.075       1.824                0.098               0.000               0.000          -45.168           378052.129              1.00000 
  1784.510          14.198    470.906       0.075       1.824                0.097               0.000               0.000          -44.948           378052.226              1.00000 
  1785.510          14.144    470.338       0.075       1.824                0.096               0.000               0.000          -44.731           378052.322              1.00000 
  1786.510          14.090    469.772       0.075       1.824                0.095               0.000               0.000          -44.515           378052.417              1.00000 
  1787.510          14.036    469.209       0.075       1.824                0.094               0.000               0.000          -44.301           378052.511              1.00000 
  1788.510          13.983    468.648       0.075       1.824                0.093               0.000               0.000          -44.089           378052.604              1.00000 
  1789.510          13.930    468.091       0.075       1.824                0.092               0.000               0.000          -43.879           378052.697              1.00000 
  1790.510          13.877    467.536       0.075       1.824                0.092               0.000               0.000          -43.671           378052.788              1.00000 
  1791.510          13.824    466.983       0.075       1.824                0.091               0.000               0.000          -43.464           378052.879              1.00000 
  1792.510          13.772    466.433       0.075       1.824                0.090               0.000               0.000          -43.259           378052.969              1.00000 
  1793.510          13.720    465.886       0.075       1.824                0.089               0.000               0.000          -43.055           378053.058              1.00000 
  1794.510          13.668    465.341       0.075       1.824                0.088               0.000               0.000          -42.854           378053.146              1.00000 
  1795.510          13.616    464.799       0.075       1.824                0.087               0.000               0.000          -42.654           378053.234              1.00000 
  1796.510          13.564    464.259       0.075       1.824                0.087               0.000               0.000          -42.455           378053.320              1.00000 
  1797.510          13.513    463.722       0.075       1.824                0.086               0.000               0.000          -42.258           378053.406              1.00000 
  1798.510          13.462    463.188       0.075       1.824                0.085               0.000               0.000          -42.063           378053.491              1.00000 
  1799.510          13.411    462.655       0.075       1.824                0.084               0.000               0.000          -41.869           378053.576              1.00000 
  1800.510          13.360    462.126       0.075       1.824                0.084               0.000               0.000          -41.677           378053.659              1.00000 
  1801.510          13.310    461.598       0.075       1.824                0.083               0.000               0.000          -41.487           378053.742              1.00000 
  1802.510          13.259    461.073       0.075       1.824                0.082               0.000               0.000          -41.298           378053.825              1.00000 
  1803.510          13.209    460.551       0.075       1.824                0.082               0.000               0.000          -41.110           378053.906              1.00000 
  1804.510          13.159    460.030       0.075       1.824                0.081               0.000               0.000          -40.924           378053.987              1.00000 
  1805.510          13.110    459.513       0.075       1.824                0.080               0.000               0.000          -40.740           378054.067              1.00000 
  1806.510          13.060    458.997       0.075       1.824                0.079               0.000               0.000          -40.556           378054.146              1.00000 
  1807.510          13.011    458.484       0.075       1.824                0.079               0.000               0.000          -40.375           378054.225              1.00000 
  1808.510          12.962    457.973       0.075       1.824                0.078               0.000               0.000          -40.194           378054.303              1.00000 
  1809.510          12.913    457.464       0.075       1.824                0.077               0.000               0.000          -40.016           378054.381              1.00000 
  1810.510          12.864    456.958       0.075       1.824                0.077               0.000               0.000          -39.838           378054.457              1.00000 
  1811.510          12.815    456.453       0.075       1.824                0.076               0.000               0.000          -39.662           378054.534              1.00000 
  1812.510          12.767    455.951       0.075       1.824                0.075               0.000               0.000          -39.487           378054.609              1.00000 
  1813.510          12.719    455.452       0.075       1.824                0.075               0.000               0.000          -39.314           378054.684              1.00000 
  1814.510          12.671    454.954       0.075       1.824                0.074               0.000               0.000          -39.142           378054.758              1.00000 
  1815.510          12.623    454.459       0.075       1.824                0.074               0.000               0.000          -38.971           378054.832              1.00000 
  1816.510          12.575    453.965       0.075       1.824                0.073               0.000               0.000          -38.801           378054.905              1.00000 
  1817.510          12.528    453.474       0.075       1.824                0.072               0.000               0.000          -38.633           378054.977              1.00000 
  1818.510          12.481    452.985       0.075       1.824                0.072               0.000               0.000          -38.466           378055.049              1.00000 
  1819.510          12.434    452.498       0.075       1.824                0.071               0.000               0.000          -38.301           378055.120              1.00000 
  1820.510          12.387    452.013       0.075       1.824                0.071               0.000               0.000          -38.136           378055.191              1.00000 
  1821.510          12.340    451.531       0.075       1.824                0.070               0.000               0.000          -37.973           378055.261              1.00000 
  1822.510          12.293    451.050       0.075       1.824                0.070               0.000               0.000          -37.811           378055.331              1.00000 
  1823.510          12.247    450.571       0.075       1.824                0.069               0.000               0.000          -37.650           378055.400              1.00000 
  1824.510          12.201    450.094       0.075       1.824                0.068               0.000               0.000          -37.491           378055.468              1.00000 
  1825.510          12.155    449.620       0.075       1.824                0.068               0.000               0.000          -37.332           378055.536              1.00000 
  1826.510          12.109    449.147       0.075       1.824                0.067               0.000               0.000          -37.175           378055.603              1.00000 
  1827.510          12.063    448.677       0.075       1.824                0.067               0.000               0.000          -37.019           378055.670              1.00000 
  1828.510          12.018    448.208       0.075       1.824                0.066               0.000               0.000          -36.864           378055.736              1.00000 
  1829.510          11.972    447.741       0.075       1.824                0.066               0.000               0.000          -36.710           378055.802              1.00000 
  1830.510          11.927    447.276       0.075       1.824                0.065               0.000               0.000          -36.558           378055.867              1.00000 
  1831.510          11.882    446.813       0.075       1.824                0.065               0.000               0.000          -36.406           378055.932              1.00000 
  1832.510          11.837    446.352       0.075       1.824                0.064               0.000               0.000          -36.256           378055.997              1.00000 
  1833.510          11.792    445.893       0.075       1.824                0.064               0.000               0.000          -36.106           378056.060              1.00000 
  1834.510          11.748    445.436       0.075       1.824                0.063               0.000               0.000          -35.958           378056.124              1.00000 
  1835.510          11.703    444.981       0.075       1.824                0.063               0.000               0.000          -35.811           378056.186              1.00000 
  1836.510          11.659    444.527       0.075       1.824                0.062               0.000               0.000          -35.664           378056.249              1.00000 
  1837.510          11.615    444.076       0.075       1.824                0.062               0.000               0.000          -35.519           378056.311              1.00000 
  1838.510          11.571    443.626       0.075       1.824                0.061               0.000               0.000          -35.375           378056.372              1.00000 
  1839.510          11.527    443.178       0.075       1.824                0.061               0.000               0.000          -35.232           378056.433              1.00000 
  1840.510          11.483    442.732       0.075       1.824                0.060               0.000               0.000          -35.090           378056.493              1.00000 
  1841.510          11.440    442.287       0.075       1.824                0.060               0.000               0.000          -34.949           378056.553              1.00000 
  1842.510          11.397    441.845       0.075       1.824                0.060               0.000               0.000          -34.809           378056.613              1.00000 
  1843.510          11.353    441.404       0.075       1.824                0.059               0.000               0.000          -34.670           378056.672              1.00000 
  1844.510          11.310    440.965       0.075       1.824                0.059               0.000               0.000          -34.531           378056.731              1.00000 
  1845.510          11.267    440.527       0.075       1.824                0.058               0.000               0.000          -34.394           378056.789              1.00000 
  1846.510          11.225    440.092       0.075       1.824                0.058               0.000               0.000          -34.258           378056.847              1.00000 
  1847.510          11.182    439.658       0.075       1.824                0.057               0.000               0.000          -34.123           378056.904              1.00000 
  1848.510          11.140    439.226       0.075       1.824                0.057               0.000               0.000          -33.988           378056.961              1.00000 
  1849.510          11.097    438.795       0.075       1.824                0.057               0.000               0.000          -33.855           378057.018              1.00000 
  1850.510          11.055    438.366       0.075       1.824                0.056               0.000               0.000          -33.722           378057.074              1.00000 
  1851.510          11.013    437.939       0.075       1.824                0.056               0.000               0.000          -33.591           378057.130              1.00000 
  1852.510          10.971    437.514       0.075       1.824                0.055               0.000               0.000          -33.460           378057.185              1.00000 
  1853.510          10.929    437.090       0.075       1.824                0.055               0.000               0.000          -33.330           378057.240              1.00000 
  1854.510          10.888    436.668       0.075       1.824                0.055               0.000               0.000          -33.201           378057.295              1.00000 
  1855.510          10.846    436.247       0.075       1.824                0.054               0.000               0.000          -33.073           378057.349              1.00000 
  1856.510          10.805    435.828       0.075       1.824                0.054               0.000               0.000          -32.946           378057.403              1.00000 
  1857.510          10.763    435.411       0.075       1.824                0.054               0.000               0.000          -32.819           378057.457              1.00000 
  1858.510          10.722    434.995       0.075       1.824                0.053               0.000               0.000          -32.694           378057.510              1.00000 
  1859.510          10.681    434.581       0.075       1.824                0.053               0.000               0.000          -32.569           378057.563              1.00000 
  1860.510          10.640    434.168       0.075       1.824                0.053               0.000               0.000          -32.445           378057.616              1.00000 
  1861.510          10.599    433.757       0.075       1.824                0.052               0.000               0.000          -32.322           378057.668              1.00000 
  1862.510          10.558    433.348       0.075       1.824                0.052               0.000               0.000          -32.200           378057.720              1.00000 
  1863.510          10.518    432.940       0.075       1.824                0.052               0.000               0.000          -32.079           378057.772              1.00000 
  1864.510          10.477    432.534       0.075       1.824                0.052               0.000               0.000          -31.958           378057.824              1.00000 
  1865.510          10.437    432.129       0.075       1.824                0.051               0.000               0.000          -31.838           378057.875              1.00000 
  1866.510          10.396    431.725       0.075       1.824                0.051               0.000               0.000          -31.719           378057.926              1.00000 
  1867.510          10.356    431.323       0.075       1.824                0.051               0.000               0.000          -31.601           378057.977              1.00000 
  1868.510          10.316    430.923       0.075       1.824                0.050               0.000               0.000          -31.483           378058.027              1.00000 
  1869.510          10.276    430.524       0.075       1.824                0.050               0.000               0.000          -31.367           378058.077              1.00000 
  1870.510          10.236    430.127       0.075       1.824                0.050               0.000               0.000          -31.251           378058.127              1.00000 
  1871.510          10.196    429.731       0.075       1.824                0.050               0.000               0.000          -31.135           378058.177              1.00000 
  1872.510          10.156    429.336       0.075       1.824                0.049               0.000               0.000          -31.021           378058.226              1.00000 
  1873.510          10.117    428.943       0.075       1.824                0.049               0.000               0.000          -30.907           378058.275              1.00000 
  1874.510          10.077    428.552       0.075       1.824                0.049               0.000               0.000          -30.794           378058.324              1.00000 
  1875.510          10.038    428.162       0.075       1.824                0.049               0.000               0.000          -30.682           378058.373              1.00000 
  1876.510           9.998    427.773       0.075       1.824                0.048               0.000               0.000          -30.570           378058.421              1.00000 
  1877.510           9.959    427.385       0.075       1.824                0.048               0.000               0.000          -30.459           378058.469              1.00000 
  1878.510           9.920    426.999       0.075       1.824                0.048               0.000               0.000          -30.349           378058.517              1.00000 
  1879.510           9.881    426.615       0.075       1.824                0.048               0.000               0.000          -30.240           378058.565              1.00000 
  1880.510           9.842    426.232       0.075       1.824                0.047               0.000               0.000          -30.131           378058.612              1.00000 
  1881.510           9.803    425.850       0.075       1.824                0.047               0.000               0.000          -30.023           378058.659              1.00000 
  1882.510           9.764    425.469       0.075       1.824                0.047               0.000               0.000          -29.915           378058.706              1.00000 
  1883.510           9.725    425.090       0.075       1.824                0.047               0.000               0.000          -29.809           378058.752              1.00000 
  1884.510           9.687    424.713       0.075       1.824                0.046               0.000               0.000          -29.703           378058.799              1.00000 
  1885.510           9.648    424.336       0.075       1.824                0.046               0.000               0.000          -29.597           378058.845              1.00000 
  1886.510           9.610    423.961       0.075       1.824                0.046               0.000               0.000          -29.492           378058.891              1.00000 
  1887.510           9.572    423.587       0.075       1.824                0.046               0.000               0.000          -29.388           378058.936              1.00000 
  1888.510           9.533    423.215       0.075       1.824                0.045               0.000               0.000          -29.285           378058.982              1.00000 
  1889.510           9.495    422.844       0.075       1.824                0.045               0.000               0.000          -29.182           378059.027              1.00000 
  1890.510           9.457    422.474       0.075       1.824                0.045               0.000               0.000          -29.080           378059.072              1.00000 
  1891.510           9.419    422.106       0.075       1.824                0.045               0.000               0.000          -28.978           378059.117              1.00000 
  1892.510           9.381    421.738       0.075       1.824                0.045               0.000               0.000          -28.877           378059.161              1.00000 
  1893.510           9.343    421.372       0.075       1.824                0.044               0.000               0.000          -28.777           378059.205              1.00000 
  1894.510           9.306    421.008       0.075       1.824                0.044               0.000               0.000          -28.677           378059.250              1.00000 
  1895.510           9.268    420.644       0.075       1.824                0.044               0.000               0.000          -28.578           378059.293              1.00000 
  1896.510           9.231    420.282       0.075       1.824                0.044               0.000               0.000          -28.479           378059.337              1.00000 
  1897.510           9.193    419.921       0.075       1.824                0.043               0.000               0.000          -28.381           378059.380              1.00000 
  1898.510           9.156    419.561       0.075       1.824                0.043               0.000               0.000          -28.284           378059.424              1.00000 
  1899.510           9.119    419.203       0.075       1.824                0.043               0.000               0.000          -28.187           378059.467              1.00000 
  1900.510           9.081    418.846       0.075       1.824                0.043               0.000               0.000          -28.091           378059.509              1.00000 
  1901.510           9.044    418.490       0.075       1.824                0.043               0.000               0.000          -27.995           378059.552              1.00000 
  1902.510           9.007    418.135       0.075       1.824                0.042               0.000               0.000          -27.900           378059.594              1.00000 
  1903.510           8.970    417.781       0.075       1.824                0.042               0.000               0.000          -27.806           378059.637              1.00000 
  1904.510           8.933    417.429       0.075       1.824                0.042               0.000               0.000          -27.712           378059.678              1.00000 
  1905.510           8.897    417.077       0.075       1.824                0.042               0.000               0.000          -27.618           378059.720              1.00000 
  1906.510           8.860    416.727       0.075       1.824                0.042               0.000               0.000          -27.526           378059.762              1.00000 
  1907.510           8.823    416.378       0.075       1.824                0.041               0.000               0.000          -27.433           378059.803              1.00000 
  1908.510           8.787    416.031       0.075       1.824                0.041               0.000               0.000          -27.342           378059.844              1.00000 
  1909.510           8.750    415.684       0.075       1.824                0.041               0.000               0.000          -27.250           378059.885              1.00000 
  1910.510           8.714    415.339       0.075       1.824                0.041               0.000               0.000          -27.160           378059.926              1.00000 
  1911.510           8.678    414.994       0.075       1.824                0.041               0.000               0.000          -27.069           378059.967              1.00000 
  1912.510           8.641    414.651       0.075       1.824                0.040               0.000               0.000          -26.980           378060.007              1.00000 
  1913.510           8.605    414.309       0.075       1.824                0.040               0.000               0.000          -26.891           378060.047              1.00000 
  1914.510           8.569    413.968       0.075       1.824                0.040               0.000               0.000          -26.802           378060.087              1.00000 
  1915.510           8.533    413.629       0.075       1.824                0.040               0.000               0.000          -26.714           378060.127              1.00000 
  1916.510           8.497    413.290       0.075       1.824                0.040               0.000               0.000          -26.626           378060.167              1.00000 
  1917.510           8.461    412.952       0.075       1.824                0.039               0.000               0.000          -26.539           378060.206              1.00000 
  1918.510           8.426    412.616       0.075       1.824                0.039               0.000               0.000          -26.453           378060.246              1.00000 
  1919.510           8.390    412.281       0.075       1.824                0.039               0.000               0.000          -26.367           378060.285              1.00000 
  1920.510           8.354    411.946       0.075       1.824                0.039               0.000               0.000          -26.281           378060.324              1.00000 
  1921.510           8.319    411.613       0.075       1.824                0.039               0.000               0.000          -26.196           378060.362              1.00000 
  1922.510           8.283    411.281       0.075       1.824                0.039               0.000               0.000          -26.111           378060.401              1.00000 
  1923.510           8.248    410.950       0.075       1.824                0.038               0.000               0.000          -26.027           378060.439              1.00000 
  1924.510           8.213    410.620       0.075       1.824                0.038               0.000               0.000          -25.943           378060.478              1.00000 
  1925.510           8.177    410.291       0.075       1.824                0.038               0.000               0.000          -25.860           378060.516              1.00000 
  1926.510           8.142    409.963       0.075       1.824                0.038               0.000               0.000          -25.777           378060.554              1.00000 
  1927.510           8.107    409.637       0.075       1.824                0.038               0.000               0.000          -25.695           378060.591              1.00000 
  1928.510           8.072    409.311       0.075       1.824                0.038               0.000               0.000          -25.613           378060.629              1.00000 
  1929.510           8.037    408.986       0.075       1.824                0.037               0.000               0.000          -25.532           378060.666              1.00000 
  1930.510           8.002    408.662       0.075       1.824                0.037               0.000               0.000          -25.451           378060.703              1.00000 
  1931.510           7.968    408.340       0.075       1.824                0.037               0.000               0.000          -25.370           378060.741              1.00000 
  1932.510           7.933    408.018       0.075       1.824                0.037               0.000               0.000          -25.290           378060.777              1.00000 
  1933.510           7.898    407.697       0.075       1.824                0.037               0.000               0.000          -25.211           378060.814              1.00000 
  1934.510           7.864    407.378       0.075       1.824                0.037               0.000               0.000          -25.132           378060.851              1.00000 
  1935.510           7.829    407.059       0.075       1.824                0.036               0.000               0.000          -25.053           378060.887              1.00000 
  1936.510           7.795    406.742       0.075       1.824                0.036               0.000               0.000          -24.975           378060.923              1.00000 
  1937.510           7.760    406.425       0.075       1.824                0.036               0.000               0.000          -24.897           378060.960              1.00000 
  1938.510           7.726    406.109       0.075       1.824                0.036               0.000               0.000          -24.819           378060.996              1.00000 
  1939.510           7.692    405.795       0.075       1.824                0.036               0.000               0.000          -24.742           378061.031              1.00000 
  1940.510           7.657    405.481       0.075       1.824                0.036               0.000               0.000          -24.666           378061.067              1.00000 
  1941.510           7.623    405.168       0.075       1.824                0.035               0.000               0.000          -24.590           378061.102              1.00000 
  1942.510           7.589    404.856       0.075       1.824                0.035               0.000               0.000          -24.514           378061.138              1.00000 
  1943.510           7.555    404.545       0.075       1.824                0.035               0.000               0.000          -24.438           378061.173              1.00000 
  1944.510           7.521    404.236       0.075       1.824                0.035               0.000               0.000          -24.363           378061.208              1.00000 
  1945.510           7.488    403.927       0.075       1.824                0.035               0.000               0.000          -24.289           378061.243              1.00000 
  1946.510           7.454    403.619       0.075       1.824                0.035               0.000               0.000          -24.215           378061.278              1.00000 
  1947.510           7.420    403.312       0.075       1.824                0.035               0.000               0.000          -24.141           378061.312              1.00000 
  1948.510           7.386    403.005       0.075       1.824                0.034               0.000               0.000          -24.068           378061.347              1.00000 
  1949.510           7.353    402.700       0.075       1.824                0.034               0.000               0.000          -23.995           378061.381              1.00000 
  1950.510           7.319    402.396       0.075       1.824                0.034               0.000               0.000          -23.922           378061.415              1.00000 
  1951.510           7.286    402.093       0.075       1.824                0.034               0.000               0.000          -23.850           378061.449              1.00000 
  1952.510           7.253    401.790       0.075       1.824                0.034               0.000               0.000          -23.778           378061.483              1.00000 
  1953.510           7.219    401.489       0.075       1.824                0.034               0.000               0.000          -23.706           378061.517              1.00000 
  1954.510           7.186    401.188       0.075       1.824                0.034               0.000               0.000          -23.635           378061.550              1.00000 
  1955.510           7.153    400.888       0.075       1.824                0.033               0.000               0.000          -23.565           378061.584              1.00000 
  1956.510           7.120    400.590       0.075       1.824                0.033               0.000               0.000          -23.494           378061.617              1.00000 
  1957.510           7.087    400.292       0.075       1.824                0.033               0.000               0.000          -23.424           378061.650              1.00000 
  1958.510           7.054    399.995       0.075       1.824                0.033               0.000               0.000          -23.355           378061.684              1.00000 
  1959.510           7.021    399.698       0.075       1.824                0.033               0.000               0.000          -23.286           378061.716              1.00000 
  1960.510           6.988    399.403       0.075       1.824                0.033               0.000               0.000          -23.217           378061.749              1.00000 
  1961.510           6.955    399.109       0.075       1.824                0.033               0.000               0.000          -23.148           378061.782              1.00000 
  1962.510           6.922    398.815       0.075       1.824                0.033               0.000               0.000          -23.080           378061.814              1.00000 
  1963.510           6.890    398.522       0.075       1.824                0.032               0.000               0.000          -23.012           378061.847              1.00000 
  1964.510           6.857    398.231       0.075       1.824                0.032               0.000               0.000          -22.945           378061.879              1.00000 
  1965.510           6.824    397.940       0.075       1.824                0.032               0.000               0.000          -22.877           378061.911              1.00000 
  1966.510           6.792    397.649       0.075       1.824                0.032               0.000               0.000          -22.811           378061.943              1.00000 
  1967.510           6.759    397.360       0.075       1.824                0.032               0.000               0.000          -22.744           378061.975              1.00000 
  1968.510           6.727    397.072       0.075       1.824                0.032               0.000               0.000          -22.678           378062.007              1.00000 
  1969.510           6.695    396.784       0.075       1.824                0.032               0.000               0.000          -22.612           378062.039              1.00000 
  1970.510           6.662    396.497       0.075       1.824                0.032               0.000               0.000          -22.547           378062.070              1.00000 
  1971.510           6.630    396.211       0.075       1.824                0.031               0.000               0.000          -22.482           378062.101              1.00000 
  1972.510           6.598    395.926       0.075       1.824                0.031               0.000               0.000          -22.417           378062.133              1.00000 
  1973.510           6.566    395.642       0.075       1.824                0.031               0.000               0.000          -22.353           378062.164              1.00000 
  1974.510           6.534    395.358       0.075       1.824                0.031               0.000               0.000          -22.288           378062.195              1.00000 
  1975.510           6.502    395.076       0.075       1.824                0.031               0.000               0.000          -22.225           378062.226              1.00000 
  1976.510           6.470    394.794       0.075       1.824                0.031               0.000               0.000          -22.161           378062.257              1.00000 
  1977.510           6.438    394.513       0.075       1.824                0.031               0.000               0.000          -22.098           378062.287              1.00000 
  1978.510           6.406    394.232       0.075       1.824                0.031               0.000               0.000          -22.035           378062.318              1.00000 
  1979.510           6.374    393.953       0.075       1.824                0.030               0.000               0.000          -21.972           378062.348              1.00000 
  1980.510           6.343    393.674       0.075       1.824                0.030               0.000               0.000          -21.910           378062.379              1.00000 
  1981.510           6.311    393.396       0.075       1.824                0.030               0.000               0.000          -21.848           378062.409              1.00000 
  1982.510           6.280    393.119       0.075       1.824                0.030               0.000               0.000          -21.787           378062.439              1.00000 
  1983.510           6.248    392.843       0.075       1.824                0.030               0.000               0.000          -21.725           378062.469              1.00000 
  1984.510           6.217    392.567       0.075       1.824                0.030               0.000               0.000          -21.664           378062.499              1.00000 
  1985.510           6.185    392.293       0.075       1.824                0.030               0.000               0.000          -21.604           378062.528              1.00000 
  1986.510           6.154    392.019       0.075       1.824                0.030               0.000               0.000          -21.543           378062.558              1.00000 
  1987.510           6.122    391.745       0.075       1.824                0.030               0.000               0.000          -21.483           378062.588              1.00000 
  1988.510           6.091    391.473       0.075       1.824                0.029               0.000               0.000          -21.423           378062.617              1.00000 
  1989.510           6.060    391.201       0.075       1.824                0.029               0.000               0.000          -21.364           378062.646              1.00000 
  1990.510           6.029    390.930       0.075       1.824                0.029               0.000               0.000          -21.304           378062.675              1.00000 
  1991.510           5.998    390.660       0.075       1.824                0.029               0.000               0.000          -21.245           378062.704              1.00000 
  1992.510           5.967    390.390       0.075       1.824                0.029               0.000               0.000          -21.187           378062.733              1.00000 
  1993.510           5.936    390.122       0.075       1.824                0.029               0.000               0.000          -21.128           378062.762              1.00000 
  1994.510           5.905    389.854       0.075       1.824                0.029               0.000               0.000          -21.070           378062.791              1.00000 
  1995.510           5.874    389.586       0.075       1.824                0.029               0.000               0.000          -21.012           378062.820              1.00000 
  1996.510           5.843    389.320       0.075       1.824                0.029               0.000               0.000          -20.955           378062.848              1.00000 
  1997.510           5.812    389.054       0.075       1.824                0.028               0.000               0.000          -20.898           378062.877              1.00000 
  1998.510           5.782    388.789       0.075       1.824                0.028               0.000               0.000          -20.841           378062.905              1.00000 
  1999.510           5.751    388.524       0.075       1.824                0.028               0.000               0.000          -20.784           378062.933              1.00000 
  2000.510           5.720    388.261       0.075       1.824                0.028               0.000               0.000          -20.727           378062.961              1.00000 
  2001.510           5.690    387.998       0.075       1.824                0.028               0.000               0.000          -20.671           378062.989              1.00000 
  2002.510           5.659    387.736       0.075       1.824                0.028               0.000               0.000          -20.615           378063.017              1.00000 
  2003.510           5.629    387.474       0.075       1.824                0.028               0.000               0.000          -20.560           378063.045              1.00000 
  2004.510           5.598    387.213       0.075       1.824                0.028               0.000               0.000          -20.504           378063.073              1.00000 
  2005.510           5.568    386.953       0.075       1.824                0.028               0.000               0.000          -20.449           378063.101              1.00000 
  2006.510           5.538    386.694       0.075       1.824                0.028               0.000               0.000          -20.394           378063.128              1.00000 
  2007.510           5.507    386.435       0.075       1.824                0.027               0.000               0.000          -20.339           378063.155              1.00000 
  2008.510           5.477    386.177       0.075       1.824                0.027               0.000               0.000          -20.285           378063.183              1.00000 
  2009.510           5.447    385.920       0.075       1.824                0.027               0.000               0.000          -20.231           378063.210              1.00000 
  2010.510           5.417    385.663       0.075       1.824                0.027               0.000               0.000          -20.177           378063.237              1.00000 
  2011.510           5.387    385.407       0.075       1.824                0.027               0.000               0.000          -20.123           378063.264              1.00000 
  2012.510           5.357    385.152       0.075       1.824                0.027               0.000               0.000          -20.070           378063.291              1.00000 
  2013.510           5.327    384.897       0.075       1.824                0.027               0.000               0.000          -20.017           378063.318              1.00000 
  2014.510           5.297    384.643       0.075       1.824                0.027               0.000               0.000          -19.964           378063.345              1.00000 
  2015.510           5.267    384.390       0.075       1.824                0.027               0.000               0.000          -19.911           378063.371              1.00000 
  2016.510           5.237    384.137       0.075       1.824                0.027               0.000               0.000          -19.859           378063.398              1.00000 
  2017.510           5.208    383.885       0.075       1.824                0.026               0.000               0.000          -19.807           378063.425              1.00000 
  2018.510           5.178    383.634       0.075       1.824                0.026               0.000               0.000          -19.755           378063.451              1.00000 
  2019.510           5.148    383.384       0.075       1.824                0.026               0.000               0.000          -19.703           378063.477              1.00000 
  2020.510           5.119    383.134       0.075       1.824                0.026               0.000               0.000          -19.652           378063.503              1.00000 
  2021.510           5.089    382.884       0.075       1.824                0.026               0.000               0.000          -19.601           378063.530              1.00000 
  2022.510           5.059    382.636       0.075       1.824                0.026               0.000               0.000          -19.550           378063.556              1.00000 
  2023.510           5.030    382.387       0.075       1.824                0.026               0.000               0.000          -19.499           378063.581              1.00000 
  2024.510           5.001    382.140       0.075       1.824                0.026               0.000               0.000          -19.448           378063.607              1.00000 
  2025.510           4.971    381.893       0.075       1.824                0.026               0.000               0.000          -19.398           378063.633              1.00000 
  2026.510           4.942    381.647       0.075       1.824                0.026               0.000               0.000          -19.348           378063.659              1.00000 
  2027.510           4.913    381.402       0.075       1.824                0.026               0.000               0.000          -19.298           378063.684              1.00000 
  2028.510           4.883    381.157       0.075       1.824                0.025               0.000               0.000          -19.249           378063.710              1.00000 
  2029.510           4.854    380.913       0.075       1.824                0.025               0.000               0.000          -19.199           378063.735              1.00000 
  2030.510           4.825    380.669       0.075       1.824                0.025               0.000               0.000          -19.150           378063.761              1.00000 
  2031.510           4.796    380.426       0.075       1.824                0.025               0.000               0.000          -19.101           378063.786              1.00000 
  2032.510           4.767    380.184       0.075       1.824                0.025               0.000               0.000          -19.052           378063.811              1.00000 
  2033.510           4.738    379.942       0.075       1.824                0.025               0.000               0.000          -19.004           378063.836              1.00000 
  2034.510           4.709    379.701       0.075       1.824                0.025               0.000               0.000          -18.956           378063.861              1.00000 
  2035.510           4.680    379.460       0.075       1.824                0.025               0.000               0.000          -18.908           378063.886              1.00000 
  2036.510           4.651    379.220       0.075       1.824                0.025               0.000               0.000          -18.860           378063.911              1.00000 
  2037.510           4.622    378.981       0.075       1.824                0.025               0.000               0.000          -18.812           378063.935              1.00000 
  2038.510           4.593    378.742       0.075       1.824                0.025               0.000               0.000          -18.765           378063.960              1.00000 
  2039.510           4.565    378.504       0.075       1.824                0.025               0.000               0.000          -18.717           378063.985              1.00000 
  2040.510           4.536    378.267       0.075       1.824                0.024               0.000               0.000          -18.670           378064.009              1.00000 
  2041.510           4.507    378.030       0.075       1.824                0.024               0.000               0.000          -18.624           378064.034              1.00000 
  2042.510           4.479    377.794       0.075       1.824                0.024               0.000               0.000          -18.577           378064.058              1.00000 
  2043.510           4.450    377.558       0.075       1.824                0.024               0.000               0.000          -18.531           378064.082              1.00000 
  2044.510           4.421    377.323       0.075       1.824                0.024               0.000               0.000          -18.484           378064.106              1.00000 
  2045.510           4.393    377.088       0.075       1.824                0.024               0.000               0.000          -18.438           378064.130              1.00000 
  2046.510           4.365    376.854       0.075       1.824                0.024               0.000               0.000          -18.393           378064.154              1.00000 
  2047.510           4.336    376.621       0.075       1.824                0.024               0.000               0.000          -18.347           378064.178              1.00000 
  2048.510           4.308    376.388       0.075       1.824                0.024               0.000               0.000          -18.302           378064.202              1.00000 
  2049.510           4.279    376.156       0.075       1.824                0.024               0.000               0.000          -18.256           378064.226              1.00000 
  2050.510           4.251    375.924       0.075       1.824                0.024               0.000               0.000          -18.211           378064.250              1.00000 
  2051.510           4.223    375.693       0.075       1.824                0.024               0.000               0.000          -18.166           378064.273              1.00000 
  2052.510           4.195    375.463       0.075       1.824                0.024               0.000               0.000          -18.122           378064.297              1.00000 
  2053.510           4.167    375.233       0.075       1.824                0.023               0.000               0.000          -18.077           378064.320              1.00000 
  2054.510           4.139    375.003       0.075       1.824                0.023               0.000               0.000          -18.033           378064.344              1.00000 
  2055.510           4.110    374.774       0.075       1.824                0.023               0.000               0.000          -17.989           378064.367              1.00000 
  2056.510           4.082    374.546       0.075       1.824                0.023               0.000               0.000          -17.945           378064.390              1.00000 
  2057.510           4.054    374.318       0.075       1.824                0.023               0.000               0.000          -17.902           378064.413              1.00000 
  2058.510           4.027    374.091       0.075       1.824                0.023               0.000               0.000          -17.858           378064.437              1.00000 
  2059.510           3.999    373.865       0.075       1.824                0.023               0.000               0.000          -17.815           378064.460              1.00000 
  2060.510           3.971    373.639       0.075       1.824                0.023               0.000               0.000          -17.772           378064.483              1.00000 
  2061.510           3.943    373.413       0.075       1.824                0.023               0.000               0.000          -17.729           378064.505              1.00000 
  2062.510           3.915    373.188       0.075       1.824                0.023               0.000               0.000          -17.686           378064.528              1.00000 
  2063.510           3.887    372.964       0.075       1.824                0.023               0.000               0.000          -17.643           378064.551              1.00000 
  2064.510           3.860    372.740       0.075       1.824                0.023               0.000               0.000          -17.601           378064.574              1.00000 
  2065.510           3.832    372.516       0.075       1.824                0.023               0.000               0.000          -17.559           378064.596              1.00000 
  2066.510           3.804    372.294       0.075       1.824                0.023               0.000               0.000          -17.517           378064.619              1.00000 
  2067.510           3.777    372.071       0.075       1.824                0.022               0.000               0.000          -17.475           378064.641              1.00000 
  2068.510           3.749    371.850       0.075       1.824                0.022               0.000               0.000          -17.433           378064.664              1.00000 
  2069.510           3.722    371.628       0.075       1.824                0.022               0.000               0.000          -17.392           378064.686              1.00000 
  2070.510           3.694    371.408       0.075       1.824                0.022               0.000               0.000          -17.350           378064.708              1.00000 
  2071.510           3.667    371.187       0.075       1.824                0.022               0.000               0.000          -17.309           378064.730              1.00000 
  2072.510           3.640    370.968       0.075       1.824                0.022               0.000               0.000          -17.268           378064.752              1.00000 
  2073.510           3.612    370.749       0.075       1.824                0.022               0.000               0.000          -17.227           378064.774              1.00000 
  2074.510           3.585    370.530       0.075       1.824                0.022               0.000               0.000          -17.187           378064.796              1.00000 
  2075.510           3.558    370.312       0.075       1.824                0.022               0.000               0.000          -17.146           378064.818              1.00000 
  2076.510           3.531    370.094       0.075       1.824                0.022               0.000               0.000          -17.106           378064.840              1.00000 
  2077.510           3.503    369.877       0.075       1.824                0.022               0.000               0.000          -17.065           378064.862              1.00000 
  2078.510           3.476    369.661       0.075       1.824                0.022               0.000               0.000          -17.025           378064.884              1.00000 
  2079.510           3.449    369.444       0.075       1.824                0.022               0.000               0.000          -16.986           378064.905              1.00000 
  2080.510           3.422    369.229       0.075       1.824                0.022               0.000               0.000          -16.946           378064.927              1.00000 
  2081.510           3.395    369.014       0.075       1.824                0.022               0.000               0.000          -16.906           378064.948              1.00000 
  2082.510           3.368    368.799       0.075       1.824                0.021               0.000               0.000          -16.867           378064.970              1.00000 
  2083.510           3.341    368.585       0.075       1.824                0.021               0.000               0.000          -16.828           378064.991              1.00000 
  2084.510           3.314    368.372       0.075       1.824                0.021               0.000               0.000          -16.789           378065.013              1.00000 
  2085.510           3.287    368.159       0.075       1.824                0.021               0.000               0.000          -16.750           378065.034              1.00000 
  2086.510           3.260    367.946       0.075       1.824                0.021               0.000               0.000          -16.711           378065.055              1.00000 
  2087.510           3.234    367.734       0.075       1.824                0.021               0.000               0.000          -16.673           378065.076              1.00000 
  2088.510           3.207    367.522       0.075       1.824                0.021               0.000               0.000          -16.634           378065.097              1.00000 
  2089.510           3.180    367.311       0.075       1.824                0.021               0.000               0.000          -16.596           378065.118              1.00000 
  2090.510           3.153    367.101       0.075       1.824                0.021               0.000               0.000          -16.558           378065.139              1.00000 
  2091.510           3.127    366.890       0.075       1.824                0.021               0.000               0.000          -16.520           378065.160              1.00000 
  2092.510           3.100    366.681       0.075       1.824                0.021               0.000               0.000          -16.482           378065.181              1.00000 
  2093.510           3.074    366.471       0.075       1.824                0.021               0.000               0.000          -16.445           378065.202              1.00000 
  2094.510           3.047    366.263       0.075       1.824                0.021               0.000               0.000          -16.407           378065.222              1.00000 
  2095.510           3.021    366.055       0.075       1.824                0.021               0.000               0.000          -16.370           378065.243              1.00000 
  2096.510           2.994    365.847       0.075       1.824                0.021               0.000               0.000          -16.333           378065.263              1.00000 
  2097.510           2.968    365.639       0.075       1.824                0.021               0.000               0.000          -16.295           378065.284              1.00000 
  2098.510           2.941    365.433       0.075       1.824                0.020               0.000               0.000          -16.259           378065.304              1.00000 
  2099.510           2.915    365.226       0.075       1.824                0.020               0.000               0.000          -16.222           378065.325              1.00000 
  2100.510           2.889    365.020       0.075       1.824                0.020               0.000               0.000          -16.185           378065.345              1.00000 
  2101.510           2.862    364.815       0.075       1.824                0.020               0.000               0.000          -16.149           378065.365              1.00000 
  2102.510           2.836    364.610       0.075       1.824                0.020               0.000               0.000          -16.112           378065.386              1.00000 
  2103.510           2.810    364.405       0.075       1.824                0.020               0.000               0.000          -16.076           378065.406              1.00000 
  2104.510           2.784    364.201       0.075       1.824                0.020               0.000               0.000          -16.040           378065.426              1.00000 
  2105.510           2.757    363.998       0.075       1.824                0.020               0.000               0.000          -16.004           378065.446              1.00000 
  2106.510           2.731    363.795       0.075       1.824                0.020               0.000               0.000          -15.969           378065.466              1.00000 
  2107.510           2.705    363.592       0.075       1.824                0.020               0.000               0.000          -15.933           378065.486              1.00000 
  2108.510           2.679    363.390       0.075       1.824                0.020               0.000               0.000          -15.897           378065.506              1.00000 
  2109.510           2.653    363.188       0.075       1.824                0.020               0.000               0.000          -15.862           378065.526              1.00000 
  2110.510           2.627    362.987       0.075       1.824                0.020               0.000               0.000          -15.827           378065.545              1.00000 
  2111.510           2.601    362.786       0.075       1.824                0.020               0.000               0.000          -15.792           378065.565              1.00000 
  2112.510           2.575    362.585       0.075       1.824                0.020               0.000               0.000          -15.757           378065.585              1.00000 
  2113.510           2.549    362.385       0.075       1.824                0.020               0.000               0.000          -15.722           378065.604              1.00000 
  2114.510           2.524    362.186       0.075       1.824                0.020               0.000               0.000          -15.687           378065.624              1.00000 
  2115.510           2.498    361.987       0.075       1.824                0.019               0.000               0.000          -15.653           378065.643              1.00000 
  2116.510           2.472    361.788       0.075       1.824                0.019               0.000               0.000          -15.619           378065.663              1.00000 
  2117.510           2.446    361.590       0.075       1.824                0.019               0.000               0.000          -15.584           378065.682              1.00000 
  2118.510           2.421    361.392       0.075       1.824                0.019               0.000               0.000          -15.550           378065.701              1.00000 
  2119.510           2.395    361.194       0.075       1.824                0.019               0.000               0.000          -15.516           378065.721              1.00000 
  2120.510           2.369    360.997       0.075       1.824                0.019               0.000               0.000          -15.482           378065.740              1.00000 
  2121.510           2.344    360.801       0.075       1.824                0.019               0.000               0.000          -15.449           378065.759              1.00000 
  2122.510           2.318    360.605       0.075       1.824                0.019               0.000               0.000          -15.415           378065.778              1.00000 
  2123.510           2.293    360.409       0.075       1.824                0.019               0.000               0.000          -15.381           378065.797              1.00000 
  2124.510           2.267    360.214       0.075       1.824                0.019               0.000               0.000          -15.348           378065.816              1.00000 
  2125.510           2.242    360.019       0.075       1.824                0.019               0.000               0.000          -15.315           378065.835              1.00000 
  2126.510           2.216    359.825       0.075       1.824                0.019               0.000               0.000          -15.282           378065.854              1.00000 
  2127.510           2.191    359.631       0.075       1.824                0.019               0.000               0.000          -15.249           378065.873              1.00000 
  2128.510           2.165    359.437       0.075       1.824                0.019               0.000               0.000          -15.216           378065.892              1.00000 
  2129.510           2.140    359.244       0.075       1.824                0.019               0.000               0.000          -15.183           378065.910              1.00000 
  2130.510           2.115    359.051       0.075       1.824                0.019               0.000               0.000          -15.151           378065.929              1.00000 
  2131.510           2.089    358.859       0.075       1.824                0.019               0.000               0.000          -15.118           378065.948              1.00000 
  2132.510           2.064    358.667       0.075       1.824                0.019               0.000               0.000          -15.086           378065.966              1.00000 
  2133.510           2.039    358.476       0.075       1.824                0.019               0.000               0.000          -15.053           378065.985              1.00000 
  2134.510           2.014    358.284       0.075       1.824                0.018               0.000               0.000          -15.021           378066.003              1.00000 
  2135.510           1.989    358.094       0.075       1.824                0.018               0.000               0.000          -14.989           378066.022              1.00000 
  2136.510           1.964    357.903       0.075       1.824                0.018               0.000               0.000          -14.957           378066.040              1.00000 
  2137.510           1.938    357.714       0.075       1.824                0.018               0.000               0.000          -14.926           378066.058              1.00000 
  2138.510           1.913    357.524       0.075       1.824                0.018               0.000               0.000          -14.894           378066.077              1.00000 
  2139.510           1.888    357.335       0.075       1.824                0.018               0.000               0.000          -14.862           378066.095              1.00000 
  2140.510           1.863    357.146       0.075       1.824                0.018               0.000               0.000          -14.831           378066.113              1.00000 
  2141.510           1.838    356.958       0.075       1.824                0.018               0.000               0.000          -14.800           378066.131              1.00000 
  2142.510           1.814    356.770       0.075       1.824                0.018               0.000               0.000          -14.769           378066.149              1.00000 
  2143.510           1.789    356.583       0.075       1.824                0.018               0.000               0.000          -14.738           378066.167              1.00000 
  2144.510           1.764    356.396       0.075       1.824                0.018               0.000               0.000          -14.707           378066.185              1.00000 
  2145.510           1.739    356.209       0.075       1.824                0.018               0.000               0.000          -14.676           378066.203              1.00000 
  2146.510           1.714    356.023       0.075       1.824                0.018               0.000               0.000          -14.645           378066.221              1.00000 
  2147.510           1.689    355.837       0.075       1.824                0.018               0.000               0.000          -14.614           378066.239              1.00000 
  2148.510           1.665    355.651       0.075       1.824                0.018               0.000               0.000          -14.584           378066.257              1.00000 
  2149.510           1.640    355.466       0.075       1.824                0.018               0.000               0.000          -14.553           378066.274              1.00000 
  2150.510           1.615    355.281       0.075       1.824                0.018               0.000               0.000          -14.523           378066.292              1.00000 
  2151.510           1.591    355.097       0.075       1.824                0.018               0.000               0.000          -14.493           378066.310              1.00000 
  2152.510           1.566    354.913       0.075       1.824                0.018               0.000               0.000          -14.463           378066.327              1.00000 
  2153.510           1.541    354.729       0.075       1.824                0.018               0.000               0.000          -14.433           378066.345              1.00000 
  2154.510           1.517    354.546       0.075       1.824                0.018               0.000               0.000          -14.403           378066.363              1.00000 
  2155.510           1.492    354.363       0.075       1.824                0.017               0.000               0.000          -14.373           378066.380              1.00000 
  2156.510           1.468    354.181       0.075       1.824                0.017               0.000               0.000          -14.344           378066.397              1.00000 
  2157.510           1.443    353.999       0.075       1.824                0.017               0.000               0.000          -14.314           378066.415              1.00000 
  2158.510           1.419    353.817       0.075       1.824                0.017               0.000               0.000          -14.285           378066.432              1.00000 
  2159.510           1.394    353.636       0.075       1.824                0.017               0.000               0.000          -14.256           378066.449              1.00000 
  2160.510           1.370    353.455       0.075       1.824                0.017               0.000               0.000          -14.226           378066.467              1.00000 
  2161.510           1.346    353.274       0.075       1.824                0.017               0.000               0.000          -14.197           378066.484              1.00000 
  2162.510           1.321    353.094       0.075       1.824                0.017               0.000               0.000          -14.168           378066.501              1.00000 
  2163.510           1.297    352.914       0.075       1.824                0.017               0.000               0.000          -14.139           378066.518              1.00000 
  2164.510           1.273    352.734       0.075       1.824                0.017               0.000               0.000          -14.111           378066.535              1.00000 
  2165.510           1.249    352.555       0.075       1.824                0.017               0.000               0.000          -14.082           378066.552              1.00000 
  2166.510           1.224    352.376       0.075       1.824                0.017               0.000               0.000          -14.053           378066.569              1.00000 
  2167.510           1.200    352.198       0.075       1.824                0.017               0.000               0.000          -14.025           378066.586              1.00000 
  2168.510           1.176    352.020       0.075       1.824                0.017               0.000               0.000          -13.996           378066.603              1.00000 
  2169.510           1.152    351.842       0.075       1.824                0.017               0.000               0.000          -13.968           378066.620              1.00000 
  2170.510           1.128    351.665       0.075       1.824                0.017               0.000               0.000          -13.940           378066.637              1.00000 
  2171.510           1.104    351.488       0.075       1.824                0.017               0.000               0.000          -13.912           378066.653              1.00000 
  2172.510           1.080    351.311       0.075       1.824                0.017               0.000               0.000          -13.884           378066.670              1.00000 
  2173.510           1.056    351.135       0.075       1.824                0.017               0.000               0.000          -13.856           378066.687              1.00000 
  2174.510           1.032    350.959       0.075       1.824                0.017               0.000               0.000          -13.828           378066.703              1.00000 
  2175.510           1.008    350.783       0.075       1.824                0.017               0.000               0.000          -13.801           378066.720              1.00000 
  2176.510           0.984    350.608       0.075       1.824                0.017               0.000               0.000          -13.773           378066.737              1.00000 
  2177.510           0.960    350.433       0.075       1.824                0.017               0.000               0.000          -13.745           378066.753              1.00000 
  2178.510           0.936    350.259       0.075       1.824                0.016               0.000               0.000          -13.718           378066.770              1.00000 
  2179.510           0.912    350.085       0.075       1.824                0.016               0.000               0.000          -13.691           378066.786              1.00000 
  2180.510           0.888    349.911       0.075       1.824                0.016               0.000               0.000          -13.664           378066.802              1.00000 
  2181.510           0.865    349.737       0.075       1.824                0.016               0.000               0.000          -13.636           378066.819              1.00000 
  2182.510           0.841    349.564       0.075       1.824                0.016               0.000               0.000          -13.609           378066.835              1.00000 
  2183.510           0.817    349.391       0.075       1.824                0.016               0.000               0.000          -13.582           378066.851              1.00000 
  2184.510           0.793    349.219       0.075       1.824                0.016               0.000               0.000          -13.556           378066.868              1.00000 
  2185.510           0.770    349.047       0.075       1.824                0.016               0.000               0.000          -13.529           378066.884              1.00000 
  2186.510           0.746    348.875       0.075       1.824                0.016               0.000               0.000          -13.502           378066.900              1.00000 
  2187.510           0.722    348.704       0.075       1.824                0.016               0.000               0.000          -13.476           378066.916              1.00000 
  2188.510           0.699    348.533       0.075       1.824                0.016               0.000               0.000          -13.449           378066.932              1.00000 
  2189.510           0.675    348.362       0.075       1.824                0.016               0.000               0.000          -13.423           378066.948              1.00000 
  2190.510           0.652    348.191       0.075       1.824                0.016               0.000               0.000          -13.397           378066.964              1.00000 
  2191.510           0.628    348.021       0.075       1.824                0.016               0.000               0.000          -13.370           378066.980              1.00000 
  2192.510           0.605    347.851       0.075       1.824                0.016               0.000               0.000          -13.344           378066.996              1.00000 
  2193.510           0.581    347.682       0.075       1.824                0.016               0.000               0.000          -13.318           378067.012              1.00000 
  2194.510           0.558    347.513       0.075       1.824                0.016               0.000               0.000          -13.292           378067.028              1.00000 
  2195.510           0.534    347.344       0.075       1.824                0.016               0.000               0.000          -13.266           378067.043              1.00000 
  2196.510           0.511    347.176       0.075       1.824                0.016               0.000               0.000          -13.241           378067.059              1.00000 
  2197.510           0.488    347.008       0.075       1.824                0.016               0.000               0.000          -13.215           378067.075              1.00000 
  2198.510           0.464    346.840       0.075       1.824                0.016               0.000               0.000          -13.189           378067.090              1.00000 
  2199.510           0.441    346.672       0.075       1.824                0.016               0.000               0.000          -13.164           378067.106              1.00000 
  2200.510           0.418    346.505       0.075       1.824                0.016               0.000               0.000          -13.139           378067.122              1.00000 
  2201.510           0.395    346.338       0.075       1.824                0.016               0.000               0.000          -13.113           378067.137              1.00000 
  2202.510           0.371    346.172       0.075       1.824                0.016               0.000               0.000          -13.088           378067.153              1.00000 
  2203.510           0.348    346.006       0.075       1.824                0.015               0.000               0.000          -13.063           378067.168              1.00000 
  2204.510           0.325    345.840       0.075       1.824                0.015               0.000               0.000          -13.038           378067.184              1.00000 
  2205.510           0.302    345.674       0.075       1.824                0.015               0.000               0.000          -13.013           378067.199              1.00000 
  2206.510           0.279    345.509       0.075       1.824                0.015               0.000               0.000          -12.988           378067.215              1.00000 
  2207.510           0.256    345.344       0.075       1.824                0.015               0.000               0.000          -12.963           378067.230              1.00000 
  2208.510           0.233    345.179       0.075       1.824                0.015               0.000               0.000          -12.938           378067.245              1.00000 
  2209.510           0.210    345.015       0.075       1.824                0.015               0.000               0.000          -12.914           378067.260              1.00000 
  2210.510           0.187    344.851       0.075       1.824                0.015               0.000               0.000          -12.889           378067.276              1.00000 
  2211.510           0.164    344.688       0.075       1.824                0.015               0.000               0.000          -12.865           378067.291              1.00000 
  2212.510           0.141    344.524       0.075       1.824                0.015               0.000               0.000          -12.840           378067.306              1.00000 
  2213.510           0.118    344.361       0.075       1.824                0.015               0.000               0.000          -12.816           378067.321              1.00000 
  2214.510           0.095    344.198       0.075       1.824                0.015               0.000               0.000          -12.792           378067.336              1.00000 
  2215.510           0.072    344.036       0.075       1.824                0.015               0.000               0.000          -12.767           378067.351              1.00000 
  2216.510           0.049    343.874       0.075       1.824                0.015               0.000               0.000          -12.743           378067.366              1.00000 
  2217.510           0.026    343.712       0.075       1.824                0.015               0.000               0.000          -12.719           378067.381              1.00000 
  2218.510           0.003    343.551       0.075       1.824                0.015               0.000               0.000          -12.695           378067.396              1.00000 
  2219.510           0.000    343.389       0.075       1.824                0.015               0.000               0.000          -12.672           378067.411              1.00000 
