#_______________________________________________________________________________
#    ######   ####     ##             #####   #####     ##    #    #    ## 
#    #       #        #  #            #    #  #    #   #  #   ##  ##   #  #
#    #####    ####   ######           #    #  #####   ######  # ## #  ######
#    #            #  #    #           #    #  #    #  #    #  #    #  #    #
#____######__#####___#____#___________#####___#____#__#____#__#____#__#____#____
#
#              ESA Debris Risk Assessment and Mitigation Analysis
#
#                      ---- DRAMA ( SESAM 2.3.0 ) ----
#                                      ESA 2018
#
#                              aerothermal history file
#-------------------------------------------------------------------------------
# Filename      : PySara.Solar_panel-y.17276616445358212567_304a48b7-0198-4a93-a0e0-3bbd5fad78eb_AeroThermalHistory.txt
# RunID         : PySara
# ObjectID      : 304a48b7-0198-4a93-a0e0-3bbd5fad78eb
# ObjectName    : Solar_panel-y
# ReferenceArea : 0.01 [m^2]
# Content       : This file contains the aerothermal data of the object,
#                 computed by the DRAMA 3 Re-entry Analysis.
# Documentation : DRAMA Software User Manual, section OPERATIONS MANUAL / Normal operation / SARA / SARA Simulation Output / Re-entry simulation output
# Note          : The convective heat and the integrated heat values in this file take into account the visibility factor
#
#------------------------------------------------------------------------------------------------------------------------------------------------------------------------------------
# Time [s]   Altitude [km]   Temp [K]   Mass [kg]  Thick [mm]  Convective Heat [W]  Radiative Heat [W]  Oxidation Heat [W]  Rad Cooling [W]  Integrated Heat [J] VisibilityFactor [-]
#------------------------------------------------------------------------------------------------------------------------------------------------------------------------------------
     0.000         124.895    300.000       0.008       1.000                7.142               0.000               0.000           -1.869                0.000              0.48897 
     0.100         124.893    300.072       0.008       1.000                7.143               0.000               0.000           -1.869                0.714              0.48897 
     0.550         124.884    300.396       0.008       1.000                7.149               0.000               0.000           -1.870                3.931              0.48897 
     1.550         124.864    301.116       0.008       1.000                7.161               0.000               0.000           -1.878               11.092              0.48897 
     2.550         124.844    301.836       0.008       1.000                7.175               0.000               0.000           -1.897               18.267              0.48897 
     3.550         124.824    302.554       0.008       1.000                7.188               0.000               0.000           -1.915               25.455              0.48897 
     4.550         124.804    303.272       0.008       1.000                7.201               0.000               0.000           -1.933               32.656              0.48897 
     5.550         124.783    303.988       0.008       1.000                7.215               0.000               0.000           -1.951               39.871              0.48897 
     6.550         124.763    304.704       0.008       1.000                7.228               0.000               0.000           -1.970               47.099              0.48897 
     7.550         124.743    305.419       0.008       1.000                7.242               0.000               0.000           -1.989               54.341              0.48897 
     8.550         124.723    306.133       0.008       1.000                7.255               0.000               0.000           -2.007               61.596              0.48897 
     9.550         124.703    306.846       0.008       1.000                7.269               0.000               0.000           -2.026               68.865              0.48897 
    10.550         124.682    307.558       0.008       1.000                7.282               0.000               0.000           -2.045               76.147              0.48897 
    11.550         124.662    308.269       0.008       1.000                7.296               0.000               0.000           -2.064               83.443              0.48897 
    12.550         124.642    308.979       0.008       1.000                7.310               0.000               0.000           -2.083               90.753              0.48897 
    13.550         124.622    309.688       0.008       1.000                7.323               0.000               0.000           -2.103               98.076              0.48897 
    14.550         124.601    310.396       0.008       1.000                7.337               0.000               0.000           -2.122              105.413              0.48897 
    15.550         124.581    311.103       0.008       1.000                7.351               0.000               0.000           -2.141              112.765              0.48897 
    16.550         124.561    311.809       0.008       1.000                7.365               0.000               0.000           -2.161              120.129              0.48897 
    17.550         124.541    312.514       0.008       1.000                7.379               0.000               0.000           -2.181              127.508              0.48897 
    18.550         124.521    313.218       0.008       1.000                7.393               0.000               0.000           -2.200              134.901              0.48897 
    19.550         124.500    313.922       0.008       1.000                7.407               0.000               0.000           -2.220              142.307              0.48897 
    20.550         124.480    314.624       0.008       1.000                7.421               0.000               0.000           -2.240              149.728              0.48897 
    21.550         124.460    315.324       0.008       1.000                7.435               0.000               0.000           -2.260              157.162              0.48897 
    22.550         124.440    316.024       0.008       1.000                7.449               0.000               0.000           -2.281              164.611              0.48897 
    23.550         124.419    316.723       0.008       1.000                7.463               0.000               0.000           -2.301              172.074              0.48897 
    24.550         124.399    317.421       0.008       1.000                7.477               0.000               0.000           -2.321              179.550              0.48897 
    25.550         124.379    318.118       0.008       1.000                7.491               0.000               0.000           -2.342              187.041              0.48897 
    26.550         124.359    318.813       0.008       1.000                7.505               0.000               0.000           -2.363              194.546              0.48897 
    27.550         124.338    319.508       0.008       1.000                7.519               0.000               0.000           -2.383              202.066              0.48897 
    28.550         124.318    320.201       0.008       1.000                7.534               0.000               0.000           -2.404              209.599              0.48897 
    29.550         124.298    320.893       0.008       1.000                7.548               0.000               0.000           -2.425              217.147              0.48897 
    30.550         124.278    321.584       0.008       1.000                7.562               0.000               0.000           -2.446              224.710              0.48897 
    31.550         124.257    322.274       0.008       1.000                7.577               0.000               0.000           -2.467              232.286              0.48897 
    32.550         124.237    322.963       0.008       1.000                7.591               0.000               0.000           -2.488              239.877              0.48897 
    33.550         124.217    323.651       0.008       1.000                7.606               0.000               0.000           -2.510              247.483              0.48897 
    34.550         124.197    324.338       0.008       1.000                7.620               0.000               0.000           -2.531              255.103              0.48897 
    35.550         124.176    325.023       0.008       1.000                7.635               0.000               0.000           -2.553              262.738              0.48897 
    36.550         124.156    325.707       0.008       1.000                7.649               0.000               0.000           -2.574              270.387              0.48897 
    37.550         124.136    326.390       0.008       1.000                7.664               0.000               0.000           -2.596              278.050              0.48897 
    38.550         124.116    327.072       0.008       1.000                7.678               0.000               0.000           -2.618              285.729              0.48897 
    39.550         124.095    327.753       0.008       1.000                7.693               0.000               0.000           -2.640              293.422              0.48897 
    40.550         124.075    328.433       0.008       1.000                7.708               0.000               0.000           -2.662              301.130              0.48897 
    41.550         124.055    329.111       0.008       1.000                7.723               0.000               0.000           -2.684              308.852              0.48897 
    42.550         124.035    329.788       0.008       1.000                7.737               0.000               0.000           -2.706              316.589              0.48897 
    43.550         124.014    330.464       0.008       1.000                7.752               0.000               0.000           -2.729              324.341              0.48897 
    44.550         123.994    331.139       0.008       1.000                7.767               0.000               0.000           -2.751              332.108              0.48897 
    45.550         123.974    331.812       0.008       1.000                7.782               0.000               0.000           -2.774              339.890              0.48897 
    46.550         123.954    332.484       0.008       1.000                7.797               0.000               0.000           -2.796              347.687              0.48897 
    47.550         123.933    333.155       0.008       1.000                7.812               0.000               0.000           -2.819              355.499              0.48897 
    48.550         123.913    333.825       0.008       1.000                7.827               0.000               0.000           -2.842              363.326              0.48897 
    49.550         123.893    334.493       0.008       1.000                7.842               0.000               0.000           -2.865              371.168              0.48897 
    50.550         123.873    335.160       0.008       1.000                7.857               0.000               0.000           -2.888              379.025              0.48897 
    51.550         123.852    335.826       0.008       1.000                7.872               0.000               0.000           -2.911              386.897              0.48897 
    52.550         123.832    336.491       0.008       1.000                7.887               0.000               0.000           -2.934              394.784              0.48897 
    53.550         123.812    337.154       0.008       1.000                7.902               0.000               0.000           -2.957              402.686              0.48897 
    54.550         123.792    337.816       0.008       1.000                7.918               0.000               0.000           -2.981              410.604              0.48897 
    55.550         123.771    338.477       0.008       1.000                7.933               0.000               0.000           -3.004              418.537              0.48897 
    56.550         123.751    339.137       0.008       1.000                7.948               0.000               0.000           -3.028              426.486              0.48897 
    57.550         123.731    339.795       0.008       1.000                7.964               0.000               0.000           -3.052              434.449              0.48897 
    58.550         123.711    340.452       0.008       1.000                7.979               0.000               0.000           -3.075              442.428              0.48897 
    59.550         123.690    341.107       0.008       1.000                7.995               0.000               0.000           -3.099              450.423              0.48897 
    60.550         123.670    341.761       0.008       1.000                8.010               0.000               0.000           -3.123              458.433              0.48897 
    61.550         123.650    342.414       0.008       1.000                8.026               0.000               0.000           -3.147              466.458              0.48897 
    62.550         123.630    343.066       0.008       1.000                8.041               0.000               0.000           -3.171              474.499              0.48897 
    63.550         123.609    343.716       0.008       1.000                8.057               0.000               0.000           -3.196              482.556              0.48897 
    64.550         123.589    344.365       0.008       1.000                8.072               0.000               0.000           -3.220              490.628              0.48897 
    65.550         123.569    345.012       0.008       1.000                8.088               0.000               0.000           -3.244              498.716              0.48897 
    66.550         123.549    345.659       0.008       1.000                8.104               0.000               0.000           -3.269              506.820              0.48897 
    67.550         123.528    346.303       0.008       1.000                8.119               0.000               0.000           -3.293              514.940              0.48897 
    68.550         123.508    346.947       0.008       1.000                8.135               0.000               0.000           -3.318              523.075              0.48897 
    69.550         123.488    347.589       0.008       1.000                8.151               0.000               0.000           -3.343              531.226              0.48897 
    70.550         123.468    348.229       0.008       1.000                8.167               0.000               0.000           -3.367              539.393              0.48897 
    71.550         123.447    348.869       0.008       1.000                8.183               0.000               0.000           -3.392              547.575              0.48897 
    72.550         123.427    349.507       0.008       1.000                8.199               0.000               0.000           -3.417              555.774              0.48897 
    73.550         123.407    350.143       0.008       1.000                8.215               0.000               0.000           -3.442              563.989              0.48897 
    74.550         123.387    350.778       0.008       1.000                8.231               0.000               0.000           -3.467              572.220              0.48897 
    75.550         123.367    351.412       0.008       1.000                8.247               0.000               0.000           -3.493              580.467              0.48897 
    76.550         123.346    352.044       0.008       1.000                8.263               0.000               0.000           -3.518              588.730              0.48897 
    77.550         123.326    352.675       0.008       1.000                8.279               0.000               0.000           -3.543              597.009              0.48897 
    78.550         123.306    353.305       0.008       1.000                8.295               0.000               0.000           -3.569              605.304              0.48897 
    79.550         123.286    353.933       0.008       1.000                8.311               0.000               0.000           -3.594              613.615              0.48897 
    80.550         123.266    354.559       0.008       1.000                8.328               0.000               0.000           -3.620              621.943              0.48897 
    81.550         123.245    355.184       0.008       1.000                8.344               0.000               0.000           -3.646              630.287              0.48897 
    82.550         123.225    355.808       0.008       1.000                8.360               0.000               0.000           -3.672              638.648              0.48897 
    83.550         123.205    356.430       0.008       1.000                8.377               0.000               0.000           -3.697              647.024              0.48897 
    84.550         123.185    357.051       0.008       1.000                8.393               0.000               0.000           -3.723              655.417              0.48897 
    85.550         123.165    357.670       0.008       1.000                8.410               0.000               0.000           -3.749              663.827              0.48897 
    86.550         123.144    358.288       0.008       1.000                8.426               0.000               0.000           -3.775              672.253              0.48897 
    87.550         123.124    358.904       0.008       1.000                8.443               0.000               0.000           -3.802              680.696              0.48897 
    88.550         123.104    359.519       0.008       1.000                8.459               0.000               0.000           -3.828              689.155              0.48897 
    89.550         123.084    360.132       0.008       1.000                8.476               0.000               0.000           -3.854              697.631              0.48897 
    90.550         123.064    360.744       0.008       1.000                8.493               0.000               0.000           -3.880              706.124              0.48897 
    91.550         123.044    361.354       0.008       1.000                8.509               0.000               0.000           -3.907              714.633              0.48897 
    92.550         123.023    361.963       0.008       1.000                8.526               0.000               0.000           -3.933              723.159              0.48897 
    93.550         123.003    362.570       0.008       1.000                8.543               0.000               0.000           -3.960              731.702              0.48897 
    94.550         122.983    363.176       0.008       1.000                8.560               0.000               0.000           -3.987              740.261              0.48897 
    95.550         122.963    363.780       0.008       1.000                8.576               0.000               0.000           -4.013              748.838              0.48897 
    96.550         122.943    364.383       0.008       1.000                8.593               0.000               0.000           -4.040              757.431              0.48897 
    97.550         122.923    364.984       0.008       1.000                8.610               0.000               0.000           -4.067              766.041              0.48897 
    98.550         122.903    365.584       0.008       1.000                8.627               0.000               0.000           -4.094              774.669              0.48897 
    99.550         122.882    366.182       0.008       1.000                8.644               0.000               0.000           -4.121              783.313              0.48897 
   100.550         122.862    366.779       0.008       1.000                8.661               0.000               0.000           -4.148              791.974              0.48897 
   101.550         122.842    367.374       0.008       1.000                8.679               0.000               0.000           -4.175              800.653              0.48897 
   102.550         122.822    367.967       0.008       1.000                8.696               0.000               0.000           -4.202              809.349              0.48897 
   103.550         122.802    368.560       0.008       1.000                8.713               0.000               0.000           -4.229              818.061              0.48897 
   104.550         122.782    369.150       0.008       1.000                8.730               0.000               0.000           -4.257              826.791              0.48897 
   105.550         122.762    369.739       0.008       1.000                8.747               0.000               0.000           -4.284              835.539              0.48897 
   106.550         122.742    370.327       0.008       1.000                8.765               0.000               0.000           -4.311              844.303              0.48897 
   107.550         122.722    370.913       0.008       1.000                8.782               0.000               0.000           -4.339              853.085              0.48897 
   108.550         122.702    371.497       0.008       1.000                8.799               0.000               0.000           -4.366              861.885              0.48897 
   109.550         122.681    372.080       0.008       1.000                8.817               0.000               0.000           -4.394              870.702              0.48897 
   110.550         122.661    372.662       0.008       1.000                8.834               0.000               0.000           -4.422              879.536              0.48897 
   111.550         122.641    373.242       0.008       1.000                8.852               0.000               0.000           -4.449              888.388              0.48897 
   112.550         122.621    373.820       0.008       1.000                8.869               0.000               0.000           -4.477              897.257              0.48897 
   113.550         122.601    374.397       0.008       1.000                8.887               0.000               0.000           -4.505              906.144              0.48897 
   114.550         122.581    374.972       0.008       1.000                8.905               0.000               0.000           -4.533              915.049              0.48897 
   115.550         122.561    375.546       0.008       1.000                8.922               0.000               0.000           -4.561              923.971              0.48897 
   116.550         122.541    376.118       0.008       1.000                8.940               0.000               0.000           -4.589              932.911              0.48897 
   117.550         122.521    376.689       0.008       1.000                8.958               0.000               0.000           -4.617              941.869              0.48897 
   118.550         122.501    377.258       0.008       1.000                8.976               0.000               0.000           -4.645              950.844              0.48897 
   119.550         122.481    377.825       0.008       1.000                8.993               0.000               0.000           -4.673              959.838              0.48897 
   120.550         122.461    378.391       0.008       1.000                9.011               0.000               0.000           -4.701              968.849              0.48897 
   121.550         122.441    378.955       0.008       1.000                9.029               0.000               0.000           -4.729              977.878              0.48897 
   122.550         122.421    379.518       0.008       1.000                9.047               0.000               0.000           -4.758              986.926              0.48897 
   123.550         122.401    380.079       0.008       1.000                9.065               0.000               0.000           -4.786              995.991              0.48897 
   124.550         122.381    380.639       0.008       1.000                9.083               0.000               0.000           -4.814             1005.074              0.48897 
   125.550         122.361    381.197       0.008       1.000                9.101               0.000               0.000           -4.843             1014.175              0.48897 
   126.550         122.341    381.754       0.008       1.000                9.120               0.000               0.000           -4.871             1023.295              0.48897 
   127.550         122.321    382.309       0.008       1.000                9.138               0.000               0.000           -4.900             1032.433              0.48897 
   128.550         122.301    382.862       0.008       1.000                9.156               0.000               0.000           -4.928             1041.589              0.48897 
   129.550         122.281    383.414       0.008       1.000                9.174               0.000               0.000           -4.957             1050.763              0.48897 
   130.550         122.261    383.964       0.008       1.000                9.193               0.000               0.000           -4.985             1059.955              0.48897 
   131.550         122.241    384.513       0.008       1.000                9.211               0.000               0.000           -5.014             1069.166              0.48897 
   132.550         122.221    385.060       0.008       1.000                9.229               0.000               0.000           -5.043             1078.395              0.48897 
   133.550         122.201    385.606       0.008       1.000                9.248               0.000               0.000           -5.072             1087.643              0.48897 
   134.550         122.181    386.150       0.008       1.000                9.266               0.000               0.000           -5.100             1096.909              0.48897 
   135.550         122.162    386.693       0.008       1.000                9.285               0.000               0.000           -5.129             1106.194              0.48897 
   136.550         122.142    387.234       0.008       1.000                9.303               0.000               0.000           -5.158             1115.497              0.48897 
   137.550         122.122    387.773       0.008       1.000                9.322               0.000               0.000           -5.187             1124.819              0.48897 
   138.550         122.102    388.311       0.008       1.000                9.340               0.000               0.000           -5.216             1134.159              0.48897 
   139.550         122.082    388.848       0.008       1.000                9.359               0.000               0.000           -5.245             1143.519              0.48897 
   140.550         122.062    389.382       0.008       1.000                9.378               0.000               0.000           -5.274             1152.897              0.48897 
   141.550         122.042    389.916       0.008       1.000                9.397               0.000               0.000           -5.303             1162.293              0.48897 
   142.550         122.022    390.448       0.008       1.000                9.415               0.000               0.000           -5.332             1171.709              0.48897 
   143.550         122.003    390.978       0.008       1.000                9.434               0.000               0.000           -5.361             1181.143              0.48897 
   144.550         121.983    391.507       0.008       1.000                9.453               0.000               0.000           -5.391             1190.596              0.48897 
   145.550         121.963    392.034       0.008       1.000                9.472               0.000               0.000           -5.420             1200.068              0.48897 
   146.550         121.943    392.560       0.008       1.000                9.491               0.000               0.000           -5.449             1209.560              0.48897 
   147.550         121.923    393.084       0.008       1.000                9.510               0.000               0.000           -5.478             1219.070              0.48897 
   148.550         121.903    393.607       0.008       1.000                9.529               0.000               0.000           -5.508             1228.599              0.48897 
   149.550         121.884    394.128       0.008       1.000                9.548               0.000               0.000           -5.537             1238.147              0.48897 
   150.550         121.864    394.648       0.008       1.000                9.568               0.000               0.000           -5.566             1247.715              0.48897 
   151.550         121.844    395.166       0.008       1.000                9.587               0.000               0.000           -5.596             1257.302              0.48897 
   152.550         121.824    395.683       0.008       1.000                9.606               0.000               0.000           -5.625             1266.907              0.48897 
   153.550         121.804    396.198       0.008       1.000                9.625               0.000               0.000           -5.655             1276.533              0.48897 
   154.550         121.785    396.711       0.008       1.000                9.645               0.000               0.000           -5.684             1286.177              0.48897 
   155.550         121.765    397.223       0.008       1.000                9.664               0.000               0.000           -5.714             1295.841              0.48897 
   156.550         121.745    397.734       0.008       1.000                9.683               0.000               0.000           -5.743             1305.524              0.48897 
   157.550         121.725    398.243       0.008       1.000                9.703               0.000               0.000           -5.773             1315.227              0.48897 
   158.550         121.706    398.751       0.008       1.000                9.722               0.000               0.000           -5.803             1324.949              0.48897 
   159.550         121.686    399.257       0.008       1.000                9.742               0.000               0.000           -5.832             1334.691              0.48897 
   160.550         121.666    399.762       0.008       1.000                9.761               0.000               0.000           -5.862             1344.453              0.48897 
   161.550         121.647    400.265       0.008       1.000                9.781               0.000               0.000           -5.892             1354.234              0.48897 
   162.550         121.627    400.767       0.008       1.000                9.801               0.000               0.000           -5.921             1364.034              0.48897 
   163.550         121.607    401.267       0.008       1.000                9.820               0.000               0.000           -5.951             1373.855              0.48897 
   164.550         121.588    401.766       0.008       1.000                9.840               0.000               0.000           -5.981             1383.695              0.48897 
   165.550         121.568    402.263       0.008       1.000                9.860               0.000               0.000           -6.011             1393.555              0.48897 
   166.550         121.548    402.759       0.008       1.000                9.880               0.000               0.000           -6.040             1403.435              0.48897 
   167.550         121.529    403.253       0.008       1.000                9.900               0.000               0.000           -6.070             1413.334              0.48897 
   168.550         121.509    403.746       0.008       1.000                9.920               0.000               0.000           -6.100             1423.254              0.48897 
   169.550         121.489    404.237       0.008       1.000                9.940               0.000               0.000           -6.130             1433.193              0.48897 
   170.550         121.470    404.727       0.008       1.000                9.960               0.000               0.000           -6.160             1443.153              0.48897 
   171.550         121.450    405.216       0.008       1.000                9.980               0.000               0.000           -6.190             1453.132              0.48897 
   172.550         121.431    405.703       0.008       1.000               10.000               0.000               0.000           -6.220             1463.132              0.48897 
   173.550         121.411    406.189       0.008       1.000               10.020               0.000               0.000           -6.250             1473.152              0.48897 
   174.550         121.391    406.673       0.008       1.000               10.040               0.000               0.000           -6.280             1483.192              0.48897 
   175.550         121.372    407.156       0.008       1.000               10.060               0.000               0.000           -6.310             1493.252              0.48897 
   176.550         121.352    407.637       0.008       1.000               10.081               0.000               0.000           -6.340             1503.333              0.48897 
   177.550         121.333    408.117       0.008       1.000               10.101               0.000               0.000           -6.370             1513.434              0.48897 
   178.550         121.313    408.596       0.008       1.000               10.121               0.000               0.000           -6.400             1523.555              0.48897 
   179.550         121.294    409.073       0.008       1.000               10.142               0.000               0.000           -6.430             1533.696              0.48897 
   180.550         121.274    409.549       0.008       1.000               10.162               0.000               0.000           -6.460             1543.858              0.48897 
   181.550         121.255    410.023       0.008       1.000               10.183               0.000               0.000           -6.490             1554.041              0.48897 
   182.550         121.235    410.497       0.008       1.000               10.203               0.000               0.000           -6.520             1564.244              0.48897 
   183.550         121.216    410.968       0.008       1.000               10.224               0.000               0.000           -6.550             1574.468              0.48897 
   184.550         121.196    411.438       0.008       1.000               10.244               0.000               0.000           -6.581             1584.712              0.48897 
   185.550         121.177    411.907       0.008       1.000               10.265               0.000               0.000           -6.611             1594.977              0.48897 
   186.550         121.157    412.375       0.008       1.000               10.286               0.000               0.000           -6.641             1605.262              0.48897 
   187.550         121.138    412.841       0.008       1.000               10.306               0.000               0.000           -6.671             1615.569              0.48897 
   188.550         121.118    413.306       0.008       1.000               10.327               0.000               0.000           -6.701             1625.896              0.48897 
   189.550         121.099    413.769       0.008       1.000               10.348               0.000               0.000           -6.732             1636.244              0.48897 
   190.550         121.080    414.231       0.008       1.000               10.369               0.000               0.000           -6.762             1646.613              0.48897 
   191.550         121.060    414.692       0.008       1.000               10.390               0.000               0.000           -6.792             1657.003              0.48897 
   192.550         121.041    415.152       0.008       1.000               10.411               0.000               0.000           -6.822             1667.413              0.48897 
   193.550         121.021    415.610       0.008       1.000               10.432               0.000               0.000           -6.853             1677.845              0.48897 
   194.550         121.002    416.067       0.008       1.000               10.453               0.000               0.000           -6.883             1688.298              0.48897 
   195.550         120.983    416.522       0.008       1.000               10.474               0.000               0.000           -6.913             1698.772              0.48897 
   196.550         120.963    416.976       0.008       1.000               10.495               0.000               0.000           -6.944             1709.267              0.48897 
   197.550         120.944    417.429       0.008       1.000               10.516               0.000               0.000           -6.974             1719.783              0.48897 
   198.550         120.925    417.881       0.008       1.000               10.537               0.000               0.000           -7.004             1730.320              0.48897 
   199.550         120.905    418.332       0.008       1.000               10.559               0.000               0.000           -7.035             1740.879              0.48897 
   200.550         120.886    418.781       0.008       1.000               10.580               0.000               0.000           -7.065             1751.459              0.48897 
   201.550         120.867    419.229       0.008       1.000               10.601               0.000               0.000           -7.095             1762.060              0.48897 
   202.550         120.848    419.675       0.008       1.000               10.623               0.000               0.000           -7.126             1772.683              0.48897 
   203.550         120.828    420.120       0.008       1.000               10.644               0.000               0.000           -7.156             1783.327              0.48897 
   204.550         120.809    420.565       0.008       1.000               10.666               0.000               0.000           -7.187             1793.993              0.48897 
   205.550         120.790    421.007       0.008       1.000               10.687               0.000               0.000           -7.217             1804.680              0.48897 
   206.550         120.771    421.449       0.008       1.000               10.709               0.000               0.000           -7.247             1815.389              0.48897 
   207.550         120.751    421.889       0.008       1.000               10.730               0.000               0.000           -7.278             1826.120              0.48897 
   208.550         120.732    422.328       0.008       1.000               10.752               0.000               0.000           -7.308             1836.872              0.48897 
   209.550         120.713    422.766       0.008       1.000               10.774               0.000               0.000           -7.339             1847.646              0.48897 
   210.550         120.694    423.203       0.008       1.000               10.796               0.000               0.000           -7.369             1858.441              0.48897 
   211.550         120.675    423.638       0.008       1.000               10.817               0.000               0.000           -7.400             1869.258              0.48897 
   212.550         120.656    424.072       0.008       1.000               10.839               0.000               0.000           -7.430             1880.098              0.48897 
   213.550         120.636    424.505       0.008       1.000               10.861               0.000               0.000           -7.461             1890.959              0.48897 
   214.550         120.617    424.937       0.008       1.000               10.883               0.000               0.000           -7.491             1901.842              0.48897 
   215.550         120.598    425.368       0.008       1.000               10.905               0.000               0.000           -7.522             1912.747              0.48897 
   216.550         120.579    425.797       0.008       1.000               10.927               0.000               0.000           -7.552             1923.673              0.48897 
   217.550         120.560    426.226       0.008       1.000               10.949               0.000               0.000           -7.583             1934.622              0.48897 
   218.550         120.541    426.653       0.008       1.000               10.971               0.000               0.000           -7.614             1945.594              0.48897 
   219.550         120.522    427.078       0.008       1.000               10.993               0.000               0.000           -7.644             1956.587              0.48897 
   220.550         120.503    427.503       0.008       1.000               11.015               0.000               0.000           -7.675             1967.602              0.48897 
   221.550         120.484    427.927       0.008       1.000               11.038               0.000               0.000           -7.705             1978.640              0.48897 
   222.550         120.465    428.349       0.008       1.000               11.060               0.000               0.000           -7.736             1989.700              0.48897 
   223.550         120.446    428.770       0.008       1.000               11.082               0.000               0.000           -7.766             2000.782              0.48897 
   224.550         120.427    429.190       0.008       1.000               11.105               0.000               0.000           -7.797             2011.887              0.48897 
   225.550         120.408    429.609       0.008       1.000               11.127               0.000               0.000           -7.828             2023.014              0.48897 
   226.550         120.389    430.027       0.008       1.000               11.149               0.000               0.000           -7.858             2034.163              0.48897 
   227.550         120.370    430.444       0.008       1.000               11.172               0.000               0.000           -7.889             2045.335              0.48897 
   228.550         120.351    430.859       0.008       1.000               11.195               0.000               0.000           -7.919             2056.530              0.48897 
   229.550         120.332    431.274       0.008       1.000               11.217               0.000               0.000           -7.950             2067.747              0.48897 
   230.550         120.313    431.687       0.008       1.000               11.240               0.000               0.000           -7.981             2078.987              0.48897 
   231.550         120.294    432.099       0.008       1.000               11.262               0.000               0.000           -8.011             2090.249              0.48897 
   232.550         120.275    432.510       0.008       1.000               11.285               0.000               0.000           -8.042             2101.534              0.48897 
   233.550         120.256    432.920       0.008       1.000               11.308               0.000               0.000           -8.073             2112.842              0.48897 
   234.550         120.238    433.329       0.008       1.000               11.331               0.000               0.000           -8.103             2124.172              0.48897 
   235.550         120.219    433.737       0.008       1.000               11.353               0.000               0.000           -8.134             2135.526              0.48897 
   236.550         120.200    434.143       0.008       1.000               11.376               0.000               0.000           -8.165             2146.902              0.48897 
   237.550         120.181    434.549       0.008       1.000               11.399               0.000               0.000           -8.195             2158.301              0.48897 
   238.550         120.162    434.953       0.008       1.000               11.422               0.000               0.000           -8.226             2169.724              0.48897 
   239.550         120.143    435.356       0.008       1.000               11.445               0.000               0.000           -8.257             2181.169              0.48897 
   240.550         120.125    435.758       0.008       1.000               11.468               0.000               0.000           -8.287             2192.637              0.48897 
   241.550         120.106    436.159       0.008       1.000               11.491               0.000               0.000           -8.318             2204.129              0.48897 
   242.550         120.087    436.559       0.008       1.000               11.515               0.000               0.000           -8.349             2215.643              0.48897 
   243.550         120.068    436.958       0.008       1.000               11.538               0.000               0.000           -8.379             2227.181              0.48897 
   244.550         120.050    437.356       0.008       1.000               11.561               0.000               0.000           -8.410             2238.742              0.48897 
   245.550         120.031    437.752       0.008       1.000               11.584               0.000               0.000           -8.441             2250.326              0.48897 
   246.550         120.012    438.148       0.008       1.000               11.608               0.000               0.000           -8.471             2261.934              0.48897 
   247.550         119.994    438.542       0.008       1.000               11.631               0.000               0.000           -8.502             2273.565              0.48897 
   248.550         119.975    438.936       0.008       1.000               11.654               0.000               0.000           -8.532             2285.219              0.48897 
   249.550         119.956    439.328       0.008       1.000               11.678               0.000               0.000           -8.563             2296.897              0.48897 
   250.550         119.938    439.720       0.008       1.000               11.701               0.000               0.000           -8.594             2308.599              0.48897 
   251.550         119.919    440.110       0.008       1.000               11.725               0.000               0.000           -8.624             2320.323              0.48897 
   252.550         119.900    440.499       0.008       1.000               11.748               0.000               0.000           -8.655             2332.072              0.48897 
   253.550         119.882    440.887       0.008       1.000               11.772               0.000               0.000           -8.686             2343.844              0.48897 
   254.550         119.863    441.275       0.008       1.000               11.796               0.000               0.000           -8.716             2355.640              0.48897 
   255.550         119.845    441.661       0.008       1.000               11.819               0.000               0.000           -8.747             2367.459              0.48897 
   256.550         119.826    442.046       0.008       1.000               11.843               0.000               0.000           -8.778             2379.302              0.48897 
   257.550         119.808    442.430       0.008       1.000               11.867               0.000               0.000           -8.808             2391.169              0.48897 
   258.550         119.789    442.813       0.008       1.000               11.891               0.000               0.000           -8.839             2403.060              0.48897 
   259.550         119.771    443.195       0.008       1.000               11.915               0.000               0.000           -8.870             2414.975              0.48897 
   260.550         119.752    443.577       0.008       1.000               11.939               0.000               0.000           -8.900             2426.914              0.48897 
   261.550         119.734    443.957       0.008       1.000               11.963               0.000               0.000           -8.931             2438.876              0.48897 
   262.550         119.715    444.336       0.008       1.000               11.987               0.000               0.000           -8.962             2450.863              0.48897 
   263.550         119.697    444.715       0.008       1.000               12.011               0.000               0.000           -8.992             2462.874              0.48897 
   264.550         119.678    445.092       0.008       1.000               12.035               0.000               0.000           -9.023             2474.908              0.48897 
   265.550         119.660    445.468       0.008       1.000               12.059               0.000               0.000           -9.054             2486.967              0.48897 
   266.550         119.641    445.844       0.008       1.000               12.083               0.000               0.000           -9.084             2499.051              0.48897 
   267.550         119.623    446.218       0.008       1.000               12.107               0.000               0.000           -9.115             2511.158              0.48897 
   268.550         119.605    446.592       0.008       1.000               12.132               0.000               0.000           -9.146             2523.290              0.48897 
   269.550         119.586    446.964       0.008       1.000               12.156               0.000               0.000           -9.176             2535.446              0.48897 
   270.550         119.568    447.336       0.008       1.000               12.180               0.000               0.000           -9.207             2547.626              0.48897 
   271.550         119.550    447.707       0.008       1.000               12.205               0.000               0.000           -9.238             2559.831              0.48897 
   272.550         119.531    448.077       0.008       1.000               12.229               0.000               0.000           -9.268             2572.060              0.48897 
   273.550         119.513    448.446       0.008       1.000               12.254               0.000               0.000           -9.299             2584.314              0.48897 
   274.550         119.495    448.814       0.008       1.000               12.278               0.000               0.000           -9.330             2596.592              0.48897 
   275.550         119.477    449.181       0.008       1.000               12.303               0.000               0.000           -9.360             2608.895              0.48897 
   276.550         119.458    449.548       0.008       1.000               12.327               0.000               0.000           -9.391             2621.222              0.48897 
   277.550         119.440    449.913       0.008       1.000               12.352               0.000               0.000           -9.422             2633.574              0.48897 
   278.550         119.422    450.278       0.008       1.000               12.377               0.000               0.000           -9.452             2645.951              0.48897 
   279.550         119.404    450.642       0.008       1.000               12.402               0.000               0.000           -9.483             2658.353              0.48897 
   280.550         119.385    451.005       0.008       1.000               12.426               0.000               0.000           -9.514             2670.779              0.48897 
   281.550         119.367    451.367       0.008       1.000               12.451               0.000               0.000           -9.544             2683.230              0.48897 
   282.550         119.349    451.728       0.008       1.000               12.476               0.000               0.000           -9.575             2695.706              0.48897 
   283.550         119.331    452.088       0.008       1.000               12.501               0.000               0.000           -9.606             2708.207              0.48897 
   284.550         119.313    452.448       0.008       1.000               12.526               0.000               0.000           -9.637             2720.733              0.48897 
   285.550         119.295    452.806       0.008       1.000               12.551               0.000               0.000           -9.667             2733.284              0.48897 
   286.550         119.277    453.164       0.008       1.000               12.576               0.000               0.000           -9.698             2745.860              0.48897 
   287.550         119.259    453.521       0.008       1.000               12.601               0.000               0.000           -9.729             2758.461              0.48897 
   288.550         119.241    453.877       0.008       1.000               12.626               0.000               0.000           -9.759             2771.088              0.48897 
   289.550         119.223    454.232       0.008       1.000               12.651               0.000               0.000           -9.790             2783.739              0.48897 
   290.550         119.205    454.587       0.008       1.000               12.677               0.000               0.000           -9.821             2796.416              0.48897 
   291.550         119.187    454.940       0.008       1.000               12.702               0.000               0.000           -9.851             2809.118              0.48897 
   292.550         119.169    455.292       0.008       1.000               12.727               0.000               0.000           -9.882             2821.845              0.48897 
   293.550         119.151    455.644       0.008       1.000               12.753               0.000               0.000           -9.913             2834.598              0.48897 
   294.550         119.133    455.995       0.008       1.000               12.778               0.000               0.000           -9.943             2847.376              0.48897 
   295.550         119.115    456.344       0.008       1.000               12.803               0.000               0.000           -9.974             2860.179              0.48897 
   296.550         119.097    456.693       0.008       1.000               12.829               0.000               0.000          -10.005             2873.008              0.48897 
   297.550         119.079    457.041       0.008       1.000               12.854               0.000               0.000          -10.035             2885.862              0.48897 
   298.550         119.061    457.388       0.008       1.000               12.880               0.000               0.000          -10.066             2898.742              0.48897 
   299.550         119.043    457.735       0.008       1.000               12.906               0.000               0.000          -10.096             2911.648              0.48897 
   300.550         119.025    458.080       0.008       1.000               12.931               0.000               0.000          -10.127             2924.579              0.48897 
   301.550         119.007    458.425       0.008       1.000               12.957               0.000               0.000          -10.158             2937.536              0.48897 
   302.550         118.990    458.769       0.008       1.000               12.983               0.000               0.000          -10.188             2950.519              0.48897 
   303.550         118.972    459.112       0.008       1.000               13.008               0.000               0.000          -10.219             2963.527              0.48897 
   304.550         118.954    459.454       0.008       1.000               13.034               0.000               0.000          -10.250             2976.561              0.48897 
   305.550         118.936    459.795       0.008       1.000               13.060               0.000               0.000          -10.280             2989.621              0.48897 
   306.550         118.918    460.136       0.008       1.000               13.086               0.000               0.000          -10.311             3002.707              0.48897 
   307.550         118.901    460.476       0.008       1.000               13.112               0.000               0.000          -10.341             3015.819              0.48897 
   308.550         118.883    460.815       0.008       1.000               13.138               0.000               0.000          -10.372             3028.957              0.48897 
   309.550         118.865    461.153       0.008       1.000               13.164               0.000               0.000          -10.402             3042.121              0.48897 
   310.550         118.847    461.491       0.008       1.000               13.190               0.000               0.000          -10.433             3055.311              0.48897 
   311.550         118.830    461.827       0.008       1.000               13.216               0.000               0.000          -10.464             3068.528              0.48897 
   312.550         118.812    462.163       0.008       1.000               13.242               0.000               0.000          -10.494             3081.770              0.48897 
   313.550         118.795    462.499       0.008       1.000               13.268               0.000               0.000          -10.525             3095.038              0.48897 
   314.550         118.777    462.833       0.008       1.000               13.295               0.000               0.000          -10.555             3108.333              0.48897 
   315.550         118.759    463.167       0.008       1.000               13.321               0.000               0.000          -10.586             3121.654              0.48897 
   316.550         118.742    463.500       0.008       1.000               13.347               0.000               0.000          -10.616             3135.002              0.48897 
   317.550         118.724    463.832       0.008       1.000               13.374               0.000               0.000          -10.647             3148.375              0.48897 
   318.550         118.707    464.164       0.008       1.000               13.400               0.000               0.000          -10.678             3161.775              0.48897 
   319.550         118.689    464.495       0.008       1.000               13.427               0.000               0.000          -10.708             3175.202              0.48897 
   320.550         118.671    464.825       0.008       1.000               13.453               0.000               0.000          -10.739             3188.655              0.48897 
   321.550         118.654    465.154       0.008       1.000               13.480               0.000               0.000          -10.769             3202.135              0.48897 
   322.550         118.637    465.483       0.008       1.000               13.506               0.000               0.000          -10.800             3215.641              0.48897 
   323.550         118.619    465.811       0.008       1.000               13.533               0.000               0.000          -10.830             3229.174              0.48897 
   324.550         118.602    466.139       0.008       1.000               13.559               0.000               0.000          -10.861             3242.733              0.48897 
   325.550         118.584    466.465       0.008       1.000               13.586               0.000               0.000          -10.892             3256.319              0.48897 
   326.550         118.567    466.792       0.008       1.000               13.613               0.000               0.000          -10.922             3269.932              0.48897 
   327.550         118.549    467.117       0.008       1.000               13.640               0.000               0.000          -10.953             3283.572              0.48897 
   328.550         118.532    467.442       0.008       1.000               13.666               0.000               0.000          -10.983             3297.238              0.48897 
   329.550         118.515    467.766       0.008       1.000               13.693               0.000               0.000          -11.014             3310.931              0.48897 
   330.550         118.497    468.090       0.008       1.000               13.720               0.000               0.000          -11.044             3324.652              0.48897 
   331.550         118.480    468.412       0.008       1.000               13.747               0.000               0.000          -11.075             3338.399              0.48897 
   332.550         118.463    468.735       0.008       1.000               13.774               0.000               0.000          -11.106             3352.173              0.48897 
   333.550         118.445    469.056       0.008       1.000               13.801               0.000               0.000          -11.136             3365.974              0.48897 
   334.550         118.428    469.377       0.008       1.000               13.828               0.000               0.000          -11.167             3379.803              0.48897 
   335.550         118.411    469.698       0.008       1.000               13.855               0.000               0.000          -11.197             3393.658              0.48897 
   336.550         118.393    470.017       0.008       1.000               13.883               0.000               0.000          -11.228             3407.541              0.48897 
   337.550         118.376    470.337       0.008       1.000               13.910               0.000               0.000          -11.259             3421.450              0.48897 
   338.550         118.359    470.655       0.008       1.000               13.937               0.000               0.000          -11.289             3435.387              0.48897 
   339.550         118.342    470.973       0.008       1.000               13.964               0.000               0.000          -11.320             3449.352              0.48897 
   340.550         118.325    471.291       0.008       1.000               13.992               0.000               0.000          -11.350             3463.343              0.48897 
   341.550         118.308    471.608       0.008       1.000               14.019               0.000               0.000          -11.381             3477.362              0.48897 
   342.550         118.290    471.924       0.008       1.000               14.046               0.000               0.000          -11.412             3491.408              0.48897 
   343.550         118.273    472.240       0.008       1.000               14.074               0.000               0.000          -11.442             3505.482              0.48897 
   344.550         118.256    472.555       0.008       1.000               14.101               0.000               0.000          -11.473             3519.583              0.48897 
   345.550         118.239    472.869       0.008       1.000               14.129               0.000               0.000          -11.504             3533.712              0.48897 
   346.550         118.222    473.183       0.008       1.000               14.156               0.000               0.000          -11.534             3547.868              0.48897 
   347.550         118.205    473.497       0.008       1.000               14.184               0.000               0.000          -11.565             3562.052              0.48897 
   348.550         118.188    473.809       0.008       1.000               14.212               0.000               0.000          -11.596             3576.264              0.48897 
   349.550         118.171    474.121       0.008       1.000               14.239               0.000               0.000          -11.626             3590.503              0.48897 
   350.550         118.154    474.433       0.008       1.000               14.267               0.000               0.000          -11.657             3604.770              0.48897 
   351.550         118.137    474.743       0.008       1.000               14.295               0.000               0.000          -11.688             3619.065              0.48897 
   352.550         118.120    475.053       0.008       1.000               14.323               0.000               0.000          -11.718             3633.387              0.48897 
   353.550         118.103    475.363       0.008       1.000               14.350               0.000               0.000          -11.749             3647.738              0.48897 
   354.550         118.086    475.672       0.008       1.000               14.378               0.000               0.000          -11.780             3662.116              0.48897 
   355.550         118.069    475.980       0.008       1.000               14.406               0.000               0.000          -11.810             3676.522              0.48897 
   356.550         118.052    476.287       0.008       1.000               14.434               0.000               0.000          -11.841             3690.956              0.48897 
   357.550         118.035    476.594       0.008       1.000               14.462               0.000               0.000          -11.871             3705.418              0.48897 
   358.550         118.019    476.900       0.008       1.000               14.490               0.000               0.000          -11.902             3719.909              0.48897 
   359.550         118.002    477.206       0.008       1.000               14.518               0.000               0.000          -11.933             3734.427              0.48897 
   360.550         117.985    477.511       0.008       1.000               14.546               0.000               0.000          -11.963             3748.973              0.48897 
   361.550         117.968    477.816       0.008       1.000               14.575               0.000               0.000          -11.994             3763.548              0.48897 
   362.550         117.951    478.119       0.008       1.000               14.603               0.000               0.000          -12.025             3778.150              0.48897 
   363.550         117.935    478.423       0.008       1.000               14.631               0.000               0.000          -12.055             3792.782              0.48897 
   364.550         117.918    478.725       0.008       1.000               14.659               0.000               0.000          -12.086             3807.441              0.48897 
   365.550         117.901    479.028       0.008       1.000               14.688               0.000               0.000          -12.116             3822.128              0.48897 
   366.550         117.884    479.329       0.008       1.000               14.716               0.000               0.000          -12.147             3836.844              0.48897 
   367.550         117.868    479.630       0.008       1.000               14.744               0.000               0.000          -12.178             3851.589              0.48897 
   368.550         117.851    479.931       0.008       1.000               14.773               0.000               0.000          -12.208             3866.362              0.48897 
   369.550         117.834    480.231       0.008       1.000               14.801               0.000               0.000          -12.239             3881.163              0.48897 
   370.550         117.818    480.530       0.008       1.000               14.830               0.000               0.000          -12.270             3895.993              0.48897 
   371.550         117.801    480.829       0.008       1.000               14.858               0.000               0.000          -12.300             3910.851              0.48897 
   372.550         117.785    481.127       0.008       1.000               14.887               0.000               0.000          -12.331             3925.738              0.48897 
   373.550         117.768    481.425       0.008       1.000               14.916               0.000               0.000          -12.361             3940.654              0.48897 
   374.550         117.751    481.723       0.008       1.000               14.944               0.000               0.000          -12.392             3955.598              0.48897 
   375.550         117.735    482.020       0.008       1.000               14.973               0.000               0.000          -12.423             3970.571              0.48897 
   376.550         117.718    482.316       0.008       1.000               15.002               0.000               0.000          -12.453             3985.573              0.48897 
   377.550         117.702    482.612       0.008       1.000               15.031               0.000               0.000          -12.484             4000.603              0.48897 
   378.550         117.685    482.907       0.008       1.000               15.059               0.000               0.000          -12.515             4015.663              0.48897 
   379.550         117.669    483.202       0.008       1.000               15.088               0.000               0.000          -12.545             4030.751              0.48897 
   380.550         117.652    483.496       0.008       1.000               15.117               0.000               0.000          -12.576             4045.868              0.48897 
   381.550         117.636    483.790       0.008       1.000               15.146               0.000               0.000          -12.607             4061.015              0.48897 
   382.550         117.620    484.084       0.008       1.000               15.175               0.000               0.000          -12.637             4076.190              0.48897 
   383.550         117.603    484.377       0.008       1.000               15.204               0.000               0.000          -12.668             4091.394              0.48897 
   384.550         117.587    484.669       0.008       1.000               15.233               0.000               0.000          -12.699             4106.627              0.48897 
   385.550         117.570    484.961       0.008       1.000               15.262               0.000               0.000          -12.729             4121.889              0.48897 
   386.550         117.554    485.253       0.008       1.000               15.292               0.000               0.000          -12.760             4137.181              0.48897 
   387.550         117.538    485.544       0.008       1.000               15.321               0.000               0.000          -12.791             4152.502              0.48897 
   388.550         117.521    485.835       0.008       1.000               15.350               0.000               0.000          -12.822             4167.852              0.48897 
   389.550         117.505    486.125       0.008       1.000               15.379               0.000               0.000          -12.852             4183.231              0.48897 
   390.550         117.489    486.415       0.008       1.000               15.408               0.000               0.000          -12.883             4198.639              0.48897 
   391.550         117.473    486.704       0.008       1.000               15.438               0.000               0.000          -12.914             4214.077              0.48897 
   392.550         117.456    486.993       0.008       1.000               15.467               0.000               0.000          -12.945             4229.544              0.48897 
   393.550         117.440    487.282       0.008       1.000               15.497               0.000               0.000          -12.975             4245.041              0.48897 
   394.550         117.424    487.570       0.008       1.000               15.526               0.000               0.000          -13.006             4260.567              0.48897 
   395.550         117.408    487.858       0.008       1.000               15.556               0.000               0.000          -13.037             4276.123              0.48897 
   396.550         117.392    488.145       0.008       1.000               15.585               0.000               0.000          -13.068             4291.708              0.48897 
   397.550         117.376    488.432       0.008       1.000               15.615               0.000               0.000          -13.099             4307.322              0.48897 
   398.550         117.359    488.719       0.008       1.000               15.644               0.000               0.000          -13.129             4322.967              0.48897 
   399.550         117.343    489.005       0.008       1.000               15.674               0.000               0.000          -13.160             4338.641              0.48897 
   400.550         117.327    489.291       0.008       1.000               15.704               0.000               0.000          -13.191             4354.344              0.48897 
   401.550         117.311    489.576       0.008       1.000               15.733               0.000               0.000          -13.222             4370.078              0.48897 
   402.550         117.295    489.861       0.008       1.000               15.763               0.000               0.000          -13.253             4385.841              0.48897 
   403.550         117.279    490.146       0.008       1.000               15.793               0.000               0.000          -13.284             4401.634              0.48897 
   404.550         117.263    490.430       0.008       1.000               15.823               0.000               0.000          -13.315             4417.456              0.48897 
   405.550         117.247    490.714       0.008       1.000               15.853               0.000               0.000          -13.346             4433.309              0.48897 
   406.550         117.231    490.997       0.008       1.000               15.883               0.000               0.000          -13.377             4449.192              0.48897 
   407.550         117.215    491.281       0.008       1.000               15.912               0.000               0.000          -13.407             4465.104              0.48897 
   408.550         117.199    491.563       0.008       1.000               15.942               0.000               0.000          -13.438             4481.047              0.48897 
   409.550         117.183    491.846       0.008       1.000               15.972               0.000               0.000          -13.469             4497.019              0.48897 
   410.550         117.167    492.128       0.008       1.000               16.003               0.000               0.000          -13.500             4513.022              0.48897 
   411.550         117.151    492.410       0.008       1.000               16.033               0.000               0.000          -13.531             4529.054              0.48897 
   412.550         117.136    492.691       0.008       1.000               16.063               0.000               0.000          -13.562             4545.117              0.48897 
   413.550         117.120    492.972       0.008       1.000               16.093               0.000               0.000          -13.593             4561.210              0.48897 
   414.550         117.104    493.253       0.008       1.000               16.123               0.000               0.000          -13.624             4577.333              0.48897 
   415.550         117.088    493.533       0.008       1.000               16.153               0.000               0.000          -13.656             4593.487              0.48897 
   416.550         117.072    493.814       0.008       1.000               16.184               0.000               0.000          -13.687             4609.670              0.48897 
   417.550         117.057    494.094       0.008       1.000               16.214               0.000               0.000          -13.718             4625.884              0.48897 
   418.550         117.041    494.374       0.008       1.000               16.244               0.000               0.000          -13.749             4642.129              0.48897 
   419.550         117.025    494.653       0.008       1.000               16.275               0.000               0.000          -13.780             4658.404              0.48897 
   420.550         117.009    494.932       0.008       1.000               16.305               0.000               0.000          -13.811             4674.709              0.48897 
   421.550         116.994    495.212       0.008       1.000               16.336               0.000               0.000          -13.842             4691.045              0.48897 
   422.550         116.978    495.491       0.008       1.000               16.366               0.000               0.000          -13.874             4707.411              0.48897 
   423.550         116.962    495.769       0.008       1.000               16.397               0.000               0.000          -13.905             4723.808              0.48897 
   424.550         116.947    496.048       0.008       1.000               16.427               0.000               0.000          -13.936             4740.235              0.48897 
   425.550         116.931    496.326       0.008       1.000               16.458               0.000               0.000          -13.968             4756.693              0.48897 
   426.550         116.915    496.604       0.008       1.000               16.489               0.000               0.000          -13.999             4773.182              0.48897 
   427.550         116.900    496.882       0.008       1.000               16.519               0.000               0.000          -14.030             4789.701              0.48897 
   428.550         116.884    497.159       0.008       1.000               16.550               0.000               0.000          -14.062             4806.251              0.48897 
   429.550         116.869    497.437       0.008       1.000               16.581               0.000               0.000          -14.093             4822.832              0.48897 
   430.550         116.853    497.714       0.008       1.000               16.612               0.000               0.000          -14.125             4839.444              0.48897 
   431.550         116.838    497.991       0.008       1.000               16.643               0.000               0.000          -14.156             4856.086              0.48897 
   432.550         116.822    498.268       0.008       1.000               16.673               0.000               0.000          -14.188             4872.760              0.48897 
   433.550         116.807    498.544       0.008       1.000               16.704               0.000               0.000          -14.219             4889.464              0.48897 
   434.550         116.791    498.821       0.008       1.000               16.735               0.000               0.000          -14.251             4906.199              0.48897 
   435.550         116.776    499.097       0.008       1.000               16.766               0.000               0.000          -14.283             4922.965              0.48897 
   436.550         116.760    499.373       0.008       1.000               16.797               0.000               0.000          -14.314             4939.763              0.48897 
   437.550         116.745    499.649       0.008       1.000               16.828               0.000               0.000          -14.346             4956.591              0.48897 
   438.550         116.730    499.924       0.008       1.000               16.859               0.000               0.000          -14.378             4973.451              0.48897 
   439.550         116.714    500.200       0.008       1.000               16.891               0.000               0.000          -14.409             4990.341              0.48897 
   440.550         116.699    500.475       0.008       1.000               16.922               0.000               0.000          -14.441             5007.263              0.48897 
   441.550         116.683    500.750       0.008       1.000               16.953               0.000               0.000          -14.473             5024.216              0.48897 
   442.550         116.668    501.024       0.008       1.000               16.984               0.000               0.000          -14.505             5041.200              0.48897 
   443.550         116.653    501.299       0.008       1.000               17.016               0.000               0.000          -14.537             5058.216              0.48897 
   444.550         116.638    501.573       0.008       1.000               17.047               0.000               0.000          -14.569             5075.262              0.48897 
   445.550         116.622    501.847       0.008       1.000               17.078               0.000               0.000          -14.600             5092.341              0.48897 
   446.550         116.607    502.121       0.008       1.000               17.110               0.000               0.000          -14.632             5109.450              0.48897 
   447.550         116.592    502.395       0.008       1.000               17.141               0.000               0.000          -14.664             5126.591              0.48897 
   448.550         116.577    502.669       0.008       1.000               17.172               0.000               0.000          -14.696             5143.764              0.48897 
   449.550         116.561    502.942       0.008       1.000               17.204               0.000               0.000          -14.728             5160.967              0.48897 
   450.550         116.546    503.215       0.008       1.000               17.236               0.000               0.000          -14.761             5178.203              0.48897 
   451.550         116.531    503.488       0.008       1.000               17.267               0.000               0.000          -14.793             5195.470              0.48897 
   452.550         116.516    503.761       0.008       1.000               17.299               0.000               0.000          -14.825             5212.769              0.48897 
   453.550         116.501    504.034       0.008       1.000               17.330               0.000               0.000          -14.857             5230.099              0.48897 
   454.550         116.486    504.306       0.008       1.000               17.362               0.000               0.000          -14.889             5247.461              0.48897 
   455.550         116.471    504.579       0.008       1.000               17.394               0.000               0.000          -14.921             5264.855              0.48897 
   456.550         116.456    504.851       0.008       1.000               17.425               0.000               0.000          -14.954             5282.280              0.48897 
   457.550         116.441    505.123       0.008       1.000               17.457               0.000               0.000          -14.986             5299.737              0.48897 
   458.550         116.425    505.394       0.008       1.000               17.489               0.000               0.000          -15.018             5317.227              0.48897 
   459.550         116.410    505.666       0.008       1.000               17.521               0.000               0.000          -15.051             5334.747              0.48897 
   460.550         116.395    505.937       0.008       1.000               17.553               0.000               0.000          -15.083             5352.300              0.48897 
   461.550         116.380    506.208       0.008       1.000               17.585               0.000               0.000          -15.115             5369.885              0.48897 
   462.550         116.366    506.480       0.008       1.000               17.617               0.000               0.000          -15.148             5387.502              0.48897 
   463.550         116.351    506.750       0.008       1.000               17.649               0.000               0.000          -15.180             5405.151              0.48897 
   464.550         116.336    507.021       0.008       1.000               17.681               0.000               0.000          -15.213             5422.831              0.48897 
   465.550         116.321    507.291       0.008       1.000               17.713               0.000               0.000          -15.245             5440.544              0.48897 
   466.550         116.306    507.562       0.008       1.000               17.745               0.000               0.000          -15.278             5458.289              0.48897 
   467.550         116.291    507.832       0.008       1.000               17.777               0.000               0.000          -15.310             5476.066              0.48897 
   468.550         116.276    508.102       0.008       1.000               17.809               0.000               0.000          -15.343             5493.876              0.48897 
   469.550         116.261    508.372       0.008       1.000               17.842               0.000               0.000          -15.376             5511.717              0.48897 
   470.550         116.246    508.641       0.008       1.000               17.874               0.000               0.000          -15.408             5529.591              0.48897 
   471.550         116.232    508.911       0.008       1.000               17.906               0.000               0.000          -15.441             5547.497              0.48897 
   472.550         116.217    509.180       0.008       1.000               17.938               0.000               0.000          -15.474             5565.435              0.48897 
   473.550         116.202    509.449       0.008       1.000               17.971               0.000               0.000          -15.507             5583.406              0.48897 
   474.550         116.187    509.718       0.008       1.000               18.003               0.000               0.000          -15.539             5601.409              0.48897 
   475.550         116.173    509.987       0.008       1.000               18.036               0.000               0.000          -15.572             5619.445              0.48897 
   476.550         116.158    510.255       0.008       1.000               18.068               0.000               0.000          -15.605             5637.513              0.48897 
   477.550         116.143    510.524       0.008       1.000               18.101               0.000               0.000          -15.638             5655.614              0.48897 
   478.550         116.129    510.792       0.008       1.000               18.133               0.000               0.000          -15.671             5673.747              0.48897 
   479.550         116.114    511.060       0.008       1.000               18.166               0.000               0.000          -15.704             5691.912              0.48897 
   480.550         116.099    511.328       0.008       1.000               18.198               0.000               0.000          -15.737             5710.111              0.48897 
   481.550         116.085    511.596       0.008       1.000               18.231               0.000               0.000          -15.770             5728.342              0.48897 
   482.550         116.070    511.863       0.008       1.000               18.264               0.000               0.000          -15.803             5746.605              0.48897 
   483.550         116.055    512.131       0.008       1.000               18.296               0.000               0.000          -15.836             5764.902              0.48897 
   484.550         116.041    512.398       0.008       1.000               18.329               0.000               0.000          -15.869             5783.231              0.48897 
   485.550         116.026    512.665       0.008       1.000               18.362               0.000               0.000          -15.902             5801.593              0.48897 
   486.550         116.012    512.932       0.008       1.000               18.395               0.000               0.000          -15.935             5819.987              0.48897 
   487.550         115.997    513.199       0.008       1.000               18.428               0.000               0.000          -15.969             5838.415              0.48897 
   488.550         115.983    513.466       0.008       1.000               18.460               0.000               0.000          -16.002             5856.875              0.48897 
   489.550         115.968    513.732       0.008       1.000               18.493               0.000               0.000          -16.035             5875.369              0.48897 
   490.550         115.954    513.999       0.008       1.000               18.526               0.000               0.000          -16.069             5893.895              0.48897 
   491.550         115.939    514.266       0.008       1.000               18.559               0.000               0.000          -16.102             5912.455              0.48897 
   492.550         115.925    514.533       0.008       1.000               18.592               0.000               0.000          -16.135             5931.047              0.48897 
   493.550         115.910    514.800       0.008       1.000               18.626               0.000               0.000          -16.169             5949.673              0.48897 
   494.550         115.896    515.067       0.008       1.000               18.659               0.000               0.000          -16.203             5968.331              0.48897 
   495.550         115.882    515.334       0.008       1.000               18.692               0.000               0.000          -16.236             5987.023              0.48897 
   496.550         115.867    515.601       0.008       1.000               18.725               0.000               0.000          -16.270             6005.748              0.48897 
   497.550         115.853    515.868       0.008       1.000               18.758               0.000               0.000          -16.304             6024.507              0.48897 
   498.550         115.839    516.135       0.008       1.000               18.792               0.000               0.000          -16.337             6043.298              0.48897 
   499.550         115.824    516.402       0.008       1.000               18.825               0.000               0.000          -16.371             6062.123              0.48897 
   500.550         115.810    516.669       0.008       1.000               18.858               0.000               0.000          -16.405             6080.981              0.48897 
   501.550         115.796    516.936       0.008       1.000               18.891               0.000               0.000          -16.439             6099.872              0.48897 
   502.550         115.781    517.203       0.008       1.000               18.925               0.000               0.000          -16.473             6118.797              0.48897 
   503.550         115.767    517.470       0.008       1.000               18.958               0.000               0.000          -16.507             6137.756              0.48897 
   504.550         115.753    517.737       0.008       1.000               18.992               0.000               0.000          -16.541             6156.747              0.48897 
   505.550         115.739    518.004       0.008       1.000               19.025               0.000               0.000          -16.575             6175.773              0.48897 
   506.550         115.724    518.271       0.008       1.000               19.059               0.000               0.000          -16.610             6194.832              0.48897 
   507.550         115.710    518.538       0.008       1.000               19.092               0.000               0.000          -16.644             6213.924              0.48897 
   508.550         115.696    518.805       0.008       1.000               19.126               0.000               0.000          -16.678             6233.050              0.48897 
   509.550         115.682    519.072       0.008       1.000               19.160               0.000               0.000          -16.713             6252.210              0.48897 
   510.550         115.668    519.339       0.008       1.000               19.193               0.000               0.000          -16.747             6271.403              0.48897 
   511.550         115.654    519.606       0.008       1.000               19.227               0.000               0.000          -16.782             6290.630              0.48897 
   512.550         115.639    519.873       0.008       1.000               19.261               0.000               0.000          -16.816             6309.891              0.48897 
   513.550         115.625    520.140       0.008       1.000               19.295               0.000               0.000          -16.851             6329.186              0.48897 
   514.550         115.611    520.407       0.008       1.000               19.329               0.000               0.000          -16.885             6348.515              0.48897 
   515.550         115.597    520.674       0.008       1.000               19.362               0.000               0.000          -16.920             6367.877              0.48897 
   516.550         115.583    520.941       0.008       1.000               19.396               0.000               0.000          -16.955             6387.273              0.48897 
   517.550         115.569    521.207       0.008       1.000               19.430               0.000               0.000          -16.990             6406.704              0.48897 
   518.550         115.555    521.474       0.008       1.000               19.464               0.000               0.000          -17.024             6426.168              0.48897 
   519.550         115.541    521.741       0.008       1.000               19.498               0.000               0.000          -17.059             6445.666              0.48897 
   520.550         115.527    522.008       0.008       1.000               19.532               0.000               0.000          -17.094             6465.199              0.48897 
   521.550         115.513    522.275       0.008       1.000               19.566               0.000               0.000          -17.129             6484.765              0.48897 
   522.550         115.499    522.542       0.008       1.000               19.601               0.000               0.000          -17.164             6504.366              0.48897 
   523.550         115.485    522.808       0.008       1.000               19.635               0.000               0.000          -17.199             6524.000              0.48897 
   524.550         115.471    523.075       0.008       1.000               19.669               0.000               0.000          -17.235             6543.669              0.48897 
   525.550         115.457    523.342       0.008       1.000               19.703               0.000               0.000          -17.270             6563.373              0.48897 
   526.550         115.443    523.608       0.008       1.000               19.738               0.000               0.000          -17.305             6583.110              0.48897 
   527.550         115.430    523.875       0.008       1.000               19.772               0.000               0.000          -17.340             6602.882              0.48897 
   528.550         115.416    524.141       0.008       1.000               19.806               0.000               0.000          -17.376             6622.688              0.48897 
   529.550         115.402    524.408       0.008       1.000               19.840               0.000               0.000          -17.411             6642.529              0.48897 
   530.550         115.388    524.674       0.008       1.000               19.875               0.000               0.000          -17.446             6662.404              0.48897 
   531.550         115.374    524.941       0.008       1.000               19.909               0.000               0.000          -17.482             6682.313              0.48897 
   532.550         115.360    525.207       0.008       1.000               19.944               0.000               0.000          -17.517             6702.257              0.48897 
   533.550         115.347    525.474       0.008       1.000               19.979               0.000               0.000          -17.553             6722.236              0.48897 
   534.550         115.333    525.740       0.008       1.000               20.013               0.000               0.000          -17.589             6742.249              0.48897 
   535.550         115.319    526.006       0.008       1.000               20.048               0.000               0.000          -17.624             6762.296              0.48897 
   536.550         115.305    526.272       0.008       1.000               20.082               0.000               0.000          -17.660             6782.379              0.48897 
   537.550         115.292    526.539       0.008       1.000               20.117               0.000               0.000          -17.696             6802.496              0.48897 
   538.550         115.278    526.805       0.008       1.000               20.152               0.000               0.000          -17.732             6822.647              0.48897 
   539.550         115.264    527.071       0.008       1.000               20.187               0.000               0.000          -17.768             6842.834              0.48897 
   540.550         115.251    527.337       0.008       1.000               20.221               0.000               0.000          -17.803             6863.055              0.48897 
   541.550         115.237    527.603       0.008       1.000               20.256               0.000               0.000          -17.839             6883.312              0.48897 
   542.550         115.223    527.869       0.008       1.000               20.291               0.000               0.000          -17.875             6903.603              0.48897 
   543.550         115.210    528.135       0.008       1.000               20.326               0.000               0.000          -17.912             6923.929              0.48897 
   544.550         115.196    528.400       0.008       1.000               20.361               0.000               0.000          -17.948             6944.290              0.48897 
   545.550         115.182    528.666       0.008       1.000               20.396               0.000               0.000          -17.984             6964.686              0.48897 
   546.550         115.169    528.932       0.008       1.000               20.431               0.000               0.000          -18.020             6985.117              0.48897 
   547.550         115.155    529.197       0.008       1.000               20.466               0.000               0.000          -18.056             7005.583              0.48897 
   548.550         115.142    529.463       0.008       1.000               20.501               0.000               0.000          -18.093             7026.084              0.48897 
   549.550         115.128    529.729       0.008       1.000               20.536               0.000               0.000          -18.129             7046.621              0.48897 
   550.550         115.114    529.994       0.008       1.000               20.572               0.000               0.000          -18.165             7067.192              0.48897 
   551.550         115.101    530.259       0.008       1.000               20.607               0.000               0.000          -18.202             7087.799              0.48897 
   552.550         115.087    530.525       0.008       1.000               20.642               0.000               0.000          -18.238             7108.441              0.48897 
   553.550         115.074    530.790       0.008       1.000               20.677               0.000               0.000          -18.275             7129.118              0.48897 
   554.550         115.060    531.055       0.008       1.000               20.713               0.000               0.000          -18.311             7149.831              0.48897 
   555.550         115.047    531.320       0.008       1.000               20.748               0.000               0.000          -18.348             7170.579              0.48897 
   556.550         115.034    531.585       0.008       1.000               20.784               0.000               0.000          -18.385             7191.363              0.48897 
   557.550         115.020    531.850       0.008       1.000               20.819               0.000               0.000          -18.421             7212.182              0.48897 
   558.550         115.007    532.115       0.008       1.000               20.855               0.000               0.000          -18.458             7233.037              0.48897 
   559.550         114.993    532.380       0.008       1.000               20.890               0.000               0.000          -18.495             7253.927              0.48897 
   560.550         114.980    532.645       0.008       1.000               20.926               0.000               0.000          -18.532             7274.852              0.48897 
   561.550         114.966    532.910       0.008       1.000               20.961               0.000               0.000          -18.569             7295.814              0.48897 
   562.550         114.953    533.174       0.008       1.000               20.997               0.000               0.000          -18.606             7316.811              0.48897 
   563.550         114.940    533.439       0.008       1.000               21.033               0.000               0.000          -18.643             7337.844              0.48897 
   564.550         114.926    533.704       0.008       1.000               21.069               0.000               0.000          -18.680             7358.912              0.48897 
   565.550         114.913    533.968       0.008       1.000               21.104               0.000               0.000          -18.717             7380.017              0.48897 
   566.550         114.900    534.233       0.008       1.000               21.140               0.000               0.000          -18.754             7401.157              0.48897 
   567.550         114.886    534.497       0.008       1.000               21.176               0.000               0.000          -18.791             7422.333              0.48897 
   568.550         114.873    534.762       0.008       1.000               21.212               0.000               0.000          -18.828             7443.545              0.48897 
   569.550         114.860    535.026       0.008       1.000               21.248               0.000               0.000          -18.866             7464.793              0.48897 
   570.550         114.846    535.291       0.008       1.000               21.284               0.000               0.000          -18.903             7486.077              0.48897 
   571.550         114.833    535.555       0.008       1.000               21.320               0.000               0.000          -18.940             7507.397              0.48897 
   572.550         114.820    535.819       0.008       1.000               21.356               0.000               0.000          -18.978             7528.753              0.48897 
   573.550         114.807    536.084       0.008       1.000               21.392               0.000               0.000          -19.015             7550.145              0.48897 
   574.550         114.793    536.348       0.008       1.000               21.428               0.000               0.000          -19.053             7571.573              0.48897 
   575.550         114.780    536.612       0.008       1.000               21.465               0.000               0.000          -19.090             7593.038              0.48897 
   576.550         114.767    536.876       0.008       1.000               21.501               0.000               0.000          -19.128             7614.539              0.48897 
   577.550         114.754    537.140       0.008       1.000               21.537               0.000               0.000          -19.166             7636.076              0.48897 
   578.550         114.741    537.404       0.008       1.000               21.574               0.000               0.000          -19.204             7657.650              0.48897 
   579.550         114.728    537.669       0.008       1.000               21.610               0.000               0.000          -19.241             7679.260              0.48897 
   580.550         114.714    537.933       0.008       1.000               21.646               0.000               0.000          -19.279             7700.906              0.48897 
   581.550         114.701    538.196       0.008       1.000               21.683               0.000               0.000          -19.317             7722.589              0.48897 
   582.550         114.688    538.460       0.008       1.000               21.719               0.000               0.000          -19.355             7744.309              0.48897 
   583.550         114.675    538.724       0.008       1.000               21.756               0.000               0.000          -19.393             7766.065              0.48897 
   584.550         114.662    538.988       0.008       1.000               21.793               0.000               0.000          -19.431             7787.857              0.48897 
   585.550         114.649    539.252       0.008       1.000               21.829               0.000               0.000          -19.469             7809.687              0.48897 
   586.550         114.636    539.516       0.008       1.000               21.866               0.000               0.000          -19.507             7831.553              0.48897 
   587.550         114.623    539.779       0.008       1.000               21.903               0.000               0.000          -19.545             7853.455              0.48897 
   588.550         114.610    540.043       0.008       1.000               21.939               0.000               0.000          -19.584             7875.395              0.48897 
   589.550         114.596    540.307       0.008       1.000               21.976               0.000               0.000          -19.622             7897.371              0.48897 
   590.550         114.583    540.570       0.008       1.000               22.013               0.000               0.000          -19.660             7919.384              0.48897 
   591.550         114.570    540.834       0.008       1.000               22.050               0.000               0.000          -19.699             7941.435              0.48897 
   592.550         114.557    541.097       0.008       1.000               22.087               0.000               0.000          -19.737             7963.522              0.48897 
   593.550         114.544    541.360       0.008       1.000               22.124               0.000               0.000          -19.776             7985.646              0.48897 
   594.550         114.531    541.624       0.008       1.000               22.161               0.000               0.000          -19.814             8007.807              0.48897 
   595.550         114.518    541.887       0.008       1.000               22.198               0.000               0.000          -19.853             8030.006              0.48897 
   596.550         114.505    542.150       0.008       1.000               22.235               0.000               0.000          -19.891             8052.241              0.48897 
   597.550         114.492    542.413       0.008       1.000               22.273               0.000               0.000          -19.930             8074.514              0.48897 
   598.550         114.480    542.677       0.008       1.000               22.310               0.000               0.000          -19.969             8096.824              0.48897 
   599.550         114.467    542.940       0.008       1.000               22.347               0.000               0.000          -20.008             8119.171              0.48897 
   600.550         114.454    543.203       0.008       1.000               22.385               0.000               0.000          -20.046             8141.556              0.48897 
   601.550         114.441    543.466       0.008       1.000               22.422               0.000               0.000          -20.085             8163.978              0.48897 
   602.550         114.428    543.729       0.008       1.000               22.460               0.000               0.000          -20.124             8186.438              0.48897 
   603.550         114.415    543.992       0.008       1.000               22.497               0.000               0.000          -20.163             8208.935              0.48897 
   604.550         114.402    544.254       0.008       1.000               22.535               0.000               0.000          -20.202             8231.469              0.48897 
   605.550         114.389    544.517       0.008       1.000               22.572               0.000               0.000          -20.241             8254.041              0.48897 
   606.550         114.376    544.780       0.008       1.000               22.610               0.000               0.000          -20.280             8276.651              0.48897 
   607.550         114.363    545.042       0.008       1.000               22.648               0.000               0.000          -20.320             8299.299              0.48897 
   608.550         114.351    545.305       0.008       1.000               22.685               0.000               0.000          -20.359             8321.984              0.48897 
   609.550         114.338    545.568       0.008       1.000               22.723               0.000               0.000          -20.398             8344.707              0.48897 
   610.550         114.325    545.830       0.008       1.000               22.761               0.000               0.000          -20.437             8367.468              0.48897 
   611.550         114.312    546.093       0.008       1.000               22.799               0.000               0.000          -20.477             8390.267              0.48897 
   612.550         114.299    546.355       0.008       1.000               22.837               0.000               0.000          -20.516             8413.104              0.48897 
   613.550         114.286    546.617       0.008       1.000               22.875               0.000               0.000          -20.556             8435.979              0.48897 
   614.550         114.274    546.880       0.008       1.000               22.913               0.000               0.000          -20.595             8458.892              0.48897 
   615.550         114.261    547.142       0.008       1.000               22.951               0.000               0.000          -20.635             8481.843              0.48897 
   616.550         114.248    547.404       0.008       1.000               22.989               0.000               0.000          -20.674             8504.832              0.48897 
   617.550         114.235    547.666       0.008       1.000               23.027               0.000               0.000          -20.714             8527.859              0.48897 
   618.550         114.223    547.928       0.008       1.000               23.066               0.000               0.000          -20.754             8550.925              0.48897 
   619.550         114.210    548.191       0.008       1.000               23.104               0.000               0.000          -20.793             8574.029              0.48897 
   620.550         114.197    548.453       0.008       1.000               23.142               0.000               0.000          -20.833             8597.171              0.48897 
   621.550         114.184    548.714       0.008       1.000               23.181               0.000               0.000          -20.873             8620.352              0.48897 
   622.550         114.172    548.976       0.008       1.000               23.219               0.000               0.000          -20.913             8643.571              0.48897 
   623.550         114.159    549.238       0.008       1.000               23.258               0.000               0.000          -20.953             8666.829              0.48897 
   624.550         114.146    549.500       0.008       1.000               23.296               0.000               0.000          -20.993             8690.125              0.48897 
   625.550         114.133    549.762       0.008       1.000               23.335               0.000               0.000          -21.033             8713.460              0.48897 
   626.550         114.121    550.024       0.008       1.000               23.374               0.000               0.000          -21.073             8736.834              0.48897 
   627.550         114.108    550.285       0.008       1.000               23.412               0.000               0.000          -21.113             8760.246              0.48897 
   628.550         114.095    550.547       0.008       1.000               23.451               0.000               0.000          -21.153             8783.698              0.48897 
   629.550         114.083    550.808       0.008       1.000               23.490               0.000               0.000          -21.194             8807.188              0.48897 
   630.550         114.070    551.070       0.008       1.000               23.529               0.000               0.000          -21.234             8830.717              0.48897 
   631.550         114.057    551.331       0.008       1.000               23.568               0.000               0.000          -21.274             8854.285              0.48897 
   632.550         114.045    551.593       0.008       1.000               23.607               0.000               0.000          -21.315             8877.892              0.48897 
   633.550         114.032    551.854       0.008       1.000               23.646               0.000               0.000          -21.355             8901.538              0.48897 
   634.550         114.019    552.116       0.008       1.000               23.685               0.000               0.000          -21.396             8925.224              0.48897 
   635.550         114.007    552.377       0.008       1.000               23.725               0.000               0.000          -21.436             8948.948              0.48897 
   636.550         113.994    552.638       0.008       1.000               23.764               0.000               0.000          -21.477             8972.712              0.48897 
   637.550         113.982    552.900       0.008       1.000               23.803               0.000               0.000          -21.518             8996.515              0.48897 
   638.550         113.969    553.161       0.008       1.000               23.843               0.000               0.000          -21.558             9020.358              0.48897 
   639.550         113.956    553.422       0.008       1.000               23.882               0.000               0.000          -21.599             9044.240              0.48897 
   640.550         113.944    553.683       0.008       1.000               23.922               0.000               0.000          -21.640             9068.162              0.48897 
   641.550         113.931    553.944       0.008       1.000               23.961               0.000               0.000          -21.681             9092.123              0.48897 
   642.550         113.919    554.205       0.008       1.000               24.001               0.000               0.000          -21.722             9116.124              0.48897 
   643.550         113.906    554.465       0.008       1.000               24.040               0.000               0.000          -21.763             9140.164              0.48897 
   644.550         113.893    554.726       0.008       1.000               24.080               0.000               0.000          -21.804             9164.244              0.48897 
   645.550         113.881    554.986       0.008       1.000               24.120               0.000               0.000          -21.845             9188.364              0.48897 
   646.550         113.868    555.246       0.008       1.000               24.160               0.000               0.000          -21.886             9212.524              0.48897 
   647.550         113.856    555.507       0.008       1.000               24.200               0.000               0.000          -21.927             9236.724              0.48897 
   648.550         113.843    555.767       0.008       1.000               24.240               0.000               0.000          -21.968             9260.964              0.48897 
   649.550         113.831    556.027       0.008       1.000               24.280               0.000               0.000          -22.009             9285.244              0.48897 
   650.550         113.818    556.287       0.008       1.000               24.320               0.000               0.000          -22.050             9309.564              0.48897 
   651.550         113.806    556.546       0.008       1.000               24.360               0.000               0.000          -22.091             9333.925              0.48897 
   652.550         113.793    556.806       0.008       1.000               24.401               0.000               0.000          -22.133             9358.325              0.48897 
   653.550         113.781    557.066       0.008       1.000               24.441               0.000               0.000          -22.174             9382.766              0.48897 
   654.550         113.768    557.325       0.008       1.000               24.481               0.000               0.000          -22.215             9407.248              0.48897 
   655.550         113.756    557.585       0.008       1.000               24.522               0.000               0.000          -22.257             9431.769              0.48897 
   656.550         113.743    557.844       0.008       1.000               24.562               0.000               0.000          -22.298             9456.332              0.48897 
   657.550         113.731    558.103       0.008       1.000               24.603               0.000               0.000          -22.340             9480.935              0.48897 
   658.550         113.718    558.363       0.008       1.000               24.644               0.000               0.000          -22.381             9505.579              0.48897 
   659.550         113.706    558.622       0.008       1.000               24.684               0.000               0.000          -22.423             9530.263              0.48897 
   660.550         113.693    558.881       0.008       1.000               24.725               0.000               0.000          -22.465             9554.988              0.48897 
   661.550         113.681    559.140       0.008       1.000               24.766               0.000               0.000          -22.506             9579.755              0.48897 
   662.550         113.668    559.399       0.008       1.000               24.807               0.000               0.000          -22.548             9604.562              0.48897 
   663.550         113.656    559.657       0.008       1.000               24.848               0.000               0.000          -22.590             9629.410              0.48897 
   664.550         113.643    559.916       0.008       1.000               24.889               0.000               0.000          -22.632             9654.299              0.48897 
   665.550         113.631    560.175       0.008       1.000               24.930               0.000               0.000          -22.674             9679.230              0.48897 
   666.550         113.618    560.434       0.008       1.000               24.972               0.000               0.000          -22.716             9704.201              0.48897 
   667.550         113.606    560.692       0.008       1.000               25.013               0.000               0.000          -22.758             9729.214              0.48897 
   668.550         113.593    560.951       0.008       1.000               25.054               0.000               0.000          -22.800             9754.269              0.48897 
   669.550         113.581    561.209       0.008       1.000               25.096               0.000               0.000          -22.842             9779.364              0.48897 
   670.550         113.569    561.468       0.008       1.000               25.137               0.000               0.000          -22.884             9804.502              0.48897 
   671.550         113.556    561.726       0.008       1.000               25.179               0.000               0.000          -22.926             9829.681              0.48897 
   672.550         113.544    561.984       0.008       1.000               25.221               0.000               0.000          -22.968             9854.902              0.48897 
   673.550         113.531    562.243       0.008       1.000               25.263               0.000               0.000          -23.011             9880.164              0.48897 
   674.550         113.519    562.501       0.008       1.000               25.304               0.000               0.000          -23.053             9905.469              0.48897 
   675.550         113.506    562.759       0.008       1.000               25.346               0.000               0.000          -23.095             9930.815              0.48897 
   676.550         113.494    563.018       0.008       1.000               25.388               0.000               0.000          -23.138             9956.203              0.48897 
   677.550         113.481    563.276       0.008       1.000               25.430               0.000               0.000          -23.180             9981.633              0.48897 
   678.550         113.469    563.534       0.008       1.000               25.473               0.000               0.000          -23.223            10007.106              0.48897 
   679.550         113.457    563.792       0.008       1.000               25.515               0.000               0.000          -23.265            10032.621              0.48897 
   680.550         113.444    564.050       0.008       1.000               25.557               0.000               0.000          -23.308            10058.178              0.48897 
   681.550         113.432    564.309       0.008       1.000               25.599               0.000               0.000          -23.351            10083.777              0.48897 
   682.550         113.419    564.567       0.008       1.000               25.642               0.000               0.000          -23.394            10109.419              0.48897 
   683.550         113.407    564.825       0.008       1.000               25.684               0.000               0.000          -23.436            10135.103              0.48897 
   684.550         113.395    565.083       0.008       1.000               25.727               0.000               0.000          -23.479            10160.830              0.48897 
   685.550         113.382    565.341       0.008       1.000               25.770               0.000               0.000          -23.522            10186.600              0.48897 
   686.550         113.370    565.599       0.008       1.000               25.813               0.000               0.000          -23.565            10212.413              0.48897 
   687.550         113.357    565.857       0.008       1.000               25.856               0.000               0.000          -23.608            10238.269              0.48897 
   688.550         113.345    566.115       0.008       1.000               25.899               0.000               0.000          -23.651            10264.167              0.48897 
   689.550         113.332    566.373       0.008       1.000               25.942               0.000               0.000          -23.695            10290.109              0.48897 
   690.550         113.320    566.632       0.008       1.000               25.985               0.000               0.000          -23.738            10316.094              0.48897 
   691.550         113.308    566.890       0.008       1.000               26.028               0.000               0.000          -23.781            10342.121              0.48897 
   692.550         113.295    567.148       0.008       1.000               26.071               0.000               0.000          -23.825            10368.193              0.48897 
   693.550         113.283    567.406       0.008       1.000               26.115               0.000               0.000          -23.868            10394.307              0.48897 
   694.550         113.270    567.664       0.008       1.000               26.158               0.000               0.000          -23.911            10420.466              0.48897 
   695.550         113.258    567.923       0.008       1.000               26.202               0.000               0.000          -23.955            10446.667              0.48897 
   696.550         113.246    568.181       0.008       1.000               26.246               0.000               0.000          -23.999            10472.913              0.48897 
   697.550         113.233    568.439       0.008       1.000               26.289               0.000               0.000          -24.042            10499.202              0.48897 
   698.550         113.221    568.698       0.008       1.000               26.333               0.000               0.000          -24.086            10525.535              0.48897 
   699.550         113.208    568.956       0.008       1.000               26.377               0.000               0.000          -24.130            10551.912              0.48897 
   700.550         113.196    569.214       0.008       1.000               26.421               0.000               0.000          -24.174            10578.333              0.48897 
   701.550         113.184    569.473       0.008       1.000               26.465               0.000               0.000          -24.218            10604.799              0.48897 
   702.550         113.171    569.731       0.008       1.000               26.510               0.000               0.000          -24.262            10631.308              0.48897 
   703.550         113.159    569.990       0.008       1.000               26.554               0.000               0.000          -24.306            10657.862              0.48897 
   704.550         113.146    570.248       0.008       1.000               26.598               0.000               0.000          -24.350            10684.460              0.48897 
   705.550         113.134    570.507       0.008       1.000               26.643               0.000               0.000          -24.394            10711.103              0.48897 
   706.550         113.121    570.766       0.008       1.000               26.687               0.000               0.000          -24.438            10737.791              0.48897 
   707.550         113.109    571.025       0.008       1.000               26.732               0.000               0.000          -24.483            10764.523              0.48897 
   708.550         113.097    571.284       0.008       1.000               26.777               0.000               0.000          -24.527            10791.300              0.48897 
   709.550         113.084    571.542       0.008       1.000               26.822               0.000               0.000          -24.572            10818.121              0.48897 
   710.550         113.072    571.801       0.008       1.000               26.867               0.000               0.000          -24.616            10844.988              0.48897 
   711.550         113.059    572.061       0.008       1.000               26.912               0.000               0.000          -24.661            10871.900              0.48897 
   712.550         113.047    572.320       0.008       1.000               26.957               0.000               0.000          -24.706            10898.858              0.48897 
   713.550         113.035    572.579       0.008       1.000               27.003               0.000               0.000          -24.751            10925.860              0.48897 
   714.550         113.022    572.838       0.008       1.000               27.048               0.000               0.000          -24.795            10952.908              0.48897 
   715.550         113.010    573.098       0.008       1.000               27.093               0.000               0.000          -24.840            10980.002              0.48897 
   716.550         112.997    573.357       0.008       1.000               27.139               0.000               0.000          -24.885            11007.141              0.48897 
   717.550         112.985    573.617       0.008       1.000               27.185               0.000               0.000          -24.930            11034.326              0.48897 
   718.550         112.972    573.876       0.008       1.000               27.231               0.000               0.000          -24.976            11061.556              0.48897 
   719.550         112.960    574.135       0.008       1.000               27.277               0.000               0.000          -25.021            11088.833              0.48897 
   720.550         112.947    574.395       0.008       1.000               27.323               0.000               0.000          -25.066            11116.156              0.48897 
   721.550         112.935    574.654       0.008       1.000               27.369               0.000               0.000          -25.111            11143.525              0.48897 
   722.550         112.923    574.913       0.008       1.000               27.415               0.000               0.000          -25.157            11170.940              0.48897 
   723.550         112.910    575.173       0.008       1.000               27.462               0.000               0.000          -25.202            11198.402              0.48897 
   724.550         112.898    575.432       0.008       1.000               27.508               0.000               0.000          -25.248            11225.910              0.48897 
   725.550         112.885    575.691       0.008       1.000               27.555               0.000               0.000          -25.293            11253.465              0.48897 
   726.550         112.873    575.950       0.008       1.000               27.602               0.000               0.000          -25.339            11281.066              0.48897 
   727.550         112.860    576.210       0.008       1.000               27.648               0.000               0.000          -25.385            11308.715              0.48897 
   728.550         112.848    576.469       0.008       1.000               27.695               0.000               0.000          -25.430            11336.410              0.48897 
   729.550         112.835    576.728       0.008       1.000               27.742               0.000               0.000          -25.476            11364.153              0.48897 
   730.550         112.823    576.988       0.008       1.000               27.790               0.000               0.000          -25.522            11391.942              0.48897 
   731.550         112.810    577.247       0.008       1.000               27.837               0.000               0.000          -25.568            11419.779              0.48897 
   732.550         112.798    577.507       0.008       1.000               27.884               0.000               0.000          -25.614            11447.663              0.48897 
   733.550         112.785    577.766       0.008       1.000               27.932               0.000               0.000          -25.660            11475.595              0.48897 
   734.550         112.773    578.026       0.008       1.000               27.980               0.000               0.000          -25.706            11503.575              0.48897 
   735.550         112.760    578.285       0.008       1.000               28.027               0.000               0.000          -25.752            11531.602              0.48897 
   736.550         112.748    578.545       0.008       1.000               28.075               0.000               0.000          -25.799            11559.678              0.48897 
   737.550         112.735    578.805       0.008       1.000               28.123               0.000               0.000          -25.845            11587.801              0.48897 
   738.550         112.723    579.065       0.008       1.000               28.172               0.000               0.000          -25.892            11615.973              0.48897 
   739.550         112.710    579.325       0.008       1.000               28.220               0.000               0.000          -25.938            11644.192              0.48897 
   740.550         112.698    579.585       0.008       1.000               28.268               0.000               0.000          -25.985            11672.461              0.48897 
   741.550         112.685    579.845       0.008       1.000               28.317               0.000               0.000          -26.031            11700.777              0.48897 
   742.550         112.672    580.105       0.008       1.000               28.366               0.000               0.000          -26.078            11729.143              0.48897 
   743.550         112.660    580.365       0.008       1.000               28.414               0.000               0.000          -26.125            11757.557              0.48897 
   744.550         112.647    580.626       0.008       1.000               28.463               0.000               0.000          -26.172            11786.021              0.48897 
   745.550         112.635    580.886       0.008       1.000               28.512               0.000               0.000          -26.219            11814.533              0.48897 
   746.550         112.622    581.147       0.008       1.000               28.562               0.000               0.000          -26.266            11843.095              0.48897 
   747.550         112.609    581.408       0.008       1.000               28.611               0.000               0.000          -26.313            11871.706              0.48897 
   748.550         112.597    581.669       0.008       1.000               28.660               0.000               0.000          -26.360            11900.366              0.48897 
   749.550         112.584    581.930       0.008       1.000               28.710               0.000               0.000          -26.408            11929.076              0.48897 
   750.550         112.572    582.191       0.008       1.000               28.760               0.000               0.000          -26.455            11957.836              0.48897 
   751.550         112.559    582.452       0.008       1.000               28.810               0.000               0.000          -26.503            11986.645              0.48897 
   752.550         112.546    582.714       0.008       1.000               28.860               0.000               0.000          -26.550            12015.505              0.48897 
   753.550         112.534    582.975       0.008       1.000               28.910               0.000               0.000          -26.598            12044.415              0.48897 
   754.550         112.521    583.237       0.008       1.000               28.960               0.000               0.000          -26.646            12073.375              0.48897 
   755.550         112.508    583.499       0.008       1.000               29.011               0.000               0.000          -26.694            12102.386              0.48897 
   756.550         112.496    583.761       0.008       1.000               29.061               0.000               0.000          -26.742            12131.447              0.48897 
   757.550         112.483    584.024       0.008       1.000               29.112               0.000               0.000          -26.790            12160.559              0.48897 
   758.550         112.470    584.286       0.008       1.000               29.163               0.000               0.000          -26.838            12189.722              0.48897 
   759.550         112.458    584.549       0.008       1.000               29.214               0.000               0.000          -26.886            12218.936              0.48897 
   760.550         112.445    584.812       0.008       1.000               29.265               0.000               0.000          -26.935            12248.201              0.48897 
   761.550         112.432    585.075       0.008       1.000               29.317               0.000               0.000          -26.983            12277.517              0.48897 
   762.550         112.420    585.339       0.008       1.000               29.368               0.000               0.000          -27.032            12306.885              0.48897 
   763.550         112.407    585.602       0.008       1.000               29.420               0.000               0.000          -27.081            12336.305              0.48897 
   764.550         112.394    585.866       0.008       1.000               29.471               0.000               0.000          -27.129            12365.776              0.48897 
   765.550         112.381    586.130       0.008       1.000               29.523               0.000               0.000          -27.178            12395.299              0.48897 
   766.550         112.369    586.394       0.008       1.000               29.575               0.000               0.000          -27.227            12424.875              0.48897 
   767.550         112.356    586.659       0.008       1.000               29.628               0.000               0.000          -27.276            12454.503              0.48897 
   768.550         112.343    586.923       0.008       1.000               29.680               0.000               0.000          -27.326            12484.183              0.48897 
   769.550         112.330    587.188       0.008       1.000               29.733               0.000               0.000          -27.375            12513.916              0.48897 
   770.550         112.317    587.453       0.008       1.000               29.785               0.000               0.000          -27.424            12543.701              0.48897 
   771.550         112.305    587.719       0.008       1.000               29.838               0.000               0.000          -27.474            12573.539              0.48897 
   772.550         112.292    587.984       0.008       1.000               29.891               0.000               0.000          -27.524            12603.431              0.48897 
   773.550         112.279    588.250       0.008       1.000               29.945               0.000               0.000          -27.574            12633.376              0.48897 
   774.550         112.266    588.517       0.008       1.000               29.998               0.000               0.000          -27.623            12663.374              0.48897 
   775.550         112.253    588.783       0.008       1.000               30.052               0.000               0.000          -27.674            12693.425              0.48897 
   776.550         112.240    589.050       0.008       1.000               30.106               0.000               0.000          -27.724            12723.531              0.48897 
   777.550         112.227    589.317       0.008       1.000               30.159               0.000               0.000          -27.774            12753.690              0.48897 
   778.550         112.214    589.584       0.008       1.000               30.213               0.000               0.000          -27.824            12783.904              0.48897 
   779.550         112.201    589.852       0.008       1.000               30.268               0.000               0.000          -27.875            12814.171              0.48897 
   780.550         112.189    590.120       0.008       1.000               30.322               0.000               0.000          -27.926            12844.493              0.48897 
   781.550         112.176    590.388       0.008       1.000               30.377               0.000               0.000          -27.976            12874.870              0.48897 
   782.550         112.163    590.657       0.008       1.000               30.432               0.000               0.000          -28.027            12905.302              0.48897 
   783.550         112.150    590.925       0.008       1.000               30.487               0.000               0.000          -28.078            12935.788              0.48897 
   784.550         112.137    591.195       0.008       1.000               30.542               0.000               0.000          -28.129            12966.330              0.48897 
   785.550         112.124    591.464       0.008       1.000               30.597               0.000               0.000          -28.181            12996.927              0.48897 
   786.550         112.111    591.734       0.008       1.000               30.652               0.000               0.000          -28.232            13027.579              0.48897 
   787.550         112.098    592.004       0.008       1.000               30.708               0.000               0.000          -28.284            13058.287              0.48897 
   788.550         112.085    592.275       0.008       1.000               30.764               0.000               0.000          -28.335            13089.051              0.48897 
   789.550         112.071    592.546       0.008       1.000               30.820               0.000               0.000          -28.387            13119.872              0.48897 
   790.550         112.058    592.817       0.008       1.000               30.876               0.000               0.000          -28.439            13150.748              0.48897 
   791.550         112.045    593.088       0.008       1.000               30.933               0.000               0.000          -28.491            13181.681              0.48897 
   792.550         112.032    593.360       0.008       1.000               30.990               0.000               0.000          -28.544            13212.671              0.48897 
   793.550         112.019    593.633       0.008       1.000               31.046               0.000               0.000          -28.596            13243.717              0.48897 
   794.550         112.006    593.905       0.008       1.000               31.103               0.000               0.000          -28.648            13274.820              0.48897 
   795.550         111.993    594.178       0.008       1.000               31.161               0.000               0.000          -28.701            13305.981              0.48897 
   796.550         111.980    594.452       0.008       1.000               31.218               0.000               0.000          -28.754            13337.199              0.48897 
   797.550         111.966    594.726       0.008       1.000               31.276               0.000               0.000          -28.807            13368.475              0.48897 
   798.550         111.953    595.000       0.008       1.000               31.334               0.000               0.000          -28.860            13399.808              0.48897 
   799.550         111.940    595.274       0.008       1.000               31.392               0.000               0.000          -28.913            13431.200              0.48897 
   800.550         111.927    595.549       0.008       1.000               31.450               0.000               0.000          -28.967            13462.650              0.48897 
   801.550         111.914    595.825       0.008       1.000               31.508               0.000               0.000          -29.020            13494.158              0.48897 
   802.550         111.900    596.100       0.008       1.000               31.567               0.000               0.000          -29.074            13525.725              0.48897 
   803.550         111.887    596.376       0.008       1.000               31.626               0.000               0.000          -29.128            13557.351              0.48897 
   804.550         111.874    596.653       0.008       1.000               31.685               0.000               0.000          -29.182            13589.036              0.48897 
   805.550         111.860    596.930       0.008       1.000               31.744               0.000               0.000          -29.236            13620.780              0.48897 
   806.550         111.847    597.207       0.008       1.000               31.804               0.000               0.000          -29.290            13652.584              0.48897 
   807.550         111.834    597.485       0.008       1.000               31.864               0.000               0.000          -29.345            13684.447              0.48897 
   808.550         111.820    597.764       0.008       1.000               31.923               0.000               0.000          -29.399            13716.371              0.48897 
   809.550         111.807    598.042       0.008       1.000               31.984               0.000               0.000          -29.454            13748.355              0.48897 
   810.550         111.794    598.321       0.008       1.000               32.044               0.000               0.000          -29.509            13780.398              0.48897 
   811.550         111.780    598.601       0.008       1.000               32.105               0.000               0.000          -29.564            13812.503              0.48897 
   812.550         111.767    598.881       0.008       1.000               32.166               0.000               0.000          -29.620            13844.669              0.48897 
   813.550         111.753    599.162       0.008       1.000               32.227               0.000               0.000          -29.675            13876.895              0.48897 
   814.550         111.740    599.443       0.008       1.000               32.288               0.000               0.000          -29.731            13909.183              0.48897 
   815.550         111.726    599.724       0.008       1.000               32.350               0.000               0.000          -29.787            13941.533              0.48897 
   816.550         111.713    600.006       0.008       1.000               32.411               0.000               0.000          -29.843            13973.944              0.48897 
   817.550         111.699    600.289       0.008       1.000               32.473               0.000               0.000          -29.899            14006.417              0.48897 
   818.550         111.686    600.572       0.008       1.000               32.535               0.000               0.000          -29.955            14038.953              0.48897 
   819.550         111.672    600.856       0.008       1.000               32.598               0.000               0.000          -30.012            14071.551              0.48897 
   820.550         111.658    601.140       0.008       1.000               32.661               0.000               0.000          -30.068            14104.212              0.48897 
   821.550         111.645    601.424       0.008       1.000               32.724               0.000               0.000          -30.125            14136.935              0.48897 
   822.550         111.631    601.709       0.008       1.000               32.787               0.000               0.000          -30.182            14169.722              0.48897 
   823.550         111.617    601.995       0.008       1.000               32.850               0.000               0.000          -30.240            14202.573              0.48897 
   824.550         111.604    602.281       0.008       1.000               32.914               0.000               0.000          -30.297            14235.487              0.48897 
   825.550         111.590    602.568       0.008       1.000               32.978               0.000               0.000          -30.355            14268.465              0.48897 
   826.550         111.576    602.855       0.008       1.000               33.042               0.000               0.000          -30.413            14301.507              0.48897 
   827.550         111.562    603.143       0.008       1.000               33.107               0.000               0.000          -30.471            14334.614              0.48897 
   828.550         111.549    603.431       0.008       1.000               33.172               0.000               0.000          -30.529            14367.786              0.48897 
   829.550         111.535    603.720       0.008       1.000               33.237               0.000               0.000          -30.587            14401.023              0.48897 
   830.550         111.521    604.009       0.008       1.000               33.302               0.000               0.000          -30.646            14434.325              0.48897 
   831.550         111.507    604.299       0.008       1.000               33.367               0.000               0.000          -30.705            14467.692              0.48897 
   832.550         111.493    604.590       0.008       1.000               33.433               0.000               0.000          -30.764            14501.125              0.48897 
   833.550         111.479    604.881       0.008       1.000               33.499               0.000               0.000          -30.823            14534.625              0.48897 
   834.550         111.466    605.173       0.008       1.000               33.566               0.000               0.000          -30.882            14568.191              0.48897 
   835.550         111.452    605.465       0.008       1.000               33.632               0.000               0.000          -30.942            14601.823              0.48897 
   836.550         111.438    605.758       0.008       1.000               33.699               0.000               0.000          -31.002            14635.522              0.48897 
   837.550         111.424    606.052       0.008       1.000               33.766               0.000               0.000          -31.062            14669.289              0.48897 
   838.550         111.410    606.346       0.008       1.000               33.834               0.000               0.000          -31.122            14703.123              0.48897 
   839.550         111.396    606.641       0.008       1.000               33.901               0.000               0.000          -31.183            14737.024              0.48897 
   840.550         111.382    606.937       0.008       1.000               33.970               0.000               0.000          -31.243            14770.994              0.48897 
   841.550         111.367    607.233       0.008       1.000               34.038               0.000               0.000          -31.304            14805.032              0.48897 
   842.550         111.353    607.530       0.008       1.000               34.107               0.000               0.000          -31.365            14839.139              0.48897 
   843.550         111.339    607.827       0.008       1.000               34.176               0.000               0.000          -31.427            14873.314              0.48897 
   844.550         111.325    608.125       0.008       1.000               34.245               0.000               0.000          -31.488            14907.559              0.48897 
   845.550         111.311    608.424       0.008       1.000               34.314               0.000               0.000          -31.550            14941.873              0.48897 
   846.550         111.297    608.723       0.008       1.000               34.384               0.000               0.000          -31.612            14976.257              0.48897 
   847.550         111.282    609.023       0.008       1.000               34.454               0.000               0.000          -31.674            15010.711              0.48897 
   848.550         111.268    609.324       0.008       1.000               34.525               0.000               0.000          -31.737            15045.236              0.48897 
   849.550         111.254    609.626       0.008       1.000               34.595               0.000               0.000          -31.800            15079.831              0.48897 
   850.550         111.240    609.928       0.008       1.000               34.666               0.000               0.000          -31.863            15114.497              0.48897 
   851.550         111.225    610.231       0.008       1.000               34.738               0.000               0.000          -31.926            15149.235              0.48897 
   852.550         111.211    610.535       0.008       1.000               34.809               0.000               0.000          -31.989            15184.044              0.48897 
   853.550         111.196    610.839       0.008       1.000               34.881               0.000               0.000          -32.053            15218.925              0.48897 
   854.550         111.182    611.144       0.008       1.000               34.954               0.000               0.000          -32.117            15253.879              0.48897 
   855.550         111.167    611.450       0.008       1.000               35.026               0.000               0.000          -32.181            15288.905              0.48897 
   856.550         111.153    611.756       0.008       1.000               35.099               0.000               0.000          -32.246            15324.004              0.48897 
   857.550         111.138    612.064       0.008       1.000               35.172               0.000               0.000          -32.310            15359.177              0.48897 
   858.550         111.124    612.372       0.008       1.000               35.246               0.000               0.000          -32.375            15394.423              0.48897 
   859.550         111.109    612.680       0.008       1.000               35.320               0.000               0.000          -32.441            15429.743              0.48897 
   860.550         111.095    612.990       0.008       1.000               35.394               0.000               0.000          -32.506            15465.137              0.48897 
   861.550         111.080    613.300       0.008       1.000               35.469               0.000               0.000          -32.572            15500.606              0.48897 
   862.550         111.065    613.612       0.008       1.000               35.544               0.000               0.000          -32.638            15536.150              0.48897 
   863.550         111.051    613.923       0.008       1.000               35.619               0.000               0.000          -32.704            15571.769              0.48897 
   864.550         111.036    614.236       0.008       1.000               35.695               0.000               0.000          -32.771            15607.464              0.48897 
   865.550         111.021    614.550       0.008       1.000               35.771               0.000               0.000          -32.838            15643.235              0.48897 
   866.550         111.007    614.864       0.008       1.000               35.847               0.000               0.000          -32.905            15679.082              0.48897 
   867.550         110.992    615.179       0.008       1.000               35.924               0.000               0.000          -32.972            15715.005              0.48897 
   868.550         110.977    615.495       0.008       1.000               36.001               0.000               0.000          -33.040            15751.006              0.48897 
   869.550         110.962    615.812       0.008       1.000               36.079               0.000               0.000          -33.108            15787.085              0.48897 
   870.550         110.947    616.130       0.008       1.000               36.156               0.000               0.000          -33.176            15823.241              0.48897 
   871.550         110.932    616.449       0.008       1.000               36.235               0.000               0.000          -33.244            15859.476              0.48897 
   872.550         110.917    616.768       0.008       1.000               36.313               0.000               0.000          -33.313            15895.789              0.48897 
   873.550         110.902    617.088       0.008       1.000               36.392               0.000               0.000          -33.382            15932.181              0.48897 
   874.550         110.887    617.410       0.008       1.000               36.471               0.000               0.000          -33.452            15968.652              0.48897 
   875.550         110.872    617.732       0.008       1.000               36.551               0.000               0.000          -33.521            16005.203              0.48897 
   876.550         110.857    618.055       0.008       1.000               36.631               0.000               0.000          -33.591            16041.834              0.48897 
   877.550         110.842    618.378       0.008       1.000               36.712               0.000               0.000          -33.662            16078.546              0.48897 
   878.550         110.827    618.703       0.008       1.000               36.793               0.000               0.000          -33.732            16115.339              0.48897 
   879.550         110.811    619.029       0.008       1.000               36.874               0.000               0.000          -33.803            16152.212              0.48897 
   880.550         110.796    619.356       0.008       1.000               36.955               0.000               0.000          -33.875            16189.167              0.48897 
   881.550         110.781    619.683       0.008       1.000               37.037               0.000               0.000          -33.946            16226.205              0.48897 
   882.550         110.766    620.012       0.008       1.000               37.120               0.000               0.000          -34.018            16263.325              0.48897 
   883.550         110.750    620.341       0.008       1.000               37.203               0.000               0.000          -34.090            16300.528              0.48897 
   884.550         110.735    620.672       0.008       1.000               37.286               0.000               0.000          -34.163            16337.814              0.48897 
   885.550         110.720    621.003       0.008       1.000               37.370               0.000               0.000          -34.236            16375.184              0.48897 
   886.550         110.704    621.335       0.008       1.000               37.454               0.000               0.000          -34.309            16412.638              0.48897 
   887.550         110.689    621.668       0.008       1.000               37.539               0.000               0.000          -34.382            16450.177              0.48897 
   888.550         110.673    622.003       0.008       1.000               37.624               0.000               0.000          -34.456            16487.801              0.48897 
   889.550         110.658    622.338       0.008       1.000               37.709               0.000               0.000          -34.530            16525.510              0.48897 
   890.550         110.642    622.674       0.008       1.000               37.795               0.000               0.000          -34.605            16563.305              0.48897 
   891.550         110.626    623.012       0.008       1.000               37.881               0.000               0.000          -34.680            16601.186              0.48897 
   892.550         110.611    623.350       0.008       1.000               37.968               0.000               0.000          -34.755            16639.154              0.48897 
   893.550         110.595    623.689       0.008       1.000               38.055               0.000               0.000          -34.830            16677.209              0.48897 
   894.550         110.579    624.030       0.008       1.000               38.143               0.000               0.000          -34.906            16715.352              0.48897 
   895.550         110.564    624.371       0.008       1.000               38.231               0.000               0.000          -34.983            16753.583              0.48897 
   896.550         110.548    624.714       0.008       1.000               38.320               0.000               0.000          -35.059            16791.903              0.48897 
   897.550         110.532    625.057       0.008       1.000               38.409               0.000               0.000          -35.136            16830.312              0.48897 
   898.550         110.516    625.402       0.008       1.000               38.498               0.000               0.000          -35.213            16868.810              0.48897 
   899.550         110.500    625.748       0.008       1.000               38.588               0.000               0.000          -35.291            16907.398              0.48897 
   900.550         110.484    626.095       0.008       1.000               38.678               0.000               0.000          -35.369            16946.076              0.48897 
   901.550         110.468    626.442       0.008       1.000               38.770               0.000               0.000          -35.448            16984.846              0.48897 
   902.550         110.452    626.792       0.008       1.000               38.861               0.000               0.000          -35.527            17023.707              0.48897 
   903.550         110.436    627.142       0.008       1.000               38.953               0.000               0.000          -35.606            17062.659              0.48897 
   904.550         110.420    627.493       0.008       1.000               39.045               0.000               0.000          -35.686            17101.704              0.48897 
   905.550         110.404    627.845       0.008       1.000               39.138               0.000               0.000          -35.766            17140.842              0.48897 
   906.550         110.387    628.199       0.008       1.000               39.231               0.000               0.000          -35.846            17180.074              0.48897 
   907.550         110.371    628.554       0.008       1.000               39.325               0.000               0.000          -35.927            17219.399              0.48897 
   908.550         110.355    628.909       0.008       1.000               39.420               0.000               0.000          -36.008            17258.819              0.48897 
   909.550         110.339    629.266       0.008       1.000               39.515               0.000               0.000          -36.090            17298.333              0.48897 
   910.550         110.322    629.625       0.008       1.000               39.610               0.000               0.000          -36.172            17337.944              0.48897 
   911.550         110.306    629.984       0.008       1.000               39.706               0.000               0.000          -36.254            17377.649              0.48897 
   912.550         110.289    630.345       0.008       1.000               39.802               0.000               0.000          -36.337            17417.452              0.48897 
   913.550         110.273    630.706       0.008       1.000               39.900               0.000               0.000          -36.420            17457.351              0.48897 
   914.550         110.256    631.070       0.008       1.000               39.997               0.000               0.000          -36.504            17497.348              0.48897 
   915.550         110.240    631.434       0.008       1.000               40.095               0.000               0.000          -36.588            17537.444              0.48897 
   916.550         110.223    631.799       0.008       1.000               40.194               0.000               0.000          -36.673            17577.637              0.48897 
   917.550         110.207    632.166       0.008       1.000               40.293               0.000               0.000          -36.758            17617.930              0.48897 
   918.550         110.190    632.534       0.008       1.000               40.393               0.000               0.000          -36.843            17658.323              0.48897 
   919.550         110.173    632.903       0.008       1.000               40.493               0.000               0.000          -36.929            17698.816              0.48897 
   920.550         110.156    633.274       0.008       1.000               40.594               0.000               0.000          -37.015            17739.410              0.48897 
   921.550         110.139    633.646       0.008       1.000               40.695               0.000               0.000          -37.102            17780.105              0.48897 
   922.550         110.123    634.019       0.008       1.000               40.797               0.000               0.000          -37.189            17820.903              0.48897 
   923.550         110.106    634.393       0.008       1.000               40.900               0.000               0.000          -37.277            17861.802              0.48897 
   924.550         110.089    634.769       0.008       1.000               41.003               0.000               0.000          -37.365            17902.805              0.48897 
   925.550         110.072    635.146       0.008       1.000               41.107               0.000               0.000          -37.454            17943.912              0.48897 
   926.550         110.055    635.525       0.008       1.000               41.211               0.000               0.000          -37.543            17985.124              0.48897 
   927.550         110.038    635.904       0.008       1.000               41.316               0.000               0.000          -37.632            18026.440              0.48897 
   928.550         110.020    636.286       0.008       1.000               41.422               0.000               0.000          -37.722            18067.862              0.48897 
   929.550         110.003    636.668       0.008       1.000               41.528               0.000               0.000          -37.813            18109.390              0.48897 
   930.550         109.986    637.052       0.008       1.000               41.635               0.000               0.000          -37.904            18151.025              0.48897 
   931.550         109.969    637.437       0.008       1.000               41.742               0.000               0.000          -37.995            18192.767              0.48897 
   932.550         109.951    637.824       0.008       1.000               41.851               0.000               0.000          -38.087            18234.617              0.48897 
   933.550         109.934    638.212       0.008       1.000               41.959               0.000               0.000          -38.180            18276.577              0.48897 
   934.550         109.916    638.602       0.008       1.000               42.068               0.000               0.000          -38.273            18318.645              0.48897 
   935.550         109.899    638.992       0.008       1.000               42.178               0.000               0.000          -38.366            18360.823              0.48897 
   936.550         109.881    639.385       0.008       1.000               42.289               0.000               0.000          -38.460            18403.112              0.48897 
   937.550         109.864    639.779       0.008       1.000               42.400               0.000               0.000          -38.555            18445.512              0.48897 
   938.550         109.846    640.174       0.008       1.000               42.512               0.000               0.000          -38.650            18488.025              0.48897 
   939.550         109.829    640.571       0.008       1.000               42.625               0.000               0.000          -38.746            18530.650              0.48897 
   940.550         109.811    640.969       0.008       1.000               42.738               0.000               0.000          -38.842            18573.387              0.48897 
   941.550         109.793    641.369       0.008       1.000               42.851               0.000               0.000          -38.938            18616.239              0.48897 
   942.550         109.775    641.770       0.008       1.000               42.965               0.000               0.000          -39.036            18659.204              0.48897 
   943.550         109.757    642.173       0.008       1.000               43.079               0.000               0.000          -39.133            18702.283              0.48897 
   944.550         109.739    642.577       0.008       1.000               43.194               0.000               0.000          -39.232            18745.478              0.48897 
   945.550         109.721    642.982       0.008       1.000               43.310               0.000               0.000          -39.330            18788.787              0.48897 
   946.550         109.703    643.389       0.008       1.000               43.426               0.000               0.000          -39.430            18832.213              0.48897 
   947.550         109.685    643.797       0.008       1.000               43.542               0.000               0.000          -39.530            18875.755              0.48897 
   948.550         109.667    644.207       0.008       1.000               43.658               0.000               0.000          -39.630            18919.413              0.48897 
   949.550         109.649    644.618       0.008       1.000               43.775               0.000               0.000          -39.731            18963.189              0.48897 
   950.550         109.631    645.030       0.008       1.000               43.893               0.000               0.000          -39.833            19007.082              0.48897 
   951.550         109.612    645.443       0.008       1.000               44.011               0.000               0.000          -39.935            19051.093              0.48897 
   952.550         109.594    645.858       0.008       1.000               44.130               0.000               0.000          -40.037            19095.223              0.48897 
   953.550         109.576    646.275       0.008       1.000               44.249               0.000               0.000          -40.140            19139.472              0.48897 
   954.550         109.557    646.692       0.008       1.000               44.368               0.000               0.000          -40.244            19183.840              0.48897 
   955.550         109.539    647.111       0.008       1.000               44.488               0.000               0.000          -40.348            19228.328              0.48897 
   956.550         109.520    647.532       0.008       1.000               44.609               0.000               0.000          -40.453            19272.937              0.48897 
   957.550         109.501    647.953       0.008       1.000               44.730               0.000               0.000          -40.558            19317.667              0.48897 
   958.550         109.483    648.376       0.008       1.000               44.851               0.000               0.000          -40.663            19362.518              0.48897 
   959.550         109.464    648.800       0.008       1.000               44.973               0.000               0.000          -40.770            19407.492              0.48897 
   960.550         109.445    649.226       0.008       1.000               45.096               0.000               0.000          -40.877            19452.588              0.48897 
   961.550         109.426    649.653       0.008       1.000               45.219               0.000               0.000          -40.984            19497.807              0.48897 
   962.550         109.408    650.081       0.008       1.000               45.343               0.000               0.000          -41.092            19543.149              0.48897 
   963.550         109.389    650.510       0.008       1.000               45.467               0.000               0.000          -41.200            19588.616              0.48897 
   964.550         109.370    650.941       0.008       1.000               45.592               0.000               0.000          -41.309            19634.208              0.48897 
   965.550         109.351    651.373       0.008       1.000               45.717               0.000               0.000          -41.419            19679.925              0.48897 
   966.550         109.331    651.806       0.008       1.000               45.843               0.000               0.000          -41.529            19725.767              0.48897 
   967.550         109.312    652.240       0.008       1.000               45.969               0.000               0.000          -41.639            19771.736              0.48897 
   968.550         109.293    652.676       0.008       1.000               46.096               0.000               0.000          -41.750            19817.832              0.48897 
   969.550         109.274    653.113       0.008       1.000               46.223               0.000               0.000          -41.862            19864.056              0.48897 
   970.550         109.254    653.551       0.008       1.000               46.351               0.000               0.000          -41.974            19910.407              0.48897 
   971.550         109.235    653.991       0.008       1.000               46.480               0.000               0.000          -42.087            19956.888              0.48897 
   972.550         109.215    654.432       0.008       1.000               46.610               0.000               0.000          -42.200            20003.497              0.48897 
   973.550         109.196    654.874       0.008       1.000               46.740               0.000               0.000          -42.314            20050.237              0.48897 
   974.550         109.176    655.318       0.008       1.000               46.870               0.000               0.000          -42.429            20097.107              0.48897 
   975.550         109.157    655.763       0.008       1.000               47.001               0.000               0.000          -42.544            20144.108              0.48897 
   976.550         109.137    656.209       0.008       1.000               47.133               0.000               0.000          -42.660            20191.241              0.48897 
   977.550         109.117    656.656       0.008       1.000               47.265               0.000               0.000          -42.776            20238.506              0.48897 
   978.550         109.097    657.105       0.008       1.000               47.398               0.000               0.000          -42.893            20285.904              0.48897 
   979.550         109.077    657.555       0.008       1.000               47.532               0.000               0.000          -43.010            20333.436              0.48897 
   980.550         109.057    658.007       0.008       1.000               47.666               0.000               0.000          -43.128            20381.102              0.48897 
   981.550         109.037    658.460       0.008       1.000               47.801               0.000               0.000          -43.247            20428.903              0.48897 
   982.550         109.017    658.914       0.008       1.000               47.937               0.000               0.000          -43.366            20476.840              0.48897 
   983.550         108.997    659.369       0.008       1.000               48.073               0.000               0.000          -43.485            20524.913              0.48897 
   984.550         108.977    659.826       0.008       1.000               48.210               0.000               0.000          -43.606            20573.123              0.48897 
   985.550         108.957    660.284       0.008       1.000               48.347               0.000               0.000          -43.727            20621.471              0.48897 
   986.550         108.936    660.744       0.008       1.000               48.486               0.000               0.000          -43.848            20669.957              0.48897 
   987.550         108.916    661.205       0.008       1.000               48.625               0.000               0.000          -43.971            20718.581              0.48897 
   988.550         108.895    661.667       0.008       1.000               48.765               0.000               0.000          -44.093            20767.346              0.48897 
   989.550         108.875    662.131       0.008       1.000               48.905               0.000               0.000          -44.217            20816.251              0.48897 
   990.550         108.854    662.596       0.008       1.000               49.046               0.000               0.000          -44.341            20865.297              0.48897 
   991.550         108.833    663.062       0.008       1.000               49.188               0.000               0.000          -44.466            20914.486              0.48897 
   992.550         108.813    663.530       0.008       1.000               49.331               0.000               0.000          -44.591            20963.816              0.48897 
   993.550         108.792    663.999       0.008       1.000               49.474               0.000               0.000          -44.717            21013.291              0.48897 
   994.550         108.771    664.470       0.008       1.000               49.618               0.000               0.000          -44.844            21062.909              0.48897 
   995.550         108.750    664.942       0.008       1.000               49.763               0.000               0.000          -44.971            21112.672              0.48897 
   996.550         108.729    665.415       0.008       1.000               49.909               0.000               0.000          -45.099            21162.580              0.48897 
   997.550         108.708    665.890       0.008       1.000               50.055               0.000               0.000          -45.227            21212.636              0.48897 
   998.550         108.687    666.367       0.008       1.000               50.202               0.000               0.000          -45.357            21262.838              0.48897 
   999.550         108.666    666.844       0.008       1.000               50.350               0.000               0.000          -45.486            21313.188              0.48897 
  1000.550         108.644    667.324       0.008       1.000               50.499               0.000               0.000          -45.617            21363.687              0.48897 
  1001.550         108.623    667.804       0.008       1.000               50.649               0.000               0.000          -45.748            21414.336              0.48897 
  1002.550         108.602    668.286       0.008       1.000               50.799               0.000               0.000          -45.880            21465.135              0.48897 
  1003.550         108.580    668.770       0.008       1.000               50.950               0.000               0.000          -46.013            21516.085              0.48897 
  1004.550         108.559    669.255       0.008       1.000               51.102               0.000               0.000          -46.146            21567.188              0.48897 
  1005.550         108.537    669.742       0.008       1.000               51.255               0.000               0.000          -46.280            21618.443              0.48897 
  1006.550         108.515    670.230       0.008       1.000               51.409               0.000               0.000          -46.415            21669.852              0.48897 
  1007.550         108.493    670.720       0.008       1.000               51.564               0.000               0.000          -46.551            21721.415              0.48897 
  1008.550         108.472    671.211       0.008       1.000               51.719               0.000               0.000          -46.687            21773.134              0.48897 
  1009.550         108.450    671.704       0.008       1.000               51.875               0.000               0.000          -46.824            21825.010              0.48897 
  1010.550         108.428    672.198       0.008       1.000               52.033               0.000               0.000          -46.961            21877.042              0.48897 
  1011.550         108.406    672.694       0.008       1.000               52.191               0.000               0.000          -47.100            21929.233              0.48897 
  1012.550         108.383    673.192       0.008       1.000               52.350               0.000               0.000          -47.239            21981.582              0.48897 
  1013.550         108.361    673.691       0.008       1.000               52.510               0.000               0.000          -47.379            22034.092              0.48897 
  1014.550         108.339    674.192       0.008       1.000               52.670               0.000               0.000          -47.520            22086.762              0.48897 
  1015.550         108.317    674.694       0.008       1.000               52.832               0.000               0.000          -47.661            22139.594              0.48897 
  1016.550         108.294    675.199       0.008       1.000               52.995               0.000               0.000          -47.803            22192.589              0.48897 
  1017.550         108.272    675.705       0.008       1.000               53.158               0.000               0.000          -47.946            22245.748              0.48897 
  1018.550         108.249    676.212       0.008       1.000               53.323               0.000               0.000          -48.090            22299.071              0.48897 
  1019.550         108.226    676.722       0.008       1.000               53.489               0.000               0.000          -48.235            22352.559              0.48897 
  1020.550         108.204    677.233       0.008       1.000               53.655               0.000               0.000          -48.380            22406.214              0.48897 
  1021.550         108.181    677.746       0.008       1.000               53.823               0.000               0.000          -48.527            22460.037              0.48897 
  1022.550         108.158    678.261       0.008       1.000               53.991               0.000               0.000          -48.674            22514.028              0.48897 
  1023.550         108.135    678.778       0.008       1.000               54.161               0.000               0.000          -48.822            22568.188              0.48897 
  1024.550         108.112    679.296       0.008       1.000               54.331               0.000               0.000          -48.971            22622.519              0.48897 
  1025.550         108.089    679.816       0.008       1.000               54.503               0.000               0.000          -49.121            22677.022              0.48897 
  1026.550         108.066    680.338       0.008       1.000               54.675               0.000               0.000          -49.271            22731.697              0.48897 
  1027.550         108.042    680.862       0.008       1.000               54.849               0.000               0.000          -49.423            22786.546              0.48897 
  1028.550         108.019    681.388       0.008       1.000               55.023               0.000               0.000          -49.575            22841.569              0.48897 
  1029.550         107.996    681.916       0.008       1.000               55.199               0.000               0.000          -49.729            22896.768              0.48897 
  1030.550         107.972    682.445       0.008       1.000               55.376               0.000               0.000          -49.883            22952.144              0.48897 
  1031.550         107.948    682.976       0.008       1.000               55.554               0.000               0.000          -50.038            23007.698              0.48897 
  1032.550         107.925    683.510       0.008       1.000               55.733               0.000               0.000          -50.194            23063.430              0.48897 
  1033.550         107.901    684.045       0.008       1.000               55.913               0.000               0.000          -50.351            23119.343              0.48897 
  1034.550         107.877    684.582       0.008       1.000               56.094               0.000               0.000          -50.509            23175.437              0.48897 
  1035.550         107.853    685.121       0.008       1.000               56.276               0.000               0.000          -50.668            23231.713              0.48897 
  1036.550         107.829    685.663       0.008       1.000               56.460               0.000               0.000          -50.828            23288.173              0.48897 
  1037.550         107.805    686.206       0.008       1.000               56.644               0.000               0.000          -50.988            23344.817              0.48897 
  1038.550         107.781    686.751       0.008       1.000               56.830               0.000               0.000          -51.150            23401.647              0.48897 
  1039.550         107.757    687.298       0.008       1.000               57.017               0.000               0.000          -51.313            23458.663              0.48897 
  1040.550         107.732    687.847       0.008       1.000               57.205               0.000               0.000          -51.477            23515.868              0.48897 
  1041.550         107.708    688.398       0.008       1.000               57.394               0.000               0.000          -51.641            23573.262              0.48897 
  1042.550         107.683    688.951       0.008       1.000               57.585               0.000               0.000          -51.807            23630.847              0.48897 
  1043.550         107.659    689.507       0.008       1.000               57.776               0.000               0.000          -51.974            23688.623              0.48897 
  1044.550         107.634    690.064       0.008       1.000               57.969               0.000               0.000          -52.141            23746.592              0.48897 
  1045.550         107.609    690.624       0.008       1.000               58.163               0.000               0.000          -52.310            23804.755              0.48897 
  1046.550         107.584    691.185       0.008       1.000               58.359               0.000               0.000          -52.480            23863.114              0.48897 
  1047.550         107.559    691.749       0.008       1.000               58.555               0.000               0.000          -52.651            23921.669              0.48897 
  1048.550         107.534    692.315       0.008       1.000               58.753               0.000               0.000          -52.823            23980.422              0.48897 
  1049.550         107.509    692.883       0.008       1.000               58.952               0.000               0.000          -52.996            24039.375              0.48897 
  1050.550         107.484    693.453       0.008       1.000               59.153               0.000               0.000          -53.170            24098.527              0.48897 
  1051.550         107.459    694.026       0.008       1.000               59.355               0.000               0.000          -53.345            24157.882              0.48897 
  1052.550         107.433    694.601       0.008       1.000               59.558               0.000               0.000          -53.522            24217.440              0.48897 
  1053.550         107.408    695.179       0.008       1.000               59.762               0.000               0.000          -53.700            24277.202              0.48897 
  1054.550         107.382    695.759       0.008       1.000               59.968               0.000               0.000          -53.878            24337.170              0.48897 
  1055.550         107.357    696.342       0.008       1.000               60.175               0.000               0.000          -54.059            24397.345              0.48897 
  1056.550         107.331    696.928       0.008       1.000               60.384               0.000               0.000          -54.240            24457.728              0.48897 
  1057.550         107.305    697.516       0.008       1.000               60.593               0.000               0.000          -54.423            24518.321              0.48897 
  1058.550         107.279    698.107       0.008       1.000               60.805               0.000               0.000          -54.607            24579.126              0.48897 
  1059.550         107.253    698.700       0.008       1.000               61.017               0.000               0.000          -54.792            24640.143              0.48897 
  1060.550         107.227    699.296       0.008       1.000               61.231               0.000               0.000          -54.979            24701.375              0.48897 
  1061.550         107.201    699.895       0.008       1.000               61.447               0.000               0.000          -55.166            24762.822              0.48897 
  1062.550         107.174    700.497       0.008       1.000               61.664               0.000               0.000          -55.356            24824.486              0.48897 
  1063.550         107.148    701.101       0.008       1.000               61.882               0.000               0.000          -55.546            24886.368              0.48897 
  1064.550         107.122    701.708       0.008       1.000               62.102               0.000               0.000          -55.738            24948.470              0.48897 
  1065.550         107.095    702.317       0.008       1.000               62.324               0.000               0.000          -55.931            25010.794              0.48897 
  1066.550         107.068    702.930       0.008       1.000               62.547               0.000               0.000          -56.126            25073.340              0.48897 
  1067.550         107.041    703.545       0.008       1.000               62.771               0.000               0.000          -56.322            25136.111              0.48897 
  1068.550         107.015    704.163       0.008       1.000               62.997               0.000               0.000          -56.519            25199.108              0.48897 
  1069.550         106.988    704.783       0.008       1.000               63.224               0.000               0.000          -56.718            25262.332              0.48897 
  1070.550         106.961    705.407       0.008       1.000               63.453               0.000               0.000          -56.918            25325.786              0.48897 
  1071.550         106.933    706.033       0.008       1.000               63.684               0.000               0.000          -57.120            25389.470              0.48897 
  1072.550         106.906    706.662       0.008       1.000               63.916               0.000               0.000          -57.323            25453.386              0.48897 
  1073.550         106.879    707.294       0.008       1.000               64.150               0.000               0.000          -57.528            25517.535              0.48897 
  1074.550         106.851    707.928       0.008       1.000               64.385               0.000               0.000          -57.734            25581.921              0.48897 
  1075.550         106.824    708.566       0.008       1.000               64.622               0.000               0.000          -57.941            25646.543              0.48897 
  1076.550         106.796    709.206       0.008       1.000               64.861               0.000               0.000          -58.150            25711.404              0.48897 
  1077.550         106.768    709.849       0.008       1.000               65.101               0.000               0.000          -58.360            25776.505              0.48897 
  1078.550         106.740    710.495       0.008       1.000               65.343               0.000               0.000          -58.572            25841.848              0.48897 
  1079.550         106.712    711.144       0.008       1.000               65.587               0.000               0.000          -58.786            25907.435              0.48897 
  1080.550         106.684    711.796       0.008       1.000               65.832               0.000               0.000          -59.001            25973.267              0.48897 
  1081.550         106.656    712.451       0.008       1.000               66.079               0.000               0.000          -59.218            26039.346              0.48897 
  1082.550         106.628    713.109       0.008       1.000               66.328               0.000               0.000          -59.436            26105.674              0.48897 
  1083.550         106.599    713.770       0.008       1.000               66.578               0.000               0.000          -59.656            26172.252              0.48897 
  1084.550         106.571    714.437       0.008       1.000               66.831               0.000               0.000          -59.877            26239.083              0.48897 
  1085.550         106.542    715.109       0.008       1.000               67.085               0.000               0.000          -60.101            26306.168              0.48897 
  1086.550         106.514    715.788       0.008       1.000               67.341               0.000               0.000          -60.328            26373.508              0.48897 
  1087.550         106.485    716.471       0.008       1.000               67.598               0.000               0.000          -60.557            26441.107              0.48897 
  1088.550         106.456    717.161       0.008       1.000               67.858               0.000               0.000          -60.789            26508.965              0.48897 
  1089.550         106.427    717.856       0.008       1.000               68.119               0.000               0.000          -61.023            26577.084              0.48897 
  1090.550         106.398    718.557       0.008       1.000               68.382               0.000               0.000          -61.260            26645.466              0.48897 
  1091.550         106.369    719.263       0.008       1.000               68.647               0.000               0.000          -61.500            26714.113              0.48897 
  1092.550         106.339    719.975       0.008       1.000               68.914               0.000               0.000          -61.742            26783.028              0.48897 
  1093.550         106.310    720.693       0.008       1.000               69.183               0.000               0.000          -61.987            26852.211              0.48897 
  1094.550         106.280    721.416       0.008       1.000               69.454               0.000               0.000          -62.234            26921.665              0.48897 
  1095.550         106.251    722.145       0.008       1.000               69.727               0.000               0.000          -62.485            26991.391              0.48897 
  1096.550         106.221    722.880       0.008       1.000               70.001               0.000               0.000          -62.738            27061.392              0.48897 
  1097.550         106.191    723.621       0.008       1.000               70.278               0.000               0.000          -62.993            27131.670              0.48897 
  1098.550         106.161    724.367       0.008       1.000               70.556               0.000               0.000          -63.252            27202.226              0.48897 
  1099.550         106.131    725.118       0.008       1.000               70.837               0.000               0.000          -63.513            27273.063              0.48897 
  1100.550         106.101    725.876       0.008       1.000               71.119               0.000               0.000          -63.777            27344.183              0.48897 
  1101.550         106.070    726.639       0.008       1.000               71.404               0.000               0.000          -64.044            27415.587              0.48897 
  1102.550         106.040    727.407       0.008       1.000               71.691               0.000               0.000          -64.314            27487.278              0.48897 
  1103.550         106.009    728.182       0.008       1.000               71.980               0.000               0.000          -64.586            27559.257              0.48897 
  1104.550         105.979    728.962       0.008       1.000               72.270               0.000               0.000          -64.862            27631.528              0.48897 
  1105.550         105.948    729.748       0.008       1.000               72.563               0.000               0.000          -65.140            27704.091              0.48897 
  1106.550         105.917    730.539       0.008       1.000               72.859               0.000               0.000          -65.422            27776.950              0.48897 
  1107.550         105.886    731.337       0.008       1.000               73.156               0.000               0.000          -65.706            27850.105              0.48897 
  1108.550         105.855    732.140       0.008       1.000               73.455               0.000               0.000          -65.993            27923.561              0.48897 
  1109.550         105.823    732.948       0.008       1.000               73.757               0.000               0.000          -66.283            27997.318              0.48897 
  1110.550         105.792    733.763       0.008       1.000               74.061               0.000               0.000          -66.577            28071.378              0.48897 
  1111.550         105.761    734.580       0.008       1.000               74.367               0.000               0.000          -66.873            28145.745              0.48897 
  1112.550         105.729    735.398       0.008       1.000               74.675               0.000               0.000          -67.172            28220.420              0.48897 
  1113.550         105.697    736.219       0.008       1.000               74.986               0.000               0.000          -67.472            28295.406              0.48897 
  1114.550         105.665    737.043       0.008       1.000               75.299               0.000               0.000          -67.773            28370.705              0.48897 
  1115.550         105.633    737.868       0.008       1.000               75.614               0.000               0.000          -68.077            28446.318              0.48897 
  1116.550         105.601    738.696       0.008       1.000               75.931               0.000               0.000          -68.382            28522.250              0.48897 
  1117.550         105.569    739.526       0.008       1.000               76.251               0.000               0.000          -68.690            28598.501              0.48897 
  1118.550         105.537    740.359       0.008       1.000               76.573               0.000               0.000          -68.999            28675.074              0.48897 
  1119.550         105.504    741.194       0.008       1.000               76.898               0.000               0.000          -69.310            28751.972              0.48897 
  1120.550         105.472    742.032       0.008       1.000               77.225               0.000               0.000          -69.624            28829.197              0.48897 
  1121.550         105.439    742.872       0.008       1.000               77.555               0.000               0.000          -69.939            28906.752              0.48897 
  1122.550         105.406    743.716       0.008       1.000               77.887               0.000               0.000          -70.257            28984.638              0.48897 
  1123.550         105.373    744.561       0.008       1.000               78.221               0.000               0.000          -70.576            29062.860              0.48897 
  1124.550         105.340    745.410       0.008       1.000               78.558               0.000               0.000          -70.898            29141.418              0.48897 
  1125.550         105.307    746.262       0.008       1.000               78.897               0.000               0.000          -71.221            29220.315              0.48897 
  1126.550         105.274    747.116       0.008       1.000               79.239               0.000               0.000          -71.547            29299.554              0.48897 
  1127.550         105.240    747.973       0.008       1.000               79.584               0.000               0.000          -71.876            29379.139              0.48897 
  1128.550         105.207    748.834       0.008       1.000               79.931               0.000               0.000          -72.206            29459.070              0.48897 
  1129.550         105.173    749.697       0.008       1.000               80.281               0.000               0.000          -72.539            29539.351              0.48897 
  1130.550         105.139    750.563       0.008       1.000               80.634               0.000               0.000          -72.874            29619.984              0.48897 
  1131.550         105.105    751.433       0.008       1.000               80.989               0.000               0.000          -73.211            29700.973              0.48897 
  1132.550         105.071    752.306       0.008       1.000               81.346               0.000               0.000          -73.551            29782.319              0.48897 
  1133.550         105.037    753.181       0.008       1.000               81.707               0.000               0.000          -73.894            29864.026              0.48897 
  1134.550         105.002    754.060       0.008       1.000               82.070               0.000               0.000          -74.238            29946.096              0.48897 
  1135.550         104.968    754.941       0.008       1.000               82.436               0.000               0.000          -74.585            30028.533              0.48897 
  1136.550         104.933    755.825       0.008       1.000               82.805               0.000               0.000          -74.935            30111.337              0.48897 
  1137.550         104.898    756.710       0.008       1.000               83.176               0.000               0.000          -75.286            30194.514              0.48897 
  1138.550         104.864    757.598       0.008       1.000               83.551               0.000               0.000          -75.639            30278.065              0.48897 
  1139.550         104.828    758.488       0.008       1.000               83.928               0.000               0.000          -75.995            30361.993              0.48897 
  1140.550         104.793    759.381       0.008       1.000               84.308               0.000               0.000          -76.353            30446.301              0.48897 
  1141.550         104.758    760.277       0.008       1.000               84.691               0.000               0.000          -76.713            30530.993              0.48897 
  1142.550         104.723    761.175       0.008       1.000               85.077               0.000               0.000          -77.075            30616.070              0.48897 
  1143.550         104.687    762.075       0.008       1.000               85.466               0.000               0.000          -77.440            30701.537              0.48897 
  1144.550         104.651    762.979       0.008       1.000               85.858               0.000               0.000          -77.807            30787.395              0.48897 
  1145.550         104.615    763.885       0.008       1.000               86.253               0.000               0.000          -78.177            30873.648              0.48897 
  1146.550         104.579    764.795       0.008       1.000               86.651               0.000               0.000          -78.549            30960.300              0.48897 
  1147.550         104.543    765.707       0.008       1.000               87.053               0.000               0.000          -78.924            31047.352              0.48897 
  1148.550         104.507    766.622       0.008       1.000               87.457               0.000               0.000          -79.301            31134.809              0.48897 
  1149.550         104.471    767.540       0.008       1.000               87.864               0.000               0.000          -79.681            31222.673              0.48897 
  1150.550         104.434    768.462       0.008       1.000               88.275               0.000               0.000          -80.063            31310.948              0.48897 
  1151.550         104.397    769.387       0.008       1.000               88.688               0.000               0.000          -80.449            31399.636              0.48897 
  1152.550         104.360    770.315       0.008       1.000               89.105               0.000               0.000          -80.837            31488.741              0.48897 
  1153.550         104.323    771.246       0.008       1.000               89.525               0.000               0.000          -81.227            31578.266              0.48897 
  1154.550         104.286    772.180       0.008       1.000               89.949               0.000               0.000          -81.621            31668.215              0.48897 
  1155.550         104.249    773.118       0.008       1.000               90.375               0.000               0.000          -82.017            31758.590              0.48897 
  1156.550         104.212    774.060       0.008       1.000               90.806               0.000               0.000          -82.416            31849.396              0.48897 
  1157.550         104.174    775.004       0.008       1.000               91.239               0.000               0.000          -82.819            31940.635              0.48897 
  1158.550         104.136    775.952       0.008       1.000               91.676               0.000               0.000          -83.224            32032.311              0.48897 
  1159.550         104.098    776.903       0.008       1.000               92.116               0.000               0.000          -83.631            32124.427              0.48897 
  1160.550         104.060    777.858       0.008       1.000               92.560               0.000               0.000          -84.042            32216.987              0.48897 
  1161.550         104.022    778.816       0.008       1.000               93.007               0.000               0.000          -84.456            32309.994              0.48897 
  1162.550         103.984    779.777       0.008       1.000               93.458               0.000               0.000          -84.873            32403.452              0.48897 
  1163.550         103.945    780.742       0.008       1.000               93.912               0.000               0.000          -85.293            32497.364              0.48897 
  1164.550         103.907    781.711       0.008       1.000               94.370               0.000               0.000          -85.716            32591.734              0.48897 
  1165.550         103.868    782.683       0.008       1.000               94.832               0.000               0.000          -86.142            32686.566              0.48897 
  1166.550         103.829    783.658       0.008       1.000               95.297               0.000               0.000          -86.571            32781.863              0.48897 
  1167.550         103.790    784.638       0.008       1.000               95.766               0.000               0.000          -87.003            32877.628              0.48897 
  1168.550         103.751    785.621       0.008       1.000               96.239               0.000               0.000          -87.439            32973.867              0.48897 
  1169.550         103.711    786.608       0.008       1.000               96.715               0.000               0.000          -87.878            33070.582              0.48897 
  1170.550         103.672    787.599       0.008       1.000               97.195               0.000               0.000          -88.321            33167.777              0.48897 
  1171.550         103.632    788.594       0.008       1.000               97.679               0.000               0.000          -88.767            33265.457              0.48897 
  1172.550         103.592    789.593       0.008       1.000               98.167               0.000               0.000          -89.216            33363.624              0.48897 
  1173.550         103.552    790.595       0.008       1.000               98.659               0.000               0.000          -89.669            33462.284              0.48897 
  1174.550         103.512    791.602       0.008       1.000               99.155               0.000               0.000          -90.125            33561.439              0.48897 
  1175.550         103.472    792.613       0.008       1.000               99.655               0.000               0.000          -90.585            33661.094              0.48897 
  1176.550         103.431    793.628       0.008       1.000              100.159               0.000               0.000          -91.049            33761.254              0.48897 
  1177.550         103.390    794.647       0.008       1.000              100.667               0.000               0.000          -91.516            33861.921              0.48897 
  1178.550         103.349    795.670       0.008       1.000              101.179               0.000               0.000          -91.987            33963.100              0.48897 
  1179.550         103.308    796.698       0.008       1.000              101.696               0.000               0.000          -92.462            34064.796              0.48897 
  1180.550         103.267    797.730       0.008       1.000              102.216               0.000               0.000          -92.940            34167.013              0.48897 
  1181.550         103.226    798.766       0.008       1.000              102.741               0.000               0.000          -93.423            34269.754              0.48897 
  1182.550         103.184    799.806       0.008       1.000              103.270               0.000               0.000          -93.909            34373.024              0.48897 
  1183.550         103.143    800.851       0.008       1.000              103.804               0.000               0.000          -94.399            34476.828              0.48897 
  1184.550         103.101    801.900       0.008       1.000              104.342               0.000               0.000          -94.893            34581.170              0.48897 
  1185.550         103.059    802.954       0.008       1.000              104.884               0.000               0.000          -95.392            34686.054              0.48897 
  1186.550         103.017    804.012       0.008       1.000              105.431               0.000               0.000          -95.894            34791.484              0.48897 
  1187.550         102.974    805.074       0.008       1.000              105.982               0.000               0.000          -96.400            34897.466              0.48897 
  1188.550         102.932    806.141       0.008       1.000              106.538               0.000               0.000          -96.911            35004.004              0.48897 
  1189.550         102.889    807.213       0.008       1.000              107.098               0.000               0.000          -97.426            35111.103              0.48897 
  1190.550         102.846    808.290       0.008       1.000              107.664               0.000               0.000          -97.945            35218.766              0.48897 
  1191.550         102.803    809.371       0.008       1.000              108.233               0.000               0.000          -98.469            35327.000              0.48897 
  1192.550         102.760    810.456       0.008       1.000              108.808               0.000               0.000          -98.996            35435.808              0.48897 
  1193.550         102.717    811.547       0.008       1.000              109.388               0.000               0.000          -99.529            35545.195              0.48897 
  1194.550         102.673    812.642       0.008       1.000              109.972               0.000               0.000         -100.065            35655.167              0.48897 
  1195.550         102.629    813.742       0.008       1.000              110.561               0.000               0.000         -100.607            35765.729              0.48897 
  1196.550         102.585    814.847       0.008       1.000              111.155               0.000               0.000         -101.153            35876.884              0.48897 
  1197.550         102.541    815.957       0.008       1.000              111.755               0.000               0.000         -101.703            35988.639              0.48897 
  1198.550         102.497    817.072       0.008       1.000              112.359               0.000               0.000         -102.258            36100.998              0.48897 
  1199.550         102.453    818.191       0.008       1.000              112.969               0.000               0.000         -102.818            36213.966              0.48897 
  1200.550         102.408    819.316       0.008       1.000              113.583               0.000               0.000         -103.383            36327.550              0.48897 
  1201.550         102.363    820.445       0.008       1.000              114.203               0.000               0.000         -103.953            36441.753              0.48897 
  1202.550         102.318    821.580       0.008       1.000              114.829               0.000               0.000         -104.527            36556.582              0.48897 
  1203.550         102.273    822.720       0.008       1.000              115.459               0.000               0.000         -105.106            36672.041              0.48897 
  1204.550         102.227    823.864       0.008       1.000              116.095               0.000               0.000         -105.691            36788.137              0.48897 
  1205.550         102.182    825.014       0.008       1.000              116.737               0.000               0.000         -106.280            36904.874              0.48897 
  1206.550         102.136    826.169       0.008       1.000              117.384               0.000               0.000         -106.875            37022.258              0.48897 
  1207.550         102.090    827.330       0.008       1.000              118.037               0.000               0.000         -107.475            37140.295              0.48897 
  1208.550         102.044    828.495       0.008       1.000              118.695               0.000               0.000         -108.080            37258.990              0.48897 
  1209.550         101.998    829.666       0.008       1.000              119.360               0.000               0.000         -108.690            37378.350              0.48897 
  1210.550         101.951    830.842       0.008       1.000              120.030               0.000               0.000         -109.306            37498.380              0.48897 
  1211.550         101.904    832.024       0.008       1.000              120.706               0.000               0.000         -109.927            37619.085              0.48897 
  1212.550         101.858    833.211       0.008       1.000              121.387               0.000               0.000         -110.554            37740.473              0.48897 
  1213.550         101.810    834.403       0.008       1.000              122.075               0.000               0.000         -111.186            37862.548              0.48897 
  1214.550         101.763    835.599       0.008       1.000              122.769               0.000               0.000         -111.824            37985.317              0.48897 
  1215.550         101.716    836.798       0.008       1.000              123.469               0.000               0.000         -112.466            38108.786              0.48897 
  1216.550         101.668    838.001       0.008       1.000              124.176               0.000               0.000         -113.113            38232.962              0.48897 
  1217.550         101.620    839.208       0.008       1.000              124.888               0.000               0.000         -113.765            38357.850              0.48897 
  1218.550         101.572    840.419       0.008       1.000              125.607               0.000               0.000         -114.421            38483.458              0.48897 
  1219.550         101.524    841.634       0.008       1.000              126.333               0.000               0.000         -115.083            38609.791              0.48897 
  1220.550         101.475    842.853       0.008       1.000              127.065               0.000               0.000         -115.750            38736.855              0.48897 
  1221.550         101.426    844.076       0.008       1.000              127.803               0.000               0.000         -116.422            38864.659              0.48897 
  1222.550         101.377    845.304       0.008       1.000              128.549               0.000               0.000         -117.100            38993.207              0.48897 
  1223.550         101.328    846.537       0.008       1.000              129.301               0.000               0.000         -117.783            39122.508              0.48897 
  1224.550         101.279    847.774       0.008       1.000              130.059               0.000               0.000         -118.471            39252.568              0.48897 
  1225.550         101.230    849.017       0.008       1.000              130.832               0.000               0.000         -119.165            39383.400              0.48897 
  1226.550         101.180    850.000       0.008       1.000              131.625               0.000               0.000         -119.866            39515.025              0.48897 
  1227.550         101.130    850.000       0.008       1.000              132.440               0.000               0.000         -120.422            39647.466              0.48897 
  1228.550         101.080    850.000       0.008       1.000              133.281               0.000               0.000         -120.422            39780.747              0.48897 
  1229.550         101.029    850.000       0.008       1.000              134.144               0.000               0.000         -120.422            39914.891              0.48897 
  1230.550         100.979    850.000       0.008       1.000              135.030               0.000               0.000         -120.422            40049.921              0.48897 
  1231.550         100.928    850.000       0.008       1.000              135.938               0.000               0.000         -120.422            40185.859              0.48897 
  1232.550         100.877    850.000       0.008       1.000              136.870               0.000               0.000         -120.422            40322.729              0.48897 
  1233.550         100.826    850.000       0.008       1.000              137.827               0.000               0.000         -120.422            40460.556              0.48897 
  1234.550         100.774    850.000       0.008       1.000              138.808               0.000               0.000         -120.422            40599.364              0.48897 
  1235.550         100.722    850.000       0.008       1.000              139.815               0.000               0.000         -120.422            40739.180              0.48897 
  1236.550         100.671    850.000       0.008       1.000              140.848               0.000               0.000         -120.422            40880.028              0.48897 
  1237.550         100.618    850.000       0.008       1.000              141.908               0.000               0.000         -120.422            41021.935              0.48897 
  1238.550         100.566    850.000       0.008       1.000              142.995               0.000               0.000         -120.422            41164.931              0.48897 
  1239.550         100.513    850.000       0.008       1.000              144.110               0.000               0.000         -120.422            41309.041              0.48897 
  1240.550         100.461    850.000       0.008       1.000              145.254               0.000               0.000         -120.422            41454.295              0.48897 
  1241.550         100.408    850.000       0.008       1.000              146.428               0.000               0.000         -120.422            41600.723              0.48897 
  1242.550         100.354    850.000       0.008       1.000              147.632               0.000               0.000         -120.422            41748.355              0.48897 
  1243.550         100.301    850.000       0.007       1.000              148.866               0.000               0.000         -120.422            41897.221              0.48897 
  1244.550         100.247    850.000       0.007       1.000              150.133               0.000               0.000         -120.422            42047.354              0.48897 
  1245.550         100.193    850.000       0.007       1.000              151.432               0.000               0.000         -120.422            42198.786              0.48897 
  1246.550         100.139    850.000       0.007       1.000              152.764               0.000               0.000         -120.422            42351.550              0.48897 
  1247.550         100.085    850.000       0.007       1.000              154.130               0.000               0.000         -120.422            42505.681              0.48897 
  1248.550         100.030    850.000       0.007       1.000              155.532               0.000               0.000         -120.422            42661.212              0.48897 
  1249.550          99.975    850.000       0.007       1.000              156.968               0.000               0.000         -120.422            42818.181              0.48897 
  1250.550          99.920    850.000       0.007       1.000              158.442               0.000               0.000         -120.422            42976.623              0.48897 
  1251.550          99.865    850.000       0.007       1.000              159.953               0.000               0.000         -120.422            43136.576              0.48897 
  1252.550          99.809    850.000       0.007       1.000              161.502               0.000               0.000         -120.422            43298.078              0.48897 
  1253.550          99.753    850.000       0.007       1.000              163.091               0.000               0.000         -120.422            43461.168              0.48897 
  1254.550          99.697    850.000       0.006       1.000              164.719               0.000               0.000         -120.422            43625.888              0.48897 
  1255.550          99.641    850.000       0.006       1.000              166.390               0.000               0.000         -120.422            43792.277              0.48897 
  1256.550          99.584    850.000       0.006       1.000              168.101               0.000               0.000         -120.422            43960.378              0.48897 
  1257.550          99.527    850.000       0.006       1.000              169.857               0.000               0.000         -120.422            44130.235              0.48897 
  1258.550          99.470    850.000       0.006       1.000              171.656               0.000               0.000         -120.422            44301.891              0.48897 
  1259.550          99.413    850.000       0.006       1.000              173.500               0.000               0.000         -120.422            44475.391              0.48897 
  1260.550          99.355    850.000       0.006       1.000              175.391               0.000               0.000         -120.422            44650.781              0.48897 
  1261.550          99.297    850.000       0.006       1.000              177.328               0.000               0.000         -120.422            44828.109              0.48897 
  1262.550          99.239    850.000       0.005       1.000              179.314               0.000               0.000         -120.422            45007.424              0.48897 
  1263.550          99.181    850.000       0.005       1.000              181.350               0.000               0.000         -120.422            45188.773              0.48897 
  1264.550          99.122    850.000       0.005       1.000              183.436               0.000               0.000         -120.422            45372.209              0.48897 
  1265.550          99.063    850.000       0.005       1.000              185.574               0.000               0.000         -120.422            45557.782              0.48897 
  1266.550          99.004    850.000       0.005       1.000              187.764               0.000               0.000         -120.422            45745.546              0.48897 
  1267.550          98.944    850.000       0.005       1.000              190.009               0.000               0.000         -120.422            45935.555              0.48897 
  1268.550          98.885    850.000       0.004       1.000              192.308               0.000               0.000         -120.422            46127.863              0.48897 
  1269.550          98.825    850.000       0.004       1.000              194.665               0.000               0.000         -120.422            46322.528              0.48897 
  1270.550          98.764    850.000       0.004       1.000              197.079               0.000               0.000         -120.422            46519.607              0.48897 
  1271.550          98.704    850.000       0.004       1.000              199.552               0.000               0.000         -120.422            46719.159              0.48897 
  1272.550          98.643    850.000       0.004       1.000              202.085               0.000               0.000         -120.422            46921.244              0.48897 
  1273.550          98.582    850.000       0.003       1.000              204.680               0.000               0.000         -120.422            47125.924              0.48897 
  1274.550          98.521    850.000       0.003       1.000              207.338               0.000               0.000         -120.422            47333.262              0.48897 
  1275.550          98.459    850.000       0.003       1.000              210.060               0.000               0.000         -120.422            47543.321              0.48897 
  1276.550          98.397    850.000       0.003       0.922              212.847               0.000               0.000         -120.422            47756.169              0.48897 
  1277.550          98.335    850.000       0.003       0.840              215.702               0.000               0.000         -120.422            47971.871              0.48897 
  1278.550          98.272    850.000       0.002       0.756              218.625               0.000               0.000         -120.422            48190.496              0.48897 
  1279.550          98.210    850.000       0.002       0.670              221.618               0.000               0.000         -120.422            48412.113              0.48897 
  1280.550          98.147    850.000       0.002       0.582              224.682               0.000               0.000         -120.422            48636.795              0.48897 
  1281.550          98.083    850.000       0.002       0.493              227.819               0.000               0.000         -120.422            48864.614              0.48897 
  1282.550          98.020    850.000       0.001       0.401              231.030               0.000               0.000         -120.422            49095.644              0.48897 
