#_______________________________________________________________________________
#    ######   ####     ##             #####   #####     ##    #    #    ## 
#    #       #        #  #            #    #  #    #   #  #   ##  ##   #  #
#    #####    ####   ######           #    #  #####   ######  # ## #  ######
#    #            #  #    #           #    #  #    #  #    #  #    #  #    #
#____######__#####___#____#___________#####___#____#__#____#__#____#__#____#____
#
#              ESA Debris Risk Assessment and Mitigation Analysis
#
#                      ---- DRAMA ( SESAM 2.3.0 ) ----
#                                      ESA 2018
#
#                              aerothermal history file
#-------------------------------------------------------------------------------
# Filename      : PySara.EPS.c6f93ddd-13e8-4599-b4e2-9b50c6ce708d_AeroThermalHistory.txt
# RunID         : PySara
# ObjectID      : c6f93ddd-13e8-4599-b4e2-9b50c6ce708d
# ObjectName    : EPS
# ReferenceArea : 0.0081 [m^2]
# Content       : This file contains the aerothermal data of the object,
#                 computed by the DRAMA 3 Re-entry Analysis.
# Documentation : DRAMA Software User Manual, section OPERATIONS MANUAL / Normal operation / SARA / SARA Simulation Output / Re-entry simulation output
# Note          : The convective heat and the integrated heat values in this file take into account the visibility factor
#
#------------------------------------------------------------------------------------------------------------------------------------------------------------------------------------
# Time [s]   Altitude [km]   Temp [K]   Mass [kg]  Thick [mm]  Convective Heat [W]  Radiative Heat [W]  Oxidation Heat [W]  Rad Cooling [W]  Integrated Heat [J] VisibilityFactor [-]
#------------------------------------------------------------------------------------------------------------------------------------------------------------------------------------
  1370.750          90.959    300.000       0.050       1.250              649.721               0.000               0.000           -7.024                0.000              1.00000 
  1370.850          90.949    301.230       0.050       1.250              650.785               0.000               0.000           -7.024               65.079              1.00000 
  1371.300          90.903    306.808       0.050       1.250              655.931               0.000               0.000           -7.140              360.248              1.00000 
  1372.300          90.803    319.429       0.050       1.250              668.282               0.000               0.000           -7.684             1028.530              1.00000 
  1373.300          90.701    332.302       0.050       1.250              682.779               0.000               0.000           -9.028             1711.309              1.00000 
  1374.300          90.599    345.427       0.050       1.250              697.552               0.000               0.000          -10.574             2408.861              1.00000 
  1375.300          90.497    358.806       0.050       1.250              712.608               0.000               0.000          -12.346             3121.468              1.00000 
  1376.300          90.394    372.440       0.050       1.250              727.954               0.000               0.000          -14.373             3849.422              1.00000 
  1377.300          90.291    386.328       0.050       1.250              743.597               0.000               0.000          -16.685             4593.019              1.00000 
  1378.300          90.186    400.471       0.050       1.250              759.547               0.000               0.000          -19.317             5352.566              1.00000 
  1379.300          90.082    414.867       0.050       1.250              775.810               0.000               0.000          -22.305             6128.376              1.00000 
  1380.300          89.976    429.516       0.050       1.250              792.394               0.000               0.000          -25.689             6920.770              1.00000 
  1381.300          89.870    444.414       0.050       1.250              809.308               0.000               0.000          -29.514             7730.078              1.00000 
  1382.300          89.763    459.560       0.050       1.250              826.559               0.000               0.000          -33.827             8556.637              1.00000 
  1383.300          89.655    474.950       0.050       1.250              844.156               0.000               0.000          -38.679             9400.793              1.00000 
  1384.300          89.546    490.578       0.050       1.250              862.107               0.000               0.000          -44.126            10262.901              1.00000 
  1385.300          89.437    506.439       0.050       1.250              880.421               0.000               0.000          -50.227            11143.321              1.00000 
  1386.300          89.326    522.528       0.050       1.250              899.105               0.000               0.000          -57.045            12042.426              1.00000 
  1387.300          89.215    538.835       0.050       1.250              918.167               0.000               0.000          -64.647            12960.593              1.00000 
  1388.300          89.103    555.352       0.050       1.250              937.616               0.000               0.000          -73.102            13898.209              1.00000 
  1389.300          88.990    572.069       0.050       1.250              957.460               0.000               0.000          -82.486            14855.670              1.00000 
  1390.300          88.876    588.975       0.050       1.250              977.707               0.000               0.000          -92.876            15833.377              1.00000 
  1391.300          88.760    606.055       0.050       1.250              998.365               0.000               0.000         -104.351            16831.742              1.00000 
  1392.300          88.644    623.298       0.050       1.250             1019.440               0.000               0.000         -116.993            17851.182              1.00000 
  1393.300          88.527    640.685       0.050       1.250             1040.941               0.000               0.000         -130.885            18892.123              1.00000 
  1394.300          88.408    658.200       0.050       1.250             1062.874               0.000               0.000         -146.112            19954.996              1.00000 
  1395.300          88.288    675.825       0.050       1.250             1085.246               0.000               0.000         -162.758            21040.242              1.00000 
  1396.300          88.168    693.539       0.050       1.250             1108.064               0.000               0.000         -180.903            22148.305              1.00000 
  1397.300          88.045    711.321       0.050       1.250             1131.334               0.000               0.000         -200.629            23279.639              1.00000 
  1398.300          87.922    729.148       0.050       1.250             1155.061               0.000               0.000         -222.010            24434.700              1.00000 
  1399.300          87.797    746.996       0.050       1.250             1179.253               0.000               0.000         -245.116            25613.953              1.00000 
  1400.300          87.671    764.839       0.050       1.250             1203.913               0.000               0.000         -270.011            26817.867              1.00000 
  1401.300          87.544    782.651       0.050       1.250             1229.048               0.000               0.000         -296.748            28046.915              1.00000 
  1402.300          87.415    800.406       0.050       1.250             1254.663               0.000               0.000         -325.373            29301.578              1.00000 
  1403.300          87.285    818.076       0.050       1.250             1280.762               0.000               0.000         -355.918            30582.340              1.00000 
  1404.300          87.154    835.633       0.050       1.250             1307.351               0.000               0.000         -388.404            31889.691              1.00000 
  1405.300          87.021    853.050       0.050       1.250             1334.436               0.000               0.000         -422.836            33224.127              1.00000 
  1406.300          86.886    870.299       0.050       1.250             1362.022               0.000               0.000         -459.205            34586.149              1.00000 
  1407.300          86.750    887.353       0.050       1.250             1390.117               0.000               0.000         -497.488            35976.265              1.00000 
  1408.300          86.612    904.187       0.050       1.250             1418.727               0.000               0.000         -537.645            37394.993              1.00000 
  1409.300          86.473    920.776       0.050       1.250             1447.863               0.000               0.000         -579.619            38842.856              1.00000 
  1410.300          86.332    937.096       0.050       1.250             1477.538               0.000               0.000         -623.339            40320.394              1.00000 
  1411.300          86.189    953.127       0.050       1.250             1507.761               0.000               0.000         -668.722            41828.155              1.00000 
  1412.300          86.045    968.849       0.050       1.250             1538.558               0.000               0.000         -715.667            43366.713              1.00000 
  1413.300          85.899    984.214       0.050       1.250             1568.314               0.000               0.000         -764.069            44935.027              1.00000 
  1414.300          85.751    999.189       0.050       1.250             1597.485               0.000               0.000         -813.706            46532.512              1.00000 
  1415.300          85.601   1013.761       0.050       1.250             1627.067               0.000               0.000         -864.370            48159.579              1.00000 
  1416.300          85.449   1027.921       0.050       1.250             1657.026               0.000               0.000         -915.907            49816.605              1.00000 
  1417.300          85.296   1041.662       0.050       1.250             1687.360               0.000               0.000         -968.161            51503.965              1.00000 
  1418.300          85.141   1054.980       0.050       1.250             1718.060               0.000               0.000        -1020.977            53222.025              1.00000 
  1419.300          84.983   1067.875       0.050       1.250             1749.126               0.000               0.000        -1074.202            54971.151              1.00000 
  1420.300          84.824   1080.348       0.050       1.250             1780.542               0.000               0.000        -1127.693            56751.693              1.00000 
  1421.300          84.663   1092.404       0.050       1.250             1812.311               0.000               0.000        -1181.311            58564.004              1.00000 
  1422.300          84.499   1104.049       0.050       1.250             1844.418               0.000               0.000        -1234.930            60408.422              1.00000 
  1423.300          84.334   1115.291       0.050       1.250             1876.853               0.000               0.000        -1288.434            62285.275              1.00000 
  1424.300          84.166   1126.141       0.050       1.250             1909.611               0.000               0.000        -1341.720            64194.885              1.00000 
  1425.300          83.997   1136.611       0.050       1.250             1942.672               0.000               0.000        -1394.698            66137.557              1.00000 
  1426.300          83.825   1146.712       0.050       1.250             1976.023               0.000               0.000        -1447.291            68113.580              1.00000 
  1427.300          83.651   1156.461       0.050       1.250             2009.653               0.000               0.000        -1499.433            70123.234              1.00000 
  1428.300          83.474   1165.870       0.050       1.250             2043.543               0.000               0.000        -1551.074            72166.777              1.00000 
  1429.300          83.296   1174.954       0.050       1.250             2077.667               0.000               0.000        -1602.172            74244.444              1.00000 
  1430.300          83.115   1183.730       0.050       1.250             2112.007               0.000               0.000        -1652.697            76356.451              1.00000 
  1431.300          82.932   1192.211       0.050       1.250             2146.540               0.000               0.000        -1702.627            78502.990              1.00000 
  1432.300          82.746   1200.413       0.050       1.250             2181.237               0.000               0.000        -1751.951            80684.228              1.00000 
  1433.300          82.558   1208.350       0.050       1.250             2216.070               0.000               0.000        -1800.661            82900.298              1.00000 
  1434.300          82.368   1216.035       0.050       1.250             2251.006               0.000               0.000        -1848.757            85151.304              1.00000 
  1435.300          82.175   1223.482       0.050       1.250             2286.007               0.000               0.000        -1896.241            87437.311              1.00000 
  1436.300          81.980   1230.702       0.050       1.250             2321.035               0.000               0.000        -1943.119            89758.346              1.00000 
  1437.300          81.782   1237.708       0.050       1.250             2356.050               0.000               0.000        -1989.396            92114.396              1.00000 
  1438.300          81.582   1244.508       0.050       1.250             2391.005               0.000               0.000        -2035.079            94505.401              1.00000 
  1439.300          81.379   1251.112       0.050       1.250             2425.852               0.000               0.000        -2080.174            96931.252              1.00000 
  1440.300          81.174   1257.529       0.050       1.250             2460.538               0.000               0.000        -2124.684            99391.790              1.00000 
  1441.300          80.966   1263.765       0.050       1.250             2495.004               0.000               0.000        -2168.609           101886.795              1.00000 
  1442.300          80.755   1269.826       0.050       1.250             2529.193               0.000               0.000        -2211.946           104415.987              1.00000 
  1443.300          80.542   1275.718       0.050       1.250             2563.038               0.000               0.000        -2254.688           106979.025              1.00000 
  1444.300          80.326   1281.443       0.050       1.250             2596.471               0.000               0.000        -2296.822           109575.496              1.00000 
  1445.300          80.107   1287.004       0.050       1.250             2629.420               0.000               0.000        -2338.331           112204.916              1.00000 
  1446.300          79.886   1292.404       0.050       1.250             2661.807               0.000               0.000        -2379.189           114866.723              1.00000 
  1447.300          79.662   1297.642       0.050       1.250             2693.550               0.000               0.000        -2419.369           117560.272              1.00000 
  1448.300          79.435   1302.719       0.050       1.250             2724.560               0.000               0.000        -2458.834           120284.832              1.00000 
  1449.300          79.205   1307.634       0.050       1.250             2754.753               0.000               0.000        -2497.540           123039.585              1.00000 
  1450.300          78.973   1312.383       0.050       1.250             2784.035               0.000               0.000        -2535.440           125823.621              1.00000 
  1451.300          78.738   1316.965       0.050       1.250             2812.301               0.000               0.000        -2572.478           128635.921              1.00000 
  1452.300          78.500   1321.376       0.050       1.250             2839.456               0.000               0.000        -2608.593           131475.378              1.00000 
  1453.300          78.259   1325.611       0.050       1.250             2865.395               0.000               0.000        -2643.716           134340.773              1.00000 
  1454.300          78.015   1329.666       0.050       1.250             2890.004               0.000               0.000        -2677.775           137230.777              1.00000 
  1455.300          77.769   1333.535       0.050       1.250             2913.179               0.000               0.000        -2710.689           140143.956              1.00000 
  1456.300          77.519   1337.211       0.050       1.250             2934.795               0.000               0.000        -2742.374           143078.752              1.00000 
  1457.300          77.267   1340.689       0.050       1.250             2954.749               0.000               0.000        -2772.741           146033.500              1.00000 
  1458.300          77.012   1343.960       0.050       1.250             2972.907               0.000               0.000        -2801.696           149006.407              1.00000 
  1459.300          76.754   1347.017       0.050       1.250             2989.163               0.000               0.000        -2829.139           151995.570              1.00000 
  1460.300          76.493   1349.853       0.050       1.250             3003.389               0.000               0.000        -2854.971           154998.960              1.00000 
  1461.300          76.230   1352.459       0.050       1.250             3015.469               0.000               0.000        -2879.088           158014.428              1.00000 
  1462.300          75.963   1354.826       0.050       1.250             3025.287               0.000               0.000        -2901.383           161039.715              1.00000 
  1463.300          75.694   1356.946       0.050       1.250             3032.717               0.000               0.000        -2921.750           164072.432              1.00000 
  1464.300          75.422   1358.810       0.050       1.250             3037.655               0.000               0.000        -2940.082           167110.087              1.00000 
  1465.300          75.147   1360.410       0.050       1.250             3039.989               0.000               0.000        -2956.272           170150.076              1.00000 
  1466.300          74.870   1361.736       0.050       1.250             3039.615               0.000               0.000        -2970.216           173189.691              1.00000 
  1467.300          74.590   1362.779       0.050       1.250             3036.431               0.000               0.000        -2981.813           176226.122              1.00000 
  1468.300          74.307   1363.532       0.050       1.250             3030.351               0.000               0.000        -2990.963           179256.472              1.00000 
  1469.300          74.021   1363.985       0.050       1.250             3021.293               0.000               0.000        -2997.575           182277.766              1.00000 
  1470.300          73.733   1364.131       0.050       1.250             3009.188               0.000               0.000        -3001.562           185286.954              1.00000 
  1471.300          73.442   1363.961       0.050       1.250             2993.977               0.000               0.000        -3002.845           188280.931              1.00000 
  1472.300          73.149   1363.469       0.050       1.250             2975.613               0.000               0.000        -3001.353           191256.544              1.00000 
  1473.300          72.853   1362.649       0.050       1.250             2954.069               0.000               0.000        -2997.027           194210.613              1.00000 
  1474.300          72.554   1361.493       0.050       1.250             2929.331               0.000               0.000        -2989.817           197139.943              1.00000 
  1475.300          72.254   1359.997       0.050       1.250             2901.405               0.000               0.000        -2979.687           200041.348              1.00000 
  1476.300          71.951   1358.158       0.050       1.250             2870.319               0.000               0.000        -2966.616           202911.668              1.00000 
  1477.300          71.645   1355.957       0.050       1.250             2835.422               0.000               0.000        -2950.595           205747.090              1.00000 
  1478.300          71.338   1353.376       0.050       1.250             2796.428               0.000               0.000        -2931.520           208543.518              1.00000 
  1479.300          71.028   1350.420       0.050       1.250             2754.546               0.000               0.000        -2909.263           211298.064              1.00000 
  1480.300          70.717   1347.095       0.050       1.250             2709.875               0.000               0.000        -2883.929           214007.939              1.00000 
  1481.300          70.403   1343.406       0.050       1.250             2662.543               0.000               0.000        -2855.627           216670.482              1.00000 
  1482.300          70.088   1339.360       0.050       1.250             2612.712               0.000               0.000        -2824.474           219283.194              1.00000 
  1483.300          69.770   1334.965       0.050       1.250             2560.579               0.000               0.000        -2790.602           221843.773              1.00000 
  1484.300          69.451   1329.846       0.050       1.250             2486.219               0.000               0.000        -2754.155           224329.992              1.00000 
  1485.300          69.130   1323.873       0.050       1.250             2399.539               0.000               0.000        -2712.153           226729.531              1.00000 
  1486.300          68.808   1317.169       0.050       1.250             2312.894               0.000               0.000        -2663.755           229042.425              1.00000 
  1487.300          68.484   1309.842       0.050       1.250             2226.702               0.000               0.000        -2610.211           231269.126              1.00000 
  1488.300          68.159   1301.986       0.050       1.250             2141.404               0.000               0.000        -2552.613           233410.531              1.00000 
  1489.300          67.833   1293.685       0.050       1.250             2057.444               0.000               0.000        -2491.919           235467.975              1.00000 
  1490.300          67.505   1285.016       0.050       1.250             1975.251               0.000               0.000        -2428.974           237443.226              1.00000 
  1491.300          67.176   1276.049       0.050       1.250             1895.194               0.000               0.000        -2364.521           239338.420              1.00000 
  1492.300          66.846   1266.846       0.050       1.250             1817.540               0.000               0.000        -2299.209           241155.960              1.00000 
  1493.300          66.516   1257.462       0.050       1.250             1742.417               0.000               0.000        -2233.597           242898.377              1.00000 
  1494.300          66.184   1247.940       0.050       1.250             1669.783               0.000               0.000        -2168.146           244568.160              1.00000 
  1495.300          65.852   1238.315       0.050       1.250             1599.410               0.000               0.000        -2103.218           246167.570              1.00000 
  1496.300          65.519   1228.606       0.050       1.250             1530.915               0.000               0.000        -2039.074           247698.485              1.00000 
  1497.300          65.186   1218.823       0.050       1.250             1463.821               0.000               0.000        -1975.874           249162.306              1.00000 
  1498.300          64.852   1208.963       0.050       1.250             1397.629               0.000               0.000        -1913.688           250559.935              1.00000 
  1499.300          64.518   1199.016       0.050       1.250             1331.911               0.000               0.000        -1852.511           251891.847              1.00000 
  1500.300          64.184   1188.968       0.050       1.250             1266.379               0.000               0.000        -1792.295           253158.226              1.00000 
  1501.300          63.849   1178.803       0.050       1.250             1200.911               0.000               0.000        -1732.966           254359.138              1.00000 
  1502.300          63.515   1168.507       0.050       1.250             1135.553               0.000               0.000        -1674.457           255494.691              1.00000 
  1503.300          63.181   1158.071       0.050       1.250             1070.494               0.000               0.000        -1616.717           256565.185              1.00000 
  1504.300          62.847   1147.492       0.050       1.250             1006.014               0.000               0.000        -1559.730           257571.199              1.00000 
  1505.300          62.513   1136.772       0.050       1.250              942.442               0.000               0.000        -1503.512           258513.641              1.00000 
  1506.300          62.179   1125.920       0.050       1.250              880.122               0.000               0.000        -1448.112           259393.763              1.00000 
  1507.300          61.846   1114.949       0.050       1.250              819.374               0.000               0.000        -1393.603           260213.137              1.00000 
  1508.300          61.513   1103.875       0.050       1.250              760.483               0.000               0.000        -1340.073           260973.620              1.00000 
  1509.300          61.181   1092.719       0.050       1.250              703.689               0.000               0.000        -1287.623           261677.309              1.00000 
  1510.300          60.850   1081.500       0.050       1.250              649.181               0.000               0.000        -1236.353           262326.490              1.00000 
  1511.300          60.519   1070.242       0.050       1.250              597.098               0.000               0.000        -1186.357           262923.588              1.00000 
  1512.300          60.189   1058.966       0.050       1.250              547.539               0.000               0.000        -1137.724           263471.128              1.00000 
  1513.300          59.860   1047.694       0.050       1.250              500.560               0.000               0.000        -1090.528           263971.688              1.00000 
  1514.300          59.531   1036.447       0.050       1.250              456.184               0.000               0.000        -1044.833           264427.872              1.00000 
  1515.300          59.204   1025.246       0.050       1.250              414.403               0.000               0.000        -1000.687           264842.275              1.00000 
  1516.300          58.877   1014.112       0.050       1.250              375.392               0.000               0.000         -958.123           265217.667              1.00000 
  1517.300          58.551   1003.048       0.050       1.250              338.063               0.000               0.000         -917.178           265555.730              1.00000 
  1518.300          58.227    992.073       0.050       1.250              303.352               0.000               0.000         -877.800           265859.081              1.00000 
  1519.300          57.903    981.204       0.050       1.250              271.145               0.000               0.000         -840.007           266130.226              1.00000 
  1520.300          57.581    970.458       0.050       1.250              241.326               0.000               0.000         -803.797           266371.552              1.00000 
  1521.300          57.259    959.847       0.050       1.250              213.776               0.000               0.000         -769.157           266585.327              1.00000 
  1522.300          56.939    949.382       0.050       1.250              188.376               0.000               0.000         -736.065           266773.704              1.00000 
  1523.300          56.620    939.075       0.050       1.250              165.008               0.000               0.000         -704.488           266938.712              1.00000 
  1524.300          56.302    928.933       0.050       1.250              143.554               0.000               0.000         -674.389           267082.266              1.00000 
  1525.300          55.985    918.963       0.050       1.250              123.898               0.000               0.000         -645.724           267206.164              1.00000 
  1526.300          55.669    909.171       0.050       1.250              105.926               0.000               0.000         -618.446           267312.090              1.00000 
  1527.300          55.354    899.561       0.050       1.250               89.529               0.000               0.000         -592.504           267401.619              1.00000 
  1528.300          55.041    890.137       0.050       1.250               74.600               0.000               0.000         -567.848           267476.219              1.00000 
  1529.300          54.728    880.902       0.050       1.250               61.036               0.000               0.000         -544.424           267537.256              1.00000 
  1530.300          54.417    871.856       0.050       1.250               48.740               0.000               0.000         -522.179           267585.995              1.00000 
  1531.300          54.107    863.002       0.050       1.250               37.616               0.000               0.000         -501.059           267623.612              1.00000 
  1532.300          53.798    854.339       0.050       1.250               27.577               0.000               0.000         -481.012           267651.189              1.00000 
  1533.300          53.490    845.866       0.050       1.250               18.538               0.000               0.000         -461.987           267669.727              1.00000 
  1534.300          53.183    837.584       0.050       1.250               10.419               0.000               0.000         -443.931           267680.146              1.00000 
  1535.300          52.877    829.489       0.050       1.250                3.145               0.000               0.000         -426.797           267683.291              1.00000 
  1536.300          52.573    821.646       0.050       1.250                0.000               0.000               0.000         -410.537           267683.291              1.00000 
  1537.300          52.269    814.095       0.050       1.250                0.000               0.000               0.000         -395.228           267683.291              1.00000 
  1538.300          51.966    806.817       0.050       1.250                0.000               0.000               0.000         -380.898           267683.291              1.00000 
  1539.300          51.665    799.797       0.050       1.250                0.000               0.000               0.000         -367.460           267683.291              1.00000 
  1540.300          51.364    793.017       0.050       1.250                0.000               0.000               0.000         -354.836           267683.291              1.00000 
  1541.300          51.065    786.465       0.050       1.250                0.000               0.000               0.000         -342.957           267683.291              1.00000 
  1542.300          50.766    780.126       0.050       1.250                0.000               0.000               0.000         -331.761           267683.291              1.00000 
  1543.300          50.469    773.989       0.050       1.250                0.000               0.000               0.000         -321.195           267683.291              1.00000 
  1544.300          50.172    768.044       0.050       1.250                0.000               0.000               0.000         -311.207           267683.291              1.00000 
  1545.300          49.877    762.278       0.050       1.250                0.000               0.000               0.000         -301.754           267683.291              1.00000 
  1546.300          49.582    756.684       0.050       1.250                0.000               0.000               0.000         -292.795           267683.291              1.00000 
  1547.300          49.289    751.253       0.050       1.250                0.000               0.000               0.000         -284.294           267683.291              1.00000 
  1548.300          48.997    745.975       0.050       1.250                0.000               0.000               0.000         -276.218           267683.291              1.00000 
  1549.300          48.706    740.844       0.050       1.250                0.000               0.000               0.000         -268.538           267683.291              1.00000 
  1550.300          48.416    735.854       0.050       1.250                0.000               0.000               0.000         -261.226           267683.291              1.00000 
  1551.300          48.127    730.996       0.050       1.250                0.000               0.000               0.000         -254.258           267683.291              1.00000 
  1552.300          47.839    726.265       0.050       1.250                0.000               0.000               0.000         -247.610           267683.291              1.00000 
  1553.300          47.552    721.655       0.050       1.250                0.000               0.000               0.000         -241.262           267683.291              1.00000 
  1554.300          47.266    717.162       0.050       1.250                0.000               0.000               0.000         -235.195           267683.291              1.00000 
  1555.300          46.982    712.779       0.050       1.250                0.000               0.000               0.000         -229.392           267683.291              1.00000 
  1556.300          46.699    708.502       0.050       1.250                0.000               0.000               0.000         -223.835           267683.291              1.00000 
  1557.300          46.417    704.328       0.050       1.250                0.000               0.000               0.000         -218.512           267683.291              1.00000 
  1558.300          46.136    700.250       0.050       1.250                0.000               0.000               0.000         -213.407           267683.291              1.00000 
  1559.300          45.857    696.267       0.050       1.250                0.000               0.000               0.000         -208.508           267683.291              1.00000 
  1560.300          45.578    692.373       0.050       1.250                0.000               0.000               0.000         -203.803           267683.291              1.00000 
  1561.300          45.302    688.565       0.050       1.250                0.000               0.000               0.000         -199.282           267683.291              1.00000 
  1562.300          45.027    684.841       0.050       1.250                0.000               0.000               0.000         -194.935           267683.291              1.00000 
  1563.300          44.753    681.196       0.050       1.250                0.000               0.000               0.000         -190.751           267683.291              1.00000 
  1564.300          44.481    677.629       0.050       1.250                0.000               0.000               0.000         -186.723           267683.291              1.00000 
  1565.300          44.210    674.136       0.050       1.250                0.000               0.000               0.000         -182.842           267683.291              1.00000 
  1566.300          43.941    670.714       0.050       1.250                0.000               0.000               0.000         -179.101           267683.291              1.00000 
  1567.300          43.674    667.361       0.050       1.250                0.000               0.000               0.000         -175.492           267683.291              1.00000 
  1568.300          43.408    664.074       0.050       1.250                0.000               0.000               0.000         -172.009           267683.291              1.00000 
  1569.300          43.144    660.852       0.050       1.250                0.000               0.000               0.000         -168.646           267683.291              1.00000 
  1570.300          42.882    657.692       0.050       1.250                0.000               0.000               0.000         -165.397           267683.291              1.00000 
  1571.300          42.622    654.592       0.050       1.250                0.000               0.000               0.000         -162.256           267683.291              1.00000 
  1572.300          42.363    651.550       0.050       1.250                0.000               0.000               0.000         -159.218           267683.291              1.00000 
  1573.300          42.106    648.564       0.050       1.250                0.000               0.000               0.000         -156.279           267683.291              1.00000 
  1574.300          41.852    645.633       0.050       1.250                0.000               0.000               0.000         -153.434           267683.291              1.00000 
  1575.300          41.599    642.754       0.050       1.250                0.000               0.000               0.000         -150.679           267683.291              1.00000 
  1576.300          41.348    639.926       0.050       1.250                0.000               0.000               0.000         -148.009           267683.291              1.00000 
  1576.500          41.298    639.371       0.050       1.250                0.000               0.000               0.000         -145.421           267683.291              1.00000 
  1576.680          41.254    638.872       0.050       1.250                0.000               0.000               0.000         -144.917           267683.291              1.00000 
  1576.898          41.199    638.271       0.050       1.250                0.000               0.000               0.000         -144.466           267683.291              1.00000 
  1576.939          41.189    638.158       0.050       1.250                0.000               0.000               0.000         -143.922           267683.291              1.00000 
  1576.964          41.183    638.090       0.050       1.250                0.000               0.000               0.000         -143.821           267683.291              1.00000 
  1576.989          41.177    638.021       0.050       1.250                0.000               0.000               0.000         -143.760           267683.291              1.00000 
  1577.014          41.171    637.953       0.050       1.250                0.000               0.000               0.000         -143.698           267683.291              1.00000 
  1577.115          41.146    637.675       0.050       1.250                0.000               0.000               0.000         -143.636           267683.291              1.00000 
  1577.216          41.120    637.397       0.050       1.250                0.000               0.000               0.000         -143.386           267683.291              1.00000 
  1577.672          41.007    636.151       0.050       1.250                0.000               0.000               0.000         -143.136           267683.291              1.00000 
  1577.872          40.956    635.609       0.050       1.250                0.000               0.000               0.000         -142.020           267683.291              1.00000 
  1577.920          40.944    635.478       0.050       1.250                0.000               0.000               0.000         -141.536           267683.291              1.00000 
  1577.958          40.935    635.376       0.050       1.250                0.000               0.000               0.000         -141.420           267683.291              1.00000 
  1577.971          40.931    635.340       0.050       1.250                0.000               0.000               0.000         -141.329           267683.291              1.00000 
  1577.979          40.929    635.318       0.050       1.250                0.000               0.000               0.000         -141.297           267683.291              1.00000 
  1577.994          40.926    635.279       0.050       1.250                0.000               0.000               0.000         -141.278           267683.291              1.00000 
  1578.058          40.909    635.106       0.050       1.250                0.000               0.000               0.000         -141.243           267683.291              1.00000 
  1578.124          40.893    634.928       0.050       1.250                0.000               0.000               0.000         -141.089           267683.291              1.00000 
  1578.197          40.875    634.732       0.050       1.250                0.000               0.000               0.000         -140.931           267683.291              1.00000 
  1578.524          40.792    633.851       0.050       1.250                0.000               0.000               0.000         -140.757           267683.291              1.00000 
  1579.524          40.537    631.177       0.050       1.250                0.000               0.000               0.000         -139.977           267683.291              1.00000 
  1580.524          40.279    628.547       0.050       1.250                0.000               0.000               0.000         -137.630           267683.291              1.00000 
  1581.524          40.018    625.961       0.050       1.250                0.000               0.000               0.000         -135.351           267683.291              1.00000 
  1582.524          39.755    623.479       0.050       1.250                3.241               0.000               0.000         -133.137           267686.532              1.00000 
  1583.524          39.490    621.038       0.050       1.250                3.269               0.000               0.000         -131.038           267689.801              1.00000 
  1584.524          39.223    618.637       0.050       1.250                3.290               0.000               0.000         -128.998           267693.091              1.00000 
  1585.524          38.954    616.273       0.050       1.250                3.305               0.000               0.000         -127.014           267696.396              1.00000 
  1586.524          38.685    613.946       0.050       1.250                3.313               0.000               0.000         -125.084           267699.709              1.00000 
  1587.524          38.415    611.656       0.050       1.250                3.314               0.000               0.000         -123.206           267703.023              1.00000 
  1588.524          38.144    609.400       0.050       1.250                3.308               0.000               0.000         -121.377           267706.331              1.00000 
  1589.524          37.873    607.178       0.050       1.250                3.294               0.000               0.000         -119.597           267709.626              1.00000 
  1590.524          37.603    604.989       0.050       1.250                3.273               0.000               0.000         -117.862           267712.899              1.00000 
  1591.524          37.333    602.831       0.050       1.250                3.245               0.000               0.000         -116.171           267716.144              1.00000 
  1592.524          37.064    600.704       0.050       1.250                3.210               0.000               0.000         -114.523           267719.354              1.00000 
  1593.524          36.796    598.608       0.050       1.250                3.167               0.000               0.000         -112.915           267722.521              1.00000 
  1594.524          36.529    596.540       0.050       1.250                3.119               0.000               0.000         -111.347           267725.640              1.00000 
  1595.524          36.264    594.500       0.050       1.250                3.064               0.000               0.000         -109.816           267728.704              1.00000 
  1596.524          36.001    592.488       0.050       1.250                3.004               0.000               0.000         -108.322           267731.707              1.00000 
  1597.524          35.740    590.502       0.050       1.250                2.938               0.000               0.000         -106.863           267734.646              1.00000 
  1598.524          35.481    588.543       0.050       1.250                2.869               0.000               0.000         -105.438           267737.514              1.00000 
  1599.524          35.225    586.608       0.050       1.250                2.795               0.000               0.000         -104.045           267740.309              1.00000 
  1600.524          34.972    584.698       0.050       1.250                2.718               0.000               0.000         -102.684           267743.028              1.00000 
  1601.524          34.721    582.812       0.050       1.250                2.639               0.000               0.000         -101.353           267745.667              1.00000 
  1602.524          34.474    580.950       0.050       1.250                2.558               0.000               0.000         -100.052           267748.225              1.00000 
  1603.524          34.229    579.110       0.050       1.250                2.475               0.000               0.000          -98.779           267750.701              1.00000 
  1604.524          33.988    577.292       0.050       1.250                2.392               0.000               0.000          -97.533           267753.093              1.00000 
  1605.524          33.750    575.496       0.050       1.250                2.308               0.000               0.000          -96.314           267755.401              1.00000 
  1606.524          33.516    573.721       0.050       1.250                2.225               0.000               0.000          -95.121           267757.626              1.00000 
  1607.524          33.285    571.967       0.050       1.250                2.142               0.000               0.000          -93.953           267759.769              1.00000 
  1608.524          33.057    570.233       0.050       1.250                2.061               0.000               0.000          -92.810           267761.829              1.00000 
  1609.524          32.834    568.519       0.050       1.250                1.981               0.000               0.000          -91.689           267763.810              1.00000 
  1610.524          32.613    566.825       0.050       1.250                1.902               0.000               0.000          -90.592           267765.712              1.00000 
  1611.524          32.396    565.149       0.050       1.250                1.826               0.000               0.000          -89.517           267767.537              1.00000 
  1612.524          32.183    563.493       0.050       1.250                1.751               0.000               0.000          -88.463           267769.289              1.00000 
  1613.524          31.974    561.854       0.050       1.250                1.678               0.000               0.000          -87.430           267770.967              1.00000 
  1614.524          31.768    560.234       0.050       1.250                1.608               0.000               0.000          -86.418           267772.575              1.00000 
  1615.524          31.565    558.631       0.050       1.250                1.541               0.000               0.000          -85.425           267774.117              1.00000 
  1616.524          31.366    557.046       0.050       1.250                1.477               0.000               0.000          -84.452           267775.594              1.00000 
  1617.524          31.170    555.478       0.050       1.250                1.416               0.000               0.000          -83.497           267777.010              1.00000 
  1618.524          30.977    553.926       0.050       1.250                1.358               0.000               0.000          -82.561           267778.368              1.00000 
  1619.524          30.787    552.391       0.050       1.250                1.303               0.000               0.000          -81.643           267779.671              1.00000 
  1620.524          30.601    550.872       0.050       1.250                1.250               0.000               0.000          -80.741           267780.921              1.00000 
  1621.524          30.418    549.370       0.050       1.250                1.200               0.000               0.000          -79.857           267782.121              1.00000 
  1622.524          30.237    547.882       0.050       1.250                1.153               0.000               0.000          -78.989           267783.274              1.00000 
  1623.524          30.060    546.411       0.050       1.250                1.108               0.000               0.000          -78.137           267784.382              1.00000 
  1624.524          29.885    544.954       0.050       1.250                1.065               0.000               0.000          -77.301           267785.447              1.00000 
  1625.524          29.713    543.513       0.050       1.250                1.025               0.000               0.000          -76.480           267786.471              1.00000 
  1626.524          29.544    542.086       0.050       1.250                0.986               0.000               0.000          -75.674           267787.457              1.00000 
  1627.524          29.378    540.673       0.050       1.250                0.950               0.000               0.000          -74.883           267788.407              1.00000 
  1628.524          29.213    539.275       0.050       1.250                0.915               0.000               0.000          -74.105           267789.322              1.00000 
  1629.524          29.052    537.890       0.050       1.250                0.882               0.000               0.000          -73.341           267790.205              1.00000 
  1630.524          28.893    536.520       0.050       1.250                0.851               0.000               0.000          -72.591           267791.056              1.00000 
  1631.524          28.736    535.163       0.050       1.250                0.822               0.000               0.000          -71.854           267791.878              1.00000 
  1632.524          28.581    533.819       0.050       1.250                0.794               0.000               0.000          -71.130           267792.672              1.00000 
  1633.524          28.429    532.488       0.050       1.250                0.767               0.000               0.000          -70.418           267793.439              1.00000 
  1634.524          28.279    531.170       0.050       1.250                0.742               0.000               0.000          -69.719           267794.181              1.00000 
  1635.524          28.131    529.865       0.050       1.250                0.718               0.000               0.000          -69.031           267794.899              1.00000 
  1636.524          27.985    528.572       0.050       1.250                0.695               0.000               0.000          -68.355           267795.594              1.00000 
  1637.524          27.840    527.292       0.050       1.250                0.673               0.000               0.000          -67.690           267796.267              1.00000 
  1638.524          27.698    526.023       0.050       1.250                0.653               0.000               0.000          -67.037           267796.920              1.00000 
  1639.524          27.558    524.767       0.050       1.250                0.633               0.000               0.000          -66.394           267797.553              1.00000 
  1640.524          27.419    523.522       0.050       1.250                0.614               0.000               0.000          -65.762           267798.167              1.00000 
  1641.524          27.282    522.289       0.050       1.250                0.596               0.000               0.000          -65.140           267798.763              1.00000 
  1642.524          27.147    521.067       0.050       1.250                0.579               0.000               0.000          -64.529           267799.343              1.00000 
  1643.524          27.014    519.857       0.050       1.250                0.563               0.000               0.000          -63.927           267799.905              1.00000 
  1644.524          26.882    518.657       0.050       1.250                0.547               0.000               0.000          -63.335           267800.453              1.00000 
  1645.524          26.752    517.468       0.050       1.250                0.532               0.000               0.000          -62.752           267800.985              1.00000 
  1646.524          26.623    516.290       0.050       1.250                0.518               0.000               0.000          -62.179           267801.503              1.00000 
  1647.524          26.496    515.123       0.050       1.250                0.504               0.000               0.000          -61.615           267802.007              1.00000 
  1648.524          26.370    513.966       0.050       1.250                0.491               0.000               0.000          -61.059           267802.498              1.00000 
  1649.524          26.246    512.819       0.050       1.250                0.479               0.000               0.000          -60.512           267802.976              1.00000 
  1650.524          26.123    511.682       0.050       1.250                0.466               0.000               0.000          -59.974           267803.443              1.00000 
  1651.524          26.001    510.555       0.050       1.250                0.455               0.000               0.000          -59.444           267803.898              1.00000 
  1652.524          25.881    509.437       0.050       1.250                0.444               0.000               0.000          -58.922           267804.341              1.00000 
  1653.524          25.762    508.330       0.050       1.250                0.433               0.000               0.000          -58.408           267804.774              1.00000 
  1654.524          25.644    507.231       0.050       1.250                0.423               0.000               0.000          -57.902           267805.197              1.00000 
  1655.524          25.527    506.143       0.050       1.250                0.413               0.000               0.000          -57.403           267805.610              1.00000 
  1656.524          25.412    505.063       0.050       1.250                0.403               0.000               0.000          -56.912           267806.013              1.00000 
  1657.524          25.298    503.992       0.050       1.250                0.394               0.000               0.000          -56.428           267806.407              1.00000 
  1658.524          25.185    502.931       0.050       1.250                0.385               0.000               0.000          -55.951           267806.792              1.00000 
  1659.524          25.073    501.878       0.050       1.250                0.377               0.000               0.000          -55.481           267807.169              1.00000 
  1660.524          24.962    500.834       0.050       1.250                0.368               0.000               0.000          -55.018           267807.537              1.00000 
  1661.524          24.853    499.798       0.050       1.250                0.360               0.000               0.000          -54.561           267807.898              1.00000 
  1662.524          24.744    498.771       0.050       1.250                0.353               0.000               0.000          -54.111           267808.250              1.00000 
  1663.524          24.636    497.752       0.050       1.250                0.345               0.000               0.000          -53.668           267808.595              1.00000 
  1664.524          24.530    496.742       0.050       1.250                0.338               0.000               0.000          -53.231           267808.933              1.00000 
  1665.524          24.424    495.739       0.050       1.250                0.331               0.000               0.000          -52.800           267809.264              1.00000 
  1666.524          24.319    494.745       0.050       1.250                0.324               0.000               0.000          -52.375           267809.589              1.00000 
  1667.524          24.216    493.758       0.050       1.250                0.318               0.000               0.000          -51.956           267809.907              1.00000 
  1668.524          24.113    492.779       0.050       1.250                0.311               0.000               0.000          -51.543           267810.218              1.00000 
  1669.524          24.011    491.808       0.050       1.250                0.305               0.000               0.000          -51.135           267810.523              1.00000 
  1670.524          23.910    490.845       0.050       1.250                0.299               0.000               0.000          -50.733           267810.823              1.00000 
  1671.524          23.810    489.889       0.050       1.250                0.294               0.000               0.000          -50.337           267811.116              1.00000 
  1672.524          23.710    488.940       0.050       1.250                0.288               0.000               0.000          -49.946           267811.404              1.00000 
  1673.524          23.612    487.998       0.050       1.250                0.283               0.000               0.000          -49.560           267811.687              1.00000 
  1674.524          23.514    487.064       0.050       1.250                0.277               0.000               0.000          -49.179           267811.964              1.00000 
  1675.524          23.418    486.137       0.050       1.250                0.272               0.000               0.000          -48.804           267812.236              1.00000 
  1676.524          23.322    485.217       0.050       1.250                0.267               0.000               0.000          -48.433           267812.504              1.00000 
  1677.524          23.227    484.303       0.050       1.250                0.262               0.000               0.000          -48.068           267812.766              1.00000 
  1678.524          23.132    483.397       0.050       1.250                0.258               0.000               0.000          -47.707           267813.024              1.00000 
  1679.524          23.039    482.497       0.050       1.250                0.253               0.000               0.000          -47.350           267813.277              1.00000 
  1680.524          22.946    481.604       0.050       1.250                0.249               0.000               0.000          -46.999           267813.526              1.00000 
  1681.524          22.853    480.717       0.050       1.250                0.244               0.000               0.000          -46.652           267813.770              1.00000 
  1682.524          22.762    479.837       0.050       1.250                0.240               0.000               0.000          -46.309           267814.010              1.00000 
  1683.524          22.671    478.963       0.050       1.250                0.236               0.000               0.000          -45.971           267814.246              1.00000 
  1684.524          22.581    478.095       0.050       1.250                0.232               0.000               0.000          -45.637           267814.478              1.00000 
  1685.524          22.492    477.234       0.050       1.250                0.228               0.000               0.000          -45.307           267814.706              1.00000 
  1686.524          22.403    476.379       0.050       1.250                0.224               0.000               0.000          -44.982           267814.930              1.00000 
  1687.524          22.315    475.530       0.050       1.250                0.221               0.000               0.000          -44.660           267815.151              1.00000 
  1688.524          22.228    474.687       0.050       1.250                0.217               0.000               0.000          -44.343           267815.368              1.00000 
  1689.524          22.141    473.850       0.050       1.250                0.213               0.000               0.000          -44.029           267815.581              1.00000 
  1690.524          22.055    473.019       0.050       1.250                0.210               0.000               0.000          -43.719           267815.792              1.00000 
  1691.524          21.970    472.193       0.050       1.250                0.207               0.000               0.000          -43.413           267815.998              1.00000 
  1692.524          21.885    471.373       0.050       1.250                0.203               0.000               0.000          -43.111           267816.202              1.00000 
  1693.524          21.801    470.559       0.050       1.250                0.200               0.000               0.000          -42.812           267816.402              1.00000 
  1694.524          21.717    469.751       0.050       1.250                0.197               0.000               0.000          -42.517           267816.599              1.00000 
  1695.524          21.634    468.948       0.050       1.250                0.194               0.000               0.000          -42.226           267816.793              1.00000 
  1696.524          21.551    468.150       0.050       1.250                0.191               0.000               0.000          -41.938           267816.984              1.00000 
  1697.524          21.470    467.358       0.050       1.250                0.188               0.000               0.000          -41.653           267817.172              1.00000 
  1698.524          21.388    466.571       0.050       1.250                0.185               0.000               0.000          -41.372           267817.358              1.00000 
  1699.524          21.308    465.789       0.050       1.250                0.183               0.000               0.000          -41.094           267817.540              1.00000 
  1700.524          21.227    465.013       0.050       1.250                0.180               0.000               0.000          -40.819           267817.720              1.00000 
  1701.524          21.148    464.241       0.050       1.250                0.177               0.000               0.000          -40.548           267817.897              1.00000 
  1702.524          21.068    463.475       0.050       1.250                0.175               0.000               0.000          -40.280           267818.072              1.00000 
  1703.524          20.990    462.714       0.050       1.250                0.172               0.000               0.000          -40.014           267818.244              1.00000 
  1704.524          20.912    461.958       0.050       1.250                0.170               0.000               0.000          -39.752           267818.414              1.00000 
  1705.524          20.834    461.206       0.050       1.250                0.167               0.000               0.000          -39.493           267818.581              1.00000 
  1706.524          20.757    460.460       0.050       1.250                0.165               0.000               0.000          -39.236           267818.746              1.00000 
  1707.524          20.681    459.718       0.050       1.250                0.162               0.000               0.000          -38.983           267818.908              1.00000 
  1708.524          20.604    458.981       0.050       1.250                0.160               0.000               0.000          -38.732           267819.068              1.00000 
  1709.524          20.529    458.249       0.050       1.250                0.158               0.000               0.000          -38.485           267819.226              1.00000 
  1710.524          20.454    457.521       0.050       1.250                0.156               0.000               0.000          -38.240           267819.382              1.00000 
  1711.524          20.379    456.798       0.050       1.250                0.154               0.000               0.000          -37.997           267819.536              1.00000 
  1712.524          20.305    456.080       0.050       1.250                0.152               0.000               0.000          -37.758           267819.687              1.00000 
  1713.524          20.231    455.366       0.050       1.250                0.149               0.000               0.000          -37.521           267819.837              1.00000 
  1714.524          20.158    454.656       0.050       1.250                0.147               0.000               0.000          -37.286           267819.984              1.00000 
  1715.524          20.085    453.951       0.050       1.250                0.146               0.000               0.000          -37.055           267820.130              1.00000 
  1716.524          20.013    453.250       0.050       1.250                0.144               0.000               0.000          -36.825           267820.273              1.00000 
  1717.524          19.941    452.554       0.050       1.250                0.142               0.000               0.000          -36.598           267820.415              1.00000 
  1718.524          19.869    451.861       0.050       1.250                0.140               0.000               0.000          -36.374           267820.555              1.00000 
  1719.524          19.798    451.173       0.050       1.250                0.138               0.000               0.000          -36.152           267820.693              1.00000 
  1720.524          19.728    450.489       0.050       1.250                0.136               0.000               0.000          -35.932           267820.829              1.00000 
  1721.524          19.657    449.810       0.050       1.250                0.135               0.000               0.000          -35.715           267820.964              1.00000 
  1722.524          19.587    449.134       0.050       1.250                0.133               0.000               0.000          -35.500           267821.096              1.00000 
  1723.524          19.518    448.462       0.050       1.250                0.131               0.000               0.000          -35.287           267821.228              1.00000 
  1724.524          19.449    447.794       0.050       1.250                0.130               0.000               0.000          -35.076           267821.357              1.00000 
  1725.524          19.380    447.131       0.050       1.250                0.128               0.000               0.000          -34.868           267821.485              1.00000 
  1726.524          19.312    446.471       0.050       1.250                0.126               0.000               0.000          -34.661           267821.612              1.00000 
  1727.524          19.244    445.815       0.050       1.250                0.125               0.000               0.000          -34.457           267821.737              1.00000 
  1728.524          19.176    445.163       0.050       1.250                0.123               0.000               0.000          -34.255           267821.860              1.00000 
  1729.524          19.109    444.515       0.050       1.250                0.122               0.000               0.000          -34.055           267821.982              1.00000 
  1730.524          19.042    443.870       0.050       1.250                0.121               0.000               0.000          -33.857           267822.102              1.00000 
  1731.524          18.976    443.229       0.050       1.250                0.119               0.000               0.000          -33.661           267822.222              1.00000 
  1732.524          18.910    442.592       0.050       1.250                0.118               0.000               0.000          -33.467           267822.339              1.00000 
  1733.524          18.844    441.958       0.050       1.250                0.116               0.000               0.000          -33.275           267822.456              1.00000 
  1734.524          18.779    441.328       0.050       1.250                0.115               0.000               0.000          -33.085           267822.571              1.00000 
  1735.524          18.714    440.702       0.050       1.250                0.114               0.000               0.000          -32.897           267822.684              1.00000 
  1736.524          18.649    440.079       0.050       1.250                0.112               0.000               0.000          -32.711           267822.797              1.00000 
  1737.524          18.585    439.460       0.050       1.250                0.111               0.000               0.000          -32.526           267822.908              1.00000 
  1738.524          18.521    438.844       0.050       1.250                0.110               0.000               0.000          -32.343           267823.018              1.00000 
  1739.524          18.457    438.232       0.050       1.250                0.109               0.000               0.000          -32.163           267823.126              1.00000 
  1740.524          18.393    437.623       0.050       1.250                0.107               0.000               0.000          -31.983           267823.234              1.00000 
  1741.524          18.330    437.017       0.050       1.250                0.106               0.000               0.000          -31.806           267823.340              1.00000 
  1742.524          18.268    436.415       0.050       1.250                0.105               0.000               0.000          -31.630           267823.445              1.00000 
  1743.524          18.205    435.816       0.050       1.250                0.104               0.000               0.000          -31.456           267823.549              1.00000 
  1744.524          18.143    435.220       0.050       1.250                0.103               0.000               0.000          -31.284           267823.652              1.00000 
  1745.524          18.081    434.627       0.050       1.250                0.102               0.000               0.000          -31.113           267823.754              1.00000 
  1746.524          18.020    434.038       0.050       1.250                0.101               0.000               0.000          -30.944           267823.854              1.00000 
  1747.524          17.959    433.452       0.050       1.250                0.100               0.000               0.000          -30.777           267823.954              1.00000 
  1748.524          17.898    432.869       0.050       1.250                0.098               0.000               0.000          -30.611           267824.052              1.00000 
  1749.524          17.837    432.289       0.050       1.250                0.097               0.000               0.000          -30.446           267824.149              1.00000 
  1750.524          17.777    431.713       0.050       1.250                0.096               0.000               0.000          -30.284           267824.246              1.00000 
  1751.524          17.717    431.139       0.050       1.250                0.095               0.000               0.000          -30.122           267824.341              1.00000 
  1752.524          17.657    430.568       0.050       1.250                0.094               0.000               0.000          -29.962           267824.436              1.00000 
  1753.524          17.598    430.001       0.050       1.250                0.093               0.000               0.000          -29.804           267824.529              1.00000 
  1754.524          17.539    429.436       0.050       1.250                0.092               0.000               0.000          -29.647           267824.621              1.00000 
  1755.524          17.480    428.874       0.050       1.250                0.091               0.000               0.000          -29.492           267824.713              1.00000 
  1756.524          17.421    428.315       0.050       1.250                0.091               0.000               0.000          -29.338           267824.803              1.00000 
  1757.524          17.363    427.759       0.050       1.250                0.090               0.000               0.000          -29.185           267824.893              1.00000 
  1758.524          17.305    427.206       0.050       1.250                0.089               0.000               0.000          -29.034           267824.982              1.00000 
  1759.524          17.247    426.656       0.050       1.250                0.088               0.000               0.000          -28.884           267825.070              1.00000 
  1760.524          17.190    426.109       0.050       1.250                0.087               0.000               0.000          -28.736           267825.156              1.00000 
  1761.524          17.132    425.564       0.050       1.250                0.086               0.000               0.000          -28.589           267825.243              1.00000 
  1762.524          17.075    425.023       0.050       1.250                0.085               0.000               0.000          -28.443           267825.328              1.00000 
  1763.524          17.019    424.483       0.050       1.250                0.084               0.000               0.000          -28.298           267825.412              1.00000 
  1764.524          16.962    423.947       0.050       1.250                0.084               0.000               0.000          -28.155           267825.496              1.00000 
  1765.524          16.906    423.414       0.050       1.250                0.083               0.000               0.000          -28.013           267825.578              1.00000 
  1766.524          16.850    422.883       0.050       1.250                0.082               0.000               0.000          -27.872           267825.660              1.00000 
  1767.524          16.794    422.354       0.050       1.250                0.081               0.000               0.000          -27.732           267825.741              1.00000 
  1768.524          16.739    421.829       0.050       1.250                0.080               0.000               0.000          -27.594           267825.822              1.00000 
  1769.524          16.684    421.306       0.050       1.250                0.080               0.000               0.000          -27.457           267825.901              1.00000 
  1770.524          16.629    420.785       0.050       1.250                0.079               0.000               0.000          -27.321           267825.980              1.00000 
  1771.524          16.574    420.267       0.050       1.250                0.078               0.000               0.000          -27.186           267826.058              1.00000 
  1772.524          16.520    419.752       0.050       1.250                0.077               0.000               0.000          -27.053           267826.136              1.00000 
  1773.524          16.465    419.239       0.050       1.250                0.077               0.000               0.000          -26.920           267826.212              1.00000 
  1774.524          16.411    418.728       0.050       1.250                0.076               0.000               0.000          -26.789           267826.288              1.00000 
  1775.524          16.358    418.221       0.050       1.250                0.075               0.000               0.000          -26.659           267826.363              1.00000 
  1776.524          16.304    417.715       0.050       1.250                0.074               0.000               0.000          -26.530           267826.438              1.00000 
  1777.524          16.251    417.212       0.050       1.250                0.074               0.000               0.000          -26.402           267826.512              1.00000 
  1778.524          16.198    416.712       0.050       1.250                0.073               0.000               0.000          -26.275           267826.585              1.00000 
  1779.524          16.145    416.213       0.050       1.250                0.072               0.000               0.000          -26.149           267826.657              1.00000 
  1780.524          16.092    415.717       0.050       1.250                0.072               0.000               0.000          -26.024           267826.729              1.00000 
  1781.524          16.040    415.224       0.050       1.250                0.071               0.000               0.000          -25.900           267826.800              1.00000 
  1782.524          15.987    414.733       0.050       1.250                0.070               0.000               0.000          -25.777           267826.870              1.00000 
  1783.524          15.936    414.244       0.050       1.250                0.070               0.000               0.000          -25.656           267826.940              1.00000 
  1784.524          15.884    413.757       0.050       1.250                0.069               0.000               0.000          -25.535           267827.010              1.00000 
  1785.524          15.832    413.273       0.050       1.250                0.069               0.000               0.000          -25.415           267827.078              1.00000 
  1786.524          15.781    412.791       0.050       1.250                0.068               0.000               0.000          -25.296           267827.146              1.00000 
  1787.524          15.730    412.311       0.050       1.250                0.067               0.000               0.000          -25.179           267827.214              1.00000 
  1788.524          15.679    411.834       0.050       1.250                0.067               0.000               0.000          -25.062           267827.280              1.00000 
  1789.524          15.628    411.359       0.050       1.250                0.066               0.000               0.000          -24.946           267827.347              1.00000 
  1790.524          15.578    410.885       0.050       1.250                0.066               0.000               0.000          -24.831           267827.412              1.00000 
  1791.524          15.527    410.414       0.050       1.250                0.065               0.000               0.000          -24.717           267827.477              1.00000 
  1792.524          15.477    409.946       0.050       1.250                0.065               0.000               0.000          -24.604           267827.542              1.00000 
  1793.524          15.427    409.479       0.050       1.250                0.064               0.000               0.000          -24.491           267827.606              1.00000 
  1794.524          15.378    409.014       0.050       1.250                0.063               0.000               0.000          -24.380           267827.669              1.00000 
  1795.524          15.328    408.552       0.050       1.250                0.063               0.000               0.000          -24.270           267827.732              1.00000 
  1796.524          15.279    408.091       0.050       1.250                0.062               0.000               0.000          -24.160           267827.794              1.00000 
  1797.524          15.230    407.633       0.050       1.250                0.062               0.000               0.000          -24.051           267827.856              1.00000 
  1798.524          15.181    407.177       0.050       1.250                0.061               0.000               0.000          -23.943           267827.917              1.00000 
  1799.524          15.132    406.722       0.050       1.250                0.061               0.000               0.000          -23.836           267827.978              1.00000 
  1800.524          15.083    406.270       0.050       1.250                0.060               0.000               0.000          -23.730           267828.038              1.00000 
  1801.524          15.035    405.820       0.050       1.250                0.060               0.000               0.000          -23.625           267828.098              1.00000 
  1802.524          14.987    405.372       0.050       1.250                0.059               0.000               0.000          -23.520           267828.157              1.00000 
  1803.524          14.939    404.925       0.050       1.250                0.059               0.000               0.000          -23.417           267828.216              1.00000 
  1804.524          14.891    404.481       0.050       1.250                0.058               0.000               0.000          -23.314           267828.275              1.00000 
  1805.524          14.843    404.039       0.050       1.250                0.058               0.000               0.000          -23.211           267828.332              1.00000 
  1806.524          14.796    403.598       0.050       1.250                0.057               0.000               0.000          -23.110           267828.390              1.00000 
  1807.524          14.749    403.160       0.050       1.250                0.057               0.000               0.000          -23.009           267828.447              1.00000 
  1808.524          14.702    402.723       0.050       1.250                0.056               0.000               0.000          -22.910           267828.503              1.00000 
  1809.524          14.655    402.288       0.050       1.250                0.056               0.000               0.000          -22.811           267828.559              1.00000 
  1810.524          14.608    401.856       0.050       1.250                0.055               0.000               0.000          -22.712           267828.614              1.00000 
  1811.524          14.561    401.425       0.050       1.250                0.055               0.000               0.000          -22.615           267828.669              1.00000 
  1812.524          14.515    400.995       0.050       1.250                0.055               0.000               0.000          -22.518           267828.724              1.00000 
  1813.524          14.469    400.568       0.050       1.250                0.054               0.000               0.000          -22.422           267828.778              1.00000 
  1814.524          14.423    400.142       0.050       1.250                0.054               0.000               0.000          -22.326           267828.832              1.00000 
  1815.524          14.377    399.719       0.050       1.250                0.053               0.000               0.000          -22.231           267828.885              1.00000 
  1816.524          14.331    399.297       0.050       1.250                0.053               0.000               0.000          -22.137           267828.938              1.00000 
  1817.524          14.286    398.877       0.050       1.250                0.052               0.000               0.000          -22.044           267828.991              1.00000 
  1818.524          14.240    398.458       0.050       1.250                0.052               0.000               0.000          -21.951           267829.043              1.00000 
  1819.524          14.195    398.042       0.050       1.250                0.052               0.000               0.000          -21.860           267829.094              1.00000 
  1820.524          14.150    397.627       0.050       1.250                0.051               0.000               0.000          -21.768           267829.146              1.00000 
  1821.524          14.105    397.213       0.050       1.250                0.051               0.000               0.000          -21.678           267829.197              1.00000 
  1822.524          14.060    396.802       0.050       1.250                0.050               0.000               0.000          -21.588           267829.247              1.00000 
  1823.524          14.016    396.392       0.050       1.250                0.050               0.000               0.000          -21.498           267829.297              1.00000 
  1824.524          13.971    395.984       0.050       1.250                0.050               0.000               0.000          -21.410           267829.347              1.00000 
  1825.524          13.927    395.578       0.050       1.250                0.049               0.000               0.000          -21.322           267829.396              1.00000 
  1826.524          13.883    395.173       0.050       1.250                0.049               0.000               0.000          -21.234           267829.445              1.00000 
  1827.524          13.839    394.770       0.050       1.250                0.049               0.000               0.000          -21.147           267829.494              1.00000 
  1828.524          13.795    394.368       0.050       1.250                0.048               0.000               0.000          -21.061           267829.542              1.00000 
  1829.524          13.751    393.968       0.050       1.250                0.048               0.000               0.000          -20.976           267829.590              1.00000 
  1830.524          13.708    393.570       0.050       1.250                0.048               0.000               0.000          -20.891           267829.637              1.00000 
  1831.524          13.665    393.174       0.050       1.250                0.047               0.000               0.000          -20.806           267829.685              1.00000 
  1832.524          13.621    392.779       0.050       1.250                0.047               0.000               0.000          -20.723           267829.731              1.00000 
  1833.524          13.578    392.385       0.050       1.250                0.046               0.000               0.000          -20.640           267829.778              1.00000 
  1834.524          13.535    391.993       0.050       1.250                0.046               0.000               0.000          -20.557           267829.824              1.00000 
  1835.524          13.493    391.603       0.050       1.250                0.046               0.000               0.000          -20.475           267829.870              1.00000 
  1836.524          13.450    391.214       0.050       1.250                0.045               0.000               0.000          -20.394           267829.915              1.00000 
  1837.524          13.408    390.827       0.050       1.250                0.045               0.000               0.000          -20.313           267829.960              1.00000 
  1838.524          13.365    390.441       0.050       1.250                0.045               0.000               0.000          -20.232           267830.005              1.00000 
  1839.524          13.323    390.057       0.050       1.250                0.044               0.000               0.000          -20.153           267830.050              1.00000 
  1840.524          13.281    389.674       0.050       1.250                0.044               0.000               0.000          -20.073           267830.094              1.00000 
  1841.524          13.239    389.293       0.050       1.250                0.044               0.000               0.000          -19.995           267830.138              1.00000 
  1842.524          13.197    388.914       0.050       1.250                0.044               0.000               0.000          -19.917           267830.181              1.00000 
  1843.524          13.156    388.535       0.050       1.250                0.043               0.000               0.000          -19.839           267830.224              1.00000 
  1844.524          13.114    388.159       0.050       1.250                0.043               0.000               0.000          -19.762           267830.267              1.00000 
  1845.524          13.073    387.783       0.050       1.250                0.043               0.000               0.000          -19.685           267830.310              1.00000 
  1846.524          13.032    387.409       0.050       1.250                0.042               0.000               0.000          -19.609           267830.352              1.00000 
  1847.524          12.991    387.037       0.050       1.250                0.042               0.000               0.000          -19.534           267830.394              1.00000 
  1848.524          12.950    386.666       0.050       1.250                0.042               0.000               0.000          -19.459           267830.436              1.00000 
  1849.524          12.909    386.296       0.050       1.250                0.041               0.000               0.000          -19.384           267830.477              1.00000 
  1850.524          12.868    385.928       0.050       1.250                0.041               0.000               0.000          -19.310           267830.518              1.00000 
  1851.524          12.828    385.562       0.050       1.250                0.041               0.000               0.000          -19.237           267830.559              1.00000 
  1852.524          12.787    385.196       0.050       1.250                0.041               0.000               0.000          -19.164           267830.600              1.00000 
  1853.524          12.747    384.832       0.050       1.250                0.040               0.000               0.000          -19.091           267830.640              1.00000 
  1854.524          12.707    384.470       0.050       1.250                0.040               0.000               0.000          -19.019           267830.680              1.00000 
  1855.524          12.667    384.108       0.050       1.250                0.040               0.000               0.000          -18.948           267830.720              1.00000 
  1856.524          12.627    383.748       0.050       1.250                0.039               0.000               0.000          -18.877           267830.759              1.00000 
  1857.524          12.587    383.390       0.050       1.250                0.039               0.000               0.000          -18.806           267830.798              1.00000 
  1858.524          12.547    383.033       0.050       1.250                0.039               0.000               0.000          -18.736           267830.837              1.00000 
  1859.524          12.508    382.677       0.050       1.250                0.039               0.000               0.000          -18.666           267830.876              1.00000 
  1860.524          12.468    382.322       0.050       1.250                0.038               0.000               0.000          -18.597           267830.914              1.00000 
  1861.524          12.429    381.969       0.050       1.250                0.038               0.000               0.000          -18.528           267830.953              1.00000 
  1862.524          12.390    381.617       0.050       1.250                0.038               0.000               0.000          -18.460           267830.990              1.00000 
  1863.524          12.351    381.266       0.050       1.250                0.038               0.000               0.000          -18.392           267831.028              1.00000 
  1864.524          12.312    380.917       0.050       1.250                0.037               0.000               0.000          -18.324           267831.066              1.00000 
  1865.524          12.273    380.569       0.050       1.250                0.037               0.000               0.000          -18.257           267831.103              1.00000 
  1866.524          12.234    380.222       0.050       1.250                0.037               0.000               0.000          -18.190           267831.140              1.00000 
  1867.524          12.196    379.876       0.050       1.250                0.037               0.000               0.000          -18.124           267831.176              1.00000 
  1868.524          12.157    379.532       0.050       1.250                0.036               0.000               0.000          -18.058           267831.213              1.00000 
  1869.524          12.119    379.189       0.050       1.250                0.036               0.000               0.000          -17.993           267831.249              1.00000 
  1870.524          12.081    378.847       0.050       1.250                0.036               0.000               0.000          -17.928           267831.285              1.00000 
  1871.524          12.043    378.507       0.050       1.250                0.036               0.000               0.000          -17.863           267831.320              1.00000 
  1872.524          12.005    378.167       0.050       1.250                0.035               0.000               0.000          -17.799           267831.356              1.00000 
  1873.524          11.967    377.829       0.050       1.250                0.035               0.000               0.000          -17.736           267831.391              1.00000 
  1874.524          11.929    377.492       0.050       1.250                0.035               0.000               0.000          -17.672           267831.426              1.00000 
  1875.524          11.891    377.156       0.050       1.250                0.035               0.000               0.000          -17.609           267831.461              1.00000 
  1876.524          11.854    376.822       0.050       1.250                0.035               0.000               0.000          -17.547           267831.495              1.00000 
  1877.524          11.816    376.488       0.050       1.250                0.034               0.000               0.000          -17.484           267831.530              1.00000 
  1878.524          11.779    376.156       0.050       1.250                0.034               0.000               0.000          -17.423           267831.564              1.00000 
  1879.524          11.742    375.825       0.050       1.250                0.034               0.000               0.000          -17.361           267831.598              1.00000 
  1880.524          11.705    375.495       0.050       1.250                0.034               0.000               0.000          -17.300           267831.631              1.00000 
  1881.524          11.668    375.166       0.050       1.250                0.033               0.000               0.000          -17.240           267831.665              1.00000 
  1882.524          11.631    374.839       0.050       1.250                0.033               0.000               0.000          -17.179           267831.698              1.00000 
  1883.524          11.594    374.512       0.050       1.250                0.033               0.000               0.000          -17.119           267831.731              1.00000 
  1884.524          11.558    374.187       0.050       1.250                0.033               0.000               0.000          -17.060           267831.764              1.00000 
  1885.524          11.521    373.863       0.050       1.250                0.033               0.000               0.000          -17.001           267831.797              1.00000 
  1886.524          11.485    373.540       0.050       1.250                0.032               0.000               0.000          -16.942           267831.829              1.00000 
  1887.524          11.448    373.218       0.050       1.250                0.032               0.000               0.000          -16.883           267831.861              1.00000 
  1888.524          11.412    372.897       0.050       1.250                0.032               0.000               0.000          -16.825           267831.893              1.00000 
  1889.524          11.376    372.577       0.050       1.250                0.032               0.000               0.000          -16.767           267831.925              1.00000 
  1890.524          11.340    372.259       0.050       1.250                0.032               0.000               0.000          -16.710           267831.957              1.00000 
  1891.524          11.304    371.941       0.050       1.250                0.031               0.000               0.000          -16.653           267831.988              1.00000 
  1892.524          11.268    371.624       0.050       1.250                0.031               0.000               0.000          -16.596           267832.020              1.00000 
  1893.524          11.232    371.309       0.050       1.250                0.031               0.000               0.000          -16.540           267832.051              1.00000 
  1894.524          11.197    370.995       0.050       1.250                0.031               0.000               0.000          -16.484           267832.082              1.00000 
  1895.524          11.161    370.681       0.050       1.250                0.031               0.000               0.000          -16.428           267832.112              1.00000 
  1896.524          11.126    370.369       0.050       1.250                0.031               0.000               0.000          -16.372           267832.143              1.00000 
  1897.524          11.090    370.058       0.050       1.250                0.030               0.000               0.000          -16.317           267832.173              1.00000 
  1898.524          11.055    369.748       0.050       1.250                0.030               0.000               0.000          -16.263           267832.203              1.00000 
  1899.524          11.020    369.439       0.050       1.250                0.030               0.000               0.000          -16.208           267832.233              1.00000 
  1900.524          10.985    369.131       0.050       1.250                0.030               0.000               0.000          -16.154           267832.263              1.00000 
  1901.524          10.950    368.824       0.050       1.250                0.030               0.000               0.000          -16.100           267832.293              1.00000 
  1902.524          10.915    368.518       0.050       1.250                0.029               0.000               0.000          -16.047           267832.322              1.00000 
  1903.524          10.880    368.213       0.050       1.250                0.029               0.000               0.000          -15.993           267832.351              1.00000 
  1904.524          10.846    367.909       0.050       1.250                0.029               0.000               0.000          -15.941           267832.381              1.00000 
  1905.524          10.811    367.606       0.050       1.250                0.029               0.000               0.000          -15.888           267832.410              1.00000 
  1906.524          10.777    367.304       0.050       1.250                0.029               0.000               0.000          -15.836           267832.439              1.00000 
  1907.524          10.742    367.003       0.050       1.250                0.029               0.000               0.000          -15.784           267832.467              1.00000 
  1908.524          10.708    366.703       0.050       1.250                0.029               0.000               0.000          -15.732           267832.496              1.00000 
  1909.524          10.673    366.404       0.050       1.250                0.028               0.000               0.000          -15.681           267832.524              1.00000 
  1910.524          10.639    366.105       0.050       1.250                0.028               0.000               0.000          -15.630           267832.553              1.00000 
  1911.524          10.605    365.808       0.050       1.250                0.028               0.000               0.000          -15.579           267832.581              1.00000 
  1912.524          10.571    365.512       0.050       1.250                0.028               0.000               0.000          -15.528           267832.609              1.00000 
  1913.524          10.537    365.217       0.050       1.250                0.028               0.000               0.000          -15.478           267832.637              1.00000 
  1914.524          10.503    364.923       0.050       1.250                0.028               0.000               0.000          -15.428           267832.665              1.00000 
  1915.524          10.469    364.630       0.050       1.250                0.028               0.000               0.000          -15.378           267832.692              1.00000 
  1916.524          10.435    364.337       0.050       1.250                0.028               0.000               0.000          -15.329           267832.720              1.00000 
  1917.524          10.401    364.046       0.050       1.250                0.027               0.000               0.000          -15.280           267832.747              1.00000 
  1918.524          10.368    363.755       0.050       1.250                0.027               0.000               0.000          -15.231           267832.775              1.00000 
  1919.524          10.334    363.466       0.050       1.250                0.027               0.000               0.000          -15.183           267832.802              1.00000 
  1920.524          10.301    363.177       0.050       1.250                0.027               0.000               0.000          -15.134           267832.829              1.00000 
  1921.524          10.267    362.889       0.050       1.250                0.027               0.000               0.000          -15.086           267832.856              1.00000 
  1922.524          10.234    362.603       0.050       1.250                0.027               0.000               0.000          -15.039           267832.883              1.00000 
  1923.524          10.200    362.317       0.050       1.250                0.027               0.000               0.000          -14.991           267832.910              1.00000 
  1924.524          10.167    362.032       0.050       1.250                0.027               0.000               0.000          -14.944           267832.936              1.00000 
  1925.524          10.134    361.748       0.050       1.250                0.026               0.000               0.000          -14.897           267832.963              1.00000 
  1926.524          10.101    361.464       0.050       1.250                0.026               0.000               0.000          -14.850           267832.989              1.00000 
  1927.524          10.068    361.182       0.050       1.250                0.026               0.000               0.000          -14.804           267833.015              1.00000 
  1928.524          10.035    360.901       0.050       1.250                0.026               0.000               0.000          -14.758           267833.041              1.00000 
  1929.524          10.002    360.620       0.050       1.250                0.026               0.000               0.000          -14.712           267833.067              1.00000 
  1930.524           9.969    360.340       0.050       1.250                0.026               0.000               0.000          -14.666           267833.093              1.00000 
  1931.524           9.936    360.061       0.050       1.250                0.026               0.000               0.000          -14.620           267833.119              1.00000 
  1932.524           9.904    359.783       0.050       1.250                0.026               0.000               0.000          -14.575           267833.145              1.00000 
  1933.524           9.871    359.506       0.050       1.250                0.026               0.000               0.000          -14.530           267833.170              1.00000 
  1934.524           9.839    359.230       0.050       1.250                0.025               0.000               0.000          -14.486           267833.196              1.00000 
  1935.524           9.806    358.955       0.050       1.250                0.025               0.000               0.000          -14.441           267833.221              1.00000 
  1936.524           9.774    358.680       0.050       1.250                0.025               0.000               0.000          -14.397           267833.246              1.00000 
  1937.524           9.741    358.406       0.050       1.250                0.025               0.000               0.000          -14.353           267833.271              1.00000 
  1938.524           9.709    358.133       0.050       1.250                0.025               0.000               0.000          -14.309           267833.296              1.00000 
  1939.524           9.677    357.861       0.050       1.250                0.025               0.000               0.000          -14.266           267833.321              1.00000 
  1940.524           9.644    357.590       0.050       1.250                0.025               0.000               0.000          -14.222           267833.346              1.00000 
  1941.524           9.612    357.320       0.050       1.250                0.025               0.000               0.000          -14.179           267833.371              1.00000 
  1942.524           9.580    357.050       0.050       1.250                0.025               0.000               0.000          -14.136           267833.395              1.00000 
  1943.524           9.548    356.781       0.050       1.250                0.024               0.000               0.000          -14.094           267833.420              1.00000 
  1944.524           9.516    356.513       0.050       1.250                0.024               0.000               0.000          -14.051           267833.444              1.00000 
  1945.524           9.485    356.246       0.050       1.250                0.024               0.000               0.000          -14.009           267833.468              1.00000 
  1946.524           9.453    355.980       0.050       1.250                0.024               0.000               0.000          -13.967           267833.493              1.00000 
  1947.524           9.421    355.714       0.050       1.250                0.024               0.000               0.000          -13.925           267833.517              1.00000 
  1948.524           9.389    355.449       0.050       1.250                0.024               0.000               0.000          -13.884           267833.541              1.00000 
  1949.524           9.358    355.185       0.050       1.250                0.024               0.000               0.000          -13.843           267833.564              1.00000 
  1950.524           9.326    354.922       0.050       1.250                0.024               0.000               0.000          -13.802           267833.588              1.00000 
  1951.524           9.295    354.659       0.050       1.250                0.024               0.000               0.000          -13.761           267833.612              1.00000 
  1952.524           9.263    354.398       0.050       1.250                0.024               0.000               0.000          -13.720           267833.635              1.00000 
  1953.524           9.232    354.137       0.050       1.250                0.023               0.000               0.000          -13.680           267833.659              1.00000 
  1954.524           9.200    353.877       0.050       1.250                0.023               0.000               0.000          -13.639           267833.682              1.00000 
  1955.524           9.169    353.617       0.050       1.250                0.023               0.000               0.000          -13.599           267833.706              1.00000 
  1956.524           9.138    353.359       0.050       1.250                0.023               0.000               0.000          -13.559           267833.729              1.00000 
  1957.524           9.107    353.101       0.050       1.250                0.023               0.000               0.000          -13.520           267833.752              1.00000 
  1958.524           9.076    352.844       0.050       1.250                0.023               0.000               0.000          -13.480           267833.775              1.00000 
  1959.524           9.045    352.587       0.050       1.250                0.023               0.000               0.000          -13.441           267833.798              1.00000 
  1960.524           9.014    352.332       0.050       1.250                0.023               0.000               0.000          -13.402           267833.821              1.00000 
  1961.524           8.983    352.077       0.050       1.250                0.023               0.000               0.000          -13.363           267833.843              1.00000 
  1962.524           8.952    351.823       0.050       1.250                0.023               0.000               0.000          -13.325           267833.866              1.00000 
  1963.524           8.921    351.569       0.050       1.250                0.023               0.000               0.000          -13.286           267833.889              1.00000 
  1964.524           8.891    351.317       0.050       1.250                0.022               0.000               0.000          -13.248           267833.911              1.00000 
  1965.524           8.860    351.065       0.050       1.250                0.022               0.000               0.000          -13.210           267833.933              1.00000 
  1966.524           8.829    350.813       0.050       1.250                0.022               0.000               0.000          -13.172           267833.956              1.00000 
  1967.524           8.799    350.563       0.050       1.250                0.022               0.000               0.000          -13.135           267833.978              1.00000 
  1968.524           8.768    350.313       0.050       1.250                0.022               0.000               0.000          -13.097           267834.000              1.00000 
  1969.524           8.738    350.064       0.050       1.250                0.022               0.000               0.000          -13.060           267834.022              1.00000 
  1970.524           8.707    349.816       0.050       1.250                0.022               0.000               0.000          -13.023           267834.044              1.00000 
  1971.524           8.677    349.568       0.050       1.250                0.022               0.000               0.000          -12.986           267834.066              1.00000 
  1972.524           8.647    349.321       0.050       1.250                0.022               0.000               0.000          -12.949           267834.088              1.00000 
  1973.524           8.616    349.075       0.050       1.250                0.022               0.000               0.000          -12.912           267834.109              1.00000 
  1974.524           8.586    348.829       0.050       1.250                0.022               0.000               0.000          -12.876           267834.131              1.00000 
  1975.524           8.556    348.584       0.050       1.250                0.022               0.000               0.000          -12.840           267834.152              1.00000 
  1976.524           8.526    348.340       0.050       1.250                0.021               0.000               0.000          -12.804           267834.174              1.00000 
  1977.524           8.496    348.096       0.050       1.250                0.021               0.000               0.000          -12.768           267834.195              1.00000 
  1978.524           8.466    347.854       0.050       1.250                0.021               0.000               0.000          -12.732           267834.216              1.00000 
  1979.524           8.436    347.611       0.050       1.250                0.021               0.000               0.000          -12.697           267834.238              1.00000 
  1980.524           8.406    347.370       0.050       1.250                0.021               0.000               0.000          -12.661           267834.259              1.00000 
  1981.524           8.376    347.129       0.050       1.250                0.021               0.000               0.000          -12.626           267834.280              1.00000 
  1982.524           8.347    346.889       0.050       1.250                0.021               0.000               0.000          -12.591           267834.301              1.00000 
  1983.524           8.317    346.649       0.050       1.250                0.021               0.000               0.000          -12.557           267834.322              1.00000 
  1984.524           8.287    346.410       0.050       1.250                0.021               0.000               0.000          -12.522           267834.342              1.00000 
  1985.524           8.258    346.172       0.050       1.250                0.021               0.000               0.000          -12.487           267834.363              1.00000 
  1986.524           8.228    345.935       0.050       1.250                0.021               0.000               0.000          -12.453           267834.384              1.00000 
  1987.524           8.199    345.698       0.050       1.250                0.021               0.000               0.000          -12.419           267834.404              1.00000 
  1988.524           8.169    345.462       0.050       1.250                0.020               0.000               0.000          -12.385           267834.425              1.00000 
  1989.524           8.140    345.226       0.050       1.250                0.020               0.000               0.000          -12.351           267834.445              1.00000 
  1990.524           8.110    344.991       0.050       1.250                0.020               0.000               0.000          -12.318           267834.465              1.00000 
  1991.524           8.081    344.757       0.050       1.250                0.020               0.000               0.000          -12.284           267834.486              1.00000 
  1992.524           8.052    344.523       0.050       1.250                0.020               0.000               0.000          -12.251           267834.506              1.00000 
  1993.524           8.023    344.290       0.050       1.250                0.020               0.000               0.000          -12.218           267834.526              1.00000 
  1994.524           7.994    344.058       0.050       1.250                0.020               0.000               0.000          -12.184           267834.546              1.00000 
  1995.524           7.965    343.826       0.050       1.250                0.020               0.000               0.000          -12.152           267834.566              1.00000 
  1996.524           7.935    343.595       0.050       1.250                0.020               0.000               0.000          -12.119           267834.586              1.00000 
  1997.524           7.906    343.364       0.050       1.250                0.020               0.000               0.000          -12.086           267834.606              1.00000 
  1998.524           7.878    343.134       0.050       1.250                0.020               0.000               0.000          -12.054           267834.625              1.00000 
  1999.524           7.849    342.905       0.050       1.250                0.020               0.000               0.000          -12.022           267834.645              1.00000 
  2000.524           7.820    342.676       0.050       1.250                0.020               0.000               0.000          -11.990           267834.665              1.00000 
  2001.524           7.791    342.448       0.050       1.250                0.020               0.000               0.000          -11.958           267834.684              1.00000 
  2002.524           7.762    342.221       0.050       1.250                0.019               0.000               0.000          -11.926           267834.704              1.00000 
  2003.524           7.734    341.994       0.050       1.250                0.019               0.000               0.000          -11.894           267834.723              1.00000 
  2004.524           7.705    341.768       0.050       1.250                0.019               0.000               0.000          -11.863           267834.742              1.00000 
  2005.524           7.676    341.542       0.050       1.250                0.019               0.000               0.000          -11.831           267834.762              1.00000 
  2006.524           7.648    341.317       0.050       1.250                0.019               0.000               0.000          -11.800           267834.781              1.00000 
  2007.524           7.619    341.092       0.050       1.250                0.019               0.000               0.000          -11.769           267834.800              1.00000 
  2008.524           7.591    340.868       0.050       1.250                0.019               0.000               0.000          -11.738           267834.819              1.00000 
  2009.524           7.562    340.645       0.050       1.250                0.019               0.000               0.000          -11.707           267834.838              1.00000 
  2010.524           7.534    340.422       0.050       1.250                0.019               0.000               0.000          -11.677           267834.857              1.00000 
  2011.524           7.506    340.200       0.050       1.250                0.019               0.000               0.000          -11.646           267834.876              1.00000 
  2012.524           7.477    339.979       0.050       1.250                0.019               0.000               0.000          -11.616           267834.894              1.00000 
  2013.524           7.449    339.758       0.050       1.250                0.019               0.000               0.000          -11.586           267834.913              1.00000 
  2014.524           7.421    339.537       0.050       1.250                0.019               0.000               0.000          -11.555           267834.932              1.00000 
  2015.524           7.393    339.317       0.050       1.250                0.019               0.000               0.000          -11.525           267834.950              1.00000 
  2016.524           7.365    339.098       0.050       1.250                0.019               0.000               0.000          -11.496           267834.969              1.00000 
  2017.524           7.337    338.879       0.050       1.250                0.018               0.000               0.000          -11.466           267834.987              1.00000 
  2018.524           7.309    338.661       0.050       1.250                0.018               0.000               0.000          -11.436           267835.006              1.00000 
  2019.524           7.281    338.444       0.050       1.250                0.018               0.000               0.000          -11.407           267835.024              1.00000 
  2020.524           7.253    338.227       0.050       1.250                0.018               0.000               0.000          -11.378           267835.042              1.00000 
  2021.524           7.225    338.010       0.050       1.250                0.018               0.000               0.000          -11.349           267835.060              1.00000 
  2022.524           7.197    337.794       0.050       1.250                0.018               0.000               0.000          -11.320           267835.078              1.00000 
  2023.524           7.169    337.579       0.050       1.250                0.018               0.000               0.000          -11.291           267835.097              1.00000 
  2024.524           7.142    337.364       0.050       1.250                0.018               0.000               0.000          -11.262           267835.115              1.00000 
  2025.524           7.114    337.150       0.050       1.250                0.018               0.000               0.000          -11.233           267835.132              1.00000 
  2026.524           7.086    336.936       0.050       1.250                0.018               0.000               0.000          -11.205           267835.150              1.00000 
  2027.524           7.059    336.723       0.050       1.250                0.018               0.000               0.000          -11.176           267835.168              1.00000 
  2028.524           7.031    336.510       0.050       1.250                0.018               0.000               0.000          -11.148           267835.186              1.00000 
  2029.524           7.004    336.298       0.050       1.250                0.018               0.000               0.000          -11.120           267835.204              1.00000 
  2030.524           6.976    336.086       0.050       1.250                0.018               0.000               0.000          -11.092           267835.221              1.00000 
  2031.524           6.949    335.875       0.050       1.250                0.018               0.000               0.000          -11.064           267835.239              1.00000 
  2032.524           6.921    335.665       0.050       1.250                0.018               0.000               0.000          -11.036           267835.256              1.00000 
  2033.524           6.894    335.455       0.050       1.250                0.017               0.000               0.000          -11.009           267835.274              1.00000 
  2034.524           6.867    335.245       0.050       1.250                0.017               0.000               0.000          -10.981           267835.291              1.00000 
  2035.524           6.839    335.036       0.050       1.250                0.017               0.000               0.000          -10.954           267835.309              1.00000 
  2036.524           6.812    334.828       0.050       1.250                0.017               0.000               0.000          -10.926           267835.326              1.00000 
  2037.524           6.785    334.620       0.050       1.250                0.017               0.000               0.000          -10.899           267835.343              1.00000 
  2038.524           6.758    334.413       0.050       1.250                0.017               0.000               0.000          -10.872           267835.360              1.00000 
  2039.524           6.731    334.206       0.050       1.250                0.017               0.000               0.000          -10.845           267835.377              1.00000 
  2040.524           6.704    333.999       0.050       1.250                0.017               0.000               0.000          -10.818           267835.395              1.00000 
  2041.524           6.677    333.794       0.050       1.250                0.017               0.000               0.000          -10.792           267835.412              1.00000 
  2042.524           6.650    333.588       0.050       1.250                0.017               0.000               0.000          -10.765           267835.428              1.00000 
  2043.524           6.623    333.383       0.050       1.250                0.017               0.000               0.000          -10.739           267835.445              1.00000 
  2044.524           6.596    333.179       0.050       1.250                0.017               0.000               0.000          -10.712           267835.462              1.00000 
  2045.524           6.569    332.975       0.050       1.250                0.017               0.000               0.000          -10.686           267835.479              1.00000 
  2046.524           6.542    332.772       0.050       1.250                0.017               0.000               0.000          -10.660           267835.496              1.00000 
  2047.524           6.515    332.569       0.050       1.250                0.017               0.000               0.000          -10.634           267835.512              1.00000 
  2048.524           6.489    332.367       0.050       1.250                0.017               0.000               0.000          -10.608           267835.529              1.00000 
  2049.524           6.462    332.165       0.050       1.250                0.017               0.000               0.000          -10.582           267835.546              1.00000 
  2050.524           6.435    331.963       0.050       1.250                0.017               0.000               0.000          -10.557           267835.562              1.00000 
  2051.524           6.409    331.763       0.050       1.250                0.016               0.000               0.000          -10.531           267835.579              1.00000 
  2052.524           6.382    331.562       0.050       1.250                0.016               0.000               0.000          -10.506           267835.595              1.00000 
  2053.524           6.356    331.362       0.050       1.250                0.016               0.000               0.000          -10.480           267835.611              1.00000 
  2054.524           6.329    331.163       0.050       1.250                0.016               0.000               0.000          -10.455           267835.628              1.00000 
  2055.524           6.303    330.964       0.050       1.250                0.016               0.000               0.000          -10.430           267835.644              1.00000 
  2056.524           6.276    330.765       0.050       1.250                0.016               0.000               0.000          -10.405           267835.660              1.00000 
  2057.524           6.250    330.567       0.050       1.250                0.016               0.000               0.000          -10.380           267835.676              1.00000 
  2058.524           6.224    330.370       0.050       1.250                0.016               0.000               0.000          -10.355           267835.692              1.00000 
  2059.524           6.197    330.173       0.050       1.250                0.016               0.000               0.000          -10.330           267835.708              1.00000 
  2060.524           6.171    329.976       0.050       1.250                0.016               0.000               0.000          -10.306           267835.724              1.00000 
  2061.524           6.145    329.780       0.050       1.250                0.016               0.000               0.000          -10.281           267835.740              1.00000 
  2062.524           6.119    329.584       0.050       1.250                0.016               0.000               0.000          -10.257           267835.756              1.00000 
  2063.524           6.092    329.389       0.050       1.250                0.016               0.000               0.000          -10.232           267835.772              1.00000 
  2064.524           6.066    329.194       0.050       1.250                0.016               0.000               0.000          -10.208           267835.788              1.00000 
  2065.524           6.040    329.000       0.050       1.250                0.016               0.000               0.000          -10.184           267835.804              1.00000 
  2066.524           6.014    328.806       0.050       1.250                0.016               0.000               0.000          -10.160           267835.819              1.00000 
  2067.524           5.988    328.613       0.050       1.250                0.016               0.000               0.000          -10.136           267835.835              1.00000 
  2068.524           5.962    328.420       0.050       1.250                0.016               0.000               0.000          -10.112           267835.851              1.00000 
  2069.524           5.936    328.228       0.050       1.250                0.016               0.000               0.000          -10.089           267835.866              1.00000 
  2070.524           5.911    328.036       0.050       1.250                0.016               0.000               0.000          -10.065           267835.882              1.00000 
  2071.524           5.885    327.844       0.050       1.250                0.015               0.000               0.000          -10.041           267835.897              1.00000 
  2072.524           5.859    327.653       0.050       1.250                0.015               0.000               0.000          -10.018           267835.913              1.00000 
  2073.524           5.833    327.462       0.050       1.250                0.015               0.000               0.000           -9.995           267835.928              1.00000 
  2074.524           5.807    327.272       0.050       1.250                0.015               0.000               0.000           -9.971           267835.943              1.00000 
  2075.524           5.782    327.082       0.050       1.250                0.015               0.000               0.000           -9.948           267835.959              1.00000 
  2076.524           5.756    326.893       0.050       1.250                0.015               0.000               0.000           -9.925           267835.974              1.00000 
  2077.524           5.730    326.704       0.050       1.250                0.015               0.000               0.000           -9.902           267835.989              1.00000 
  2078.524           5.705    326.516       0.050       1.250                0.015               0.000               0.000           -9.879           267836.004              1.00000 
  2079.524           5.679    326.328       0.050       1.250                0.015               0.000               0.000           -9.857           267836.019              1.00000 
  2080.524           5.654    326.140       0.050       1.250                0.015               0.000               0.000           -9.834           267836.034              1.00000 
  2081.524           5.628    325.953       0.050       1.250                0.015               0.000               0.000           -9.811           267836.049              1.00000 
  2082.524           5.603    325.766       0.050       1.250                0.015               0.000               0.000           -9.789           267836.064              1.00000 
  2083.524           5.577    325.580       0.050       1.250                0.015               0.000               0.000           -9.766           267836.079              1.00000 
  2084.524           5.552    325.394       0.050       1.250                0.015               0.000               0.000           -9.744           267836.094              1.00000 
  2085.524           5.527    325.208       0.050       1.250                0.015               0.000               0.000           -9.722           267836.109              1.00000 
  2086.524           5.501    325.023       0.050       1.250                0.015               0.000               0.000           -9.700           267836.124              1.00000 
  2087.524           5.476    324.839       0.050       1.250                0.015               0.000               0.000           -9.678           267836.138              1.00000 
  2088.524           5.451    324.655       0.050       1.250                0.015               0.000               0.000           -9.656           267836.153              1.00000 
  2089.524           5.426    324.471       0.050       1.250                0.015               0.000               0.000           -9.634           267836.168              1.00000 
  2090.524           5.401    324.287       0.050       1.250                0.015               0.000               0.000           -9.612           267836.182              1.00000 
  2091.524           5.375    324.104       0.050       1.250                0.015               0.000               0.000           -9.590           267836.197              1.00000 
  2092.524           5.350    323.922       0.050       1.250                0.015               0.000               0.000           -9.569           267836.211              1.00000 
  2093.524           5.325    323.740       0.050       1.250                0.014               0.000               0.000           -9.547           267836.226              1.00000 
  2094.524           5.300    323.558       0.050       1.250                0.014               0.000               0.000           -9.526           267836.240              1.00000 
  2095.524           5.275    323.377       0.050       1.250                0.014               0.000               0.000           -9.504           267836.255              1.00000 
  2096.524           5.250    323.196       0.050       1.250                0.014               0.000               0.000           -9.483           267836.269              1.00000 
  2097.524           5.225    323.015       0.050       1.250                0.014               0.000               0.000           -9.462           267836.283              1.00000 
  2098.524           5.201    322.835       0.050       1.250                0.014               0.000               0.000           -9.441           267836.298              1.00000 
  2099.524           5.176    322.656       0.050       1.250                0.014               0.000               0.000           -9.420           267836.312              1.00000 
  2100.524           5.151    322.476       0.050       1.250                0.014               0.000               0.000           -9.399           267836.326              1.00000 
  2101.524           5.126    322.297       0.050       1.250                0.014               0.000               0.000           -9.378           267836.340              1.00000 
  2102.524           5.101    322.119       0.050       1.250                0.014               0.000               0.000           -9.357           267836.354              1.00000 
  2103.524           5.077    321.941       0.050       1.250                0.014               0.000               0.000           -9.336           267836.368              1.00000 
  2104.524           5.052    321.763       0.050       1.250                0.014               0.000               0.000           -9.316           267836.382              1.00000 
  2105.524           5.027    321.586       0.050       1.250                0.014               0.000               0.000           -9.295           267836.396              1.00000 
  2106.524           5.003    321.409       0.050       1.250                0.014               0.000               0.000           -9.275           267836.410              1.00000 
  2107.524           4.978    321.232       0.050       1.250                0.014               0.000               0.000           -9.254           267836.424              1.00000 
  2108.524           4.953    321.056       0.050       1.250                0.014               0.000               0.000           -9.234           267836.438              1.00000 
  2109.524           4.929    320.880       0.050       1.250                0.014               0.000               0.000           -9.214           267836.452              1.00000 
  2110.524           4.904    320.705       0.050       1.250                0.014               0.000               0.000           -9.194           267836.466              1.00000 
