#_______________________________________________________________________________
#    ######   ####     ##             #####   #####     ##    #    #    ##
#    #       #        #  #            #    #  #    #   #  #   ##  ##   #  #
#    #####    ####   ######           #    #  #####   ######  # ## #  ######
#    #            #  #    #           #    #  #    #  #    #  #    #  #    #
#____######__#####___#____#___________#####___#____#__#____#__#____#__#____#____
#
#              ESA Debris Risk Assessment and Mitigation Analysis
#
#                      ---- DRAMA ( SESAM 2.3.0 ) ----
#                                      ESA 2018 
#
#                              trajectory history file
#-------------------------------------------------------------------------------
# Filename      : PySara.Compound_of-SOLAR_PANEL+X-SOLAR_PANEL-X-SOLAR_PANEL+Y-Solar_panel-y-SOLAR_PANEL+Z-SOLAR_PANEL-Z-Structure.17276616445358212567_Trajectory.txt
# RunID         : PySara
# ObjectID      : 17276616445358212567
# ObjectName    : Compound_of-SOLAR_PANEL+X-SOLAR_PANEL-X-SOLAR_PANEL+Y-Solar_panel-y-SOLAR_PANEL+Z-SOLAR_PANEL-Z-Structure
# Content       : This file contains the trajectory state data of the object,
#                 computed by the DRAMA 3 Re-entry Analysis.
# Documentation : DRAMA Software User Manual, section OPERATIONS MANUAL / Normal operation / SARA / SARA Simulation Output / Re-entry simulation output
#
#--------------------------------------------------------------------------------------------------------------------------------------------------------------------------------------------------------------------------------
#  Time [s]  Altitude [km]  Lat [deg]  Lon [deg]  Velocity [km/s]   Downrange [km]       Drag       Lift       Side    Knudsen       Mach  Flight Path [deg]  Heading [deg]  Density [kg/m^2]  DynPressure [Pa]   Load Factor [g]
#--------------------------------------------------------------------------------------------------------------------------------------------------------------------------------------------------------------------------------
     0.000         124.895     47.256    -44.308            7.910            0.000      1.700      0.000      0.000   31.20347   18.25938           -0.14617      194.84073         1.305e-08         4.082e-01         1.490e-03 
     0.100         124.893     47.250    -44.310            7.910            0.777      1.700      0.000      0.000   31.19813   18.25986           -0.14617      194.83941         1.305e-08         4.083e-01         1.491e-03 
     0.550         124.884     47.219    -44.322            7.910            4.271      1.700      0.000      0.000   31.17336   18.26206           -0.14618      194.83350         1.306e-08         4.086e-01         1.492e-03 
     1.550         124.864     47.152    -44.348            7.910           12.037      1.700      0.000      0.000   31.11662   18.26711           -0.14621      194.82040         1.309e-08         4.094e-01         1.495e-03 
     2.550         124.844     47.084    -44.374            7.910           19.804      1.700      0.000      0.000   31.05580   18.27253           -0.14623      194.80736         1.311e-08         4.102e-01         1.498e-03 
     3.550         124.824     47.017    -44.400            7.910           27.570      1.700      0.000      0.000   30.99507   18.27795           -0.14626      194.79437         1.314e-08         4.110e-01         1.501e-03 
     4.550         124.804     46.949    -44.426            7.910           35.337      1.700      0.000      0.000   30.93444   18.28338           -0.14628      194.78143         1.317e-08         4.119e-01         1.504e-03 
     5.550         124.783     46.882    -44.452            7.910           43.103      1.700      0.000      0.000   30.87380   18.28883           -0.14630      194.76855         1.319e-08         4.127e-01         1.507e-03 
     6.550         124.763     46.815    -44.478            7.910           50.870      1.700      0.000      0.000   30.81321   18.29428           -0.14633      194.75572         1.322e-08         4.135e-01         1.510e-03 
     7.550         124.743     46.747    -44.504            7.910           58.637      1.700      0.000      0.000   30.75273   18.29974           -0.14635      194.74294         1.325e-08         4.144e-01         1.513e-03 
     8.550         124.723     46.680    -44.530            7.910           66.404      1.700      0.000      0.000   30.69234   18.30520           -0.14637      194.73022         1.327e-08         4.152e-01         1.516e-03 
     9.550         124.703     46.612    -44.556            7.910           74.171      1.699      0.000      0.000   30.63206   18.31066           -0.14639      194.71756         1.330e-08         4.161e-01         1.519e-03 
    10.550         124.682     46.545    -44.581            7.910           81.938      1.699      0.000      0.000   30.57176   18.31614           -0.14641      194.70494         1.333e-08         4.169e-01         1.522e-03 
    11.550         124.662     46.477    -44.607            7.910           89.705      1.699      0.000      0.000   30.51152   18.32163           -0.14643      194.69238         1.335e-08         4.178e-01         1.525e-03 
    12.550         124.642     46.410    -44.633            7.910           97.473      1.699      0.000      0.000   30.45138   18.32712           -0.14645      194.67987         1.338e-08         4.186e-01         1.528e-03 
    13.550         124.622     46.342    -44.658            7.910          105.240      1.699      0.000      0.000   30.39134   18.33262           -0.14647      194.66741         1.341e-08         4.195e-01         1.531e-03 
    14.550         124.601     46.274    -44.684            7.910          113.008      1.699      0.000      0.000   30.33141   18.33812           -0.14648      194.65500         1.344e-08         4.203e-01         1.534e-03 
    15.550         124.581     46.207    -44.709            7.910          120.776      1.699      0.000      0.000   30.27145   18.34363           -0.14650      194.64265         1.346e-08         4.212e-01         1.537e-03 
    16.550         124.561     46.139    -44.735            7.910          128.544      1.699      0.000      0.000   30.21156   18.34916           -0.14652      194.63035         1.349e-08         4.220e-01         1.540e-03 
    17.550         124.541     46.072    -44.760            7.910          136.312      1.699      0.000      0.000   30.15177   18.35469           -0.14653      194.61810         1.352e-08         4.229e-01         1.544e-03 
    18.550         124.521     46.004    -44.785            7.910          144.080      1.699      0.000      0.000   30.09209   18.36021           -0.14655      194.60589         1.355e-08         4.238e-01         1.547e-03 
    19.550         124.500     45.937    -44.810            7.910          151.849      1.699      0.000      0.000   30.03251   18.36575           -0.14656      194.59374         1.357e-08         4.246e-01         1.550e-03 
    20.550         124.480     45.869    -44.836            7.910          159.617      1.699      0.000      0.000   29.97290   18.37130           -0.14658      194.58164         1.360e-08         4.255e-01         1.553e-03 
    21.550         124.460     45.802    -44.861            7.910          167.386      1.699      0.000      0.000   29.91337   18.37686           -0.14659      194.56959         1.363e-08         4.264e-01         1.556e-03 
    22.550         124.440     45.734    -44.886            7.910          175.154      1.699      0.000      0.000   29.85394   18.38242           -0.14660      194.55760         1.366e-08         4.273e-01         1.559e-03 
    23.550         124.419     45.667    -44.911            7.910          182.923      1.699      0.000      0.000   29.79462   18.38798           -0.14661      194.54565         1.369e-08         4.281e-01         1.563e-03 
    24.550         124.399     45.599    -44.936            7.910          190.692      1.699      0.000      0.000   29.73540   18.39355           -0.14663      194.53374         1.371e-08         4.290e-01         1.566e-03 
    25.550         124.379     45.531    -44.961            7.910          198.461      1.699      0.000      0.000   29.67614   18.39914           -0.14664      194.52189         1.374e-08         4.299e-01         1.569e-03 
    26.550         124.359     45.464    -44.986            7.910          206.230      1.699      0.000      0.000   29.61698   18.40473           -0.14665      194.51009         1.377e-08         4.308e-01         1.572e-03 
    27.550         124.338     45.396    -45.010            7.910          214.000      1.699      0.000      0.000   29.55792   18.41033           -0.14666      194.49834         1.380e-08         4.317e-01         1.575e-03 
    28.550         124.318     45.329    -45.035            7.910          221.769      1.699      0.000      0.000   29.49896   18.41592           -0.14666      194.48663         1.383e-08         4.326e-01         1.579e-03 
    29.550         124.298     45.261    -45.060            7.910          229.539      1.699      0.000      0.000   29.44011   18.42152           -0.14667      194.47498         1.386e-08         4.334e-01         1.582e-03 
    30.550         124.278     45.194    -45.085            7.910          237.309      1.699      0.000      0.000   29.38121   18.42715           -0.14668      194.46337         1.388e-08         4.343e-01         1.585e-03 
    31.550         124.257     45.126    -45.109            7.910          245.078      1.699      0.000      0.000   29.32241   18.43278           -0.14669      194.45181         1.391e-08         4.352e-01         1.588e-03 
    32.550         124.237     45.058    -45.134            7.910          252.848      1.699      0.000      0.000   29.26372   18.43840           -0.14669      194.44030         1.394e-08         4.361e-01         1.592e-03 
    33.550         124.217     44.991    -45.158            7.910          260.618      1.699      0.000      0.000   29.20514   18.44404           -0.14670      194.42883         1.397e-08         4.370e-01         1.595e-03 
    34.550         124.197     44.923    -45.183            7.910          268.389      1.699      0.000      0.000   29.14665   18.44967           -0.14671      194.41741         1.400e-08         4.380e-01         1.598e-03 
    35.550         124.176     44.855    -45.207            7.910          276.159      1.699      0.000      0.000   29.08812   18.45533           -0.14671      194.40604         1.403e-08         4.389e-01         1.601e-03 
    36.550         124.156     44.788    -45.232            7.910          283.929      1.699      0.000      0.000   29.02970   18.46099           -0.14671      194.39472         1.406e-08         4.398e-01         1.605e-03 
    37.550         124.136     44.720    -45.256            7.910          291.700      1.699      0.000      0.000   28.97139   18.46665           -0.14672      194.38344         1.409e-08         4.407e-01         1.608e-03 
    38.550         124.116     44.653    -45.280            7.910          299.470      1.699      0.000      0.000   28.91318   18.47232           -0.14672      194.37221         1.412e-08         4.416e-01         1.611e-03 
    39.550         124.095     44.585    -45.305            7.910          307.241      1.699      0.000      0.000   28.85506   18.47798           -0.14672      194.36102         1.414e-08         4.425e-01         1.615e-03 
    40.550         124.075     44.517    -45.329            7.910          315.012      1.699      0.000      0.000   28.79692   18.48368           -0.14672      194.34988         1.417e-08         4.434e-01         1.618e-03 
    41.550         124.055     44.450    -45.353            7.910          322.783      1.699      0.000      0.000   28.73887   18.48937           -0.14673      194.33879         1.420e-08         4.444e-01         1.621e-03 
    42.550         124.035     44.382    -45.377            7.910          330.554      1.699      0.000      0.000   28.68094   18.49507           -0.14673      194.32774         1.423e-08         4.453e-01         1.625e-03 
    43.550         124.014     44.314    -45.401            7.910          338.326      1.699      0.000      0.000   28.62311   18.50076           -0.14673      194.31674         1.426e-08         4.462e-01         1.628e-03 
    44.550         123.994     44.247    -45.425            7.910          346.097      1.699      0.000      0.000   28.56537   18.50647           -0.14672      194.30578         1.429e-08         4.471e-01         1.631e-03 
    45.550         123.974     44.179    -45.449            7.910          353.869      1.699      0.000      0.000   28.50761   18.51219           -0.14672      194.29487         1.432e-08         4.481e-01         1.635e-03 
    46.550         123.954     44.111    -45.473            7.910          361.640      1.699      0.000      0.000   28.44995   18.51792           -0.14672      194.28400         1.435e-08         4.490e-01         1.638e-03 
    47.550         123.933     44.044    -45.497            7.910          369.412      1.699      0.000      0.000   28.39240   18.52365           -0.14672      194.27318         1.438e-08         4.500e-01         1.642e-03 
    48.550         123.913     43.976    -45.521            7.910          377.184      1.699      0.000      0.000   28.33496   18.52938           -0.14672      194.26240         1.441e-08         4.509e-01         1.645e-03 
    49.550         123.893     43.908    -45.545            7.910          384.956      1.699      0.000      0.000   28.27760   18.53512           -0.14671      194.25166         1.444e-08         4.518e-01         1.648e-03 
    50.550         123.873     43.841    -45.568            7.910          392.728      1.698      0.000      0.000   28.22022   18.54088           -0.14671      194.24097         1.447e-08         4.528e-01         1.652e-03 
    51.550         123.852     43.773    -45.592            7.910          400.500      1.698      0.000      0.000   28.16296   18.54664           -0.14670      194.23033         1.450e-08         4.537e-01         1.655e-03 
    52.550         123.832     43.705    -45.616            7.910          408.273      1.698      0.000      0.000   28.10580   18.55240           -0.14670      194.21972         1.453e-08         4.547e-01         1.659e-03 
    53.550         123.812     43.638    -45.639            7.910          416.045      1.698      0.000      0.000   28.04875   18.55816           -0.14669      194.20916         1.456e-08         4.556e-01         1.662e-03 
    54.550         123.792     43.570    -45.663            7.910          423.818      1.698      0.000      0.000   27.99177   18.56393           -0.14668      194.19864         1.459e-08         4.566e-01         1.666e-03 
    55.550         123.771     43.502    -45.687            7.910          431.591      1.698      0.000      0.000   27.93479   18.56972           -0.14668      194.18817         1.463e-08         4.576e-01         1.669e-03 
    56.550         123.751     43.434    -45.710            7.910          439.364      1.698      0.000      0.000   27.87791   18.57552           -0.14667      194.17774         1.466e-08         4.585e-01         1.673e-03 
    57.550         123.731     43.367    -45.734            7.910          447.137      1.698      0.000      0.000   27.82115   18.58131           -0.14666      194.16735         1.469e-08         4.595e-01         1.676e-03 
    58.550         123.711     43.299    -45.757            7.910          454.910      1.698      0.000      0.000   27.76450   18.58711           -0.14665      194.15700         1.472e-08         4.604e-01         1.680e-03 
    59.550         123.690     43.231    -45.780            7.910          462.683      1.698      0.000      0.000   27.70791   18.59291           -0.14664      194.14669         1.475e-08         4.614e-01         1.683e-03 
    60.550         123.670     43.164    -45.804            7.910          470.456      1.698      0.000      0.000   27.65132   18.59874           -0.14663      194.13643         1.478e-08         4.624e-01         1.687e-03 
    61.550         123.650     43.096    -45.827            7.910          478.230      1.698      0.000      0.000   27.59485   18.60456           -0.14662      194.12621         1.481e-08         4.634e-01         1.690e-03 
    62.550         123.630     43.028    -45.850            7.910          486.003      1.698      0.000      0.000   27.53849   18.61039           -0.14661      194.11603         1.484e-08         4.643e-01         1.694e-03 
    63.550         123.609     42.960    -45.873            7.910          493.777      1.698      0.000      0.000   27.48224   18.61621           -0.14659      194.10589         1.487e-08         4.653e-01         1.697e-03 
    64.550         123.589     42.893    -45.897            7.910          501.551      1.698      0.000      0.000   27.42603   18.62205           -0.14658      194.09579         1.490e-08         4.663e-01         1.701e-03 
    65.550         123.569     42.825    -45.920            7.910          509.325      1.698      0.000      0.000   27.36985   18.62791           -0.14657      194.08574         1.494e-08         4.673e-01         1.704e-03 
    66.550         123.549     42.757    -45.943            7.910          517.099      1.698      0.000      0.000   27.31378   18.63376           -0.14655      194.07572         1.497e-08         4.683e-01         1.708e-03 
    67.550         123.528     42.689    -45.966            7.910          524.873      1.698      0.000      0.000   27.25782   18.63962           -0.14654      194.06574         1.500e-08         4.693e-01         1.712e-03 
    68.550         123.508     42.622    -45.989            7.910          532.648      1.698      0.000      0.000   27.20198   18.64548           -0.14652      194.05581         1.503e-08         4.703e-01         1.715e-03 
    69.550         123.488     42.554    -46.012            7.910          540.422      1.698      0.000      0.000   27.14617   18.65135           -0.14651      194.04592         1.506e-08         4.713e-01         1.719e-03 
    70.550         123.468     42.486    -46.035            7.910          548.197      1.698      0.000      0.000   27.09039   18.65724           -0.14649      194.03606         1.509e-08         4.723e-01         1.722e-03 
    71.550         123.447     42.418    -46.057            7.910          555.971      1.698      0.000      0.000   27.03473   18.66313           -0.14647      194.02625         1.513e-08         4.733e-01         1.726e-03 
    72.550         123.427     42.351    -46.080            7.910          563.746      1.698      0.000      0.000   26.97918   18.66902           -0.14646      194.01647         1.516e-08         4.743e-01         1.730e-03 
    73.550         123.407     42.283    -46.103            7.910          571.521      1.698      0.000      0.000   26.92374   18.67491           -0.14644      194.00674         1.519e-08         4.753e-01         1.733e-03 
    74.550         123.387     42.215    -46.126            7.910          579.296      1.698      0.000      0.000   26.86833   18.68081           -0.14642      193.99704         1.522e-08         4.763e-01         1.737e-03 
    75.550         123.367     42.147    -46.149            7.910          587.071      1.698      0.000      0.000   26.81297   18.68673           -0.14640      193.98739         1.526e-08         4.773e-01         1.741e-03 
    76.550         123.346     42.079    -46.171            7.910          594.847      1.698      0.000      0.000   26.75772   18.69265           -0.14638      193.97777         1.529e-08         4.783e-01         1.744e-03 
    77.550         123.326     42.012    -46.194            7.910          602.622      1.698      0.000      0.000   26.70258   18.69857           -0.14636      193.96819         1.532e-08         4.793e-01         1.748e-03 
    78.550         123.306     41.944    -46.216            7.910          610.398      1.698      0.000      0.000   26.64755   18.70449           -0.14634      193.95865         1.535e-08         4.804e-01         1.752e-03 
    79.550         123.286     41.876    -46.239            7.910          618.173      1.698      0.000      0.000   26.59255   18.71043           -0.14632      193.94915         1.539e-08         4.814e-01         1.755e-03 
    80.550         123.266     41.808    -46.262            7.910          625.949      1.698      0.000      0.000   26.53760   18.71638           -0.14630      193.93968         1.542e-08         4.824e-01         1.759e-03 
    81.550         123.245     41.740    -46.284            7.910          633.725      1.698      0.000      0.000   26.48276   18.72233           -0.14627      193.93026         1.545e-08         4.834e-01         1.763e-03 
    82.550         123.225     41.673    -46.306            7.910          641.501      1.698      0.000      0.000   26.42804   18.72828           -0.14625      193.92087         1.548e-08         4.845e-01         1.767e-03 
    83.550         123.205     41.605    -46.329            7.910          649.277      1.698      0.000      0.000   26.37343   18.73424           -0.14622      193.91152         1.552e-08         4.855e-01         1.770e-03 
    84.550         123.185     41.537    -46.351            7.910          657.054      1.698      0.000      0.000   26.31883   18.74021           -0.14620      193.90221         1.555e-08         4.865e-01         1.774e-03 
    85.550         123.165     41.469    -46.374            7.910          664.830      1.698      0.000      0.000   26.26430   18.74619           -0.14618      193.89294         1.558e-08         4.876e-01         1.778e-03 
    86.550         123.144     41.401    -46.396            7.910          672.606      1.698      0.000      0.000   26.20988   18.75217           -0.14615      193.88370         1.562e-08         4.886e-01         1.782e-03 
    87.550         123.124     41.333    -46.418            7.910          680.383      1.698      0.000      0.000   26.15557   18.75815           -0.14612      193.87450         1.565e-08         4.897e-01         1.785e-03 
    88.550         123.104     41.266    -46.440            7.910          688.160      1.698      0.000      0.000   26.10138   18.76413           -0.14610      193.86534         1.568e-08         4.907e-01         1.789e-03 
    89.550         123.084     41.198    -46.462            7.910          695.937      1.697      0.000      0.000   26.04720   18.77013           -0.14607      193.85621         1.572e-08         4.918e-01         1.793e-03 
    90.550         123.064     41.130    -46.485            7.910          703.714      1.697      0.000      0.000   25.99309   18.77615           -0.14604      193.84713         1.575e-08         4.928e-01         1.797e-03 
    91.550         123.044     41.062    -46.507            7.910          711.491      1.697      0.000      0.000   25.93909   18.78216           -0.14601      193.83807         1.579e-08         4.939e-01         1.801e-03 
    92.550         123.023     40.994    -46.529            7.910          719.268      1.697      0.000      0.000   25.88521   18.78817           -0.14598      193.82906         1.582e-08         4.949e-01         1.804e-03 
    93.550         123.003     40.926    -46.551            7.910          727.045      1.697      0.000      0.000   25.83143   18.79418           -0.14595      193.82008         1.585e-08         4.960e-01         1.808e-03 
    94.550         122.983     40.858    -46.573            7.910          734.823      1.697      0.000      0.000   25.77767   18.80022           -0.14592      193.81113         1.589e-08         4.971e-01         1.812e-03 
    95.550         122.963     40.791    -46.595            7.910          742.601      1.697      0.000      0.000   25.72398   18.80626           -0.14589      193.80223         1.592e-08         4.981e-01         1.816e-03 
    96.550         122.943     40.723    -46.617            7.910          750.378      1.697      0.000      0.000   25.67041   18.81230           -0.14586      193.79335         1.596e-08         4.992e-01         1.820e-03 
    97.550         122.923     40.655    -46.639            7.911          758.156      1.697      0.000      0.000   25.61695   18.81834           -0.14583      193.78452         1.599e-08         5.003e-01         1.824e-03 
    98.550         122.903     40.587    -46.660            7.911          765.934      1.697      0.000      0.000   25.56360   18.82438           -0.14580      193.77572         1.602e-08         5.014e-01         1.828e-03 
    99.550         122.882     40.519    -46.682            7.911          773.712      1.697      0.000      0.000   25.51026   18.83045           -0.14576      193.76695         1.606e-08         5.024e-01         1.832e-03 
   100.550         122.862     40.451    -46.704            7.911          781.490      1.697      0.000      0.000   25.45700   18.83652           -0.14573      193.75822         1.609e-08         5.035e-01         1.836e-03 
   101.550         122.842     40.383    -46.726            7.911          789.269      1.697      0.000      0.000   25.40385   18.84259           -0.14569      193.74953         1.613e-08         5.046e-01         1.839e-03 
   102.550         122.822     40.315    -46.747            7.911          797.047      1.697      0.000      0.000   25.35081   18.84866           -0.14566      193.74087         1.616e-08         5.057e-01         1.843e-03 
   103.550         122.802     40.248    -46.769            7.911          804.826      1.697      0.000      0.000   25.29790   18.85473           -0.14562      193.73224         1.620e-08         5.068e-01         1.847e-03 
   104.550         122.782     40.180    -46.791            7.911          812.604      1.697      0.000      0.000   25.24498   18.86083           -0.14559      193.72365         1.623e-08         5.079e-01         1.851e-03 
   105.550         122.762     40.112    -46.812            7.911          820.383      1.697      0.000      0.000   25.19214   18.86693           -0.14555      193.71509         1.627e-08         5.090e-01         1.855e-03 
   106.550         122.742     40.044    -46.834            7.911          828.162      1.697      0.000      0.000   25.13943   18.87303           -0.14551      193.70657         1.630e-08         5.101e-01         1.859e-03 
   107.550         122.722     39.976    -46.855            7.911          835.941      1.697      0.000      0.000   25.08682   18.87913           -0.14548      193.69808         1.634e-08         5.112e-01         1.863e-03 
   108.550         122.702     39.908    -46.877            7.911          843.720      1.697      0.000      0.000   25.03433   18.88523           -0.14544      193.68963         1.637e-08         5.123e-01         1.867e-03 
   109.550         122.681     39.840    -46.898            7.911          851.500      1.697      0.000      0.000   24.98184   18.89135           -0.14540      193.68120         1.641e-08         5.134e-01         1.871e-03 
   110.550         122.661     39.772    -46.920            7.911          859.279      1.697      0.000      0.000   24.92944   18.89748           -0.14536      193.67282         1.644e-08         5.145e-01         1.875e-03 
   111.550         122.641     39.704    -46.941            7.911          867.058      1.697      0.000      0.000   24.87715   18.90361           -0.14532      193.66446         1.648e-08         5.156e-01         1.879e-03 
   112.550         122.621     39.636    -46.963            7.911          874.838      1.697      0.000      0.000   24.82498   18.90974           -0.14528      193.65614         1.651e-08         5.167e-01         1.883e-03 
   113.550         122.601     39.568    -46.984            7.911          882.618      1.697      0.000      0.000   24.77293   18.91587           -0.14524      193.64786         1.655e-08         5.178e-01         1.887e-03 
   114.550         122.581     39.501    -47.005            7.911          890.398      1.697      0.000      0.000   24.72087   18.92203           -0.14520      193.63960         1.659e-08         5.190e-01         1.891e-03 
   115.550         122.561     39.433    -47.027            7.911          898.178      1.697      0.000      0.000   24.66890   18.92819           -0.14515      193.63138         1.662e-08         5.201e-01         1.896e-03 
   116.550         122.541     39.365    -47.048            7.911          905.958      1.697      0.000      0.000   24.61705   18.93435           -0.14511      193.62319         1.666e-08         5.212e-01         1.900e-03 
   117.550         122.521     39.297    -47.069            7.911          913.738      1.697      0.000      0.000   24.56531   18.94050           -0.14507      193.61504         1.669e-08         5.224e-01         1.904e-03 
   118.550         122.501     39.229    -47.090            7.911          921.518      1.697      0.000      0.000   24.51369   18.94666           -0.14503      193.60692         1.673e-08         5.235e-01         1.908e-03 
   119.550         122.481     39.161    -47.111            7.911          929.299      1.697      0.000      0.000   24.46206   18.95284           -0.14498      193.59882         1.677e-08         5.246e-01         1.912e-03 
   120.550         122.461     39.093    -47.132            7.911          937.079      1.697      0.000      0.000   24.41053   18.95903           -0.14494      193.59077         1.680e-08         5.258e-01         1.916e-03 
   121.550         122.441     39.025    -47.153            7.911          944.860      1.697      0.000      0.000   24.35911   18.96522           -0.14489      193.58274         1.684e-08         5.269e-01         1.920e-03 
   122.550         122.421     38.957    -47.174            7.911          952.641      1.697      0.000      0.000   24.30781   18.97141           -0.14484      193.57475         1.688e-08         5.281e-01         1.924e-03 
   123.550         122.401     38.889    -47.195            7.911          960.422      1.697      0.000      0.000   24.25663   18.97759           -0.14480      193.56678         1.691e-08         5.292e-01         1.928e-03 
   124.550         122.381     38.821    -47.216            7.911          968.203      1.697      0.000      0.000   24.20544   18.98380           -0.14475      193.55885         1.695e-08         5.304e-01         1.933e-03 
   125.550         122.361     38.753    -47.237            7.911          975.984      1.697      0.000      0.000   24.15434   18.99002           -0.14470      193.55095         1.699e-08         5.315e-01         1.937e-03 
   126.550         122.341     38.685    -47.258            7.911          983.765      1.696      0.000      0.000   24.10336   18.99623           -0.14466      193.54309         1.702e-08         5.327e-01         1.941e-03 
   127.550         122.321     38.617    -47.279            7.911          991.547      1.696      0.000      0.000   24.05250   19.00245           -0.14461      193.53525         1.706e-08         5.338e-01         1.945e-03 
   128.550         122.301     38.549    -47.300            7.911          999.328      1.696      0.000      0.000   24.00175   19.00866           -0.14456      193.52745         1.710e-08         5.350e-01         1.949e-03 
   129.550         122.281     38.481    -47.321            7.911         1007.110      1.696      0.000      0.000   23.95101   19.01490           -0.14451      193.51967         1.714e-08         5.362e-01         1.954e-03 
   130.550         122.261     38.413    -47.342            7.911         1014.892      1.696      0.000      0.000   23.90035   19.02114           -0.14446      193.51193         1.717e-08         5.373e-01         1.958e-03 
   131.550         122.241     38.345    -47.362            7.911         1022.674      1.696      0.000      0.000   23.84981   19.02739           -0.14441      193.50422         1.721e-08         5.385e-01         1.962e-03 
   132.550         122.221     38.277    -47.383            7.911         1030.455      1.696      0.000      0.000   23.79939   19.03363           -0.14436      193.49654         1.725e-08         5.397e-01         1.966e-03 
   133.550         122.201     38.209    -47.404            7.911         1038.238      1.696      0.000      0.000   23.74908   19.03987           -0.14430      193.48888         1.729e-08         5.409e-01         1.971e-03 
   134.550         122.181     38.141    -47.424            7.911         1046.020      1.696      0.000      0.000   23.69878   19.04614           -0.14425      193.48126         1.732e-08         5.420e-01         1.975e-03 
   135.550         122.162     38.073    -47.445            7.911         1053.802      1.696      0.000      0.000   23.64857   19.05241           -0.14420      193.47367         1.736e-08         5.432e-01         1.979e-03 
   136.550         122.142     38.005    -47.466            7.911         1061.585      1.696      0.000      0.000   23.59847   19.05868           -0.14414      193.46611         1.740e-08         5.444e-01         1.983e-03 
   137.550         122.122     37.937    -47.486            7.911         1069.367      1.696      0.000      0.000   23.54849   19.06495           -0.14409      193.45858         1.744e-08         5.456e-01         1.988e-03 
   138.550         122.102     37.869    -47.507            7.911         1077.150      1.696      0.000      0.000   23.49862   19.07122           -0.14404      193.45108         1.747e-08         5.468e-01         1.992e-03 
   139.550         122.082     37.801    -47.527            7.911         1084.933      1.696      0.000      0.000   23.44876   19.07751           -0.14398      193.44361         1.751e-08         5.480e-01         1.996e-03 
   140.550         122.062     37.733    -47.548            7.911         1092.716      1.696      0.000      0.000   23.39899   19.08381           -0.14393      193.43617         1.755e-08         5.492e-01         2.001e-03 
   141.550         122.042     37.665    -47.568            7.911         1100.499      1.696      0.000      0.000   23.34934   19.09010           -0.14387      193.42876         1.759e-08         5.504e-01         2.005e-03 
   142.550         122.022     37.597    -47.589            7.911         1108.282      1.696      0.000      0.000   23.29980   19.09640           -0.14381      193.42138         1.763e-08         5.516e-01         2.009e-03 
   143.550         122.003     37.529    -47.609            7.911         1116.065      1.696      0.000      0.000   23.25037   19.10270           -0.14376      193.41403         1.767e-08         5.528e-01         2.014e-03 
   144.550         121.983     37.461    -47.629            7.911         1123.848      1.696      0.000      0.000   23.20097   19.10901           -0.14370      193.40671         1.771e-08         5.540e-01         2.018e-03 
   145.550         121.963     37.393    -47.650            7.911         1131.632      1.696      0.000      0.000   23.15164   19.11534           -0.14364      193.39941         1.774e-08         5.552e-01         2.023e-03 
   146.550         121.943     37.325    -47.670            7.911         1139.415      1.696      0.000      0.000   23.10243   19.12166           -0.14358      193.39215         1.778e-08         5.564e-01         2.027e-03 
   147.550         121.923     37.257    -47.690            7.911         1147.199      1.696      0.000      0.000   23.05333   19.12799           -0.14352      193.38491         1.782e-08         5.577e-01         2.031e-03 
   148.550         121.903     37.189    -47.710            7.911         1154.983      1.696      0.000      0.000   23.00435   19.13431           -0.14346      193.37770         1.786e-08         5.589e-01         2.036e-03 
   149.550         121.884     37.121    -47.731            7.911         1162.767      1.696      0.000      0.000   22.95539   19.14065           -0.14340      193.37053         1.790e-08         5.601e-01         2.040e-03 
   150.550         121.864     37.053    -47.751            7.911         1170.551      1.696      0.000      0.000   22.90651   19.14700           -0.14334      193.36338         1.794e-08         5.613e-01         2.045e-03 
   151.550         121.844     36.985    -47.771            7.911         1178.335      1.696      0.000      0.000   22.85774   19.15335           -0.14328      193.35625         1.798e-08         5.626e-01         2.049e-03 
   152.550         121.824     36.917    -47.791            7.911         1186.120      1.696      0.000      0.000   22.80909   19.15970           -0.14322      193.34916         1.802e-08         5.638e-01         2.054e-03 
   153.550         121.804     36.849    -47.811            7.911         1193.904      1.696      0.000      0.000   22.76056   19.16605           -0.14316      193.34209         1.806e-08         5.651e-01         2.058e-03 
   154.550         121.785     36.781    -47.831            7.911         1201.688      1.696      0.000      0.000   22.71205   19.17242           -0.14309      193.33506         1.810e-08         5.663e-01         2.063e-03 
   155.550         121.765     36.713    -47.851            7.911         1209.473      1.696      0.000      0.000   22.66362   19.17879           -0.14303      193.32805         1.814e-08         5.675e-01         2.067e-03 
   156.550         121.745     36.645    -47.871            7.911         1217.258      1.696      0.000      0.000   22.61530   19.18517           -0.14297      193.32107         1.818e-08         5.688e-01         2.072e-03 
   157.550         121.725     36.576    -47.891            7.911         1225.043      1.696      0.000      0.000   22.56709   19.19155           -0.14290      193.31411         1.822e-08         5.700e-01         2.076e-03 
   158.550         121.706     36.508    -47.911            7.911         1232.828      1.696      0.000      0.000   22.51900   19.19792           -0.14284      193.30718         1.826e-08         5.713e-01         2.081e-03 
   159.550         121.686     36.440    -47.931            7.911         1240.613      1.696      0.000      0.000   22.47095   19.20431           -0.14277      193.30029         1.830e-08         5.725e-01         2.085e-03 
   160.550         121.666     36.372    -47.951            7.911         1248.398      1.696      0.000      0.000   22.42296   19.21071           -0.14271      193.29341         1.834e-08         5.738e-01         2.090e-03 
   161.550         121.647     36.304    -47.971            7.911         1256.183      1.696      0.000      0.000   22.37509   19.21712           -0.14264      193.28657         1.838e-08         5.751e-01         2.094e-03 
   162.550         121.627     36.236    -47.991            7.911         1263.969      1.696      0.000      0.000   22.32733   19.22352           -0.14257      193.27975         1.842e-08         5.763e-01         2.099e-03 
   163.550         121.607     36.168    -48.011            7.911         1271.754      1.695      0.000      0.000   22.27969   19.22992           -0.14251      193.27296         1.846e-08         5.776e-01         2.103e-03 
   164.550         121.588     36.100    -48.030            7.911         1279.540      1.695      0.000      0.000   22.23209   19.23633           -0.14244      193.26620         1.850e-08         5.789e-01         2.108e-03 
   165.550         121.568     36.032    -48.050            7.911         1287.326      1.695      0.000      0.000   22.18455   19.24276           -0.14237      193.25946         1.854e-08         5.802e-01         2.113e-03 
   166.550         121.548     35.964    -48.070            7.911         1295.112      1.695      0.000      0.000   22.13712   19.24919           -0.14230      193.25275         1.858e-08         5.814e-01         2.117e-03 
   167.550         121.529     35.896    -48.090            7.911         1302.898      1.695      0.000      0.000   22.08981   19.25561           -0.14223      193.24607         1.862e-08         5.827e-01         2.122e-03 
   168.550         121.509     35.828    -48.109            7.911         1310.684      1.695      0.000      0.000   22.04262   19.26204           -0.14216      193.23941         1.866e-08         5.840e-01         2.127e-03 
   169.550         121.489     35.759    -48.129            7.911         1318.470      1.695      0.000      0.000   21.99548   19.26847           -0.14209      193.23278         1.870e-08         5.853e-01         2.131e-03 
   170.550         121.470     35.691    -48.149            7.911         1326.256      1.695      0.000      0.000   21.94839   19.27493           -0.14202      193.22618         1.875e-08         5.866e-01         2.136e-03 
   171.550         121.450     35.623    -48.168            7.911         1334.043      1.695      0.000      0.000   21.90141   19.28138           -0.14195      193.21960         1.879e-08         5.879e-01         2.141e-03 
   172.550         121.431     35.555    -48.188            7.911         1341.829      1.695      0.000      0.000   21.85454   19.28783           -0.14188      193.21305         1.883e-08         5.892e-01         2.145e-03 
   173.550         121.411     35.487    -48.207            7.911         1349.616      1.695      0.000      0.000   21.80780   19.29428           -0.14181      193.20652         1.887e-08         5.905e-01         2.150e-03 
   174.550         121.391     35.419    -48.227            7.911         1357.403      1.695      0.000      0.000   21.76112   19.30074           -0.14173      193.20002         1.891e-08         5.918e-01         2.155e-03 
   175.550         121.372     35.351    -48.246            7.911         1365.190      1.695      0.000      0.000   21.71448   19.30721           -0.14166      193.19355         1.895e-08         5.931e-01         2.159e-03 
   176.550         121.352     35.283    -48.266            7.911         1372.977      1.695      0.000      0.000   21.66794   19.31369           -0.14159      193.18710         1.900e-08         5.944e-01         2.164e-03 
   177.550         121.333     35.214    -48.285            7.911         1380.764      1.695      0.000      0.000   21.62153   19.32016           -0.14151      193.18068         1.904e-08         5.957e-01         2.169e-03 
   178.550         121.313     35.146    -48.305            7.911         1388.551      1.695      0.000      0.000   21.57523   19.32664           -0.14144      193.17428         1.908e-08         5.970e-01         2.174e-03 
   179.550         121.294     35.078    -48.324            7.911         1396.338      1.695      0.000      0.000   21.52902   19.33312           -0.14136      193.16791         1.912e-08         5.983e-01         2.178e-03 
   180.550         121.274     35.010    -48.344            7.911         1404.126      1.695      0.000      0.000   21.48282   19.33962           -0.14129      193.16156         1.916e-08         5.997e-01         2.183e-03 
   181.550         121.255     34.942    -48.363            7.911         1411.913      1.695      0.000      0.000   21.43673   19.34612           -0.14121      193.15524         1.921e-08         6.010e-01         2.188e-03 
   182.550         121.235     34.874    -48.382            7.911         1419.701      1.695      0.000      0.000   21.39076   19.35262           -0.14114      193.14894         1.925e-08         6.023e-01         2.193e-03 
   183.550         121.216     34.806    -48.402            7.911         1427.489      1.695      0.000      0.000   21.34491   19.35912           -0.14106      193.14267         1.929e-08         6.037e-01         2.198e-03 
   184.550         121.196     34.738    -48.421            7.911         1435.277      1.695      0.000      0.000   21.29916   19.36561           -0.14098      193.13642         1.933e-08         6.050e-01         2.202e-03 
   185.550         121.177     34.669    -48.440            7.911         1443.065      1.695      0.000      0.000   21.25341   19.37214           -0.14090      193.13020         1.938e-08         6.063e-01         2.207e-03 
   186.550         121.157     34.601    -48.459            7.911         1450.853      1.695      0.000      0.000   21.20777   19.37866           -0.14083      193.12400         1.942e-08         6.077e-01         2.212e-03 
   187.550         121.138     34.533    -48.479            7.911         1458.641      1.695      0.000      0.000   21.16225   19.38519           -0.14075      193.11783         1.946e-08         6.090e-01         2.217e-03 
   188.550         121.118     34.465    -48.498            7.911         1466.430      1.695      0.000      0.000   21.11685   19.39171           -0.14067      193.11168         1.951e-08         6.104e-01         2.222e-03 
   189.550         121.099     34.397    -48.517            7.911         1474.218      1.695      0.000      0.000   21.07156   19.39823           -0.14059      193.10556         1.955e-08         6.117e-01         2.227e-03 
   190.550         121.080     34.329    -48.536            7.911         1482.007      1.695      0.000      0.000   21.02626   19.40477           -0.14051      193.09946         1.959e-08         6.131e-01         2.232e-03 
   191.550         121.060     34.260    -48.555            7.911         1489.795      1.695      0.000      0.000   20.98107   19.41132           -0.14043      193.09338         1.964e-08         6.144e-01         2.237e-03 
   192.550         121.041     34.192    -48.574            7.911         1497.584      1.695      0.000      0.000   20.93600   19.41787           -0.14035      193.08733         1.968e-08         6.158e-01         2.241e-03 
   193.550         121.021     34.124    -48.593            7.911         1505.373      1.695      0.000      0.000   20.89104   19.42441           -0.14027      193.08130         1.972e-08         6.172e-01         2.246e-03 
   194.550         121.002     34.056    -48.612            7.911         1513.162      1.695      0.000      0.000   20.84619   19.43095           -0.14018      193.07530         1.977e-08         6.185e-01         2.251e-03 
   195.550         120.983     33.988    -48.631            7.911         1520.951      1.695      0.000      0.000   20.80137   19.43752           -0.14010      193.06932         1.981e-08         6.199e-01         2.256e-03 
   196.550         120.963     33.920    -48.650            7.911         1528.740      1.695      0.000      0.000   20.75662   19.44409           -0.14002      193.06336         1.985e-08         6.213e-01         2.261e-03 
   197.550         120.944     33.851    -48.669            7.911         1536.529      1.695      0.000      0.000   20.71200   19.45066           -0.13994      193.05743         1.990e-08         6.226e-01         2.266e-03 
   198.550         120.925     33.783    -48.688            7.911         1544.319      1.694      0.000      0.000   20.66748   19.45723           -0.13985      193.05152         1.994e-08         6.240e-01         2.271e-03 
   199.550         120.905     33.715    -48.707            7.911         1552.108      1.694      0.000      0.000   20.62309   19.46379           -0.13977      193.04563         1.999e-08         6.254e-01         2.276e-03 
   200.550         120.886     33.647    -48.726            7.911         1559.898      1.694      0.000      0.000   20.57873   19.47037           -0.13968      193.03977         2.003e-08         6.268e-01         2.281e-03 
   201.550         120.867     33.579    -48.745            7.911         1567.688      1.694      0.000      0.000   20.53443   19.47697           -0.13960      193.03393         2.008e-08         6.282e-01         2.286e-03 
   202.550         120.848     33.510    -48.764            7.911         1575.478      1.694      0.000      0.000   20.49025   19.48356           -0.13951      193.02812         2.012e-08         6.296e-01         2.291e-03 
   203.550         120.828     33.442    -48.783            7.911         1583.268      1.694      0.000      0.000   20.44619   19.49015           -0.13943      193.02232         2.016e-08         6.310e-01         2.296e-03 
   204.550         120.809     33.374    -48.801            7.911         1591.058      1.694      0.000      0.000   20.40223   19.49674           -0.13934      193.01655         2.021e-08         6.324e-01         2.301e-03 
   205.550         120.790     33.306    -48.820            7.911         1598.848      1.694      0.000      0.000   20.35834   19.50333           -0.13925      193.01081         2.025e-08         6.338e-01         2.306e-03 
   206.550         120.771     33.238    -48.839            7.911         1606.638      1.694      0.000      0.000   20.31449   19.50995           -0.13917      193.00508         2.030e-08         6.352e-01         2.312e-03 
   207.550         120.751     33.169    -48.858            7.911         1614.429      1.694      0.000      0.000   20.27076   19.51656           -0.13908      192.99938         2.034e-08         6.366e-01         2.317e-03 
   208.550         120.732     33.101    -48.876            7.911         1622.219      1.694      0.000      0.000   20.22714   19.52317           -0.13899      192.99370         2.039e-08         6.380e-01         2.322e-03 
   209.550         120.713     33.033    -48.895            7.911         1630.010      1.694      0.000      0.000   20.18363   19.52978           -0.13890      192.98805         2.043e-08         6.394e-01         2.327e-03 
   210.550         120.694     32.965    -48.914            7.911         1637.800      1.694      0.000      0.000   20.14021   19.53640           -0.13881      192.98241         2.048e-08         6.408e-01         2.332e-03 
   211.550         120.675     32.897    -48.932            7.911         1645.591      1.694      0.000      0.000   20.09681   19.54304           -0.13872      192.97680         2.053e-08         6.423e-01         2.337e-03 
   212.550         120.656     32.828    -48.951            7.911         1653.382      1.694      0.000      0.000   20.05352   19.54967           -0.13863      192.97121         2.057e-08         6.437e-01         2.342e-03 
   213.550         120.636     32.760    -48.970            7.911         1661.173      1.694      0.000      0.000   20.01034   19.55630           -0.13854      192.96565         2.062e-08         6.451e-01         2.347e-03 
   214.550         120.617     32.692    -48.988            7.911         1668.964      1.694      0.000      0.000   19.96728   19.56294           -0.13845      192.96010         2.066e-08         6.466e-01         2.353e-03 
   215.550         120.598     32.624    -49.007            7.911         1676.756      1.694      0.000      0.000   19.92433   19.56956           -0.13836      192.95458         2.071e-08         6.480e-01         2.358e-03 
   216.550         120.579     32.556    -49.025            7.911         1684.547      1.694      0.000      0.000   19.88137   19.57622           -0.13827      192.94908         2.075e-08         6.494e-01         2.363e-03 
   217.550         120.560     32.487    -49.044            7.911         1692.338      1.694      0.000      0.000   19.83852   19.58288           -0.13818      192.94360         2.080e-08         6.509e-01         2.368e-03 
   218.550         120.541     32.419    -49.062            7.911         1700.130      1.694      0.000      0.000   19.79579   19.58953           -0.13809      192.93814         2.085e-08         6.523e-01         2.373e-03 
   219.550         120.522     32.351    -49.081            7.911         1707.922      1.694      0.000      0.000   19.75317   19.59619           -0.13799      192.93271         2.089e-08         6.538e-01         2.379e-03 
   220.550         120.503     32.283    -49.099            7.911         1715.713      1.694      0.000      0.000   19.71066   19.60284           -0.13790      192.92729         2.094e-08         6.552e-01         2.384e-03 
   221.550         120.484     32.214    -49.118            7.911         1723.505      1.694      0.000      0.000   19.66818   19.60951           -0.13781      192.92190         2.099e-08         6.567e-01         2.389e-03 
   222.550         120.465     32.146    -49.136            7.911         1731.297      1.694      0.000      0.000   19.62578   19.61618           -0.13771      192.91653         2.103e-08         6.581e-01         2.394e-03 
   223.550         120.446     32.078    -49.154            7.911         1739.089      1.694      0.000      0.000   19.58349   19.62286           -0.13762      192.91118         2.108e-08         6.596e-01         2.400e-03 
   224.550         120.427     32.010    -49.173            7.911         1746.882      1.694      0.000      0.000   19.54131   19.62953           -0.13753      192.90585         2.113e-08         6.611e-01         2.405e-03 
   225.550         120.408     31.941    -49.191            7.911         1754.674      1.694      0.000      0.000   19.49924   19.63620           -0.13743      192.90055         2.117e-08         6.625e-01         2.410e-03 
   226.550         120.389     31.873    -49.209            7.911         1762.466      1.694      0.000      0.000   19.45723   19.64289           -0.13733      192.89526         2.122e-08         6.640e-01         2.416e-03 
   227.550         120.370     31.805    -49.228            7.911         1770.259      1.694      0.000      0.000   19.41527   19.64959           -0.13724      192.89000         2.127e-08         6.655e-01         2.421e-03 
   228.550         120.351     31.737    -49.246            7.911         1778.051      1.694      0.000      0.000   19.37342   19.65628           -0.13714      192.88475         2.131e-08         6.669e-01         2.426e-03 
   229.550         120.332     31.668    -49.264            7.911         1785.844      1.694      0.000      0.000   19.33168   19.66298           -0.13705      192.87953         2.136e-08         6.684e-01         2.432e-03 
   230.550         120.313     31.600    -49.283            7.911         1793.637      1.694      0.000      0.000   19.29006   19.66967           -0.13695      192.87433         2.141e-08         6.699e-01         2.437e-03 
   231.550         120.294     31.532    -49.301            7.911         1801.430      1.694      0.000      0.000   19.24852   19.67636           -0.13685      192.86915         2.146e-08         6.714e-01         2.442e-03 
   232.550         120.275     31.464    -49.319            7.911         1809.223      1.694      0.000      0.000   19.20700   19.68308           -0.13675      192.86399         2.150e-08         6.729e-01         2.448e-03 
   233.550         120.256     31.395    -49.337            7.911         1817.016      1.693      0.000      0.000   19.16559   19.68980           -0.13666      192.85885         2.155e-08         6.744e-01         2.453e-03 
   234.550         120.238     31.327    -49.355            7.911         1824.809      1.693      0.000      0.000   19.12429   19.69651           -0.13656      192.85373         2.160e-08         6.759e-01         2.458e-03 
   235.550         120.219     31.259    -49.373            7.911         1832.602      1.693      0.000      0.000   19.08310   19.70322           -0.13646      192.84863         2.165e-08         6.774e-01         2.464e-03 
   236.550         120.200     31.191    -49.392            7.911         1840.396      1.693      0.000      0.000   19.04203   19.70993           -0.13636      192.84355         2.170e-08         6.789e-01         2.469e-03 
   237.550         120.181     31.122    -49.410            7.911         1848.189      1.693      0.000      0.000   19.00096   19.71666           -0.13626      192.83849         2.174e-08         6.804e-01         2.475e-03 
   238.550         120.162     31.054    -49.428            7.911         1855.983      1.693      0.000      0.000   18.95999   19.72340           -0.13616      192.83346         2.179e-08         6.819e-01         2.480e-03 
   239.550         120.143     30.986    -49.446            7.911         1863.777      1.693      0.000      0.000   18.91913   19.73013           -0.13606      192.82844         2.184e-08         6.834e-01         2.486e-03 
   240.550         120.125     30.917    -49.464            7.911         1871.571      1.693      0.000      0.000   18.87838   19.73686           -0.13596      192.82344         2.189e-08         6.849e-01         2.491e-03 
   241.550         120.106     30.849    -49.482            7.911         1879.364      1.693      0.000      0.000   18.83774   19.74359           -0.13586      192.81846         2.194e-08         6.865e-01         2.497e-03 
   242.550         120.087     30.781    -49.500            7.911         1887.158      1.693      0.000      0.000   18.79714   19.75033           -0.13576      192.81350         2.199e-08         6.880e-01         2.502e-03 
   243.550         120.068     30.713    -49.518            7.911         1894.953      1.693      0.000      0.000   18.75661   19.75709           -0.13565      192.80857         2.203e-08         6.895e-01         2.508e-03 
   244.550         120.050     30.644    -49.536            7.911         1902.747      1.693      0.000      0.000   18.71619   19.76384           -0.13555      192.80365         2.208e-08         6.910e-01         2.513e-03 
   245.550         120.031     30.576    -49.554            7.911         1910.541      1.693      0.000      0.000   18.67587   19.77059           -0.13545      192.79875         2.213e-08         6.926e-01         2.519e-03 
   246.550         120.012     30.508    -49.572            7.911         1918.336      1.693      0.000      0.000   18.63567   19.77734           -0.13535      192.79387         2.218e-08         6.941e-01         2.524e-03 
   247.550         119.994     30.439    -49.590            7.911         1926.130      1.693      0.000      0.000   18.59555   19.78409           -0.13524      192.78901         2.223e-08         6.956e-01         2.530e-03 
   248.550         119.975     30.371    -49.607            7.911         1933.925      1.693      0.000      0.000   18.55545   19.79086           -0.13514      192.78417         2.228e-08         6.972e-01         2.535e-03 
   249.550         119.956     30.303    -49.625            7.911         1941.720      1.693      0.000      0.000   18.51546   19.79762           -0.13503      192.77935         2.233e-08         6.987e-01         2.541e-03 
   250.550         119.938     30.234    -49.643            7.911         1949.514      1.693      0.000      0.000   18.47558   19.80439           -0.13493      192.77455         2.238e-08         7.003e-01         2.547e-03 
   251.550         119.919     30.166    -49.661            7.911         1957.309      1.693      0.000      0.000   18.43581   19.81115           -0.13482      192.76977         2.243e-08         7.018e-01         2.552e-03 
   252.550         119.900     30.098    -49.679            7.911         1965.104      1.693      0.000      0.000   18.39615   19.81790           -0.13472      192.76500         2.248e-08         7.034e-01         2.558e-03 
   253.550         119.882     30.030    -49.697            7.911         1972.899      1.693      0.000      0.000   18.35650   19.82467           -0.13461      192.76026         2.253e-08         7.050e-01         2.563e-03 
   254.550         119.863     29.961    -49.714            7.911         1980.695      1.693      0.000      0.000   18.31694   19.83145           -0.13451      192.75554         2.258e-08         7.065e-01         2.569e-03 
   255.550         119.845     29.893    -49.732            7.911         1988.490      1.693      0.000      0.000   18.27749   19.83822           -0.13440      192.75083         2.263e-08         7.081e-01         2.575e-03 
   256.550         119.826     29.825    -49.750            7.911         1996.285      1.693      0.000      0.000   18.23816   19.84498           -0.13430      192.74614         2.268e-08         7.097e-01         2.580e-03 
   257.550         119.808     29.756    -49.768            7.911         2004.081      1.693      0.000      0.000   18.19893   19.85175           -0.13419      192.74148         2.273e-08         7.112e-01         2.586e-03 
   258.550         119.789     29.688    -49.785            7.911         2011.877      1.693      0.000      0.000   18.15975   19.85852           -0.13408      192.73683         2.278e-08         7.128e-01         2.592e-03 
   259.550         119.771     29.620    -49.803            7.911         2019.672      1.693      0.000      0.000   18.12063   19.86529           -0.13397      192.73220         2.283e-08         7.144e-01         2.597e-03 
   260.550         119.752     29.551    -49.821            7.911         2027.468      1.693      0.000      0.000   18.08161   19.87207           -0.13387      192.72759         2.288e-08         7.160e-01         2.603e-03 
   261.550         119.734     29.483    -49.838            7.911         2035.264      1.693      0.000      0.000   18.04270   19.87884           -0.13376      192.72299         2.293e-08         7.176e-01         2.609e-03 
   262.550         119.715     29.415    -49.856            7.911         2043.060      1.693      0.000      0.000   18.00390   19.88561           -0.13365      192.71842         2.298e-08         7.192e-01         2.615e-03 
   263.550         119.697     29.346    -49.874            7.911         2050.856      1.693      0.000      0.000   17.96520   19.89238           -0.13354      192.71386         2.303e-08         7.208e-01         2.620e-03 
   264.550         119.678     29.278    -49.891            7.911         2058.652      1.693      0.000      0.000   17.92650   19.89916           -0.13343      192.70932         2.308e-08         7.224e-01         2.626e-03 
   265.550         119.660     29.210    -49.909            7.911         2066.449      1.693      0.000      0.000   17.88791   19.90594           -0.13332      192.70481         2.314e-08         7.240e-01         2.632e-03 
   266.550         119.641     29.141    -49.926            7.911         2074.245      1.693      0.000      0.000   17.84943   19.91272           -0.13321      192.70030         2.319e-08         7.256e-01         2.638e-03 
   267.550         119.623     29.073    -49.944            7.911         2082.042      1.692      0.000      0.000   17.81106   19.91950           -0.13310      192.69582         2.324e-08         7.272e-01         2.643e-03 
   268.550         119.605     29.005    -49.961            7.911         2089.838      1.692      0.000      0.000   17.77279   19.92627           -0.13299      192.69136         2.329e-08         7.288e-01         2.649e-03 
   269.550         119.586     28.936    -49.979            7.911         2097.635      1.692      0.000      0.000   17.73456   19.93305           -0.13288      192.68691         2.334e-08         7.304e-01         2.655e-03 
   270.550         119.568     28.868    -49.996            7.911         2105.432      1.692      0.000      0.000   17.69640   19.93983           -0.13277      192.68248         2.339e-08         7.320e-01         2.661e-03 
   271.550         119.550     28.800    -50.014            7.911         2113.228      1.692      0.000      0.000   17.65834   19.94662           -0.13266      192.67807         2.345e-08         7.336e-01         2.667e-03 
   272.550         119.531     28.731    -50.031            7.911         2121.025      1.692      0.000      0.000   17.62039   19.95340           -0.13255      192.67368         2.350e-08         7.353e-01         2.673e-03 
   273.550         119.513     28.663    -50.049            7.911         2128.822      1.692      0.000      0.000   17.58255   19.96017           -0.13243      192.66930         2.355e-08         7.369e-01         2.679e-03 
   274.550         119.495     28.595    -50.066            7.911         2136.620      1.692      0.000      0.000   17.54480   19.96695           -0.13232      192.66494         2.360e-08         7.385e-01         2.684e-03 
   275.550         119.477     28.526    -50.083            7.911         2144.417      1.692      0.000      0.000   17.50706   19.97374           -0.13221      192.66060         2.365e-08         7.402e-01         2.690e-03 
   276.550         119.458     28.458    -50.101            7.911         2152.214      1.692      0.000      0.000   17.46942   19.98053           -0.13210      192.65628         2.371e-08         7.418e-01         2.696e-03 
   277.550         119.440     28.389    -50.118            7.911         2160.012      1.692      0.000      0.000   17.43190   19.98731           -0.13198      192.65198         2.376e-08         7.434e-01         2.702e-03 
   278.550         119.422     28.321    -50.136            7.911         2167.809      1.692      0.000      0.000   17.39448   19.99409           -0.13187      192.64769         2.381e-08         7.451e-01         2.708e-03 
   279.550         119.404     28.253    -50.153            7.911         2175.607      1.692      0.000      0.000   17.35716   20.00087           -0.13175      192.64342         2.386e-08         7.467e-01         2.714e-03 
   280.550         119.385     28.184    -50.170            7.911         2183.405      1.692      0.000      0.000   17.31988   20.00766           -0.13164      192.63917         2.392e-08         7.484e-01         2.720e-03 
   281.550         119.367     28.116    -50.187            7.911         2191.202      1.692      0.000      0.000   17.28267   20.01445           -0.13153      192.63493         2.397e-08         7.500e-01         2.726e-03 
   282.550         119.349     28.048    -50.205            7.911         2199.000      1.692      0.000      0.000   17.24556   20.02124           -0.13141      192.63072         2.402e-08         7.517e-01         2.732e-03 
   283.550         119.331     27.979    -50.222            7.911         2206.798      1.692      0.000      0.000   17.20856   20.02802           -0.13130      192.62652         2.408e-08         7.533e-01         2.738e-03 
   284.550         119.313     27.911    -50.239            7.911         2214.596      1.692      0.000      0.000   17.17166   20.03480           -0.13118      192.62233         2.413e-08         7.550e-01         2.744e-03 
   285.550         119.295     27.842    -50.256            7.911         2222.395      1.692      0.000      0.000   17.13485   20.04158           -0.13107      192.61817         2.418e-08         7.567e-01         2.750e-03 
   286.550         119.277     27.774    -50.274            7.911         2230.193      1.692      0.000      0.000   17.09806   20.04838           -0.13095      192.61402         2.424e-08         7.584e-01         2.756e-03 
   287.550         119.259     27.706    -50.291            7.911         2237.991      1.692      0.000      0.000   17.06137   20.05517           -0.13083      192.60988         2.429e-08         7.600e-01         2.762e-03 
   288.550         119.241     27.637    -50.308            7.911         2245.790      1.692      0.000      0.000   17.02478   20.06196           -0.13072      192.60577         2.434e-08         7.617e-01         2.768e-03 
   289.550         119.223     27.569    -50.325            7.911         2253.588      1.692      0.000      0.000   16.98830   20.06874           -0.13060      192.60167         2.440e-08         7.634e-01         2.774e-03 
   290.550         119.205     27.501    -50.342            7.911         2261.387      1.692      0.000      0.000   16.95193   20.07552           -0.13048      192.59759         2.445e-08         7.651e-01         2.780e-03 
   291.550         119.187     27.432    -50.360            7.911         2269.186      1.692      0.000      0.000   16.91559   20.08231           -0.13037      192.59352         2.450e-08         7.668e-01         2.786e-03 
   292.550         119.169     27.364    -50.377            7.911         2276.984      1.692      0.000      0.000   16.87932   20.08911           -0.13025      192.58947         2.456e-08         7.685e-01         2.793e-03 
   293.550         119.151     27.295    -50.394            7.911         2284.783      1.692      0.000      0.000   16.84315   20.09590           -0.13013      192.58544         2.461e-08         7.702e-01         2.799e-03 
   294.550         119.133     27.227    -50.411            7.911         2292.582      1.692      0.000      0.000   16.80708   20.10268           -0.13001      192.58142         2.467e-08         7.718e-01         2.805e-03 
   295.550         119.115     27.159    -50.428            7.911         2300.381      1.692      0.000      0.000   16.77112   20.10947           -0.12989      192.57743         2.472e-08         7.735e-01         2.811e-03 
   296.550         119.097     27.090    -50.445            7.911         2308.181      1.692      0.000      0.000   16.73525   20.11625           -0.12978      192.57344         2.478e-08         7.753e-01         2.817e-03 
   297.550         119.079     27.022    -50.462            7.911         2315.980      1.692      0.000      0.000   16.69939   20.12305           -0.12966      192.56948         2.483e-08         7.770e-01         2.823e-03 
   298.550         119.061     26.953    -50.479            7.911         2323.779      1.692      0.000      0.000   16.66363   20.12984           -0.12954      192.56553         2.489e-08         7.787e-01         2.830e-03 
   299.550         119.043     26.885    -50.496            7.911         2331.579      1.692      0.000      0.000   16.62797   20.13663           -0.12942      192.56159         2.494e-08         7.804e-01         2.836e-03 
   300.550         119.025     26.817    -50.513            7.911         2339.378      1.692      0.000      0.000   16.59242   20.14341           -0.12930      192.55767         2.500e-08         7.821e-01         2.842e-03 
   301.550         119.007     26.748    -50.530            7.911         2347.178      1.692      0.000      0.000   16.55697   20.15020           -0.12918      192.55377         2.505e-08         7.838e-01         2.848e-03 
   302.550         118.990     26.680    -50.547            7.911         2354.978      1.692      0.000      0.000   16.52157   20.15698           -0.12906      192.54989         2.511e-08         7.856e-01         2.854e-03 
   303.550         118.972     26.611    -50.564            7.911         2362.777      1.692      0.000      0.000   16.48622   20.16378           -0.12894      192.54602         2.516e-08         7.873e-01         2.861e-03 
   304.550         118.954     26.543    -50.581            7.911         2370.577      1.692      0.000      0.000   16.45097   20.17057           -0.12882      192.54216         2.522e-08         7.890e-01         2.867e-03 
   305.550         118.936     26.475    -50.598            7.911         2378.377      1.692      0.000      0.000   16.41583   20.17736           -0.12870      192.53833         2.527e-08         7.908e-01         2.873e-03 
   306.550         118.918     26.406    -50.615            7.911         2386.177      1.692      0.000      0.000   16.38078   20.18414           -0.12857      192.53451         2.533e-08         7.925e-01         2.880e-03 
   307.550         118.901     26.338    -50.632            7.911         2393.977      1.692      0.000      0.000   16.34584   20.19092           -0.12845      192.53070         2.538e-08         7.942e-01         2.886e-03 
   308.550         118.883     26.269    -50.648            7.911         2401.778      1.692      0.000      0.000   16.31091   20.19772           -0.12833      192.52691         2.544e-08         7.960e-01         2.892e-03 
   309.550         118.865     26.201    -50.665            7.911         2409.578      1.692      0.000      0.000   16.27607   20.20451           -0.12821      192.52313         2.550e-08         7.977e-01         2.899e-03 
   310.550         118.847     26.132    -50.682            7.911         2417.378      1.692      0.000      0.000   16.24133   20.21130           -0.12809      192.51938         2.555e-08         7.995e-01         2.905e-03 
   311.550         118.830     26.064    -50.699            7.911         2425.179      1.692      0.000      0.000   16.20669   20.21808           -0.12797      192.51563         2.561e-08         8.012e-01         2.911e-03 
   312.550         118.812     25.996    -50.716            7.911         2432.979      1.692      0.000      0.000   16.17215   20.22486           -0.12784      192.51190         2.566e-08         8.030e-01         2.918e-03 
   313.550         118.795     25.927    -50.733            7.911         2440.780      1.692      0.000      0.000   16.13769   20.23165           -0.12772      192.50819         2.572e-08         8.048e-01         2.924e-03 
   314.550         118.777     25.859    -50.749            7.911         2448.581      1.692      0.000      0.000   16.10325   20.23844           -0.12760      192.50450         2.578e-08         8.065e-01         2.930e-03 
   315.550         118.759     25.790    -50.766            7.911         2456.382      1.692      0.000      0.000   16.06891   20.24523           -0.12747      192.50081         2.583e-08         8.083e-01         2.937e-03 
   316.550         118.742     25.722    -50.783            7.911         2464.183      1.692      0.000      0.000   16.03467   20.25202           -0.12735      192.49715         2.589e-08         8.101e-01         2.943e-03 
   317.550         118.724     25.653    -50.800            7.911         2471.984      1.691      0.000      0.000   16.00053   20.25880           -0.12723      192.49350         2.595e-08         8.119e-01         2.950e-03 
   318.550         118.707     25.585    -50.816            7.911         2479.785      1.691      0.000      0.000   15.96649   20.26558           -0.12710      192.48986         2.600e-08         8.136e-01         2.956e-03 
   319.550         118.689     25.517    -50.833            7.911         2487.586      1.691      0.000      0.000   15.93250   20.27236           -0.12698      192.48624         2.606e-08         8.154e-01         2.962e-03 
   320.550         118.671     25.448    -50.850            7.911         2495.387      1.691      0.000      0.000   15.89855   20.27915           -0.12686      192.48264         2.612e-08         8.172e-01         2.969e-03 
   321.550         118.654     25.380    -50.866            7.911         2503.189      1.691      0.000      0.000   15.86471   20.28594           -0.12673      192.47905         2.618e-08         8.190e-01         2.975e-03 
   322.550         118.637     25.311    -50.883            7.911         2510.990      1.691      0.000      0.000   15.83097   20.29272           -0.12661      192.47547         2.623e-08         8.208e-01         2.982e-03 
   323.550         118.619     25.243    -50.900            7.911         2518.792      1.691      0.000      0.000   15.79732   20.29950           -0.12648      192.47191         2.629e-08         8.226e-01         2.988e-03 
   324.550         118.602     25.174    -50.916            7.911         2526.593      1.691      0.000      0.000   15.76378   20.30627           -0.12636      192.46837         2.635e-08         8.244e-01         2.995e-03 
   325.550         118.584     25.106    -50.933            7.911         2534.395      1.691      0.000      0.000   15.73025   20.31306           -0.12623      192.46484         2.641e-08         8.262e-01         3.001e-03 
   326.550         118.567     25.037    -50.950            7.911         2542.197      1.691      0.000      0.000   15.69680   20.31985           -0.12611      192.46132         2.646e-08         8.280e-01         3.008e-03 
   327.550         118.549     24.969    -50.966            7.911         2549.999      1.691      0.000      0.000   15.66346   20.32663           -0.12598      192.45782         2.652e-08         8.298e-01         3.014e-03 
   328.550         118.532     24.901    -50.983            7.911         2557.800      1.691      0.000      0.000   15.63020   20.33341           -0.12585      192.45433         2.658e-08         8.316e-01         3.021e-03 
   329.550         118.515     24.832    -50.999            7.911         2565.602      1.691      0.000      0.000   15.59705   20.34018           -0.12573      192.45086         2.664e-08         8.334e-01         3.028e-03 
   330.550         118.497     24.764    -51.016            7.911         2573.405      1.691      0.000      0.000   15.56399   20.34695           -0.12560      192.44740         2.670e-08         8.353e-01         3.034e-03 
   331.550         118.480     24.695    -51.032            7.911         2581.207      1.691      0.000      0.000   15.53093   20.35374           -0.12548      192.44396         2.675e-08         8.371e-01         3.041e-03 
   332.550         118.463     24.627    -51.049            7.911         2589.009      1.691      0.000      0.000   15.49797   20.36052           -0.12535      192.44054         2.681e-08         8.389e-01         3.047e-03 
   333.550         118.445     24.558    -51.065            7.911         2596.811      1.691      0.000      0.000   15.46511   20.36730           -0.12522      192.43712         2.687e-08         8.407e-01         3.054e-03 
   334.550         118.428     24.490    -51.082            7.911         2604.614      1.691      0.000      0.000   15.43235   20.37407           -0.12510      192.43372         2.693e-08         8.426e-01         3.061e-03 
   335.550         118.411     24.421    -51.098            7.911         2612.416      1.691      0.000      0.000   15.39968   20.38084           -0.12497      192.43034         2.699e-08         8.444e-01         3.067e-03 
   336.550         118.393     24.353    -51.115            7.910         2620.219      1.691      0.000      0.000   15.36708   20.38761           -0.12484      192.42697         2.705e-08         8.462e-01         3.074e-03 
   337.550         118.376     24.284    -51.131            7.910         2628.022      1.691      0.000      0.000   15.33451   20.39439           -0.12471      192.42361         2.711e-08         8.481e-01         3.081e-03 
   338.550         118.359     24.216    -51.148            7.910         2635.824      1.691      0.000      0.000   15.30204   20.40117           -0.12459      192.42027         2.717e-08         8.499e-01         3.087e-03 
   339.550         118.342     24.147    -51.164            7.910         2643.627      1.691      0.000      0.000   15.26966   20.40794           -0.12446      192.41694         2.722e-08         8.518e-01         3.094e-03 
   340.550         118.325     24.079    -51.181            7.910         2651.430      1.691      0.000      0.000   15.23737   20.41471           -0.12433      192.41363         2.728e-08         8.536e-01         3.101e-03 
   341.550         118.308     24.011    -51.197            7.910         2659.233      1.691      0.000      0.000   15.20518   20.42147           -0.12420      192.41033         2.734e-08         8.555e-01         3.107e-03 
   342.550         118.290     23.942    -51.214            7.910         2667.036      1.691      0.000      0.000   15.17305   20.42824           -0.12407      192.40705         2.740e-08         8.574e-01         3.114e-03 
   343.550         118.273     23.874    -51.230            7.910         2674.839      1.691      0.000      0.000   15.14096   20.43502           -0.12395      192.40378         2.746e-08         8.592e-01         3.121e-03 
   344.550         118.256     23.805    -51.246            7.910         2682.642      1.691      0.000      0.000   15.10896   20.44179           -0.12382      192.40052         2.752e-08         8.611e-01         3.128e-03 
   345.550         118.239     23.737    -51.263            7.910         2690.446      1.691      0.000      0.000   15.07706   20.44855           -0.12369      192.39728         2.758e-08         8.630e-01         3.134e-03 
   346.550         118.222     23.668    -51.279            7.910         2698.249      1.691      0.000      0.000   15.04525   20.45531           -0.12356      192.39405         2.764e-08         8.648e-01         3.141e-03 
   347.550         118.205     23.600    -51.295            7.910         2706.053      1.691      0.000      0.000   15.01354   20.46207           -0.12343      192.39083         2.770e-08         8.667e-01         3.148e-03 
   348.550         118.188     23.531    -51.312            7.910         2713.856      1.691      0.000      0.000   14.98186   20.46884           -0.12330      192.38763         2.776e-08         8.686e-01         3.155e-03 
   349.550         118.171     23.463    -51.328            7.910         2721.660      1.691      0.000      0.000   14.95025   20.47561           -0.12317      192.38444         2.782e-08         8.705e-01         3.162e-03 
   350.550         118.154     23.394    -51.344            7.910         2729.463      1.691      0.000      0.000   14.91872   20.48237           -0.12304      192.38127         2.788e-08         8.724e-01         3.168e-03 
   351.550         118.137     23.326    -51.361            7.910         2737.267      1.691      0.000      0.000   14.88729   20.48913           -0.12291      192.37811         2.794e-08         8.743e-01         3.175e-03 
   352.550         118.120     23.257    -51.377            7.910         2745.071      1.691      0.000      0.000   14.85595   20.49589           -0.12278      192.37496         2.800e-08         8.762e-01         3.182e-03 
   353.550         118.103     23.189    -51.393            7.910         2752.875      1.691      0.000      0.000   14.82471   20.50264           -0.12265      192.37183         2.806e-08         8.781e-01         3.189e-03 
   354.550         118.086     23.120    -51.409            7.910         2760.679      1.691      0.000      0.000   14.79350   20.50940           -0.12253      192.36871         2.813e-08         8.800e-01         3.196e-03 
   355.550         118.069     23.052    -51.426            7.910         2768.483      1.691      0.000      0.000   14.76234   20.51616           -0.12240      192.36560         2.819e-08         8.819e-01         3.203e-03 
   356.550         118.052     22.983    -51.442            7.910         2776.287      1.691      0.000      0.000   14.73129   20.52292           -0.12226      192.36251         2.825e-08         8.838e-01         3.210e-03 
   357.550         118.035     22.915    -51.458            7.910         2784.091      1.691      0.000      0.000   14.70032   20.52967           -0.12213      192.35943         2.831e-08         8.857e-01         3.217e-03 
   358.550         118.019     22.846    -51.474            7.910         2791.896      1.691      0.000      0.000   14.66945   20.53642           -0.12200      192.35637         2.837e-08         8.876e-01         3.223e-03 
   359.550         118.002     22.778    -51.490            7.910         2799.700      1.691      0.000      0.000   14.63867   20.54316           -0.12187      192.35331         2.843e-08         8.895e-01         3.230e-03 
   360.550         117.985     22.709    -51.507            7.910         2807.504      1.691      0.000      0.000   14.60791   20.54992           -0.12174      192.35027         2.849e-08         8.914e-01         3.237e-03 
   361.550         117.968     22.641    -51.523            7.910         2815.309      1.691      0.000      0.000   14.57723   20.55668           -0.12161      192.34725         2.855e-08         8.934e-01         3.244e-03 
   362.550         117.951     22.572    -51.539            7.910         2823.113      1.691      0.000      0.000   14.54663   20.56343           -0.12148      192.34423         2.862e-08         8.953e-01         3.251e-03 
   363.550         117.935     22.504    -51.555            7.910         2830.918      1.691      0.000      0.000   14.51613   20.57017           -0.12135      192.34124         2.868e-08         8.972e-01         3.258e-03 
   364.550         117.918     22.435    -51.571            7.910         2838.723      1.691      0.000      0.000   14.48572   20.57691           -0.12122      192.33825         2.874e-08         8.992e-01         3.265e-03 
   365.550         117.901     22.367    -51.587            7.910         2846.528      1.691      0.000      0.000   14.45540   20.58365           -0.12109      192.33527         2.880e-08         9.011e-01         3.272e-03 
   366.550         117.884     22.298    -51.603            7.910         2854.333      1.691      0.000      0.000   14.42509   20.59040           -0.12096      192.33231         2.886e-08         9.030e-01         3.279e-03 
   367.550         117.868     22.230    -51.619            7.910         2862.137      1.691      0.000      0.000   14.39486   20.59715           -0.12083      192.32937         2.893e-08         9.050e-01         3.286e-03 
   368.550         117.851     22.161    -51.636            7.910         2869.942      1.691      0.000      0.000   14.36472   20.60389           -0.12069      192.32643         2.899e-08         9.069e-01         3.293e-03 
   369.550         117.834     22.093    -51.652            7.910         2877.748      1.691      0.000      0.000   14.33468   20.61063           -0.12056      192.32351         2.905e-08         9.089e-01         3.300e-03 
   370.550         117.818     22.024    -51.668            7.910         2885.553      1.691      0.000      0.000   14.30472   20.61736           -0.12043      192.32060         2.911e-08         9.108e-01         3.307e-03 
   371.550         117.801     21.956    -51.684            7.910         2893.358      1.691      0.000      0.000   14.27485   20.62409           -0.12030      192.31771         2.918e-08         9.128e-01         3.315e-03 
   372.550         117.785     21.887    -51.700            7.910         2901.163      1.691      0.000      0.000   14.24500   20.63083           -0.12017      192.31482         2.924e-08         9.148e-01         3.322e-03 
   373.550         117.768     21.819    -51.716            7.910         2908.969      1.691      0.000      0.000   14.21522   20.63757           -0.12004      192.31195         2.930e-08         9.167e-01         3.329e-03 
   374.550         117.751     21.750    -51.732            7.910         2916.774      1.691      0.000      0.000   14.18553   20.64431           -0.11990      192.30909         2.937e-08         9.187e-01         3.336e-03 
   375.550         117.735     21.681    -51.748            7.910         2924.580      1.690      0.000      0.000   14.15593   20.65103           -0.11977      192.30625         2.943e-08         9.207e-01         3.343e-03 
   376.550         117.718     21.613    -51.764            7.910         2932.385      1.690      0.000      0.000   14.12642   20.65776           -0.11964      192.30342         2.949e-08         9.227e-01         3.350e-03 
   377.550         117.702     21.544    -51.780            7.910         2940.191      1.690      0.000      0.000   14.09700   20.66448           -0.11951      192.30060         2.956e-08         9.246e-01         3.357e-03 
   378.550         117.685     21.476    -51.796            7.910         2947.997      1.690      0.000      0.000   14.06760   20.67121           -0.11938      192.29779         2.962e-08         9.266e-01         3.364e-03 
   379.550         117.669     21.407    -51.812            7.910         2955.802      1.690      0.000      0.000   14.03827   20.67794           -0.11924      192.29500         2.968e-08         9.286e-01         3.372e-03 
   380.550         117.652     21.339    -51.828            7.910         2963.608      1.690      0.000      0.000   14.00903   20.68467           -0.11911      192.29221         2.975e-08         9.306e-01         3.379e-03 
   381.550         117.636     21.270    -51.844            7.910         2971.414      1.690      0.000      0.000   13.97987   20.69139           -0.11898      192.28944         2.981e-08         9.326e-01         3.386e-03 
   382.550         117.620     21.202    -51.859            7.910         2979.220      1.690      0.000      0.000   13.95080   20.69810           -0.11885      192.28669         2.987e-08         9.346e-01         3.393e-03 
   383.550         117.603     21.133    -51.875            7.910         2987.026      1.690      0.000      0.000   13.92182   20.70481           -0.11871      192.28394         2.994e-08         9.366e-01         3.400e-03 
   384.550         117.587     21.065    -51.891            7.910         2994.832      1.690      0.000      0.000   13.89287   20.71153           -0.11858      192.28121         3.000e-08         9.386e-01         3.408e-03 
   385.550         117.570     20.996    -51.907            7.910         3002.639      1.690      0.000      0.000   13.86398   20.71826           -0.11845      192.27849         3.007e-08         9.406e-01         3.415e-03 
   386.550         117.554     20.928    -51.923            7.910         3010.445      1.690      0.000      0.000   13.83517   20.72498           -0.11832      192.27578         3.013e-08         9.426e-01         3.422e-03 
   387.550         117.538     20.859    -51.939            7.910         3018.251      1.690      0.000      0.000   13.80645   20.73169           -0.11818      192.27308         3.020e-08         9.446e-01         3.429e-03 
   388.550         117.521     20.791    -51.955            7.910         3026.058      1.690      0.000      0.000   13.77782   20.73839           -0.11805      192.27040         3.026e-08         9.466e-01         3.437e-03 
   389.550         117.505     20.722    -51.971            7.910         3033.864      1.690      0.000      0.000   13.74928   20.74509           -0.11792      192.26773         3.032e-08         9.486e-01         3.444e-03 
   390.550         117.489     20.653    -51.986            7.910         3041.671      1.690      0.000      0.000   13.72077   20.75180           -0.11779      192.26507         3.039e-08         9.507e-01         3.451e-03 
   391.550         117.473     20.585    -52.002            7.910         3049.477      1.690      0.000      0.000   13.69231   20.75852           -0.11765      192.26242         3.045e-08         9.527e-01         3.459e-03 
   392.550         117.456     20.516    -52.018            7.910         3057.284      1.690      0.000      0.000   13.66394   20.76522           -0.11752      192.25979         3.052e-08         9.547e-01         3.466e-03 
   393.550         117.440     20.448    -52.034            7.910         3065.091      1.690      0.000      0.000   13.63565   20.77193           -0.11739      192.25716         3.058e-08         9.568e-01         3.473e-03 
   394.550         117.424     20.379    -52.050            7.910         3072.898      1.690      0.000      0.000   13.60745   20.77862           -0.11726      192.25455         3.065e-08         9.588e-01         3.481e-03 
   395.550         117.408     20.311    -52.066            7.910         3080.704      1.690      0.000      0.000   13.57934   20.78531           -0.11712      192.25195         3.071e-08         9.608e-01         3.488e-03 
   396.550         117.392     20.242    -52.081            7.910         3088.511      1.690      0.000      0.000   13.55127   20.79201           -0.11699      192.24936         3.078e-08         9.629e-01         3.495e-03 
   397.550         117.376     20.174    -52.097            7.910         3096.318      1.690      0.000      0.000   13.52324   20.79871           -0.11686      192.24679         3.085e-08         9.649e-01         3.503e-03 
   398.550         117.359     20.105    -52.113            7.910         3104.125      1.690      0.000      0.000   13.49530   20.80541           -0.11672      192.24422         3.091e-08         9.670e-01         3.510e-03 
   399.550         117.343     20.037    -52.129            7.910         3111.933      1.690      0.000      0.000   13.46744   20.81211           -0.11659      192.24167         3.098e-08         9.690e-01         3.518e-03 
   400.550         117.327     19.968    -52.144            7.910         3119.740      1.690      0.000      0.000   13.43966   20.81879           -0.11646      192.23913         3.104e-08         9.711e-01         3.525e-03 
   401.550         117.311     19.899    -52.160            7.910         3127.547      1.690      0.000      0.000   13.41197   20.82547           -0.11633      192.23660         3.111e-08         9.731e-01         3.533e-03 
   402.550         117.295     19.831    -52.176            7.910         3135.354      1.690      0.000      0.000   13.38435   20.83215           -0.11619      192.23409         3.117e-08         9.752e-01         3.540e-03 
   403.550         117.279     19.762    -52.191            7.910         3143.162      1.690      0.000      0.000   13.35674   20.83885           -0.11606      192.23158         3.124e-08         9.773e-01         3.547e-03 
   404.550         117.263     19.694    -52.207            7.910         3150.969      1.690      0.000      0.000   13.32921   20.84554           -0.11593      192.22909         3.131e-08         9.793e-01         3.555e-03 
   405.550         117.247     19.625    -52.223            7.910         3158.777      1.690      0.000      0.000   13.30177   20.85222           -0.11579      192.22660         3.137e-08         9.814e-01         3.562e-03 
   406.550         117.231     19.557    -52.239            7.910         3166.584      1.690      0.000      0.000   13.27441   20.85890           -0.11566      192.22413         3.144e-08         9.835e-01         3.570e-03 
   407.550         117.215     19.488    -52.254            7.910         3174.392      1.690      0.000      0.000   13.24714   20.86557           -0.11553      192.22168         3.151e-08         9.856e-01         3.577e-03 
   408.550         117.199     19.419    -52.270            7.910         3182.199      1.690      0.000      0.000   13.21994   20.87223           -0.11539      192.21923         3.157e-08         9.876e-01         3.585e-03 
   409.550         117.183     19.351    -52.285            7.910         3190.007      1.690      0.000      0.000   13.19276   20.87891           -0.11526      192.21679         3.164e-08         9.897e-01         3.593e-03 
   410.550         117.167     19.282    -52.301            7.910         3197.815      1.690      0.000      0.000   13.16565   20.88559           -0.11513      192.21437         3.171e-08         9.918e-01         3.600e-03 
   411.550         117.151     19.214    -52.317            7.910         3205.623      1.690      0.000      0.000   13.13862   20.89226           -0.11500      192.21195         3.177e-08         9.939e-01         3.608e-03 
   412.550         117.136     19.145    -52.332            7.910         3213.431      1.690      0.000      0.000   13.11167   20.89893           -0.11486      192.20955         3.184e-08         9.960e-01         3.615e-03 
   413.550         117.120     19.077    -52.348            7.910         3221.239      1.690      0.000      0.000   13.08481   20.90559           -0.11473      192.20716         3.191e-08         9.981e-01         3.623e-03 
   414.550         117.104     19.008    -52.364            7.910         3229.047      1.690      0.000      0.000   13.05803   20.91225           -0.11460      192.20478         3.198e-08         1.000e+00         3.630e-03 
   415.550         117.088     18.939    -52.379            7.910         3236.855      1.690      0.000      0.000   13.03127   20.91891           -0.11447      192.20241         3.204e-08         1.002e+00         3.638e-03 
   416.550         117.072     18.871    -52.395            7.909         3244.663      1.690      0.000      0.000   13.00457   20.92558           -0.11433      192.20006         3.211e-08         1.004e+00         3.646e-03 
   417.550         117.057     18.802    -52.410            7.909         3252.471      1.690      0.000      0.000   12.97795   20.93224           -0.11420      192.19771         3.218e-08         1.007e+00         3.653e-03 
   418.550         117.041     18.734    -52.426            7.909         3260.280      1.690      0.000      0.000   12.95141   20.93890           -0.11407      192.19538         3.225e-08         1.009e+00         3.661e-03 
   419.550         117.025     18.665    -52.441            7.909         3268.088      1.690      0.000      0.000   12.92495   20.94555           -0.11393      192.19305         3.231e-08         1.011e+00         3.669e-03 
   420.550         117.009     18.597    -52.457            7.909         3275.896      1.690      0.000      0.000   12.89857   20.95219           -0.11380      192.19074         3.238e-08         1.013e+00         3.676e-03 
   421.550         116.994     18.528    -52.473            7.909         3283.705      1.690      0.000      0.000   12.87225   20.95884           -0.11367      192.18844         3.245e-08         1.015e+00         3.684e-03 
   422.550         116.978     18.459    -52.488            7.909         3291.513      1.690      0.000      0.000   12.84595   20.96549           -0.11354      192.18615         3.252e-08         1.017e+00         3.692e-03 
   423.550         116.962     18.391    -52.504            7.909         3299.322      1.690      0.000      0.000   12.81973   20.97214           -0.11341      192.18387         3.259e-08         1.019e+00         3.699e-03 
   424.550         116.947     18.322    -52.519            7.909         3307.130      1.690      0.000      0.000   12.79359   20.97879           -0.11327      192.18160         3.266e-08         1.021e+00         3.707e-03 
   425.550         116.931     18.254    -52.535            7.909         3314.939      1.690      0.000      0.000   12.76753   20.98543           -0.11314      192.17935         3.272e-08         1.024e+00         3.715e-03 
   426.550         116.915     18.185    -52.550            7.909         3322.748      1.690      0.000      0.000   12.74155   20.99206           -0.11301      192.17710         3.279e-08         1.026e+00         3.722e-03 
   427.550         116.900     18.116    -52.566            7.909         3330.557      1.690      0.000      0.000   12.71565   20.99869           -0.11288      192.17486         3.286e-08         1.028e+00         3.730e-03 
   428.550         116.884     18.048    -52.581            7.909         3338.366      1.690      0.000      0.000   12.68975   21.00533           -0.11274      192.17264         3.293e-08         1.030e+00         3.738e-03 
   429.550         116.869     17.979    -52.596            7.909         3346.174      1.690      0.000      0.000   12.66393   21.01197           -0.11261      192.17043         3.300e-08         1.032e+00         3.746e-03 
   430.550         116.853     17.911    -52.612            7.909         3353.983      1.690      0.000      0.000   12.63818   21.01861           -0.11248      192.16822         3.307e-08         1.034e+00         3.754e-03 
   431.550         116.838     17.842    -52.627            7.909         3361.792      1.690      0.000      0.000   12.61251   21.02524           -0.11235      192.16603         3.314e-08         1.036e+00         3.761e-03 
   432.550         116.822     17.774    -52.643            7.909         3369.601      1.690      0.000      0.000   12.58692   21.03186           -0.11222      192.16385         3.321e-08         1.039e+00         3.769e-03 
   433.550         116.807     17.705    -52.658            7.909         3377.411      1.690      0.000      0.000   12.56141   21.03847           -0.11209      192.16168         3.328e-08         1.041e+00         3.777e-03 
   434.550         116.791     17.636    -52.674            7.909         3385.220      1.690      0.000      0.000   12.53594   21.04510           -0.11195      192.15952         3.335e-08         1.043e+00         3.785e-03 
   435.550         116.776     17.568    -52.689            7.909         3393.029      1.689      0.000      0.000   12.51050   21.05172           -0.11182      192.15737         3.342e-08         1.045e+00         3.793e-03 
   436.550         116.760     17.499    -52.704            7.909         3400.838      1.689      0.000      0.000   12.48514   21.05835           -0.11169      192.15523         3.349e-08         1.047e+00         3.801e-03 
   437.550         116.745     17.431    -52.720            7.909         3408.648      1.689      0.000      0.000   12.45986   21.06496           -0.11156      192.15310         3.356e-08         1.050e+00         3.808e-03 
   438.550         116.730     17.362    -52.735            7.909         3416.457      1.689      0.000      0.000   12.43465   21.07158           -0.11143      192.15098         3.362e-08         1.052e+00         3.816e-03 
   439.550         116.714     17.293    -52.751            7.909         3424.266      1.689      0.000      0.000   12.40952   21.07818           -0.11130      192.14888         3.369e-08         1.054e+00         3.824e-03 
   440.550         116.699     17.225    -52.766            7.909         3432.076      1.689      0.000      0.000   12.38447   21.08478           -0.11117      192.14678         3.376e-08         1.056e+00         3.832e-03 
   441.550         116.683     17.156    -52.781            7.909         3439.885      1.689      0.000      0.000   12.35941   21.09140           -0.11104      192.14470         3.384e-08         1.058e+00         3.840e-03 
   442.550         116.668     17.088    -52.797            7.909         3447.695      1.689      0.000      0.000   12.33444   21.09801           -0.11091      192.14262         3.391e-08         1.060e+00         3.848e-03 
   443.550         116.653     17.019    -52.812            7.909         3455.505      1.689      0.000      0.000   12.30953   21.10462           -0.11078      192.14055         3.398e-08         1.063e+00         3.856e-03 
   444.550         116.638     16.950    -52.827            7.909         3463.314      1.689      0.000      0.000   12.28470   21.11122           -0.11064      192.13850         3.405e-08         1.065e+00         3.864e-03 
   445.550         116.622     16.882    -52.843            7.909         3471.124      1.689      0.000      0.000   12.25995   21.11781           -0.11051      192.13646         3.412e-08         1.067e+00         3.872e-03 
   446.550         116.607     16.813    -52.858            7.909         3478.934      1.689      0.000      0.000   12.23527   21.12440           -0.11038      192.13442         3.419e-08         1.069e+00         3.880e-03 
   447.550         116.592     16.745    -52.873            7.909         3486.744      1.689      0.000      0.000   12.21064   21.13099           -0.11025      192.13240         3.426e-08         1.071e+00         3.888e-03 
   448.550         116.577     16.676    -52.889            7.909         3494.554      1.689      0.000      0.000   12.18603   21.13759           -0.11012      192.13038         3.433e-08         1.074e+00         3.896e-03 
   449.550         116.561     16.607    -52.904            7.909         3502.364      1.689      0.000      0.000   12.16150   21.14419           -0.10999      192.12838         3.440e-08         1.076e+00         3.904e-03 
   450.550         116.546     16.539    -52.919            7.909         3510.174      1.689      0.000      0.000   12.13705   21.15077           -0.10986      192.12639         3.447e-08         1.078e+00         3.912e-03 
   451.550         116.531     16.470    -52.935            7.909         3517.984      1.689      0.000      0.000   12.11267   21.15736           -0.10973      192.12441         3.454e-08         1.080e+00         3.920e-03 
   452.550         116.516     16.401    -52.950            7.909         3525.794      1.689      0.000      0.000   12.08836   21.16393           -0.10961      192.12243         3.462e-08         1.083e+00         3.928e-03 
   453.550         116.501     16.333    -52.965            7.909         3533.604      1.689      0.000      0.000   12.06412   21.17050           -0.10948      192.12047         3.469e-08         1.085e+00         3.936e-03 
   454.550         116.486     16.264    -52.980            7.909         3541.414      1.689      0.000      0.000   12.03990   21.17709           -0.10935      192.11852         3.476e-08         1.087e+00         3.944e-03 
   455.550         116.471     16.196    -52.996            7.909         3549.224      1.689      0.000      0.000   12.01574   21.18367           -0.10922      192.11658         3.483e-08         1.089e+00         3.952e-03 
   456.550         116.456     16.127    -53.011            7.909         3557.034      1.689      0.000      0.000   11.99165   21.19025           -0.10909      192.11464         3.490e-08         1.092e+00         3.960e-03 
   457.550         116.441     16.058    -53.026            7.909         3564.845      1.689      0.000      0.000   11.96763   21.19682           -0.10896      192.11272         3.497e-08         1.094e+00         3.968e-03 
   458.550         116.425     15.990    -53.041            7.909         3572.655      1.689      0.000      0.000   11.94368   21.20339           -0.10883      192.11081         3.505e-08         1.096e+00         3.976e-03 
   459.550         116.410     15.921    -53.057            7.909         3580.466      1.689      0.000      0.000   11.91981   21.20995           -0.10870      192.10891         3.512e-08         1.098e+00         3.985e-03 
   460.550         116.395     15.853    -53.072            7.909         3588.276      1.689      0.000      0.000   11.89600   21.21651           -0.10858      192.10702         3.519e-08         1.101e+00         3.993e-03 
   461.550         116.380     15.784    -53.087            7.909         3596.087      1.689      0.000      0.000   11.87219   21.22308           -0.10845      192.10513         3.526e-08         1.103e+00         4.001e-03 
   462.550         116.366     15.715    -53.102            7.909         3603.897      1.689      0.000      0.000   11.84846   21.22964           -0.10832      192.10326         3.534e-08         1.105e+00         4.009e-03 
   463.550         116.351     15.647    -53.117            7.909         3611.708      1.689      0.000      0.000   11.82480   21.23620           -0.10819      192.10140         3.541e-08         1.107e+00         4.017e-03 
   464.550         116.336     15.578    -53.132            7.909         3619.518      1.689      0.000      0.000   11.80121   21.24276           -0.10806      192.09955         3.548e-08         1.110e+00         4.025e-03 
   465.550         116.321     15.509    -53.148            7.909         3627.329      1.689      0.000      0.000   11.77770   21.24931           -0.10794      192.09770         3.555e-08         1.112e+00         4.034e-03 
   466.550         116.306     15.441    -53.163            7.909         3635.140      1.689      0.000      0.000   11.75425   21.25585           -0.10781      192.09587         3.563e-08         1.114e+00         4.042e-03 
   467.550         116.291     15.372    -53.178            7.909         3642.951      1.689      0.000      0.000   11.73084   21.26240           -0.10768      192.09405         3.570e-08         1.116e+00         4.050e-03 
   468.550         116.276     15.304    -53.193            7.909         3650.761      1.689      0.000      0.000   11.70746   21.26895           -0.10756      192.09224         3.577e-08         1.119e+00         4.058e-03 
   469.550         116.261     15.235    -53.208            7.908         3658.572      1.689      0.000      0.000   11.68415   21.27550           -0.10743      192.09043         3.585e-08         1.121e+00         4.067e-03 
   470.550         116.246     15.166    -53.223            7.908         3666.383      1.689      0.000      0.000   11.66091   21.28205           -0.10730      192.08864         3.592e-08         1.123e+00         4.075e-03 
   471.550         116.232     15.098    -53.239            7.908         3674.194      1.689      0.000      0.000   11.63774   21.28858           -0.10718      192.08686         3.599e-08         1.126e+00         4.083e-03 
   472.550         116.217     15.029    -53.254            7.908         3682.005      1.689      0.000      0.000   11.61464   21.29511           -0.10705      192.08508         3.607e-08         1.128e+00         4.091e-03 
   473.550         116.202     14.960    -53.269            7.908         3689.816      1.689      0.000      0.000   11.59161   21.30164           -0.10693      192.08332         3.614e-08         1.130e+00         4.100e-03 
   474.550         116.187     14.892    -53.284            7.908         3697.627      1.689      0.000      0.000   11.56860   21.30818           -0.10680      192.08156         3.622e-08         1.133e+00         4.108e-03 
   475.550         116.173     14.823    -53.299            7.908         3705.438      1.689      0.000      0.000   11.54563   21.31472           -0.10667      192.07982         3.629e-08         1.135e+00         4.116e-03 
   476.550         116.158     14.754    -53.314            7.908         3713.249      1.689      0.000      0.000   11.52274   21.32125           -0.10655      192.07808         3.636e-08         1.137e+00         4.125e-03 
   477.550         116.143     14.686    -53.329            7.908         3721.061      1.689      0.000      0.000   11.49991   21.32777           -0.10642      192.07636         3.644e-08         1.139e+00         4.133e-03 
   478.550         116.129     14.617    -53.344            7.908         3728.872      1.689      0.000      0.000   11.47715   21.33429           -0.10630      192.07464         3.651e-08         1.142e+00         4.141e-03 
   479.550         116.114     14.549    -53.359            7.908         3736.683      1.689      0.000      0.000   11.45446   21.34081           -0.10618      192.07293         3.659e-08         1.144e+00         4.150e-03 
   480.550         116.099     14.480    -53.374            7.908         3744.494      1.689      0.000      0.000   11.43184   21.34732           -0.10605      192.07123         3.666e-08         1.146e+00         4.158e-03 
   481.550         116.085     14.411    -53.390            7.908         3752.306      1.689      0.000      0.000   11.40922   21.35384           -0.10593      192.06955         3.674e-08         1.149e+00         4.167e-03 
   482.550         116.070     14.343    -53.405            7.908         3760.117      1.689      0.000      0.000   11.38666   21.36037           -0.10580      192.06787         3.681e-08         1.151e+00         4.175e-03 
   483.550         116.055     14.274    -53.420            7.908         3767.928      1.689      0.000      0.000   11.36417   21.36688           -0.10568      192.06620         3.689e-08         1.153e+00         4.184e-03 
   484.550         116.041     14.205    -53.435            7.908         3775.740      1.689      0.000      0.000   11.34175   21.37339           -0.10556      192.06454         3.696e-08         1.156e+00         4.192e-03 
   485.550         116.026     14.137    -53.450            7.908         3783.551      1.689      0.000      0.000   11.31939   21.37989           -0.10543      192.06289         3.704e-08         1.158e+00         4.200e-03 
   486.550         116.012     14.068    -53.465            7.908         3791.363      1.689      0.000      0.000   11.29710   21.38639           -0.10531      192.06125         3.711e-08         1.160e+00         4.209e-03 
   487.550         115.997     13.999    -53.480            7.908         3799.175      1.689      0.000      0.000   11.27487   21.39289           -0.10519      192.05962         3.719e-08         1.163e+00         4.217e-03 
   488.550         115.983     13.931    -53.495            7.908         3806.986      1.689      0.000      0.000   11.25265   21.39940           -0.10507      192.05799         3.726e-08         1.165e+00         4.226e-03 
   489.550         115.968     13.862    -53.510            7.908         3814.798      1.689      0.000      0.000   11.23048   21.40590           -0.10494      192.05638         3.734e-08         1.167e+00         4.234e-03 
   490.550         115.954     13.794    -53.525            7.908         3822.610      1.689      0.000      0.000   11.20839   21.41240           -0.10482      192.05478         3.741e-08         1.170e+00         4.243e-03 
   491.550         115.939     13.725    -53.540            7.908         3830.421      1.689      0.000      0.000   11.18636   21.41889           -0.10470      192.05318         3.749e-08         1.172e+00         4.251e-03 
   492.550         115.925     13.656    -53.555            7.908         3838.233      1.689      0.000      0.000   11.16439   21.42538           -0.10458      192.05160         3.756e-08         1.175e+00         4.260e-03 
   493.550         115.910     13.588    -53.570            7.908         3846.045      1.689      0.000      0.000   11.14249   21.43186           -0.10446      192.05002         3.764e-08         1.177e+00         4.268e-03 
   494.550         115.896     13.519    -53.585            7.908         3853.857      1.689      0.000      0.000   11.12065   21.43834           -0.10434      192.04845         3.772e-08         1.179e+00         4.277e-03 
   495.550         115.882     13.450    -53.600            7.908         3861.668      1.688      0.000      0.000   11.09881   21.44484           -0.10422      192.04690         3.779e-08         1.182e+00         4.286e-03 
   496.550         115.867     13.382    -53.615            7.908         3869.480      1.688      0.000      0.000   11.07704   21.45133           -0.10410      192.04535         3.787e-08         1.184e+00         4.294e-03 
   497.550         115.853     13.313    -53.630            7.908         3877.292      1.688      0.000      0.000   11.05533   21.45781           -0.10398      192.04381         3.795e-08         1.186e+00         4.303e-03 
   498.550         115.839     13.244    -53.645            7.908         3885.104      1.688      0.000      0.000   11.03368   21.46429           -0.10386      192.04228         3.802e-08         1.189e+00         4.311e-03 
   499.550         115.824     13.176    -53.660            7.908         3892.916      1.688      0.000      0.000   11.01210   21.47076           -0.10374      192.04076         3.810e-08         1.191e+00         4.320e-03 
   500.550         115.810     13.107    -53.674            7.908         3900.728      1.688      0.000      0.000   10.99058   21.47722           -0.10362      192.03925         3.817e-08         1.194e+00         4.329e-03 
   501.550         115.796     13.038    -53.689            7.908         3908.540      1.688      0.000      0.000   10.96911   21.48369           -0.10350      192.03774         3.825e-08         1.196e+00         4.337e-03 
   502.550         115.781     12.970    -53.704            7.908         3916.352      1.688      0.000      0.000   10.94765   21.49017           -0.10338      192.03625         3.833e-08         1.198e+00         4.346e-03 
   503.550         115.767     12.901    -53.719            7.908         3924.165      1.688      0.000      0.000   10.92626   21.49664           -0.10326      192.03476         3.841e-08         1.201e+00         4.355e-03 
   504.550         115.753     12.832    -53.734            7.908         3931.977      1.688      0.000      0.000   10.90492   21.50311           -0.10314      192.03329         3.848e-08         1.203e+00         4.363e-03 
   505.550         115.739     12.764    -53.749            7.908         3939.789      1.688      0.000      0.000   10.88365   21.50957           -0.10303      192.03182         3.856e-08         1.206e+00         4.372e-03 
   506.550         115.724     12.695    -53.764            7.908         3947.601      1.688      0.000      0.000   10.86245   21.51603           -0.10291      192.03036         3.864e-08         1.208e+00         4.381e-03 
   507.550         115.710     12.626    -53.779            7.908         3955.413      1.688      0.000      0.000   10.84130   21.52248           -0.10279      192.02891         3.872e-08         1.210e+00         4.389e-03 
   508.550         115.696     12.558    -53.794            7.908         3963.226      1.688      0.000      0.000   10.82021   21.52893           -0.10267      192.02747         3.879e-08         1.213e+00         4.398e-03 
   509.550         115.682     12.489    -53.809            7.908         3971.038      1.688      0.000      0.000   10.79912   21.53539           -0.10256      192.02604         3.887e-08         1.215e+00         4.407e-03 
   510.550         115.668     12.420    -53.824            7.908         3978.850      1.688      0.000      0.000   10.77809   21.54185           -0.10244      192.02462         3.895e-08         1.218e+00         4.416e-03 
   511.550         115.654     12.352    -53.838            7.907         3986.663      1.688      0.000      0.000   10.75712   21.54830           -0.10233      192.02321         3.903e-08         1.220e+00         4.424e-03 
   512.550         115.639     12.283    -53.853            7.907         3994.475      1.688      0.000      0.000   10.73622   21.55475           -0.10221      192.02180         3.911e-08         1.223e+00         4.433e-03 
   513.550         115.625     12.215    -53.868            7.907         4002.288      1.688      0.000      0.000   10.71538   21.56119           -0.10210      192.02041         3.918e-08         1.225e+00         4.442e-03 
   514.550         115.611     12.146    -53.883            7.907         4010.100      1.688      0.000      0.000   10.69459   21.56763           -0.10198      192.01902         3.926e-08         1.227e+00         4.451e-03 
   515.550         115.597     12.077    -53.898            7.907         4017.912      1.688      0.000      0.000   10.67386   21.57406           -0.10187      192.01764         3.934e-08         1.230e+00         4.460e-03 
   516.550         115.583     12.009    -53.913            7.907         4025.725      1.688      0.000      0.000   10.65314   21.58051           -0.10175      192.01627         3.942e-08         1.232e+00         4.468e-03 
   517.550         115.569     11.940    -53.928            7.907         4033.538      1.688      0.000      0.000   10.63247   21.58695           -0.10164      192.01491         3.950e-08         1.235e+00         4.477e-03 
   518.550         115.555     11.871    -53.942            7.907         4041.350      1.688      0.000      0.000   10.61186   21.59339           -0.10153      192.01356         3.958e-08         1.237e+00         4.486e-03 
   519.550         115.541     11.803    -53.957            7.907         4049.163      1.688      0.000      0.000   10.59131   21.59982           -0.10141      192.01222         3.966e-08         1.240e+00         4.495e-03 
   520.550         115.527     11.734    -53.972            7.907         4056.975      1.688      0.000      0.000   10.57082   21.60625           -0.10130      192.01088         3.973e-08         1.242e+00         4.504e-03 
   521.550         115.513     11.665    -53.987            7.907         4064.788      1.688      0.000      0.000   10.55040   21.61267           -0.10119      192.00956         3.981e-08         1.245e+00         4.513e-03 
   522.550         115.499     11.597    -54.002            7.907         4072.601      1.688      0.000      0.000   10.53003   21.61909           -0.10107      192.00824         3.989e-08         1.247e+00         4.522e-03 
   523.550         115.485     11.528    -54.017            7.907         4080.413      1.688      0.000      0.000   10.50965   21.62552           -0.10096      192.00693         3.997e-08         1.250e+00         4.531e-03 
   524.550         115.471     11.459    -54.031            7.907         4088.226      1.688      0.000      0.000   10.48934   21.63195           -0.10085      192.00563         4.005e-08         1.252e+00         4.540e-03 
   525.550         115.457     11.391    -54.046            7.907         4096.039      1.688      0.000      0.000   10.46908   21.63838           -0.10074      192.00434         4.013e-08         1.255e+00         4.549e-03 
   526.550         115.443     11.322    -54.061            7.907         4103.852      1.688      0.000      0.000   10.44888   21.64480           -0.10063      192.00306         4.021e-08         1.257e+00         4.558e-03 
   527.550         115.430     11.253    -54.076            7.907         4111.664      1.688      0.000      0.000   10.42873   21.65121           -0.10052      192.00178         4.029e-08         1.260e+00         4.567e-03 
   528.550         115.416     11.185    -54.091            7.907         4119.477      1.688      0.000      0.000   10.40865   21.65762           -0.10041      192.00052         4.037e-08         1.262e+00         4.575e-03 
   529.550         115.402     11.116    -54.105            7.907         4127.290      1.688      0.000      0.000   10.38862   21.66402           -0.10030      191.99926         4.045e-08         1.265e+00         4.584e-03 
   530.550         115.388     11.047    -54.120            7.907         4135.103      1.688      0.000      0.000   10.36860   21.67044           -0.10019      191.99801         4.053e-08         1.267e+00         4.594e-03 
   531.550         115.374     10.979    -54.135            7.907         4142.916      1.688      0.000      0.000   10.34863   21.67685           -0.10008      191.99677         4.061e-08         1.270e+00         4.603e-03 
   532.550         115.360     10.910    -54.150            7.907         4150.729      1.688      0.000      0.000   10.32871   21.68326           -0.09997      191.99554         4.069e-08         1.272e+00         4.612e-03 
   533.550         115.347     10.841    -54.164            7.907         4158.542      1.688      0.000      0.000   10.30885   21.68967           -0.09987      191.99432         4.077e-08         1.275e+00         4.621e-03 
   534.550         115.333     10.773    -54.179            7.907         4166.355      1.688      0.000      0.000   10.28904   21.69607           -0.09976      191.99311         4.085e-08         1.277e+00         4.630e-03 
   535.550         115.319     10.704    -54.194            7.907         4174.168      1.688      0.000      0.000   10.26929   21.70247           -0.09965      191.99190         4.093e-08         1.280e+00         4.639e-03 
   536.550         115.305     10.635    -54.209            7.907         4181.981      1.688      0.000      0.000   10.24960   21.70886           -0.09955      191.99070         4.102e-08         1.282e+00         4.648e-03 
   537.550         115.292     10.566    -54.223            7.907         4189.794      1.688      0.000      0.000   10.22993   21.71526           -0.09944      191.98951         4.110e-08         1.285e+00         4.657e-03 
   538.550         115.278     10.498    -54.238            7.907         4197.607      1.688      0.000      0.000   10.21028   21.72166           -0.09933      191.98833         4.118e-08         1.287e+00         4.666e-03 
   539.550         115.264     10.429    -54.253            7.907         4205.420      1.688      0.000      0.000   10.19070   21.72806           -0.09923      191.98716         4.126e-08         1.290e+00         4.675e-03 
   540.550         115.251     10.360    -54.268            7.907         4213.233      1.688      0.000      0.000   10.17116   21.73445           -0.09912      191.98600         4.134e-08         1.292e+00         4.684e-03 
   541.550         115.237     10.292    -54.282            7.907         4221.046      1.688      0.000      0.000   10.15168   21.74084           -0.09902      191.98484         4.142e-08         1.295e+00         4.694e-03 
   542.550         115.223     10.223    -54.297            7.907         4228.859      1.688      0.000      0.000   10.13226   21.74723           -0.09891      191.98369         4.150e-08         1.297e+00         4.703e-03 
   543.550         115.210     10.154    -54.312            7.907         4236.672      1.688      0.000      0.000   10.11289   21.75361           -0.09881      191.98255         4.159e-08         1.300e+00         4.712e-03 
   544.550         115.196     10.086    -54.327            7.907         4244.485      1.688      0.000      0.000   10.09357   21.75998           -0.09871      191.98142         4.167e-08         1.302e+00         4.721e-03 
   545.550         115.182     10.017    -54.341            7.907         4252.299      1.688      0.000      0.000   10.07424   21.76638           -0.09860      191.98030         4.175e-08         1.305e+00         4.730e-03 
   546.550         115.169      9.948    -54.356            7.906         4260.112      1.688      0.000      0.000   10.05498   21.77277           -0.09850      191.97919         4.183e-08         1.307e+00         4.740e-03 
   547.550         115.155      9.880    -54.371            7.906         4267.925      1.688      0.000      0.000   10.03576   21.77915           -0.09840      191.97808         4.191e-08         1.310e+00         4.749e-03 
   548.550         115.142      9.811    -54.385            7.906         4275.738      1.688      0.000      0.000   10.01660   21.78553           -0.09830      191.97699         4.200e-08         1.313e+00         4.758e-03 
   549.550         115.128      9.742    -54.400            7.906         4283.552      1.688      0.000      0.000    9.99750   21.79190           -0.09820      191.97590         4.208e-08         1.315e+00         4.767e-03 
   550.550         115.114      9.674    -54.415            7.906         4291.365      1.688      0.000      0.000    9.97844   21.79827           -0.09810      191.97481         4.216e-08         1.318e+00         4.777e-03 
   551.550         115.101      9.605    -54.429            7.906         4299.178      1.688      0.000      0.000    9.95944   21.80464           -0.09799      191.97374         4.224e-08         1.320e+00         4.786e-03 
   552.550         115.087      9.536    -54.444            7.906         4306.991      1.688      0.000      0.000    9.94045   21.81101           -0.09789      191.97268         4.233e-08         1.323e+00         4.795e-03 
   553.550         115.074      9.468    -54.459            7.906         4314.805      1.688      0.000      0.000    9.92149   21.81739           -0.09780      191.97162         4.241e-08         1.326e+00         4.805e-03 
   554.550         115.060      9.399    -54.473            7.906         4322.618      1.688      0.000      0.000    9.90259   21.82377           -0.09770      191.97057         4.249e-08         1.328e+00         4.814e-03 
   555.550         115.047      9.330    -54.488            7.906         4330.431      1.688      0.000      0.000    9.88374   21.83014           -0.09760      191.96953         4.258e-08         1.331e+00         4.823e-03 
   556.550         115.034      9.262    -54.503            7.906         4338.245      1.688      0.000      0.000    9.86494   21.83650           -0.09750      191.96850         4.266e-08         1.333e+00         4.833e-03 
   557.550         115.020      9.193    -54.517            7.906         4346.058      1.687      0.000      0.000    9.84619   21.84286           -0.09740      191.96748         4.274e-08         1.336e+00         4.842e-03 
   558.550         115.007      9.124    -54.532            7.906         4353.872      1.687      0.000      0.000    9.82749   21.84921           -0.09731      191.96646         4.283e-08         1.338e+00         4.851e-03 
   559.550         114.993      9.056    -54.547            7.906         4361.685      1.687      0.000      0.000    9.80883   21.85557           -0.09721      191.96545         4.291e-08         1.341e+00         4.861e-03 
   560.550         114.980      8.987    -54.561            7.906         4369.498      1.687      0.000      0.000    9.79018   21.86194           -0.09711      191.96445         4.299e-08         1.344e+00         4.870e-03 
   561.550         114.966      8.918    -54.576            7.906         4377.312      1.687      0.000      0.000    9.77157   21.86831           -0.09702      191.96346         4.308e-08         1.346e+00         4.880e-03 
   562.550         114.953      8.850    -54.591            7.906         4385.125      1.687      0.000      0.000    9.75302   21.87467           -0.09692      191.96248         4.316e-08         1.349e+00         4.889e-03 
   563.550         114.940      8.781    -54.605            7.906         4392.939      1.687      0.000      0.000    9.73452   21.88103           -0.09683      191.96151         4.325e-08         1.352e+00         4.899e-03 
   564.550         114.926      8.712    -54.620            7.906         4400.752      1.687      0.000      0.000    9.71607   21.88738           -0.09673      191.96054         4.333e-08         1.354e+00         4.908e-03 
   565.550         114.913      8.643    -54.634            7.906         4408.566      1.687      0.000      0.000    9.69767   21.89372           -0.09664      191.95958         4.342e-08         1.357e+00         4.918e-03 
   566.550         114.900      8.575    -54.649            7.906         4416.379      1.687      0.000      0.000    9.67932   21.90006           -0.09655      191.95863         4.350e-08         1.359e+00         4.927e-03 
   567.550         114.886      8.506    -54.664            7.906         4424.193      1.687      0.000      0.000    9.66097   21.90642           -0.09645      191.95768         4.359e-08         1.362e+00         4.937e-03 
   568.550         114.873      8.437    -54.678            7.906         4432.006      1.687      0.000      0.000    9.64266   21.91278           -0.09636      191.95675         4.367e-08         1.365e+00         4.946e-03 
   569.550         114.860      8.369    -54.693            7.906         4439.820      1.687      0.000      0.000    9.62440   21.91914           -0.09627      191.95582         4.376e-08         1.367e+00         4.956e-03 
   570.550         114.846      8.300    -54.708            7.906         4447.633      1.687      0.000      0.000    9.60619   21.92549           -0.09618      191.95490         4.384e-08         1.370e+00         4.965e-03 
   571.550         114.833      8.231    -54.722            7.906         4455.447      1.687      0.000      0.000    9.58803   21.93183           -0.09609      191.95399         4.393e-08         1.373e+00         4.975e-03 
   572.550         114.820      8.163    -54.737            7.906         4463.260      1.687      0.000      0.000    9.56991   21.93817           -0.09600      191.95309         4.401e-08         1.375e+00         4.984e-03 
   573.550         114.807      8.094    -54.751            7.906         4471.074      1.687      0.000      0.000    9.55185   21.94451           -0.09591      191.95219         4.410e-08         1.378e+00         4.994e-03 
   574.550         114.793      8.025    -54.766            7.906         4478.888      1.687      0.000      0.000    9.53381   21.95085           -0.09582      191.95131         4.418e-08         1.381e+00         5.004e-03 
   575.550         114.780      7.957    -54.780            7.906         4486.701      1.687      0.000      0.000    9.51578   21.95720           -0.09573      191.95043         4.427e-08         1.383e+00         5.013e-03 
   576.550         114.767      7.888    -54.795            7.906         4494.515      1.687      0.000      0.000    9.49781   21.96355           -0.09564      191.94955         4.436e-08         1.386e+00         5.023e-03 
   577.550         114.754      7.819    -54.810            7.906         4502.328      1.687      0.000      0.000    9.47988   21.96989           -0.09556      191.94869         4.444e-08         1.389e+00         5.033e-03 
   578.550         114.741      7.751    -54.824            7.905         4510.142      1.687      0.000      0.000    9.46199   21.97623           -0.09547      191.94783         4.453e-08         1.391e+00         5.042e-03 
   579.550         114.728      7.682    -54.839            7.905         4517.956      1.687      0.000      0.000    9.44416   21.98256           -0.09538      191.94699         4.462e-08         1.394e+00         5.052e-03 
   580.550         114.714      7.613    -54.853            7.905         4525.769      1.687      0.000      0.000    9.42637   21.98889           -0.09530      191.94615         4.470e-08         1.397e+00         5.062e-03 
   581.550         114.701      7.544    -54.868            7.905         4533.583      1.687      0.000      0.000    9.40863   21.99522           -0.09521      191.94531         4.479e-08         1.400e+00         5.072e-03 
   582.550         114.688      7.476    -54.882            7.905         4541.397      1.687      0.000      0.000    9.39089   22.00156           -0.09513      191.94449         4.488e-08         1.402e+00         5.081e-03 
   583.550         114.675      7.407    -54.897            7.905         4549.210      1.687      0.000      0.000    9.37318   22.00791           -0.09504      191.94367         4.496e-08         1.405e+00         5.091e-03 
   584.550         114.662      7.338    -54.912            7.905         4557.024      1.687      0.000      0.000    9.35552   22.01425           -0.09496      191.94286         4.505e-08         1.408e+00         5.101e-03 
   585.550         114.649      7.270    -54.926            7.905         4564.837      1.687      0.000      0.000    9.33791   22.02058           -0.09488      191.94206         4.514e-08         1.410e+00         5.111e-03 
   586.550         114.636      7.201    -54.941            7.905         4572.651      1.687      0.000      0.000    9.32034   22.02691           -0.09479      191.94127         4.522e-08         1.413e+00         5.120e-03 
   587.550         114.623      7.132    -54.955            7.905         4580.465      1.687      0.000      0.000    9.30282   22.03324           -0.09471      191.94048         4.531e-08         1.416e+00         5.130e-03 
   588.550         114.610      7.064    -54.970            7.905         4588.278      1.687      0.000      0.000    9.28535   22.03956           -0.09463      191.93971         4.540e-08         1.419e+00         5.140e-03 
   589.550         114.596      6.995    -54.984            7.905         4596.092      1.687      0.000      0.000    9.26791   22.04589           -0.09455      191.93894         4.549e-08         1.421e+00         5.150e-03 
   590.550         114.583      6.926    -54.999            7.905         4603.906      1.687      0.000      0.000    9.25047   22.05223           -0.09447      191.93817         4.558e-08         1.424e+00         5.160e-03 
   591.550         114.570      6.858    -55.013            7.905         4611.720      1.687      0.000      0.000    9.23307   22.05857           -0.09439      191.93742         4.566e-08         1.427e+00         5.170e-03 
   592.550         114.557      6.789    -55.028            7.905         4619.533      1.687      0.000      0.000    9.21572   22.06490           -0.09431      191.93667         4.575e-08         1.430e+00         5.180e-03 
   593.550         114.544      6.720    -55.042            7.905         4627.347      1.687      0.000      0.000    9.19841   22.07123           -0.09423      191.93593         4.584e-08         1.432e+00         5.190e-03 
   594.550         114.531      6.651    -55.057            7.905         4635.161      1.687      0.000      0.000    9.18115   22.07755           -0.09415      191.93520         4.593e-08         1.435e+00         5.200e-03 
   595.550         114.518      6.583    -55.072            7.905         4642.974      1.687      0.000      0.000    9.16393   22.08388           -0.09408      191.93448         4.602e-08         1.438e+00         5.209e-03 
   596.550         114.505      6.514    -55.086            7.905         4650.788      1.687      0.000      0.000    9.14675   22.09019           -0.09400      191.93376         4.611e-08         1.441e+00         5.219e-03 
   597.550         114.492      6.445    -55.101            7.905         4658.602      1.687      0.000      0.000    9.12960   22.09652           -0.09392      191.93305         4.620e-08         1.443e+00         5.229e-03 
   598.550         114.480      6.377    -55.115            7.905         4666.415      1.687      0.000      0.000    9.11245   22.10286           -0.09385      191.93235         4.629e-08         1.446e+00         5.239e-03 
   599.550         114.467      6.308    -55.130            7.905         4674.229      1.687      0.000      0.000    9.09535   22.10919           -0.09377      191.93166         4.638e-08         1.449e+00         5.249e-03 
   600.550         114.454      6.239    -55.144            7.905         4682.043      1.687      0.000      0.000    9.07830   22.11552           -0.09370      191.93097         4.646e-08         1.452e+00         5.259e-03 
   601.550         114.441      6.171    -55.159            7.905         4689.856      1.687      0.000      0.000    9.06128   22.12185           -0.09363      191.93030         4.655e-08         1.454e+00         5.270e-03 
   602.550         114.428      6.102    -55.173            7.905         4697.670      1.687      0.000      0.000    9.04431   22.12817           -0.09355      191.92963         4.664e-08         1.457e+00         5.280e-03 
   603.550         114.415      6.033    -55.188            7.905         4705.484      1.687      0.000      0.000    9.02738   22.13449           -0.09348      191.92896         4.673e-08         1.460e+00         5.290e-03 
   604.550         114.402      5.965    -55.202            7.905         4713.297      1.687      0.000      0.000    9.01050   22.14080           -0.09341      191.92831         4.682e-08         1.463e+00         5.300e-03 
   605.550         114.389      5.896    -55.217            7.905         4721.111      1.687      0.000      0.000    8.99361   22.14713           -0.09334      191.92766         4.691e-08         1.466e+00         5.310e-03 
   606.550         114.376      5.827    -55.231            7.905         4728.925      1.687      0.000      0.000    8.97675   22.15347           -0.09327      191.92702         4.701e-08         1.468e+00         5.320e-03 
   607.550         114.363      5.758    -55.246            7.904         4736.739      1.687      0.000      0.000    8.95994   22.15980           -0.09320      191.92639         4.710e-08         1.471e+00         5.330e-03 
   608.550         114.351      5.690    -55.260            7.904         4744.552      1.687      0.000      0.000    8.94317   22.16613           -0.09313      191.92577         4.719e-08         1.474e+00         5.340e-03 
   609.550         114.338      5.621    -55.275            7.904         4752.366      1.687      0.000      0.000    8.92643   22.17245           -0.09306      191.92515         4.728e-08         1.477e+00         5.351e-03 
   610.550         114.325      5.552    -55.289            7.904         4760.180      1.687      0.000      0.000    8.90974   22.17877           -0.09299      191.92454         4.737e-08         1.480e+00         5.361e-03 
   611.550         114.312      5.484    -55.303            7.904         4767.993      1.687      0.000      0.000    8.89309   22.18509           -0.09293      191.92394         4.746e-08         1.483e+00         5.371e-03 
   612.550         114.299      5.415    -55.318            7.904         4775.807      1.687      0.000      0.000    8.87648   22.19141           -0.09286      191.92334         4.755e-08         1.485e+00         5.381e-03 
   613.550         114.286      5.346    -55.332            7.904         4783.621      1.687      0.000      0.000    8.85986   22.19775           -0.09279      191.92276         4.764e-08         1.488e+00         5.392e-03 
   614.550         114.274      5.278    -55.347            7.904         4791.434      1.687      0.000      0.000    8.84328   22.20408           -0.09273      191.92218         4.773e-08         1.491e+00         5.402e-03 
   615.550         114.261      5.209    -55.361            7.904         4799.248      1.687      0.000      0.000    8.82674   22.21041           -0.09266      191.92161         4.783e-08         1.494e+00         5.412e-03 
   616.550         114.248      5.140    -55.376            7.904         4807.062      1.687      0.000      0.000    8.81024   22.21674           -0.09260      191.92104         4.792e-08         1.497e+00         5.422e-03 
   617.550         114.235      5.071    -55.390            7.904         4814.875      1.687      0.000      0.000    8.79377   22.22307           -0.09254      191.92049         4.801e-08         1.500e+00         5.433e-03 
   618.550         114.223      5.003    -55.405            7.904         4822.689      1.687      0.000      0.000    8.77735   22.22939           -0.09247      191.91994         4.810e-08         1.503e+00         5.443e-03 
   619.550         114.210      4.934    -55.419            7.904         4830.502      1.686      0.000      0.000    8.76097   22.23571           -0.09241      191.91939         4.820e-08         1.505e+00         5.453e-03 
   620.550         114.197      4.865    -55.434            7.904         4838.316      1.686      0.000      0.000    8.74462   22.24203           -0.09235      191.91886         4.829e-08         1.508e+00         5.464e-03 
   621.550         114.184      4.797    -55.448            7.904         4846.130      1.686      0.000      0.000    8.72826   22.24838           -0.09229      191.91833         4.838e-08         1.511e+00         5.474e-03 
   622.550         114.172      4.728    -55.463            7.904         4853.943      1.686      0.000      0.000    8.71194   22.25471           -0.09223      191.91781         4.847e-08         1.514e+00         5.485e-03 
   623.550         114.159      4.659    -55.477            7.904         4861.757      1.686      0.000      0.000    8.69566   22.26105           -0.09217      191.91730         4.857e-08         1.517e+00         5.495e-03 
   624.550         114.146      4.591    -55.492            7.904         4869.570      1.686      0.000      0.000    8.67942   22.26738           -0.09211      191.91680         4.866e-08         1.520e+00         5.506e-03 
   625.550         114.133      4.522    -55.506            7.904         4877.384      1.686      0.000      0.000    8.66321   22.27371           -0.09206      191.91630         4.875e-08         1.523e+00         5.516e-03 
   626.550         114.121      4.453    -55.520            7.904         4885.198      1.686      0.000      0.000    8.64705   22.28004           -0.09200      191.91581         4.885e-08         1.526e+00         5.527e-03 
   627.550         114.108      4.385    -55.535            7.904         4893.011      1.686      0.000      0.000    8.63092   22.28637           -0.09194      191.91533         4.894e-08         1.529e+00         5.537e-03 
   628.550         114.095      4.316    -55.549            7.904         4900.825      1.686      0.000      0.000    8.61482   22.29270           -0.09189      191.91486         4.904e-08         1.532e+00         5.548e-03 
   629.550         114.083      4.247    -55.564            7.904         4908.638      1.686      0.000      0.000    8.59871   22.29905           -0.09183      191.91439         4.913e-08         1.535e+00         5.558e-03 
   630.550         114.070      4.178    -55.578            7.904         4916.452      1.686      0.000      0.000    8.58264   22.30539           -0.09178      191.91393         4.923e-08         1.537e+00         5.569e-03 
   631.550         114.057      4.110    -55.593            7.904         4924.265      1.686      0.000      0.000    8.56661   22.31173           -0.09173      191.91348         4.932e-08         1.540e+00         5.579e-03 
   632.550         114.045      4.041    -55.607            7.904         4932.079      1.686      0.000      0.000    8.55062   22.31807           -0.09167      191.91303         4.941e-08         1.543e+00         5.590e-03 
   633.550         114.032      3.972    -55.621            7.903         4939.892      1.686      0.000      0.000    8.53466   22.32441           -0.09162      191.91259         4.951e-08         1.546e+00         5.601e-03 
   634.550         114.019      3.904    -55.636            7.903         4947.706      1.686      0.000      0.000    8.51874   22.33075           -0.09157      191.91216         4.960e-08         1.549e+00         5.611e-03 
   635.550         114.007      3.835    -55.650            7.903         4955.519      1.686      0.000      0.000    8.50285   22.33708           -0.09152      191.91174         4.970e-08         1.552e+00         5.622e-03 
   636.550         113.994      3.766    -55.665            7.903         4963.333      1.686      0.000      0.000    8.48699   22.34342           -0.09147      191.91133         4.980e-08         1.555e+00         5.633e-03 
   637.550         113.982      3.698    -55.679            7.903         4971.146      1.686      0.000      0.000    8.47112   22.34978           -0.09142      191.91092         4.989e-08         1.558e+00         5.643e-03 
   638.550         113.969      3.629    -55.694            7.903         4978.960      1.686      0.000      0.000    8.45529   22.35614           -0.09137      191.91052         4.999e-08         1.561e+00         5.654e-03 
   639.550         113.956      3.560    -55.708            7.903         4986.773      1.686      0.000      0.000    8.43950   22.36249           -0.09132      191.91013         5.008e-08         1.564e+00         5.665e-03 
   640.550         113.944      3.491    -55.722            7.903         4994.587      1.686      0.000      0.000    8.42374   22.36884           -0.09128      191.90974         5.018e-08         1.567e+00         5.676e-03 
   641.550         113.931      3.423    -55.737            7.903         5002.400      1.686      0.000      0.000    8.40802   22.37519           -0.09123      191.90936         5.028e-08         1.570e+00         5.687e-03 
   642.550         113.919      3.354    -55.751            7.903         5010.213      1.686      0.000      0.000    8.39233   22.38153           -0.09119      191.90899         5.037e-08         1.573e+00         5.697e-03 
   643.550         113.906      3.285    -55.766            7.903         5018.027      1.686      0.000      0.000    8.37668   22.38788           -0.09114      191.90863         5.047e-08         1.576e+00         5.708e-03 
   644.550         113.893      3.217    -55.780            7.903         5025.840      1.686      0.000      0.000    8.36104   22.39423           -0.09110      191.90827         5.057e-08         1.579e+00         5.719e-03 
   645.550         113.881      3.148    -55.795            7.903         5033.654      1.686      0.000      0.000    8.34541   22.40060           -0.09106      191.90792         5.066e-08         1.582e+00         5.730e-03 
   646.550         113.868      3.079    -55.809            7.903         5041.467      1.686      0.000      0.000    8.32981   22.40697           -0.09101      191.90758         5.076e-08         1.585e+00         5.741e-03 
   647.550         113.856      3.011    -55.823            7.903         5049.280      1.686      0.000      0.000    8.31424   22.41334           -0.09097      191.90725         5.086e-08         1.588e+00         5.752e-03 
   648.550         113.843      2.942    -55.838            7.903         5057.093      1.686      0.000      0.000    8.29871   22.41970           -0.09093      191.90692         5.096e-08         1.591e+00         5.763e-03 
   649.550         113.831      2.873    -55.852            7.903         5064.907      1.686      0.000      0.000    8.28321   22.42606           -0.09089      191.90660         5.106e-08         1.594e+00         5.774e-03 
   650.550         113.818      2.804    -55.867            7.903         5072.720      1.686      0.000      0.000    8.26774   22.43243           -0.09085      191.90629         5.115e-08         1.597e+00         5.785e-03 
   651.550         113.806      2.736    -55.881            7.903         5080.533      1.686      0.000      0.000    8.25231   22.43879           -0.09082      191.90598         5.125e-08         1.600e+00         5.796e-03 
   652.550         113.793      2.667    -55.895            7.903         5088.346      1.686      0.000      0.000    8.23689   22.44516           -0.09078      191.90568         5.135e-08         1.603e+00         5.807e-03 
   653.550         113.781      2.598    -55.910            7.903         5096.160      1.686      0.000      0.000    8.22147   22.45154           -0.09074      191.90539         5.145e-08         1.607e+00         5.818e-03 
   654.550         113.768      2.530    -55.924            7.903         5103.973      1.686      0.000      0.000    8.20609   22.45793           -0.09071      191.90511         5.155e-08         1.610e+00         5.829e-03 
   655.550         113.756      2.461    -55.939            7.903         5111.786      1.686      0.000      0.000    8.19074   22.46431           -0.09067      191.90483         5.165e-08         1.613e+00         5.840e-03 
   656.550         113.743      2.392    -55.953            7.903         5119.599      1.686      0.000      0.000    8.17542   22.47069           -0.09064      191.90457         5.175e-08         1.616e+00         5.851e-03 
   657.550         113.731      2.324    -55.967            7.902         5127.412      1.686      0.000      0.000    8.16013   22.47707           -0.09060      191.90431         5.185e-08         1.619e+00         5.862e-03 
   658.550         113.718      2.255    -55.982            7.902         5135.226      1.686      0.000      0.000    8.14488   22.48345           -0.09057      191.90405         5.195e-08         1.622e+00         5.873e-03 
   659.550         113.706      2.186    -55.996            7.902         5143.039      1.686      0.000      0.000    8.12965   22.48983           -0.09054      191.90380         5.205e-08         1.625e+00         5.885e-03 
   660.550         113.693      2.118    -56.011            7.902         5150.852      1.686      0.000      0.000    8.11444   22.49622           -0.09051      191.90357         5.215e-08         1.628e+00         5.896e-03 
   661.550         113.681      2.049    -56.025            7.902         5158.665      1.686      0.000      0.000    8.09923   22.50263           -0.09048      191.90333         5.225e-08         1.631e+00         5.907e-03 
   662.550         113.668      1.980    -56.039            7.902         5166.478      1.686      0.000      0.000    8.08405   22.50903           -0.09045      191.90311         5.235e-08         1.634e+00         5.918e-03 
   663.550         113.656      1.911    -56.054            7.902         5174.291      1.686      0.000      0.000    8.06891   22.51543           -0.09042      191.90289         5.245e-08         1.638e+00         5.930e-03 
   664.550         113.643      1.843    -56.068            7.902         5182.104      1.686      0.000      0.000    8.05379   22.52184           -0.09039      191.90268         5.255e-08         1.641e+00         5.941e-03 
   665.550         113.631      1.774    -56.083            7.902         5189.917      1.686      0.000      0.000    8.03871   22.52824           -0.09037      191.90248         5.265e-08         1.644e+00         5.952e-03 
   666.550         113.618      1.705    -56.097            7.902         5197.730      1.686      0.000      0.000    8.02365   22.53464           -0.09034      191.90228         5.275e-08         1.647e+00         5.964e-03 
   667.550         113.606      1.637    -56.111            7.902         5205.543      1.686      0.000      0.000    8.00863   22.54104           -0.09032      191.90209         5.286e-08         1.650e+00         5.975e-03 
   668.550         113.593      1.568    -56.126            7.902         5213.356      1.686      0.000      0.000    7.99361   22.54745           -0.09029      191.90191         5.296e-08         1.653e+00         5.986e-03 
   669.550         113.581      1.499    -56.140            7.902         5221.168      1.686      0.000      0.000    7.97860   22.55388           -0.09027      191.90174         5.306e-08         1.657e+00         5.998e-03 
   670.550         113.569      1.431    -56.155            7.902         5228.981      1.686      0.000      0.000    7.96361   22.56031           -0.09025      191.90157         5.316e-08         1.660e+00         6.009e-03 
   671.550         113.556      1.362    -56.169            7.902         5236.794      1.686      0.000      0.000    7.94866   22.56674           -0.09022      191.90141         5.327e-08         1.663e+00         6.021e-03 
   672.550         113.544      1.293    -56.183            7.902         5244.607      1.686      0.000      0.000    7.93373   22.57317           -0.09020      191.90126         5.337e-08         1.666e+00         6.032e-03 
   673.550         113.531      1.224    -56.198            7.902         5252.420      1.686      0.000      0.000    7.91884   22.57960           -0.09018      191.90112         5.347e-08         1.669e+00         6.044e-03 
   674.550         113.519      1.156    -56.212            7.902         5260.233      1.686      0.000      0.000    7.90397   22.58602           -0.09017      191.90098         5.358e-08         1.673e+00         6.056e-03 
   675.550         113.506      1.087    -56.226            7.902         5268.045      1.686      0.000      0.000    7.88913   22.59245           -0.09015      191.90085         5.368e-08         1.676e+00         6.067e-03 
   676.550         113.494      1.018    -56.241            7.902         5275.858      1.686      0.000      0.000    7.87431   22.59889           -0.09013      191.90072         5.378e-08         1.679e+00         6.079e-03 
   677.550         113.481      0.950    -56.255            7.902         5283.671      1.686      0.000      0.000    7.85948   22.60535           -0.09011      191.90061         5.389e-08         1.682e+00         6.090e-03 
   678.550         113.469      0.881    -56.270            7.902         5291.483      1.686      0.000      0.000    7.84468   22.61180           -0.09010      191.90050         5.399e-08         1.685e+00         6.102e-03 
   679.550         113.457      0.812    -56.284            7.902         5299.296      1.686      0.000      0.000    7.82990   22.61826           -0.09008      191.90040         5.410e-08         1.689e+00         6.114e-03 
   680.550         113.444      0.744    -56.298            7.901         5307.109      1.686      0.000      0.000    7.81516   22.62472           -0.09007      191.90030         5.420e-08         1.692e+00         6.126e-03 
   681.550         113.432      0.675    -56.313            7.901         5314.921      1.685      0.000      0.000    7.80044   22.63117           -0.09006      191.90022         5.431e-08         1.695e+00         6.137e-03 
   682.550         113.419      0.606    -56.327            7.901         5322.734      1.685      0.000      0.000    7.78575   22.63763           -0.09005      191.90014         5.441e-08         1.699e+00         6.149e-03 
   683.550         113.407      0.538    -56.342            7.901         5330.546      1.685      0.000      0.000    7.77109   22.64409           -0.09004      191.90006         5.452e-08         1.702e+00         6.161e-03 
   684.550         113.395      0.469    -56.356            7.901         5338.359      1.685      0.000      0.000    7.75644   22.65056           -0.09003      191.90000         5.462e-08         1.705e+00         6.173e-03 
   685.550         113.382      0.400    -56.370            7.901         5346.171      1.685      0.000      0.000    7.74179   22.65705           -0.09002      191.89994         5.473e-08         1.708e+00         6.185e-03 
   686.550         113.370      0.331    -56.385            7.901         5353.984      1.685      0.000      0.000    7.72716   22.66354           -0.09001      191.89989         5.484e-08         1.712e+00         6.196e-03 
   687.550         113.357      0.263    -56.399            7.901         5361.796      1.685      0.000      0.000    7.71256   22.67003           -0.09000      191.89985         5.494e-08         1.715e+00         6.208e-03 
   688.550         113.345      0.194    -56.413            7.901         5369.608      1.685      0.000      0.000    7.69798   22.67652           -0.09000      191.89981         5.505e-08         1.718e+00         6.220e-03 
   689.550         113.332      0.125    -56.428            7.901         5377.421      1.685      0.000      0.000    7.68343   22.68301           -0.08999      191.89978         5.516e-08         1.722e+00         6.232e-03 
   690.550         113.320      0.057    -56.442            7.901         5385.233      1.685      0.000      0.000    7.66891   22.68951           -0.08999      191.89976         5.526e-08         1.725e+00         6.244e-03 
   691.550         113.308     -0.012    -56.457            7.901         5393.045      1.685      0.000      0.000    7.65442   22.69600           -0.08998      191.89974         5.537e-08         1.728e+00         6.256e-03 
   692.550         113.295     -0.081    -56.471            7.901         5400.858      1.685      0.000      0.000    7.63993   22.70250           -0.08998      191.89974         5.548e-08         1.732e+00         6.268e-03 
   693.550         113.283     -0.149    -56.485            7.901         5408.670      1.685      0.000      0.000    7.62544   22.70903           -0.08998      191.89974         5.559e-08         1.735e+00         6.280e-03 
   694.550         113.270     -0.218    -56.500            7.901         5416.482      1.685      0.000      0.000    7.61097   22.71556           -0.08998      191.89974         5.570e-08         1.738e+00         6.293e-03 
   695.550         113.258     -0.287    -56.514            7.901         5424.294      1.685      0.000      0.000    7.59653   22.72208           -0.08998      191.89976         5.581e-08         1.742e+00         6.305e-03 
   696.550         113.246     -0.355    -56.528            7.901         5432.106      1.685      0.000      0.000    7.58212   22.72861           -0.08998      191.89978         5.591e-08         1.745e+00         6.317e-03 
   697.550         113.233     -0.424    -56.543            7.901         5439.918      1.685      0.000      0.000    7.56773   22.73515           -0.08998      191.89981         5.602e-08         1.749e+00         6.329e-03 
   698.550         113.221     -0.493    -56.557            7.901         5447.731      1.685      0.000      0.000    7.55336   22.74168           -0.08998      191.89984         5.613e-08         1.752e+00         6.341e-03 
   699.550         113.208     -0.561    -56.572            7.901         5455.543      1.685      0.000      0.000    7.53902   22.74821           -0.08999      191.89989         5.624e-08         1.755e+00         6.354e-03 
   700.550         113.196     -0.630    -56.586            7.901         5463.355      1.685      0.000      0.000    7.52469   22.75476           -0.08999      191.89994         5.635e-08         1.759e+00         6.366e-03 
   701.550         113.184     -0.699    -56.600            7.901         5471.167      1.685      0.000      0.000    7.51035   22.76132           -0.09000      191.89999         5.646e-08         1.762e+00         6.378e-03 
   702.550         113.171     -0.768    -56.615            7.900         5478.978      1.685      0.000      0.000    7.49603   22.76789           -0.09001      191.90006         5.657e-08         1.766e+00         6.391e-03 
   703.550         113.159     -0.836    -56.629            7.900         5486.790      1.685      0.000      0.000    7.48174   22.77446           -0.09002      191.90013         5.669e-08         1.769e+00         6.403e-03 
   704.550         113.146     -0.905    -56.643            7.900         5494.602      1.685      0.000      0.000    7.46747   22.78104           -0.09003      191.90021         5.680e-08         1.773e+00         6.416e-03 
   705.550         113.134     -0.974    -56.658            7.900         5502.414      1.685      0.000      0.000    7.45323   22.78761           -0.09004      191.90030         5.691e-08         1.776e+00         6.428e-03 
   706.550         113.121     -1.042    -56.672            7.900         5510.226      1.685      0.000      0.000    7.43901   22.79419           -0.09005      191.90039         5.702e-08         1.779e+00         6.440e-03 
   707.550         113.109     -1.111    -56.687            7.900         5518.038      1.685      0.000      0.000    7.42481   22.80077           -0.09006      191.90049         5.713e-08         1.783e+00         6.453e-03 
   708.550         113.097     -1.180    -56.701            7.900         5525.849      1.685      0.000      0.000    7.41063   22.80736           -0.09007      191.90060         5.724e-08         1.786e+00         6.466e-03 
   709.550         113.084     -1.248    -56.715            7.900         5533.661      1.685      0.000      0.000    7.39643   22.81397           -0.09009      191.90071         5.736e-08         1.790e+00         6.478e-03 
   710.550         113.072     -1.317    -56.730            7.900         5541.473      1.685      0.000      0.000    7.38226   22.82059           -0.09010      191.90084         5.747e-08         1.793e+00         6.491e-03 
   711.550         113.059     -1.386    -56.744            7.900         5549.284      1.685      0.000      0.000    7.36810   22.82721           -0.09012      191.90097         5.758e-08         1.797e+00         6.503e-03 
   712.550         113.047     -1.454    -56.759            7.900         5557.096      1.685      0.000      0.000    7.35397   22.83383           -0.09013      191.90110         5.770e-08         1.800e+00         6.516e-03 
   713.550         113.035     -1.523    -56.773            7.900         5564.907      1.685      0.000      0.000    7.33987   22.84045           -0.09015      191.90125         5.781e-08         1.804e+00         6.529e-03 
   714.550         113.022     -1.592    -56.787            7.900         5572.719      1.685      0.000      0.000    7.32578   22.84708           -0.09017      191.90140         5.793e-08         1.808e+00         6.542e-03 
   715.550         113.010     -1.660    -56.802            7.900         5580.530      1.685      0.000      0.000    7.31172   22.85371           -0.09019      191.90156         5.804e-08         1.811e+00         6.554e-03 
   716.550         112.997     -1.729    -56.816            7.900         5588.342      1.685      0.000      0.000    7.29767   22.86035           -0.09021      191.90172         5.816e-08         1.815e+00         6.567e-03 
   717.550         112.985     -1.798    -56.830            7.900         5596.153      1.685      0.000      0.000    7.28360   22.86702           -0.09024      191.90190         5.827e-08         1.818e+00         6.580e-03 
   718.550         112.972     -1.866    -56.845            7.900         5603.964      1.685      0.000      0.000    7.26956   22.87368           -0.09026      191.90208         5.839e-08         1.822e+00         6.593e-03 
   719.550         112.960     -1.935    -56.859            7.900         5611.776      1.685      0.000      0.000    7.25553   22.88036           -0.09028      191.90227         5.850e-08         1.825e+00         6.606e-03 
   720.550         112.947     -2.004    -56.874            7.900         5619.587      1.685      0.000      0.000    7.24153   22.88703           -0.09031      191.90246         5.862e-08         1.829e+00         6.619e-03 
   721.550         112.935     -2.073    -56.888            7.900         5627.398      1.685      0.000      0.000    7.22755   22.89371           -0.09034      191.90266         5.874e-08         1.833e+00         6.632e-03 
   722.550         112.923     -2.141    -56.902            7.899         5635.209      1.685      0.000      0.000    7.21359   22.90040           -0.09036      191.90287         5.885e-08         1.836e+00         6.645e-03 
   723.550         112.910     -2.210    -56.917            7.899         5643.020      1.685      0.000      0.000    7.19965   22.90708           -0.09039      191.90309         5.897e-08         1.840e+00         6.658e-03 
   724.550         112.898     -2.279    -56.931            7.899         5650.832      1.685      0.000      0.000    7.18572   22.91378           -0.09042      191.90331         5.909e-08         1.844e+00         6.671e-03 
   725.550         112.885     -2.347    -56.946            7.899         5658.643      1.685      0.000      0.000    7.17178   22.92050           -0.09045      191.90355         5.920e-08         1.847e+00         6.684e-03 
   726.550         112.873     -2.416    -56.960            7.899         5666.454      1.685      0.000      0.000    7.15785   22.92723           -0.09048      191.90378         5.932e-08         1.851e+00         6.698e-03 
   727.550         112.860     -2.485    -56.974            7.899         5674.265      1.685      0.000      0.000    7.14395   22.93396           -0.09052      191.90403         5.944e-08         1.855e+00         6.711e-03 
   728.550         112.848     -2.553    -56.989            7.899         5682.076      1.685      0.000      0.000    7.13006   22.94070           -0.09055      191.90428         5.956e-08         1.858e+00         6.724e-03 
   729.550         112.835     -2.622    -57.003            7.899         5689.886      1.685      0.000      0.000    7.11620   22.94744           -0.09059      191.90454         5.968e-08         1.862e+00         6.737e-03 
   730.550         112.823     -2.691    -57.018            7.899         5697.697      1.685      0.000      0.000    7.10235   22.95418           -0.09062      191.90481         5.980e-08         1.866e+00         6.751e-03 
   731.550         112.810     -2.759    -57.032            7.899         5705.508      1.685      0.000      0.000    7.08852   22.96093           -0.09066      191.90509         5.992e-08         1.869e+00         6.764e-03 
   732.550         112.798     -2.828    -57.046            7.899         5713.319      1.685      0.000      0.000    7.07471   22.96768           -0.09070      191.90537         6.004e-08         1.873e+00         6.778e-03 
   733.550         112.785     -2.897    -57.061            7.899         5721.129      1.685      0.000      0.000    7.06088   22.97447           -0.09074      191.90566         6.016e-08         1.877e+00         6.791e-03 
   734.550         112.773     -2.965    -57.075            7.899         5728.940      1.685      0.000      0.000    7.04706   22.98126           -0.09078      191.90595         6.028e-08         1.881e+00         6.805e-03 
   735.550         112.760     -3.034    -57.090            7.899         5736.751      1.685      0.000      0.000    7.03327   22.98806           -0.09082      191.90626         6.040e-08         1.884e+00         6.818e-03 
   736.550         112.748     -3.103    -57.104            7.899         5744.561      1.685      0.000      0.000    7.01949   22.99486           -0.09086      191.90657         6.053e-08         1.888e+00         6.832e-03 
   737.550         112.735     -3.171    -57.118            7.899         5752.372      1.685      0.000      0.000    7.00573   23.00167           -0.09091      191.90689         6.065e-08         1.892e+00         6.845e-03 
   738.550         112.723     -3.240    -57.133            7.899         5760.182      1.685      0.000      0.000    6.99199   23.00848           -0.09095      191.90722         6.077e-08         1.896e+00         6.859e-03 
   739.550         112.710     -3.309    -57.147            7.899         5767.993      1.685      0.000      0.000    6.97826   23.01530           -0.09100      191.90755         6.089e-08         1.899e+00         6.873e-03 
   740.550         112.698     -3.377    -57.162            7.899         5775.803      1.685      0.000      0.000    6.96455   23.02212           -0.09105      191.90789         6.102e-08         1.903e+00         6.886e-03 
   741.550         112.685     -3.446    -57.176            7.898         5783.613      1.684      0.000      0.000    6.95082   23.02898           -0.09109      191.90824         6.114e-08         1.907e+00         6.900e-03 
   742.550         112.672     -3.515    -57.190            7.898         5791.424      1.684      0.000      0.000    6.93711   23.03584           -0.09114      191.90859         6.126e-08         1.911e+00         6.914e-03 
   743.550         112.660     -3.583    -57.205            7.898         5799.234      1.684      0.000      0.000    6.92341   23.04271           -0.09120      191.90896         6.139e-08         1.915e+00         6.928e-03 
   744.550         112.647     -3.652    -57.219            7.898         5807.044      1.684      0.000      0.000    6.90973   23.04958           -0.09125      191.90933         6.151e-08         1.919e+00         6.942e-03 
   745.550         112.635     -3.721    -57.234            7.898         5814.854      1.684      0.000      0.000    6.89606   23.05646           -0.09130      191.90970         6.164e-08         1.923e+00         6.956e-03 
   746.550         112.622     -3.789    -57.248            7.898         5822.664      1.684      0.000      0.000    6.88242   23.06335           -0.09135      191.91009         6.176e-08         1.927e+00         6.970e-03 
   747.550         112.609     -3.858    -57.263            7.898         5830.474      1.684      0.000      0.000    6.86879   23.07024           -0.09141      191.91048         6.189e-08         1.930e+00         6.984e-03 
   748.550         112.597     -3.927    -57.277            7.898         5838.284      1.684      0.000      0.000    6.85517   23.07714           -0.09147      191.91088         6.202e-08         1.934e+00         6.998e-03 
   749.550         112.584     -3.995    -57.291            7.898         5846.094      1.684      0.000      0.000    6.84153   23.08408           -0.09152      191.91129         6.214e-08         1.938e+00         7.012e-03 
   750.550         112.572     -4.064    -57.306            7.898         5853.904      1.684      0.000      0.000    6.82790   23.09102           -0.09158      191.91170         6.227e-08         1.942e+00         7.027e-03 
   751.550         112.559     -4.133    -57.320            7.898         5861.714      1.684      0.000      0.000    6.81429   23.09796           -0.09164      191.91212         6.240e-08         1.946e+00         7.041e-03 
   752.550         112.546     -4.201    -57.335            7.898         5869.524      1.684      0.000      0.000    6.80070   23.10491           -0.09170      191.91255         6.253e-08         1.950e+00         7.055e-03 
   753.550         112.534     -4.270    -57.349            7.898         5877.333      1.684      0.000      0.000    6.78713   23.11187           -0.09177      191.91299         6.266e-08         1.954e+00         7.069e-03 
   754.550         112.521     -4.339    -57.364            7.898         5885.143      1.684      0.000      0.000    6.77356   23.11884           -0.09183      191.91343         6.278e-08         1.958e+00         7.084e-03 
   755.550         112.508     -4.407    -57.378            7.898         5892.953      1.684      0.000      0.000    6.76002   23.12581           -0.09189      191.91388         6.291e-08         1.962e+00         7.098e-03 
   756.550         112.496     -4.476    -57.392            7.898         5900.762      1.684      0.000      0.000    6.74648   23.13280           -0.09196      191.91434         6.304e-08         1.966e+00         7.113e-03 
   757.550         112.483     -4.545    -57.407            7.898         5908.572      1.684      0.000      0.000    6.73292   23.13981           -0.09203      191.91481         6.317e-08         1.970e+00         7.127e-03 
   758.550         112.470     -4.613    -57.421            7.898         5916.381      1.684      0.000      0.000    6.71938   23.14684           -0.09210      191.91528         6.331e-08         1.974e+00         7.142e-03 
   759.550         112.458     -4.682    -57.436            7.898         5924.191      1.684      0.000      0.000    6.70585   23.15387           -0.09217      191.91576         6.344e-08         1.978e+00         7.156e-03 
   760.550         112.445     -4.751    -57.450            7.897         5932.000      1.684      0.000      0.000    6.69234   23.16091           -0.09224      191.91625         6.357e-08         1.982e+00         7.171e-03 
   761.550         112.432     -4.819    -57.465            7.897         5939.809      1.684      0.000      0.000    6.67884   23.16795           -0.09231      191.91674         6.370e-08         1.986e+00         7.186e-03 
   762.550         112.420     -4.888    -57.479            7.897         5947.619      1.684      0.000      0.000    6.66535   23.17500           -0.09238      191.91725         6.383e-08         1.991e+00         7.201e-03 
   763.550         112.407     -4.957    -57.494            7.897         5955.428      1.684      0.000      0.000    6.65188   23.18206           -0.09246      191.91776         6.397e-08         1.995e+00         7.215e-03 
   764.550         112.394     -5.025    -57.508            7.897         5963.237      1.684      0.000      0.000    6.63841   23.18914           -0.09253      191.91827         6.410e-08         1.999e+00         7.230e-03 
   765.550         112.381     -5.094    -57.522            7.897         5971.046      1.684      0.000      0.000    6.62492   23.19625           -0.09261      191.91880         6.423e-08         2.003e+00         7.245e-03 
   766.550         112.369     -5.163    -57.537            7.897         5978.855      1.684      0.000      0.000    6.61145   23.20336           -0.09269      191.91933         6.437e-08         2.007e+00         7.260e-03 
   767.550         112.356     -5.231    -57.551            7.897         5986.664      1.684      0.000      0.000    6.59799   23.21049           -0.09276      191.91987         6.450e-08         2.011e+00         7.275e-03 
   768.550         112.343     -5.300    -57.566            7.897         5994.473      1.684      0.000      0.000    6.58455   23.21762           -0.09285      191.92042         6.464e-08         2.016e+00         7.290e-03 
   769.550         112.330     -5.369    -57.580            7.897         6002.282      1.684      0.000      0.000    6.57112   23.22476           -0.09293      191.92097         6.477e-08         2.020e+00         7.305e-03 
   770.550         112.317     -5.437    -57.595            7.897         6010.091      1.684      0.000      0.000    6.55770   23.23190           -0.09301      191.92154         6.491e-08         2.024e+00         7.321e-03 
   771.550         112.305     -5.506    -57.609            7.897         6017.899      1.684      0.000      0.000    6.54430   23.23906           -0.09309      191.92211         6.505e-08         2.028e+00         7.336e-03 
   772.550         112.292     -5.575    -57.624            7.897         6025.708      1.684      0.000      0.000    6.53088   23.24624           -0.09318      191.92269         6.518e-08         2.032e+00         7.351e-03 
   773.550         112.279     -5.643    -57.638            7.897         6033.517      1.684      0.000      0.000    6.51746   23.25344           -0.09327      191.92327         6.532e-08         2.037e+00         7.366e-03 
   774.550         112.266     -5.712    -57.653            7.897         6041.325      1.684      0.000      0.000    6.50405   23.26066           -0.09335      191.92386         6.546e-08         2.041e+00         7.382e-03 
   775.550         112.253     -5.780    -57.667            7.897         6049.134      1.684      0.000      0.000    6.49066   23.26788           -0.09344      191.92446         6.560e-08         2.045e+00         7.397e-03 
   776.550         112.240     -5.849    -57.682            7.897         6056.942      1.684      0.000      0.000    6.47727   23.27511           -0.09353      191.92507         6.574e-08         2.050e+00         7.413e-03 
   777.550         112.227     -5.918    -57.696            7.897         6064.751      1.684      0.000      0.000    6.46390   23.28235           -0.09363      191.92569         6.588e-08         2.054e+00         7.428e-03 
   778.550         112.214     -5.986    -57.711            7.896         6072.559      1.684      0.000      0.000    6.45054   23.28960           -0.09372      191.92631         6.602e-08         2.058e+00         7.444e-03 
   779.550         112.201     -6.055    -57.725            7.896         6080.367      1.684      0.000      0.000    6.43720   23.29686           -0.09381      191.92694         6.616e-08         2.063e+00         7.460e-03 
   780.550         112.189     -6.124    -57.739            7.896         6088.176      1.684      0.000      0.000    6.42383   23.30415           -0.09391      191.92758         6.630e-08         2.067e+00         7.476e-03 
   781.550         112.176     -6.192    -57.754            7.896         6095.984      1.684      0.000      0.000    6.41046   23.31146           -0.09401      191.92822         6.644e-08         2.071e+00         7.491e-03 
   782.550         112.163     -6.261    -57.768            7.896         6103.792      1.684      0.000      0.000    6.39711   23.31878           -0.09411      191.92888         6.658e-08         2.076e+00         7.507e-03 
   783.550         112.150     -6.330    -57.783            7.896         6111.600      1.684      0.000      0.000    6.38377   23.32611           -0.09420      191.92954         6.673e-08         2.080e+00         7.523e-03 
   784.550         112.137     -6.398    -57.797            7.896         6119.408      1.684      0.000      0.000    6.37043   23.33344           -0.09431      191.93020         6.687e-08         2.085e+00         7.539e-03 
   785.550         112.124     -6.467    -57.812            7.896         6127.216      1.684      0.000      0.000    6.35711   23.34079           -0.09441      191.93088         6.702e-08         2.089e+00         7.555e-03 
   786.550         112.111     -6.536    -57.826            7.896         6135.024      1.684      0.000      0.000    6.34381   23.34815           -0.09451      191.93156         6.716e-08         2.094e+00         7.571e-03 
   787.550         112.098     -6.604    -57.841            7.896         6142.831      1.684      0.000      0.000    6.33051   23.35552           -0.09462      191.93225         6.730e-08         2.098e+00         7.587e-03 
   788.550         112.085     -6.673    -57.855            7.896         6150.639      1.684      0.000      0.000    6.31717   23.36294           -0.09472      191.93295         6.745e-08         2.103e+00         7.604e-03 
   789.550         112.071     -6.742    -57.870            7.896         6158.447      1.684      0.000      0.000    6.30385   23.37036           -0.09483      191.93366         6.760e-08         2.107e+00         7.620e-03 
   790.550         112.058     -6.810    -57.885            7.896         6166.254      1.684      0.000      0.000    6.29055   23.37779           -0.09494      191.93437         6.774e-08         2.112e+00         7.636e-03 
   791.550         112.045     -6.879    -57.899            7.896         6174.062      1.684      0.000      0.000    6.27725   23.38524           -0.09505      191.93509         6.789e-08         2.116e+00         7.653e-03 
   792.550         112.032     -6.947    -57.914            7.896         6181.869      1.684      0.000      0.000    6.26396   23.39269           -0.09516      191.93582         6.804e-08         2.121e+00         7.669e-03 
   793.550         112.019     -7.016    -57.928            7.896         6189.677      1.684      0.000      0.000    6.25068   23.40016           -0.09527      191.93656         6.819e-08         2.125e+00         7.686e-03 
   794.550         112.006     -7.085    -57.943            7.896         6197.484      1.684      0.000      0.000    6.23742   23.40763           -0.09539      191.93731         6.834e-08         2.130e+00         7.702e-03 
   795.550         111.993     -7.153    -57.957            7.895         6205.291      1.684      0.000      0.000    6.22414   23.41513           -0.09550      191.93806         6.849e-08         2.135e+00         7.719e-03 
   796.550         111.980     -7.222    -57.972            7.895         6213.098      1.683      0.000      0.000    6.21085   23.42267           -0.09562      191.93882         6.864e-08         2.139e+00         7.736e-03 
   797.550         111.966     -7.291    -57.986            7.895         6220.906      1.683      0.000      0.000    6.19757   23.43021           -0.09574      191.93959         6.879e-08         2.144e+00         7.753e-03 
   798.550         111.953     -7.359    -58.001            7.895         6228.713      1.683      0.000      0.000    6.18430   23.43777           -0.09586      191.94036         6.894e-08         2.149e+00         7.770e-03 
   799.550         111.940     -7.428    -58.015            7.895         6236.520      1.683      0.000      0.000    6.17104   23.44533           -0.09598      191.94114         6.909e-08         2.153e+00         7.786e-03 
   800.550         111.927     -7.497    -58.030            7.895         6244.327      1.683      0.000      0.000    6.15778   23.45291           -0.09610      191.94193         6.925e-08         2.158e+00         7.803e-03 
   801.550         111.914     -7.565    -58.044            7.895         6252.133      1.683      0.000      0.000    6.14454   23.46051           -0.09623      191.94273         6.940e-08         2.163e+00         7.821e-03 
   802.550         111.900     -7.634    -58.059            7.895         6259.940      1.683      0.000      0.000    6.13131   23.46811           -0.09635      191.94354         6.955e-08         2.168e+00         7.838e-03 
   803.550         111.887     -7.702    -58.073            7.895         6267.747      1.683      0.000      0.000    6.11805   23.47575           -0.09648      191.94435         6.971e-08         2.172e+00         7.855e-03 
   804.550         111.874     -7.771    -58.088            7.895         6275.554      1.683      0.000      0.000    6.10479   23.48342           -0.09661      191.94518         6.986e-08         2.177e+00         7.872e-03 
   805.550         111.860     -7.840    -58.103            7.895         6283.360      1.683      0.000      0.000    6.09154   23.49109           -0.09673      191.94601         7.002e-08         2.182e+00         7.890e-03 
   806.550         111.847     -7.908    -58.117            7.895         6291.167      1.683      0.000      0.000    6.07830   23.49878           -0.09687      191.94684         7.018e-08         2.187e+00         7.907e-03 
   807.550         111.834     -7.977    -58.132            7.895         6298.973      1.683      0.000      0.000    6.06506   23.50648           -0.09700      191.94769         7.033e-08         2.192e+00         7.925e-03 
   808.550         111.820     -8.046    -58.146            7.895         6306.780      1.683      0.000      0.000    6.05184   23.51419           -0.09713      191.94854         7.049e-08         2.197e+00         7.942e-03 
   809.550         111.807     -8.114    -58.161            7.895         6314.586      1.683      0.000      0.000    6.03862   23.52192           -0.09727      191.94940         7.065e-08         2.202e+00         7.960e-03 
   810.550         111.794     -8.183    -58.175            7.895         6322.392      1.683      0.000      0.000    6.02540   23.52967           -0.09740      191.95027         7.081e-08         2.207e+00         7.978e-03 
   811.550         111.780     -8.251    -58.190            7.894         6330.198      1.683      0.000      0.000    6.01216   23.53745           -0.09754      191.95115         7.097e-08         2.211e+00         7.995e-03 
   812.550         111.767     -8.320    -58.205            7.894         6338.004      1.683      0.000      0.000    5.99892   23.54525           -0.09768      191.95203         7.113e-08         2.216e+00         8.013e-03 
   813.550         111.753     -8.389    -58.219            7.894         6345.810      1.683      0.000      0.000    5.98570   23.55307           -0.09782      191.95293         7.129e-08         2.221e+00         8.031e-03 
   814.550         111.740     -8.457    -58.234            7.894         6353.616      1.683      0.000      0.000    5.97248   23.56090           -0.09796      191.95383         7.145e-08         2.226e+00         8.049e-03 
   815.550         111.726     -8.526    -58.248            7.894         6361.422      1.683      0.000      0.000    5.95927   23.56874           -0.09811      191.95473         7.162e-08         2.232e+00         8.067e-03 
   816.550         111.713     -8.595    -58.263            7.894         6369.228      1.683      0.000      0.000    5.94606   23.57659           -0.09825      191.95565         7.178e-08         2.237e+00         8.086e-03 
   817.550         111.699     -8.663    -58.278            7.894         6377.034      1.683      0.000      0.000    5.93287   23.58446           -0.09840      191.95657         7.194e-08         2.242e+00         8.104e-03 
   818.550         111.686     -8.732    -58.292            7.894         6384.839      1.683      0.000      0.000    5.91964   23.59238           -0.09855      191.95751         7.211e-08         2.247e+00         8.122e-03 
   819.550         111.672     -8.800    -58.307            7.894         6392.645      1.683      0.000      0.000    5.90641   23.60031           -0.09869      191.95845         7.227e-08         2.252e+00         8.141e-03 
   820.550         111.658     -8.869    -58.321            7.894         6400.450      1.683      0.000      0.000    5.89320   23.60826           -0.09885      191.95939         7.244e-08         2.257e+00         8.159e-03 
   821.550         111.645     -8.938    -58.336            7.894         6408.256      1.683      0.000      0.000    5.87999   23.61622           -0.09900      191.96035         7.261e-08         2.262e+00         8.178e-03 
   822.550         111.631     -9.006    -58.351            7.894         6416.061      1.683      0.000      0.000    5.86678   23.62420           -0.09915      191.96131         7.278e-08         2.267e+00         8.196e-03 
   823.550         111.617     -9.075    -58.365            7.894         6423.867      1.683      0.000      0.000    5.85359   23.63219           -0.09931      191.96229         7.294e-08         2.273e+00         8.215e-03 
   824.550         111.604     -9.143    -58.380            7.894         6431.672      1.683      0.000      0.000    5.84040   23.64020           -0.09946      191.96327         7.311e-08         2.278e+00         8.234e-03 
   825.550         111.590     -9.212    -58.395            7.894         6439.477      1.683      0.000      0.000    5.82719   23.64825           -0.09962      191.96425         7.328e-08         2.283e+00         8.253e-03 
   826.550         111.576     -9.281    -58.409            7.894         6447.282      1.683      0.000      0.000    5.81397   23.65632           -0.09978      191.96525         7.346e-08         2.288e+00         8.272e-03 
   827.550         111.562     -9.349    -58.424            7.893         6455.087      1.683      0.000      0.000    5.80075   23.66441           -0.09994      191.96625         7.363e-08         2.294e+00         8.291e-03 
   828.550         111.549     -9.418    -58.438            7.893         6462.892      1.683      0.000      0.000    5.78755   23.67252           -0.10011      191.96727         7.380e-08         2.299e+00         8.310e-03 
   829.550         111.535     -9.486    -58.453            7.893         6470.697      1.683      0.000      0.000    5.77434   23.68064           -0.10027      191.96829         7.397e-08         2.304e+00         8.330e-03 
   830.550         111.521     -9.555    -58.468            7.893         6478.501      1.683      0.000      0.000    5.76115   23.68878           -0.10044      191.96931         7.415e-08         2.310e+00         8.349e-03 
   831.550         111.507     -9.624    -58.482            7.893         6486.306      1.683      0.000      0.000    5.74796   23.69693           -0.10060      191.97035         7.432e-08         2.315e+00         8.368e-03 
   832.550         111.493     -9.692    -58.497            7.893         6494.111      1.683      0.000      0.000    5.73476   23.70511           -0.10077      191.97139         7.450e-08         2.321e+00         8.388e-03 
   833.550         111.479     -9.761    -58.512            7.893         6501.915      1.683      0.000      0.000    5.72154   23.71334           -0.10094      191.97245         7.467e-08         2.326e+00         8.408e-03 
   834.550         111.466     -9.830    -58.526            7.893         6509.720      1.683      0.000      0.000    5.70833   23.72158           -0.10111      191.97351         7.485e-08         2.332e+00         8.427e-03 
   835.550         111.452     -9.898    -58.541            7.893         6517.524      1.683      0.000      0.000    5.69512   23.72984           -0.10129      191.97458         7.503e-08         2.337e+00         8.447e-03 
   836.550         111.438     -9.967    -58.556            7.893         6525.328      1.683      0.000      0.000    5.68191   23.73811           -0.10146      191.97565         7.521e-08         2.343e+00         8.467e-03 
   837.550         111.424    -10.035    -58.570            7.893         6533.133      1.683      0.000      0.000    5.66872   23.74640           -0.10164      191.97674         7.539e-08         2.348e+00         8.487e-03 
   838.550         111.410    -10.104    -58.585            7.893         6540.937      1.683      0.000      0.000    5.65552   23.75471           -0.10182      191.97783         7.557e-08         2.354e+00         8.507e-03 
   839.550         111.396    -10.173    -58.600            7.893         6548.741      1.683      0.000      0.000    5.64233   23.76304           -0.10200      191.97893         7.575e-08         2.359e+00         8.527e-03 
   840.550         111.382    -10.241    -58.615            7.893         6556.545      1.683      0.000      0.000    5.62910   23.77142           -0.10218      191.98004         7.593e-08         2.365e+00         8.548e-03 
   841.550         111.367    -10.310    -58.629            7.893         6564.349      1.683      0.000      0.000    5.61588   23.77982           -0.10236      191.98116         7.612e-08         2.371e+00         8.568e-03 
   842.550         111.353    -10.378    -58.644            7.892         6572.152      1.683      0.000      0.000    5.60266   23.78824           -0.10254      191.98229         7.630e-08         2.376e+00         8.589e-03 
   843.550         111.339    -10.447    -58.659            7.892         6579.956      1.683      0.000      0.000    5.58945   23.79667           -0.10273      191.98342         7.649e-08         2.382e+00         8.609e-03 
   844.550         111.325    -10.515    -58.673            7.892         6587.760      1.683      0.000      0.000    5.57625   23.80512           -0.10292      191.98456         7.667e-08         2.388e+00         8.630e-03 
   845.550         111.311    -10.584    -58.688            7.892         6595.563      1.683      0.000      0.000    5.56305   23.81360           -0.10310      191.98572         7.686e-08         2.394e+00         8.651e-03 
   846.550         111.297    -10.653    -58.703            7.892         6603.367      1.682      0.000      0.000    5.54985   23.82209           -0.10330      191.98688         7.705e-08         2.400e+00         8.672e-03 
   847.550         111.282    -10.721    -58.717            7.892         6611.170      1.682      0.000      0.000    5.53661   23.83064           -0.10349      191.98804         7.724e-08         2.405e+00         8.693e-03 
   848.550         111.268    -10.790    -58.732            7.892         6618.973      1.682      0.000      0.000    5.52338   23.83920           -0.10368      191.98922         7.743e-08         2.411e+00         8.714e-03 
   849.550         111.254    -10.858    -58.747            7.892         6626.777      1.682      0.000      0.000    5.51015   23.84779           -0.10388      191.99040         7.762e-08         2.417e+00         8.735e-03 
   850.550         111.240    -10.927    -58.762            7.892         6634.580      1.682      0.000      0.000    5.49693   23.85639           -0.10407      191.99160         7.781e-08         2.423e+00         8.756e-03 
   851.550         111.225    -10.996    -58.776            7.892         6642.383      1.682      0.000      0.000    5.48371   23.86501           -0.10427      191.99280         7.800e-08         2.429e+00         8.778e-03 
   852.550         111.211    -11.064    -58.791            7.892         6650.186      1.682      0.000      0.000    5.47050   23.87366           -0.10447      191.99401         7.820e-08         2.435e+00         8.799e-03 
   853.550         111.196    -11.133    -58.806            7.892         6657.989      1.682      0.000      0.000    5.45728   23.88232           -0.10467      191.99523         7.839e-08         2.441e+00         8.821e-03 
   854.550         111.182    -11.201    -58.821            7.892         6665.791      1.682      0.000      0.000    5.44403   23.89104           -0.10488      191.99645         7.859e-08         2.447e+00         8.843e-03 
   855.550         111.167    -11.270    -58.835            7.892         6673.594      1.682      0.000      0.000    5.43079   23.89979           -0.10508      191.99769         7.878e-08         2.453e+00         8.864e-03 
   856.550         111.153    -11.338    -58.850            7.891         6681.397      1.682      0.000      0.000    5.41754   23.90855           -0.10529      191.99893         7.898e-08         2.459e+00         8.886e-03 
   857.550         111.138    -11.407    -58.865            7.891         6689.199      1.682      0.000      0.000    5.40431   23.91733           -0.10550      192.00018         7.918e-08         2.465e+00         8.909e-03 
   858.550         111.124    -11.476    -58.880            7.891         6697.002      1.682      0.000      0.000    5.39107   23.92613           -0.10571      192.00144         7.938e-08         2.472e+00         8.931e-03 
   859.550         111.109    -11.544    -58.895            7.891         6704.804      1.682      0.000      0.000    5.37784   23.93496           -0.10592      192.00271         7.958e-08         2.478e+00         8.953e-03 
   860.550         111.095    -11.613    -58.909            7.891         6712.606      1.682      0.000      0.000    5.36460   23.94381           -0.10613      192.00399         7.978e-08         2.484e+00         8.975e-03 
   861.550         111.080    -11.681    -58.924            7.891         6720.408      1.682      0.000      0.000    5.35134   23.95272           -0.10635      192.00527         7.999e-08         2.490e+00         8.998e-03 
   862.550         111.065    -11.750    -58.939            7.891         6728.211      1.682      0.000      0.000    5.33807   23.96164           -0.10656      192.00657         8.019e-08         2.497e+00         9.021e-03 
   863.550         111.051    -11.819    -58.954            7.891         6736.013      1.682      0.000      0.000    5.32481   23.97059           -0.10678      192.00787         8.039e-08         2.503e+00         9.043e-03 
   864.550         111.036    -11.887    -58.969            7.891         6743.814      1.682      0.000      0.000    5.31155   23.97956           -0.10700      192.00918         8.060e-08         2.509e+00         9.066e-03 
   865.550         111.021    -11.956    -58.983            7.891         6751.616      1.682      0.000      0.000    5.29830   23.98855           -0.10722      192.01050         8.081e-08         2.516e+00         9.089e-03 
   866.550         111.007    -12.024    -58.998            7.891         6759.418      1.682      0.000      0.000    5.28505   23.99757           -0.10745      192.01183         8.102e-08         2.522e+00         9.112e-03 
   867.550         110.992    -12.093    -59.013            7.891         6767.220      1.682      0.000      0.000    5.27178   24.00662           -0.10767      192.01317         8.123e-08         2.529e+00         9.136e-03 
   868.550         110.977    -12.161    -59.028            7.891         6775.021      1.682      0.000      0.000    5.25849   24.01572           -0.10790      192.01452         8.144e-08         2.535e+00         9.159e-03 
   869.550         110.962    -12.230    -59.043            7.891         6782.823      1.682      0.000      0.000    5.24521   24.02484           -0.10813      192.01587         8.165e-08         2.542e+00         9.183e-03 
   870.550         110.947    -12.298    -59.058            7.890         6790.624      1.682      0.000      0.000    5.23192   24.03399           -0.10836      192.01723         8.186e-08         2.548e+00         9.206e-03 
   871.550         110.932    -12.367    -59.072            7.890         6798.425      1.682      0.000      0.000    5.21864   24.04316           -0.10859      192.01861         8.207e-08         2.555e+00         9.230e-03 
   872.550         110.917    -12.436    -59.087            7.890         6806.227      1.682      0.000      0.000    5.20537   24.05235           -0.10882      192.01999         8.229e-08         2.562e+00         9.254e-03 
   873.550         110.902    -12.504    -59.102            7.890         6814.028      1.682      0.000      0.000    5.19209   24.06156           -0.10906      192.02138         8.251e-08         2.568e+00         9.278e-03 
   874.550         110.887    -12.573    -59.117            7.890         6821.829      1.682      0.000      0.000    5.17879   24.07083           -0.10929      192.02277         8.272e-08         2.575e+00         9.302e-03 
   875.550         110.872    -12.641    -59.132            7.890         6829.630      1.682      0.000      0.000    5.16547   24.08013           -0.10953      192.02418         8.294e-08         2.582e+00         9.326e-03 
   876.550         110.857    -12.710    -59.147            7.890         6837.430      1.682      0.000      0.000    5.15216   24.08946           -0.10977      192.02560         8.316e-08         2.589e+00         9.351e-03 
   877.550         110.842    -12.778    -59.162            7.890         6845.231      1.682      0.000      0.000    5.13885   24.09881           -0.11001      192.02702         8.338e-08         2.595e+00         9.375e-03 
   878.550         110.827    -12.847    -59.176            7.890         6853.032      1.682      0.000      0.000    5.12555   24.10819           -0.11026      192.02846         8.361e-08         2.602e+00         9.400e-03 
   879.550         110.811    -12.916    -59.191            7.890         6860.832      1.682      0.000      0.000    5.11224   24.11759           -0.11050      192.02990         8.383e-08         2.609e+00         9.425e-03 
   880.550         110.796    -12.984    -59.206            7.890         6868.633      1.682      0.000      0.000    5.09894   24.12701           -0.11075      192.03135         8.405e-08         2.616e+00         9.450e-03 
   881.550         110.781    -13.053    -59.221            7.890         6876.433      1.682      0.000      0.000    5.08559   24.13651           -0.11100      192.03281         8.428e-08         2.623e+00         9.475e-03 
   882.550         110.766    -13.121    -59.236            7.890         6884.233      1.682      0.000      0.000    5.07225   24.14603           -0.11125      192.03428         8.451e-08         2.630e+00         9.500e-03 
   883.550         110.750    -13.190    -59.251            7.890         6892.033      1.682      0.000      0.000    5.05891   24.15557           -0.11150      192.03576         8.474e-08         2.637e+00         9.526e-03 
   884.550         110.735    -13.258    -59.266            7.889         6899.833      1.682      0.000      0.000    5.04558   24.16514           -0.11176      192.03725         8.497e-08         2.644e+00         9.551e-03 
   885.550         110.720    -13.327    -59.281            7.889         6907.633      1.682      0.000      0.000    5.03224   24.17473           -0.11201      192.03874         8.520e-08         2.651e+00         9.577e-03 
   886.550         110.704    -13.395    -59.296            7.889         6915.433      1.682      0.000      0.000    5.01891   24.18435           -0.11227      192.04025         8.543e-08         2.659e+00         9.603e-03 
   887.550         110.689    -13.464    -59.311            7.889         6923.233      1.682      0.000      0.000    5.00555   24.19402           -0.11253      192.04176         8.566e-08         2.666e+00         9.629e-03 
   888.550         110.673    -13.532    -59.326            7.889         6931.033      1.682      0.000      0.000    4.99218   24.20374           -0.11279      192.04328         8.590e-08         2.673e+00         9.655e-03 
   889.550         110.658    -13.601    -59.341            7.889         6938.832      1.682      0.000      0.000    4.97881   24.21348           -0.11306      192.04482         8.614e-08         2.680e+00         9.681e-03 
   890.550         110.642    -13.670    -59.356            7.889         6946.632      1.681      0.000      0.000    4.96544   24.22325           -0.11332      192.04636         8.638e-08         2.688e+00         9.708e-03 
   891.550         110.626    -13.738    -59.371            7.889         6954.431      1.681      0.000      0.000    4.95207   24.23305           -0.11359      192.04791         8.661e-08         2.695e+00         9.734e-03 
   892.550         110.611    -13.807    -59.385            7.889         6962.230      1.681      0.000      0.000    4.93871   24.24287           -0.11386      192.04947         8.686e-08         2.703e+00         9.761e-03 
   893.550         110.595    -13.875    -59.400            7.889         6970.030      1.681      0.000      0.000    4.92533   24.25273           -0.11413      192.05104         8.710e-08         2.710e+00         9.788e-03 
   894.550         110.579    -13.944    -59.415            7.889         6977.829      1.681      0.000      0.000    4.91193   24.26265           -0.11440      192.05261         8.734e-08         2.718e+00         9.815e-03 
   895.550         110.564    -14.012    -59.430            7.889         6985.628      1.681      0.000      0.000    4.89852   24.27260           -0.11468      192.05420         8.759e-08         2.725e+00         9.842e-03 
   896.550         110.548    -14.081    -59.445            7.889         6993.426      1.681      0.000      0.000    4.88512   24.28258           -0.11495      192.05580         8.783e-08         2.733e+00         9.869e-03 
   897.550         110.532    -14.149    -59.460            7.888         7001.225      1.681      0.000      0.000    4.87172   24.29259           -0.11523      192.05740         8.808e-08         2.741e+00         9.897e-03 
   898.550         110.516    -14.218    -59.475            7.888         7009.024      1.681      0.000      0.000    4.85832   24.30263           -0.11551      192.05902         8.833e-08         2.748e+00         9.925e-03 
   899.550         110.500    -14.286    -59.490            7.888         7016.822      1.681      0.000      0.000    4.84492   24.31269           -0.11579      192.06064         8.858e-08         2.756e+00         9.952e-03 
   900.550         110.484    -14.355    -59.505            7.888         7024.621      1.681      0.000      0.000    4.83149   24.32282           -0.11608      192.06227         8.883e-08         2.764e+00         9.980e-03 
   901.550         110.468    -14.423    -59.520            7.888         7032.419      1.681      0.000      0.000    4.81805   24.33299           -0.11636      192.06392         8.909e-08         2.772e+00         1.001e-02 
   902.550         110.452    -14.492    -59.536            7.888         7040.218      1.681      0.000      0.000    4.80461   24.34319           -0.11665      192.06557         8.934e-08         2.780e+00         1.004e-02 
   903.550         110.436    -14.560    -59.551            7.888         7048.016      1.681      0.000      0.000    4.79117   24.35342           -0.11694      192.06723         8.960e-08         2.788e+00         1.007e-02 
   904.550         110.420    -14.629    -59.566            7.888         7055.814      1.681      0.000      0.000    4.77774   24.36367           -0.11723      192.06890         8.986e-08         2.796e+00         1.009e-02 
   905.550         110.404    -14.697    -59.581            7.888         7063.612      1.681      0.000      0.000    4.76430   24.37396           -0.11752      192.07058         9.012e-08         2.804e+00         1.012e-02 
   906.550         110.387    -14.766    -59.596            7.888         7071.410      1.681      0.000      0.000    4.75084   24.38431           -0.11782      192.07227         9.038e-08         2.812e+00         1.015e-02 
   907.550         110.371    -14.834    -59.611            7.888         7079.207      1.681      0.000      0.000    4.73736   24.39470           -0.11811      192.07397         9.065e-08         2.820e+00         1.018e-02 
   908.550         110.355    -14.903    -59.626            7.888         7087.005      1.681      0.000      0.000    4.72389   24.40513           -0.11841      192.07567         9.091e-08         2.828e+00         1.021e-02 
   909.550         110.339    -14.972    -59.641            7.887         7094.802      1.681      0.000      0.000    4.71042   24.41558           -0.11871      192.07739         9.118e-08         2.836e+00         1.024e-02 
   910.550         110.322    -15.040    -59.656            7.887         7102.600      1.681      0.000      0.000    4.69695   24.42607           -0.11902      192.07912         9.145e-08         2.845e+00         1.027e-02 
   911.550         110.306    -15.109    -59.671            7.887         7110.397      1.681      0.000      0.000    4.68348   24.43659           -0.11932      192.08085         9.172e-08         2.853e+00         1.030e-02 
   912.550         110.289    -15.177    -59.686            7.887         7118.194      1.681      0.000      0.000    4.66998   24.44717           -0.11963      192.08260         9.199e-08         2.861e+00         1.033e-02 
   913.550         110.273    -15.246    -59.701            7.887         7125.992      1.681      0.000      0.000    4.65647   24.45780           -0.11994      192.08436         9.226e-08         2.870e+00         1.036e-02 
   914.550         110.256    -15.314    -59.716            7.887         7133.789      1.681      0.000      0.000    4.64296   24.46846           -0.12025      192.08612         9.254e-08         2.878e+00         1.039e-02 
   915.550         110.240    -15.383    -59.732            7.887         7141.585      1.681      0.000      0.000    4.62945   24.47916           -0.12056      192.08790         9.282e-08         2.887e+00         1.042e-02 
   916.550         110.223    -15.451    -59.747            7.887         7149.382      1.681      0.000      0.000    4.61594   24.48988           -0.12087      192.08968         9.309e-08         2.895e+00         1.045e-02 
   917.550         110.207    -15.520    -59.762            7.887         7157.179      1.681      0.000      0.000    4.60243   24.50064           -0.12119      192.09147         9.338e-08         2.904e+00         1.048e-02 
   918.550         110.190    -15.588    -59.777            7.887         7164.975      1.681      0.000      0.000    4.58891   24.51146           -0.12151      192.09328         9.366e-08         2.913e+00         1.052e-02 
   919.550         110.173    -15.657    -59.792            7.887         7172.772      1.681      0.000      0.000    4.57536   24.52234           -0.12183      192.09509         9.394e-08         2.922e+00         1.055e-02 
   920.550         110.156    -15.725    -59.807            7.887         7180.568      1.681      0.000      0.000    4.56181   24.53325           -0.12215      192.09691         9.423e-08         2.930e+00         1.058e-02 
   921.550         110.139    -15.794    -59.822            7.887         7188.364      1.681      0.000      0.000    4.54826   24.54419           -0.12248      192.09875         9.452e-08         2.939e+00         1.061e-02 
   922.550         110.123    -15.862    -59.838            7.886         7196.161      1.681      0.000      0.000    4.53471   24.55517           -0.12280      192.10059         9.481e-08         2.948e+00         1.064e-02 
   923.550         110.106    -15.931    -59.853            7.886         7203.957      1.681      0.000      0.000    4.52117   24.56618           -0.12313      192.10244         9.510e-08         2.957e+00         1.068e-02 
   924.550         110.089    -15.999    -59.868            7.886         7211.752      1.681      0.000      0.000    4.50760   24.57726           -0.12346      192.10431         9.539e-08         2.966e+00         1.071e-02 
   925.550         110.072    -16.068    -59.883            7.886         7219.548      1.681      0.000      0.000    4.49401   24.58839           -0.12379      192.10618         9.569e-08         2.975e+00         1.074e-02 
   926.550         110.055    -16.136    -59.898            7.886         7227.344      1.681      0.000      0.000    4.48043   24.59956           -0.12413      192.10806         9.599e-08         2.985e+00         1.077e-02 
   927.550         110.038    -16.205    -59.914            7.886         7235.140      1.681      0.000      0.000    4.46684   24.61076           -0.12446      192.10995         9.629e-08         2.994e+00         1.081e-02 
   928.550         110.020    -16.273    -59.929            7.886         7242.935      1.680      0.000      0.000    4.45326   24.62200           -0.12480      192.11185         9.659e-08         3.003e+00         1.084e-02 
   929.550         110.003    -16.342    -59.944            7.886         7250.730      1.680      0.000      0.000    4.43968   24.63327           -0.12514      192.11376         9.689e-08         3.013e+00         1.087e-02 
   930.550         109.986    -16.410    -59.959            7.886         7258.526      1.680      0.000      0.000    4.42606   24.64442           -0.12549      192.11569         9.720e-08         3.022e+00         1.091e-02 
   931.550         109.969    -16.478    -59.974            7.886         7266.321      1.680      0.000      0.000    4.41244   24.65553           -0.12583      192.11762         9.750e-08         3.032e+00         1.094e-02 
   932.550         109.951    -16.547    -59.990            7.886         7274.116      1.680      0.000      0.000    4.39882   24.66668           -0.12618      192.11956         9.781e-08         3.041e+00         1.098e-02 
   933.550         109.934    -16.615    -60.005            7.885         7281.911      1.680      0.000      0.000    4.38519   24.67786           -0.12653      192.12151         9.813e-08         3.051e+00         1.101e-02 
   934.550         109.916    -16.684    -60.020            7.885         7289.705      1.680      0.000      0.000    4.37157   24.68908           -0.12688      192.12347         9.844e-08         3.060e+00         1.105e-02 
   935.550         109.899    -16.752    -60.035            7.885         7297.500      1.680      0.000      0.000    4.35796   24.70033           -0.12723      192.12544         9.875e-08         3.070e+00         1.108e-02 
   936.550         109.881    -16.821    -60.051            7.885         7305.294      1.680      0.000      0.000    4.34430   24.71117           -0.12759      192.12743         9.907e-08         3.080e+00         1.112e-02 
   937.550         109.864    -16.889    -60.066            7.885         7313.089      1.680      0.000      0.000    4.33065   24.72200           -0.12794      192.12942         9.939e-08         3.090e+00         1.115e-02 
   938.550         109.846    -16.958    -60.081            7.885         7320.883      1.680      0.000      0.000    4.31700   24.73287           -0.12830      192.13142         9.972e-08         3.100e+00         1.119e-02 
   939.550         109.829    -17.026    -60.097            7.885         7328.677      1.680      0.000      0.000    4.30335   24.74378           -0.12866      192.13343         1.000e-07         3.110e+00         1.122e-02 
   940.550         109.811    -17.095    -60.112            7.885         7336.471      1.680      0.000      0.000    4.28970   24.75472           -0.12903      192.13546         1.004e-07         3.120e+00         1.126e-02 
   941.550         109.793    -17.163    -60.127            7.885         7344.265      1.680      0.000      0.000    4.27608   24.76558           -0.12939      192.13749         1.007e-07         3.130e+00         1.130e-02 
   942.550         109.775    -17.232    -60.143            7.885         7352.059      1.680      0.000      0.000    4.26253   24.77616           -0.12976      192.13953         1.010e-07         3.140e+00         1.133e-02 
   943.550         109.757    -17.300    -60.158            7.885         7359.853      1.680      0.000      0.000    4.24897   24.78677           -0.13013      192.14159         1.014e-07         3.150e+00         1.137e-02 
   944.550         109.739    -17.369    -60.173            7.884         7367.647      1.680      0.000      0.000    4.23542   24.79741           -0.13050      192.14365         1.017e-07         3.161e+00         1.141e-02 
   945.550         109.721    -17.437    -60.189            7.884         7375.440      1.680      0.000      0.000    4.22187   24.80810           -0.13088      192.14572         1.020e-07         3.171e+00         1.144e-02 
   946.550         109.703    -17.506    -60.204            7.884         7383.233      1.680      0.000      0.000    4.20832   24.81881           -0.13125      192.14781         1.024e-07         3.181e+00         1.148e-02 
   947.550         109.685    -17.574    -60.219            7.884         7391.027      1.680      0.000      0.000    4.19485   24.82929           -0.13163      192.14990         1.027e-07         3.192e+00         1.152e-02 
   948.550         109.667    -17.642    -60.235            7.884         7398.820      1.680      0.000      0.000    4.18142   24.83969           -0.13201      192.15201         1.030e-07         3.202e+00         1.155e-02 
   949.550         109.649    -17.711    -60.250            7.884         7406.613      1.680      0.000      0.000    4.16799   24.85012           -0.13240      192.15413         1.034e-07         3.213e+00         1.159e-02 
   950.550         109.631    -17.779    -60.265            7.884         7414.406      1.680      0.000      0.000    4.15457   24.86058           -0.13278      192.15625         1.037e-07         3.223e+00         1.163e-02 
   951.550         109.612    -17.848    -60.281            7.884         7422.198      1.680      0.000      0.000    4.14114   24.87108           -0.13317      192.15839         1.041e-07         3.234e+00         1.167e-02 
   952.550         109.594    -17.916    -60.296            7.884         7429.991      1.680      0.000      0.000    4.12774   24.88154           -0.13356      192.16054         1.044e-07         3.245e+00         1.171e-02 
   953.550         109.576    -17.985    -60.312            7.884         7437.783      1.680      0.000      0.000    4.11443   24.89175           -0.13395      192.16269         1.048e-07         3.255e+00         1.175e-02 
   954.550         109.557    -18.053    -60.327            7.884         7445.576      1.680      0.000      0.000    4.10111   24.90200           -0.13435      192.16486         1.051e-07         3.266e+00         1.178e-02 
   955.550         109.539    -18.122    -60.342            7.883         7453.368      1.680      0.000      0.000    4.08780   24.91227           -0.13474      192.16704         1.055e-07         3.277e+00         1.182e-02 
   956.550         109.520    -18.190    -60.358            7.883         7461.160      1.680      0.000      0.000    4.07449   24.92259           -0.13514      192.16923         1.058e-07         3.288e+00         1.186e-02 
   957.550         109.501    -18.258    -60.373            7.883         7468.952      1.680      0.000      0.000    4.06118   24.93293           -0.13554      192.17143         1.062e-07         3.299e+00         1.190e-02 
   958.550         109.483    -18.327    -60.389            7.883         7476.744      1.680      0.000      0.000    4.04795   24.94306           -0.13595      192.17364         1.065e-07         3.310e+00         1.194e-02 
   959.550         109.464    -18.395    -60.404            7.883         7484.536      1.680      0.000      0.000    4.03474   24.95314           -0.13635      192.17587         1.069e-07         3.321e+00         1.198e-02 
   960.550         109.445    -18.464    -60.420            7.883         7492.327      1.680      0.000      0.000    4.02153   24.96327           -0.13676      192.17810         1.072e-07         3.332e+00         1.202e-02 
   961.550         109.426    -18.532    -60.435            7.883         7500.119      1.680      0.000      0.000    4.00832   24.97342           -0.13717      192.18034         1.076e-07         3.343e+00         1.206e-02 
   962.550         109.408    -18.601    -60.451            7.883         7507.910      1.680      0.000      0.000    3.99512   24.98361           -0.13758      192.18260         1.080e-07         3.355e+00         1.210e-02 
   963.550         109.389    -18.669    -60.466            7.883         7515.701      1.680      0.000      0.000    3.98195   24.99369           -0.13800      192.18486         1.083e-07         3.366e+00         1.214e-02 
   964.550         109.370    -18.738    -60.482            7.883         7523.493      1.680      0.000      0.000    3.96883   25.00365           -0.13841      192.18714         1.087e-07         3.377e+00         1.218e-02 
   965.550         109.351    -18.806    -60.497            7.883         7531.284      1.679      0.000      0.000    3.95572   25.01364           -0.13883      192.18943         1.091e-07         3.389e+00         1.222e-02 
   966.550         109.331    -18.874    -60.513            7.882         7539.074      1.679      0.000      0.000    3.94260   25.02366           -0.13925      192.19172         1.094e-07         3.400e+00         1.227e-02 
   967.550         109.312    -18.943    -60.528            7.882         7546.865      1.679      0.000      0.000    3.92949   25.03372           -0.13968      192.19403         1.098e-07         3.412e+00         1.231e-02 
   968.550         109.293    -19.011    -60.544            7.882         7554.656      1.679      0.000      0.000    3.91640   25.04375           -0.14010      192.19635         1.102e-07         3.423e+00         1.235e-02 
   969.550         109.274    -19.080    -60.559            7.882         7562.446      1.679      0.000      0.000    3.90337   25.05359           -0.14053      192.19869         1.106e-07         3.435e+00         1.239e-02 
   970.550         109.254    -19.148    -60.575            7.882         7570.237      1.679      0.000      0.000    3.89034   25.06347           -0.14096      192.20103         1.110e-07         3.447e+00         1.243e-02 
   971.550         109.235    -19.216    -60.591            7.882         7578.027      1.679      0.000      0.000    3.87731   25.07338           -0.14140      192.20338         1.113e-07         3.458e+00         1.248e-02 
   972.550         109.215    -19.285    -60.606            7.882         7585.817      1.679      0.000      0.000    3.86428   25.08333           -0.14183      192.20575         1.117e-07         3.470e+00         1.252e-02 
   973.550         109.196    -19.353    -60.622            7.882         7593.607      1.679      0.000      0.000    3.85126   25.09328           -0.14227      192.20812         1.121e-07         3.482e+00         1.256e-02 
   974.550         109.176    -19.422    -60.637            7.882         7601.397      1.679      0.000      0.000    3.83830   25.10303           -0.14271      192.21051         1.125e-07         3.494e+00         1.260e-02 
   975.550         109.157    -19.490    -60.653            7.882         7609.186      1.679      0.000      0.000    3.82535   25.11282           -0.14315      192.21291         1.129e-07         3.506e+00         1.265e-02 
   976.550         109.137    -19.559    -60.669            7.881         7616.976      1.679      0.000      0.000    3.81240   25.12264           -0.14360      192.21532         1.133e-07         3.519e+00         1.269e-02 
   977.550         109.117    -19.627    -60.684            7.881         7624.765      1.679      0.000      0.000    3.79944   25.13249           -0.14404      192.21774         1.137e-07         3.531e+00         1.274e-02 
   978.550         109.097    -19.695    -60.700            7.881         7632.555      1.679      0.000      0.000    3.78650   25.14237           -0.14449      192.22017         1.141e-07         3.543e+00         1.278e-02 
   979.550         109.077    -19.764    -60.715            7.881         7640.344      1.679      0.000      0.000    3.77361   25.15204           -0.14495      192.22261         1.145e-07         3.555e+00         1.282e-02 
   980.550         109.057    -19.832    -60.731            7.881         7648.133      1.679      0.000      0.000    3.76073   25.16174           -0.14540      192.22507         1.149e-07         3.568e+00         1.287e-02 
   981.550         109.037    -19.901    -60.747            7.881         7655.922      1.679      0.000      0.000    3.74784   25.17148           -0.14586      192.22753         1.153e-07         3.580e+00         1.291e-02 
   982.550         109.017    -19.969    -60.762            7.881         7663.710      1.679      0.000      0.000    3.73496   25.18126           -0.14632      192.23001         1.157e-07         3.593e+00         1.296e-02 
   983.550         108.997    -20.037    -60.778            7.881         7671.499      1.679      0.000      0.000    3.72208   25.19106           -0.14678      192.23250         1.161e-07         3.606e+00         1.300e-02 
   984.550         108.977    -20.106    -60.794            7.881         7679.287      1.679      0.000      0.000    3.70926   25.20066           -0.14725      192.23500         1.165e-07         3.618e+00         1.305e-02 
   985.550         108.957    -20.174    -60.810            7.880         7687.076      1.679      0.000      0.000    3.69644   25.21030           -0.14771      192.23751         1.169e-07         3.631e+00         1.310e-02 
   986.550         108.936    -20.243    -60.825            7.880         7694.864      1.679      0.000      0.000    3.68362   25.21998           -0.14818      192.24004         1.174e-07         3.644e+00         1.314e-02 
   987.550         108.916    -20.311    -60.841            7.880         7702.652      1.679      0.000      0.000    3.67081   25.22968           -0.14865      192.24257         1.178e-07         3.657e+00         1.319e-02 
   988.550         108.895    -20.379    -60.857            7.880         7710.440      1.679      0.000      0.000    3.65800   25.23940           -0.14913      192.24512         1.182e-07         3.670e+00         1.324e-02 
   989.550         108.875    -20.448    -60.873            7.880         7718.228      1.679      0.000      0.000    3.64523   25.24896           -0.14961      192.24768         1.186e-07         3.683e+00         1.328e-02 
   990.550         108.854    -20.516    -60.888            7.880         7726.015      1.679      0.000      0.000    3.63247   25.25854           -0.15009      192.25025         1.191e-07         3.696e+00         1.333e-02 
   991.550         108.833    -20.584    -60.904            7.880         7733.803      1.679      0.000      0.000    3.61971   25.26816           -0.15057      192.25283         1.195e-07         3.710e+00         1.338e-02 
   992.550         108.813    -20.653    -60.920            7.880         7741.590      1.679      0.000      0.000    3.60695   25.27782           -0.15105      192.25543         1.199e-07         3.723e+00         1.343e-02 
   993.550         108.792    -20.721    -60.936            7.880         7749.377      1.679      0.000      0.000    3.59420   25.28745           -0.15154      192.25803         1.204e-07         3.736e+00         1.348e-02 
   994.550         108.771    -20.790    -60.951            7.880         7757.164      1.679      0.000      0.000    3.58149   25.29696           -0.15203      192.26065         1.208e-07         3.750e+00         1.352e-02 
   995.550         108.750    -20.858    -60.967            7.879         7764.951      1.679      0.000      0.000    3.56878   25.30650           -0.15252      192.26328         1.212e-07         3.764e+00         1.357e-02 
   996.550         108.729    -20.926    -60.983            7.879         7772.738      1.679      0.000      0.000    3.55608   25.31608           -0.15302      192.26592         1.217e-07         3.777e+00         1.362e-02 
   997.550         108.708    -20.995    -60.999            7.879         7780.525      1.679      0.000      0.000    3.54337   25.32569           -0.15351      192.26858         1.221e-07         3.791e+00         1.367e-02 
   998.550         108.687    -21.063    -61.015            7.879         7788.311      1.679      0.000      0.000    3.53069   25.33524           -0.15401      192.27124         1.226e-07         3.805e+00         1.372e-02 
   999.550         108.666    -21.131    -61.031            7.879         7796.098      1.679      0.000      0.000    3.51802   25.34471           -0.15452      192.27392         1.230e-07         3.819e+00         1.377e-02 
  1000.550         108.644    -21.200    -61.046            7.879         7803.884      1.679      0.000      0.000    3.50536   25.35422           -0.15502      192.27661         1.235e-07         3.833e+00         1.382e-02 
  1001.550         108.623    -21.268    -61.062            7.879         7811.670      1.679      0.000      0.000    3.49271   25.36377           -0.15553      192.27931         1.240e-07         3.847e+00         1.387e-02 
  1002.550         108.602    -21.337    -61.078            7.879         7819.456      1.679      0.000      0.000    3.48005   25.37335           -0.15604      192.28203         1.244e-07         3.861e+00         1.392e-02 
  1003.550         108.580    -21.405    -61.094            7.879         7827.242      1.679      0.000      0.000    3.46743   25.38281           -0.15655      192.28475         1.249e-07         3.876e+00         1.398e-02 
  1004.550         108.559    -21.473    -61.110            7.878         7835.027      1.679      0.000      0.000    3.45481   25.39226           -0.15707      192.28749         1.253e-07         3.890e+00         1.403e-02 
  1005.550         108.537    -21.542    -61.126            7.878         7842.813      1.679      0.000      0.000    3.44220   25.40175           -0.15759      192.29024         1.258e-07         3.905e+00         1.408e-02 
  1006.550         108.515    -21.610    -61.142            7.878         7850.598      1.679      0.000      0.000    3.42958   25.41127           -0.15811      192.29300         1.263e-07         3.919e+00         1.413e-02 
  1007.550         108.493    -21.678    -61.158            7.878         7858.383      1.679      0.000      0.000    3.41698   25.42079           -0.15863      192.29578         1.268e-07         3.934e+00         1.419e-02 
  1008.550         108.472    -21.747    -61.174            7.878         7866.168      1.679      0.000      0.000    3.40440   25.43019           -0.15916      192.29857         1.273e-07         3.949e+00         1.424e-02 
  1009.550         108.450    -21.815    -61.190            7.878         7873.953      1.679      0.000      0.000    3.39183   25.43963           -0.15969      192.30137         1.277e-07         3.964e+00         1.429e-02 
  1010.550         108.428    -21.883    -61.206            7.878         7881.738      1.679      0.000      0.000    3.37926   25.44910           -0.16022      192.30418         1.282e-07         3.979e+00         1.435e-02 
  1011.550         108.406    -21.952    -61.222            7.878         7889.523      1.679      0.000      0.000    3.36669   25.45860           -0.16075      192.30701         1.287e-07         3.994e+00         1.440e-02 
  1012.550         108.383    -22.020    -61.238            7.878         7897.307      1.679      0.000      0.000    3.35414   25.46803           -0.16129      192.30984         1.292e-07         4.009e+00         1.446e-02 
  1013.550         108.361    -22.088    -61.254            7.877         7905.091      1.679      0.000      0.000    3.34160   25.47742           -0.16183      192.31269         1.297e-07         4.025e+00         1.451e-02 
  1014.550         108.339    -22.157    -61.270            7.877         7912.876      1.679      0.000      0.000    3.32907   25.48685           -0.16237      192.31556         1.302e-07         4.040e+00         1.457e-02 
  1015.550         108.317    -22.225    -61.286            7.877         7920.660      1.679      0.000      0.000    3.31654   25.49631           -0.16292      192.31843         1.307e-07         4.056e+00         1.462e-02 
  1016.550         108.294    -22.293    -61.302            7.877         7928.443      1.679      0.000      0.000    3.30402   25.50578           -0.16347      192.32132         1.312e-07         4.071e+00         1.468e-02 
  1017.550         108.272    -22.362    -61.318            7.877         7936.227      1.679      0.000      0.000    3.29152   25.51514           -0.16402      192.32422         1.317e-07         4.087e+00         1.474e-02 
  1018.550         108.249    -22.430    -61.334            7.877         7944.011      1.679      0.000      0.000    3.27902   25.52453           -0.16457      192.32713         1.323e-07         4.103e+00         1.479e-02 
  1019.550         108.226    -22.498    -61.350            7.877         7951.794      1.679      0.000      0.000    3.26652   25.53395           -0.16513      192.33006         1.328e-07         4.119e+00         1.485e-02 
  1020.550         108.204    -22.567    -61.366            7.877         7959.577      1.679      0.000      0.000    3.25403   25.54341           -0.16569      192.33300         1.333e-07         4.135e+00         1.491e-02 
  1021.550         108.181    -22.635    -61.382            7.876         7967.360      1.679      0.000      0.000    3.24156   25.55278           -0.16625      192.33595         1.338e-07         4.151e+00         1.497e-02 
  1022.550         108.158    -22.703    -61.398            7.876         7975.143      1.679      0.000      0.000    3.22909   25.56214           -0.16682      192.33892         1.344e-07         4.168e+00         1.503e-02 
  1023.550         108.135    -22.772    -61.414            7.876         7982.926      1.679      0.000      0.000    3.21663   25.57154           -0.16738      192.34189         1.349e-07         4.184e+00         1.509e-02 
  1024.550         108.112    -22.840    -61.430            7.876         7990.709      1.679      0.000      0.000    3.20418   25.58096           -0.16795      192.34489         1.354e-07         4.201e+00         1.514e-02 
  1025.550         108.089    -22.908    -61.446            7.876         7998.491      1.679      0.000      0.000    3.19173   25.59037           -0.16853      192.34789         1.360e-07         4.217e+00         1.520e-02 
  1026.550         108.066    -22.977    -61.463            7.876         8006.273      1.679      0.000      0.000    3.17929   25.59970           -0.16910      192.35091         1.365e-07         4.234e+00         1.527e-02 
  1027.550         108.042    -23.045    -61.479            7.876         8014.056      1.679      0.000      0.000    3.16686   25.60907           -0.16968      192.35394         1.371e-07         4.251e+00         1.533e-02 
  1028.550         108.019    -23.113    -61.495            7.876         8021.838      1.678      0.000      0.000    3.15444   25.61847           -0.17027      192.35698         1.376e-07         4.268e+00         1.539e-02 
  1029.550         107.996    -23.181    -61.511            7.875         8029.619      1.678      0.000      0.000    3.14202   25.62789           -0.17085      192.36004         1.382e-07         4.285e+00         1.545e-02 
  1030.550         107.972    -23.250    -61.527            7.875         8037.401      1.678      0.000      0.000    3.12962   25.63720           -0.17144      192.36311         1.387e-07         4.303e+00         1.551e-02 
  1031.550         107.948    -23.318    -61.544            7.875         8045.183      1.678      0.000      0.000    3.11722   25.64655           -0.17203      192.36619         1.393e-07         4.320e+00         1.557e-02 
  1032.550         107.925    -23.386    -61.560            7.875         8052.964      1.678      0.000      0.000    3.10483   25.65593           -0.17262      192.36929         1.399e-07         4.338e+00         1.564e-02 
  1033.550         107.901    -23.455    -61.576            7.875         8060.745      1.678      0.000      0.000    3.09244   25.66535           -0.17322      192.37240         1.405e-07         4.355e+00         1.570e-02 
  1034.550         107.877    -23.523    -61.592            7.875         8068.526      1.678      0.000      0.000    3.08007   25.67467           -0.17382      192.37552         1.410e-07         4.373e+00         1.577e-02 
  1035.550         107.853    -23.591    -61.608            7.875         8076.307      1.678      0.000      0.000    3.06770   25.68399           -0.17442      192.37865         1.416e-07         4.391e+00         1.583e-02 
  1036.550         107.829    -23.660    -61.625            7.875         8084.088      1.678      0.000      0.000    3.05534   25.69336           -0.17503      192.38180         1.422e-07         4.409e+00         1.590e-02 
  1037.550         107.805    -23.728    -61.641            7.874         8091.868      1.678      0.000      0.000    3.04298   25.70276           -0.17564      192.38497         1.428e-07         4.427e+00         1.596e-02 
  1038.550         107.781    -23.796    -61.657            7.874         8099.648      1.678      0.000      0.000    3.03064   25.71209           -0.17625      192.38815         1.434e-07         4.446e+00         1.603e-02 
  1039.550         107.757    -23.864    -61.674            7.874         8107.429      1.678      0.000      0.000    3.01830   25.72141           -0.17686      192.39134         1.440e-07         4.464e+00         1.609e-02 
  1040.550         107.732    -23.933    -61.690            7.874         8115.209      1.678      0.000      0.000    3.00597   25.73076           -0.17748      192.39454         1.446e-07         4.483e+00         1.616e-02 
  1041.550         107.708    -24.001    -61.706            7.874         8122.989      1.678      0.000      0.000    2.99364   25.74014           -0.17810      192.39776         1.452e-07         4.502e+00         1.623e-02 
  1042.550         107.683    -24.069    -61.723            7.874         8130.768      1.678      0.000      0.000    2.98133   25.74948           -0.17873      192.40099         1.458e-07         4.521e+00         1.630e-02 
  1043.550         107.659    -24.137    -61.739            7.874         8138.548      1.678      0.000      0.000    2.96902   25.75879           -0.17935      192.40424         1.465e-07         4.540e+00         1.637e-02 
  1044.550         107.634    -24.206    -61.755            7.874         8146.327      1.678      0.000      0.000    2.95672   25.76814           -0.17998      192.40750         1.471e-07         4.559e+00         1.643e-02 
  1045.550         107.609    -24.274    -61.772            7.873         8154.106      1.678      0.000      0.000    2.94442   25.77752           -0.18062      192.41077         1.477e-07         4.579e+00         1.650e-02 
  1046.550         107.584    -24.342    -61.788            7.873         8161.885      1.678      0.000      0.000    2.93214   25.78686           -0.18125      192.41406         1.484e-07         4.598e+00         1.657e-02 
  1047.550         107.559    -24.411    -61.805            7.873         8169.664      1.678      0.000      0.000    2.91986   25.79616           -0.18189      192.41736         1.490e-07         4.618e+00         1.665e-02 
  1048.550         107.534    -24.479    -61.821            7.873         8177.443      1.678      0.000      0.000    2.90759   25.80550           -0.18253      192.42067         1.496e-07         4.638e+00         1.672e-02 
  1049.550         107.509    -24.547    -61.837            7.873         8185.221      1.678      0.000      0.000    2.89533   25.81488           -0.18318      192.42400         1.503e-07         4.658e+00         1.679e-02 
  1050.550         107.484    -24.615    -61.854            7.873         8193.000      1.678      0.000      0.000    2.88307   25.82422           -0.18383      192.42735         1.509e-07         4.678e+00         1.686e-02 
  1051.550         107.459    -24.684    -61.870            7.873         8200.778      1.678      0.000      0.000    2.87083   25.83352           -0.18448      192.43070         1.516e-07         4.698e+00         1.693e-02 
  1052.550         107.433    -24.752    -61.887            7.872         8208.556      1.678      0.000      0.000    2.85859   25.84286           -0.18513      192.43407         1.523e-07         4.719e+00         1.701e-02 
  1053.550         107.408    -24.820    -61.903            7.872         8216.334      1.678      0.000      0.000    2.84636   25.85224           -0.18579      192.43746         1.529e-07         4.739e+00         1.708e-02 
  1054.550         107.382    -24.888    -61.920            7.872         8224.111      1.678      0.000      0.000    2.83414   25.86157           -0.18645      192.44086         1.536e-07         4.760e+00         1.716e-02 
  1055.550         107.357    -24.957    -61.936            7.872         8231.889      1.678      0.000      0.000    2.82192   25.87088           -0.18712      192.44428         1.543e-07         4.781e+00         1.723e-02 
  1056.550         107.331    -25.025    -61.953            7.872         8239.666      1.678      0.000      0.000    2.80972   25.88022           -0.18779      192.44770         1.550e-07         4.802e+00         1.731e-02 
  1057.550         107.305    -25.093    -61.969            7.872         8247.443      1.678      0.000      0.000    2.79752   25.88960           -0.18846      192.45115         1.557e-07         4.823e+00         1.739e-02 
  1058.550         107.279    -25.161    -61.986            7.872         8255.220      1.678      0.000      0.000    2.78533   25.89892           -0.18913      192.45461         1.564e-07         4.845e+00         1.746e-02 
  1059.550         107.253    -25.229    -62.002            7.872         8262.997      1.678      0.000      0.000    2.77315   25.90823           -0.18981      192.45808         1.571e-07         4.867e+00         1.754e-02 
  1060.550         107.227    -25.298    -62.019            7.871         8270.774      1.678      0.000      0.000    2.76098   25.91758           -0.19049      192.46157         1.578e-07         4.889e+00         1.762e-02 
  1061.550         107.201    -25.366    -62.036            7.871         8278.550      1.678      0.000      0.000    2.74882   25.92697           -0.19117      192.46507         1.585e-07         4.911e+00         1.770e-02 
  1062.550         107.174    -25.434    -62.052            7.871         8286.326      1.678      0.000      0.000    2.73666   25.93628           -0.19186      192.46858         1.592e-07         4.933e+00         1.778e-02 
  1063.550         107.148    -25.502    -62.069            7.871         8294.102      1.678      0.000      0.000    2.72452   25.94560           -0.19255      192.47211         1.600e-07         4.955e+00         1.786e-02 
  1064.550         107.122    -25.571    -62.085            7.871         8301.878      1.678      0.000      0.000    2.71238   25.95496           -0.19324      192.47566         1.607e-07         4.978e+00         1.794e-02 
  1065.550         107.095    -25.639    -62.102            7.871         8309.654      1.678      0.000      0.000    2.70026   25.96435           -0.19394      192.47922         1.614e-07         5.000e+00         1.802e-02 
  1066.550         107.068    -25.707    -62.119            7.871         8317.429      1.678      0.000      0.000    2.68814   25.97365           -0.19464      192.48280         1.622e-07         5.023e+00         1.810e-02 
  1067.550         107.041    -25.775    -62.135            7.870         8325.205      1.678      0.000      0.000    2.67603   25.98298           -0.19535      192.48639         1.629e-07         5.047e+00         1.819e-02 
  1068.550         107.015    -25.843    -62.152            7.870         8332.980      1.678      0.000      0.000    2.66393   25.99236           -0.19605      192.48999         1.637e-07         5.070e+00         1.827e-02 
  1069.550         106.988    -25.912    -62.169            7.870         8340.755      1.678      0.000      0.000    2.65184   26.00172           -0.19676      192.49361         1.645e-07         5.093e+00         1.836e-02 
  1070.550         106.961    -25.980    -62.186            7.870         8348.530      1.678      0.000      0.000    2.63976   26.01104           -0.19748      192.49725         1.652e-07         5.117e+00         1.844e-02 
  1071.550         106.933    -26.048    -62.202            7.870         8356.304      1.678      0.000      0.000    2.62769   26.02039           -0.19820      192.50090         1.660e-07         5.141e+00         1.853e-02 
  1072.550         106.906    -26.116    -62.219            7.870         8364.079      1.678      0.000      0.000    2.61563   26.02978           -0.19892      192.50456         1.668e-07         5.165e+00         1.861e-02 
  1073.550         106.879    -26.184    -62.236            7.869         8371.853      1.678      0.000      0.000    2.60357   26.03912           -0.19964      192.50824         1.676e-07         5.190e+00         1.870e-02 
  1074.550         106.851    -26.253    -62.253            7.869         8379.627      1.678      0.000      0.000    2.59153   26.04845           -0.20037      192.51194         1.684e-07         5.214e+00         1.879e-02 
  1075.550         106.824    -26.321    -62.269            7.869         8387.401      1.678      0.000      0.000    2.57950   26.05782           -0.20110      192.51565         1.692e-07         5.239e+00         1.888e-02 
  1076.550         106.796    -26.389    -62.286            7.869         8395.174      1.678      0.000      0.000    2.56748   26.06722           -0.20184      192.51938         1.700e-07         5.264e+00         1.897e-02 
  1077.550         106.768    -26.457    -62.303            7.869         8402.948      1.678      0.000      0.000    2.55547   26.07654           -0.20258      192.52312         1.708e-07         5.289e+00         1.906e-02 
  1078.550         106.740    -26.525    -62.320            7.869         8410.721      1.678      0.000      0.000    2.54347   26.08589           -0.20332      192.52688         1.717e-07         5.314e+00         1.915e-02 
  1079.550         106.712    -26.594    -62.337            7.869         8418.494      1.678      0.000      0.000    2.53149   26.09528           -0.20406      192.53065         1.725e-07         5.340e+00         1.924e-02 
  1080.550         106.684    -26.662    -62.354            7.868         8426.267      1.678      0.000      0.000    2.51951   26.10465           -0.20481      192.53444         1.733e-07         5.366e+00         1.934e-02 
  1081.550         106.656    -26.730    -62.370            7.868         8434.040      1.678      0.000      0.000    2.50754   26.11399           -0.20557      192.53824         1.742e-07         5.392e+00         1.943e-02 
  1082.550         106.628    -26.798    -62.387            7.868         8441.812      1.678      0.000      0.000    2.49559   26.12337           -0.20632      192.54206         1.750e-07         5.418e+00         1.952e-02 
  1083.550         106.599    -26.866    -62.404            7.868         8449.584      1.678      0.000      0.000    2.48364   26.13278           -0.20708      192.54590         1.759e-07         5.445e+00         1.962e-02 
  1084.550         106.571    -26.934    -62.421            7.868         8457.357      1.678      0.000      0.000    2.47171   26.14212           -0.20785      192.54975         1.768e-07         5.471e+00         1.972e-02 
  1085.550         106.542    -27.003    -62.438            7.868         8465.128      1.678      0.000      0.000    2.45979   26.15148           -0.20861      192.55362         1.777e-07         5.498e+00         1.981e-02 
  1086.550         106.514    -27.071    -62.455            7.867         8472.900      1.678      0.000      0.000    2.44788   26.16088           -0.20938      192.55750         1.785e-07         5.526e+00         1.991e-02 
  1087.550         106.485    -27.139    -62.472            7.867         8480.672      1.678      0.000      0.000    2.43598   26.17027           -0.21016      192.56140         1.794e-07         5.553e+00         2.001e-02 
  1088.550         106.456    -27.207    -62.489            7.867         8488.443      1.678      0.000      0.000    2.42410   26.17962           -0.21094      192.56531         1.803e-07         5.581e+00         2.011e-02 
  1089.550         106.427    -27.275    -62.506            7.867         8496.214      1.678      0.000      0.000    2.41223   26.18901           -0.21172      192.56925         1.812e-07         5.609e+00         2.021e-02 
  1090.550         106.398    -27.343    -62.523            7.867         8503.985      1.678      0.000      0.000    2.40037   26.19843           -0.21250      192.57319         1.822e-07         5.637e+00         2.031e-02 
  1091.550         106.369    -27.412    -62.540            7.867         8511.756      1.678      0.000      0.000    2.38852   26.20778           -0.21329      192.57716         1.831e-07         5.665e+00         2.041e-02 
  1092.550         106.339    -27.480    -62.557            7.866         8519.526      1.678      0.000      0.000    2.37668   26.21716           -0.21409      192.58114         1.840e-07         5.694e+00         2.052e-02 
  1093.550         106.310    -27.548    -62.574            7.866         8527.297      1.677      0.000      0.000    2.36486   26.22658           -0.21488      192.58513         1.850e-07         5.723e+00         2.062e-02 
  1094.550         106.280    -27.616    -62.591            7.866         8535.067      1.677      0.000      0.000    2.35306   26.23597           -0.21569      192.58914         1.859e-07         5.752e+00         2.073e-02 
  1095.550         106.251    -27.684    -62.608            7.866         8542.837      1.677      0.000      0.000    2.34126   26.24535           -0.21649      192.59317         1.869e-07         5.782e+00         2.083e-02 
  1096.550         106.221    -27.752    -62.625            7.866         8550.606      1.677      0.000      0.000    2.32948   26.25476           -0.21730      192.59722         1.879e-07         5.811e+00         2.094e-02 
  1097.550         106.191    -27.820    -62.643            7.866         8558.376      1.677      0.000      0.000    2.31771   26.26418           -0.21811      192.60128         1.888e-07         5.841e+00         2.105e-02 
  1098.550         106.161    -27.888    -62.660            7.865         8566.145      1.677      0.000      0.000    2.30596   26.27355           -0.21893      192.60536         1.898e-07         5.872e+00         2.115e-02 
  1099.550         106.131    -27.957    -62.677            7.865         8573.914      1.677      0.000      0.000    2.29422   26.28295           -0.21975      192.60945         1.908e-07         5.902e+00         2.126e-02 
  1100.550         106.101    -28.025    -62.694            7.865         8581.683      1.677      0.000      0.000    2.28249   26.29240           -0.22057      192.61356         1.918e-07         5.933e+00         2.138e-02 
  1101.550         106.070    -28.093    -62.711            7.865         8589.452      1.677      0.000      0.000    2.27078   26.30178           -0.22140      192.61769         1.928e-07         5.964e+00         2.149e-02 
  1102.550         106.040    -28.161    -62.728            7.865         8597.220      1.677      0.000      0.000    2.25909   26.31118           -0.22223      192.62183         1.939e-07         5.995e+00         2.160e-02 
  1103.550         106.009    -28.229    -62.746            7.865         8604.988      1.677      0.000      0.000    2.24741   26.32061           -0.22307      192.62599         1.949e-07         6.027e+00         2.171e-02 
  1104.550         105.979    -28.297    -62.763            7.864         8612.756      1.677      0.000      0.000    2.23574   26.33002           -0.22391      192.63017         1.959e-07         6.059e+00         2.183e-02 
  1105.550         105.948    -28.365    -62.780            7.864         8620.524      1.677      0.000      0.000    2.22409   26.33942           -0.22475      192.63437         1.970e-07         6.091e+00         2.195e-02 
  1106.550         105.917    -28.433    -62.797            7.864         8628.292      1.677      0.000      0.000    2.21245   26.34885           -0.22560      192.63858         1.980e-07         6.124e+00         2.206e-02 
  1107.550         105.886    -28.502    -62.815            7.864         8636.059      1.677      0.000      0.000    2.20083   26.35829           -0.22645      192.64281         1.991e-07         6.157e+00         2.218e-02 
  1108.550         105.855    -28.570    -62.832            7.864         8643.826      1.677      0.000      0.000    2.18923   26.36768           -0.22731      192.64706         2.002e-07         6.190e+00         2.230e-02 
  1109.550         105.823    -28.638    -62.849            7.863         8651.593      1.677      0.000      0.000    2.17764   26.37712           -0.22817      192.65132         2.013e-07         6.224e+00         2.242e-02 
  1110.550         105.792    -28.706    -62.867            7.863         8659.360      1.677      0.000      0.000    2.16607   26.38657           -0.22903      192.65560         2.024e-07         6.257e+00         2.254e-02 
  1111.550         105.761    -28.774    -62.884            7.863         8667.126      1.677      0.000      0.000    2.15451   26.39597           -0.22990      192.65990         2.035e-07         6.291e+00         2.266e-02 
  1112.550         105.729    -28.842    -62.901            7.863         8674.892      1.677      0.000      0.000    2.14297   26.40540           -0.23077      192.66421         2.046e-07         6.326e+00         2.279e-02 
  1113.550         105.697    -28.910    -62.919            7.863         8682.659      1.677      0.000      0.000    2.13145   26.41487           -0.23165      192.66855         2.058e-07         6.361e+00         2.291e-02 
  1114.550         105.665    -28.978    -62.936            7.863         8690.424      1.677      0.000      0.000    2.11994   26.42427           -0.23253      192.67290         2.069e-07         6.396e+00         2.304e-02 
  1115.550         105.633    -29.046    -62.954            7.862         8698.190      1.677      0.000      0.000    2.10846   26.43370           -0.23342      192.67727         2.081e-07         6.431e+00         2.317e-02 
  1116.550         105.601    -29.114    -62.971            7.862         8705.955      1.677      0.000      0.000    2.09699   26.44317           -0.23431      192.68165         2.092e-07         6.467e+00         2.330e-02 
  1117.550         105.569    -29.182    -62.988            7.862         8713.720      1.677      0.000      0.000    2.08553   26.45258           -0.23520      192.68605         2.104e-07         6.503e+00         2.343e-02 
  1118.550         105.537    -29.250    -63.006            7.862         8721.485      1.677      0.000      0.000    2.07410   26.46202           -0.23610      192.69048         2.116e-07         6.539e+00         2.356e-02 
  1119.550         105.504    -29.318    -63.023            7.862         8729.250      1.677      0.000      0.000    2.06268   26.47149           -0.23700      192.69491         2.128e-07         6.576e+00         2.369e-02 
  1120.550         105.472    -29.387    -63.041            7.861         8737.015      1.677      0.000      0.000    2.05128   26.48091           -0.23791      192.69937         2.140e-07         6.613e+00         2.382e-02 
  1121.550         105.439    -29.455    -63.058            7.861         8744.779      1.677      0.000      0.000    2.03990   26.49035           -0.23882      192.70384         2.152e-07         6.651e+00         2.396e-02 
  1122.550         105.406    -29.523    -63.076            7.861         8752.543      1.677      0.000      0.000    2.02854   26.49982           -0.23973      192.70834         2.165e-07         6.689e+00         2.409e-02 
  1123.550         105.373    -29.591    -63.094            7.861         8760.307      1.677      0.000      0.000    2.01719   26.50926           -0.24065      192.71285         2.177e-07         6.727e+00         2.423e-02 
  1124.550         105.340    -29.659    -63.111            7.861         8768.070      1.677      0.000      0.000    2.00587   26.51870           -0.24158      192.71738         2.190e-07         6.765e+00         2.437e-02 
  1125.550         105.307    -29.727    -63.129            7.860         8775.833      1.677      0.000      0.000    1.99457   26.52817           -0.24251      192.72192         2.203e-07         6.804e+00         2.451e-02 
  1126.550         105.274    -29.795    -63.146            7.860         8783.596      1.677      0.000      0.000    1.98328   26.53761           -0.24344      192.72649         2.215e-07         6.844e+00         2.465e-02 
  1127.550         105.240    -29.863    -63.164            7.860         8791.359      1.677      0.000      0.000    1.97201   26.54705           -0.24438      192.73107         2.228e-07         6.883e+00         2.479e-02 
  1128.550         105.207    -29.931    -63.182            7.860         8799.122      1.677      0.000      0.000    1.96077   26.55653           -0.24532      192.73567         2.241e-07         6.923e+00         2.494e-02 
  1129.550         105.173    -29.999    -63.199            7.860         8806.884      1.677      0.000      0.000    1.94954   26.56598           -0.24627      192.74029         2.255e-07         6.964e+00         2.508e-02 
  1130.550         105.139    -30.067    -63.217            7.859         8814.646      1.677      0.000      0.000    1.93834   26.57542           -0.24722      192.74493         2.268e-07         7.005e+00         2.523e-02 
  1131.550         105.105    -30.135    -63.235            7.859         8822.408      1.677      0.000      0.000    1.92715   26.58491           -0.24817      192.74959         2.281e-07         7.046e+00         2.538e-02 
  1132.550         105.071    -30.203    -63.252            7.859         8830.170      1.677      0.000      0.000    1.91599   26.59435           -0.24913      192.75426         2.295e-07         7.088e+00         2.553e-02 
  1133.550         105.037    -30.271    -63.270            7.859         8837.931      1.677      0.000      0.000    1.90484   26.60380           -0.25010      192.75896         2.309e-07         7.130e+00         2.568e-02 
  1134.550         105.002    -30.339    -63.288            7.859         8845.692      1.677      0.000      0.000    1.89372   26.61329           -0.25107      192.76367         2.323e-07         7.172e+00         2.583e-02 
  1135.550         104.968    -30.407    -63.306            7.858         8853.453      1.677      0.000      0.000    1.88262   26.62273           -0.25204      192.76840         2.337e-07         7.215e+00         2.599e-02 
  1136.550         104.933    -30.475    -63.323            7.858         8861.214      1.677      0.000      0.000    1.87154   26.63218           -0.25302      192.77315         2.351e-07         7.259e+00         2.614e-02 
  1137.550         104.898    -30.543    -63.341            7.858         8868.974      1.677      0.000      0.000    1.86048   26.64168           -0.25401      192.77792         2.365e-07         7.302e+00         2.630e-02 
  1138.550         104.864    -30.611    -63.359            7.858         8876.734      1.677      0.000      0.000    1.84944   26.65111           -0.25500      192.78271         2.380e-07         7.347e+00         2.646e-02 
  1139.550         104.828    -30.679    -63.377            7.857         8884.494      1.677      0.000      0.000    1.83843   26.66057           -0.25599      192.78752         2.394e-07         7.391e+00         2.662e-02 
  1140.550         104.793    -30.747    -63.395            7.857         8892.254      1.677      0.000      0.000    1.82744   26.67006           -0.25699      192.79235         2.409e-07         7.436e+00         2.678e-02 
  1141.550         104.758    -30.815    -63.413            7.857         8900.013      1.677      0.000      0.000    1.81647   26.67949           -0.25799      192.79719         2.424e-07         7.482e+00         2.695e-02 
  1142.550         104.723    -30.883    -63.431            7.857         8907.772      1.677      0.000      0.000    1.80552   26.68896           -0.25900      192.80206         2.439e-07         7.528e+00         2.711e-02 
  1143.550         104.687    -30.951    -63.448            7.857         8915.531      1.677      0.000      0.000    1.79459   26.69844           -0.26001      192.80694         2.454e-07         7.575e+00         2.728e-02 
  1144.550         104.651    -31.019    -63.466            7.856         8923.290      1.677      0.000      0.000    1.78369   26.70787           -0.26103      192.81185         2.470e-07         7.622e+00         2.745e-02 
  1145.550         104.615    -31.087    -63.484            7.856         8931.048      1.677      0.000      0.000    1.77281   26.71734           -0.26205      192.81677         2.485e-07         7.669e+00         2.762e-02 
  1146.550         104.579    -31.155    -63.502            7.856         8938.806      1.677      0.000      0.000    1.76196   26.72681           -0.26308      192.82171         2.501e-07         7.717e+00         2.779e-02 
  1147.550         104.543    -31.223    -63.520            7.856         8946.564      1.677      0.000      0.000    1.75113   26.73625           -0.26411      192.82668         2.517e-07         7.765e+00         2.797e-02 
  1148.550         104.507    -31.291    -63.538            7.855         8954.321      1.677      0.000      0.000    1.74032   26.74573           -0.26515      192.83166         2.533e-07         7.814e+00         2.814e-02 
  1149.550         104.471    -31.359    -63.556            7.855         8962.079      1.677      0.000      0.000    1.72954   26.75517           -0.26619      192.83666         2.549e-07         7.864e+00         2.832e-02 
  1150.550         104.434    -31.427    -63.574            7.855         8969.836      1.677      0.000      0.000    1.71878   26.76462           -0.26724      192.84168         2.565e-07         7.914e+00         2.850e-02 
  1151.550         104.397    -31.495    -63.593            7.855         8977.592      1.677      0.000      0.000    1.70804   26.77411           -0.26830      192.84673         2.582e-07         7.964e+00         2.868e-02 
  1152.550         104.360    -31.563    -63.611            7.855         8985.349      1.677      0.000      0.000    1.69733   26.78353           -0.26935      192.85179         2.598e-07         8.015e+00         2.886e-02 
  1153.550         104.323    -31.631    -63.629            7.854         8993.105      1.677      0.000      0.000    1.68664   26.79299           -0.27042      192.85687         2.615e-07         8.066e+00         2.905e-02 
  1154.550         104.286    -31.699    -63.647            7.854         9000.861      1.677      0.000      0.000    1.67598   26.80245           -0.27149      192.86197         2.632e-07         8.119e+00         2.924e-02 
  1155.550         104.249    -31.766    -63.665            7.854         9008.617      1.677      0.000      0.000    1.66535   26.81188           -0.27256      192.86710         2.649e-07         8.171e+00         2.942e-02 
  1156.550         104.212    -31.834    -63.683            7.854         9016.372      1.677      0.000      0.000    1.65473   26.82134           -0.27364      192.87224         2.667e-07         8.224e+00         2.962e-02 
  1157.550         104.174    -31.902    -63.701            7.853         9024.127      1.676      0.000      0.000    1.64415   26.83078           -0.27473      192.87740         2.684e-07         8.278e+00         2.981e-02 
  1158.550         104.136    -31.970    -63.720            7.853         9031.882      1.676      0.000      0.000    1.63359   26.84021           -0.27582      192.88259         2.702e-07         8.332e+00         3.000e-02 
  1159.550         104.098    -32.038    -63.738            7.853         9039.636      1.676      0.000      0.000    1.62305   26.84968           -0.27691      192.88779         2.720e-07         8.387e+00         3.020e-02 
  1160.550         104.060    -32.106    -63.756            7.853         9047.391      1.676      0.000      0.000    1.61254   26.85909           -0.27801      192.89301         2.738e-07         8.442e+00         3.040e-02 
  1161.550         104.022    -32.174    -63.774            7.852         9055.145      1.676      0.000      0.000    1.60206   26.86852           -0.27912      192.89826         2.757e-07         8.498e+00         3.060e-02 
  1162.550         103.984    -32.242    -63.793            7.852         9062.898      1.676      0.000      0.000    1.59160   26.87797           -0.28023      192.90353         2.775e-07         8.555e+00         3.080e-02 
  1163.550         103.945    -32.310    -63.811            7.852         9070.652      1.676      0.000      0.000    1.58117   26.88737           -0.28135      192.90881         2.794e-07         8.612e+00         3.101e-02 
  1164.550         103.907    -32.378    -63.829            7.852         9078.405      1.676      0.000      0.000    1.57077   26.89682           -0.28247      192.91412         2.813e-07         8.670e+00         3.122e-02 
  1165.550         103.868    -32.446    -63.848            7.851         9086.157      1.676      0.000      0.000    1.56039   26.90623           -0.28360      192.91945         2.832e-07         8.728e+00         3.143e-02 
  1166.550         103.829    -32.514    -63.866            7.851         9093.910      1.676      0.000      0.000    1.55004   26.91564           -0.28473      192.92480         2.851e-07         8.787e+00         3.164e-02 
  1167.550         103.790    -32.581    -63.885            7.851         9101.662      1.676      0.000      0.000    1.53972   26.92507           -0.28587      192.93017         2.871e-07         8.847e+00         3.185e-02 
  1168.550         103.751    -32.649    -63.903            7.850         9109.414      1.676      0.000      0.000    1.52942   26.93446           -0.28702      192.93556         2.891e-07         8.907e+00         3.207e-02 
  1169.550         103.711    -32.717    -63.921            7.850         9117.166      1.676      0.000      0.000    1.51915   26.94387           -0.28817      192.94097         2.911e-07         8.968e+00         3.229e-02 
  1170.550         103.672    -32.785    -63.940            7.850         9124.917      1.676      0.000      0.000    1.50891   26.95327           -0.28933      192.94641         2.931e-07         9.030e+00         3.251e-02 
  1171.550         103.632    -32.853    -63.958            7.850         9132.668      1.676      0.000      0.000    1.49870   26.96266           -0.29049      192.95187         2.951e-07         9.092e+00         3.274e-02 
  1172.550         103.592    -32.921    -63.977            7.849         9140.419      1.676      0.000      0.000    1.48851   26.97207           -0.29166      192.95734         2.972e-07         9.155e+00         3.296e-02 
  1173.550         103.552    -32.989    -63.995            7.849         9148.169      1.676      0.000      0.000    1.47835   26.98143           -0.29284      192.96284         2.993e-07         9.219e+00         3.319e-02 
  1174.550         103.512    -33.057    -64.014            7.849         9155.919      1.676      0.000      0.000    1.46822   26.99082           -0.29402      192.96836         3.014e-07         9.283e+00         3.342e-02 
  1175.550         103.472    -33.124    -64.032            7.849         9163.669      1.676      0.000      0.000    1.45811   27.00019           -0.29520      192.97390         3.035e-07         9.349e+00         3.366e-02 
  1176.550         103.431    -33.192    -64.051            7.848         9171.418      1.676      0.000      0.000    1.44804   27.00955           -0.29640      192.97947         3.057e-07         9.414e+00         3.389e-02 
  1177.550         103.390    -33.260    -64.070            7.848         9179.167      1.676      0.000      0.000    1.43799   27.01893           -0.29760      192.98505         3.079e-07         9.481e+00         3.413e-02 
  1178.550         103.349    -33.328    -64.088            7.848         9186.916      1.676      0.000      0.000    1.42797   27.02826           -0.29880      192.99066         3.101e-07         9.548e+00         3.438e-02 
  1179.550         103.308    -33.396    -64.107            7.847         9194.665      1.676      0.000      0.000    1.41799   27.03763           -0.30001      192.99629         3.123e-07         9.616e+00         3.462e-02 
  1180.550         103.267    -33.464    -64.126            7.847         9202.413      1.676      0.000      0.000    1.40802   27.04696           -0.30123      193.00195         3.146e-07         9.685e+00         3.487e-02 
  1181.550         103.226    -33.531    -64.144            7.847         9210.161      1.676      0.000      0.000    1.39809   27.05629           -0.30245      193.00762         3.169e-07         9.755e+00         3.512e-02 
  1182.550         103.184    -33.599    -64.163            7.846         9217.908      1.676      0.000      0.000    1.38819   27.06563           -0.30368      193.01332         3.192e-07         9.825e+00         3.537e-02 
  1183.550         103.143    -33.667    -64.182            7.846         9225.656      1.676      0.000      0.000    1.37831   27.07493           -0.30492      193.01904         3.215e-07         9.896e+00         3.563e-02 
  1184.550         103.101    -33.735    -64.201            7.846         9233.402      1.676      0.000      0.000    1.36847   27.08427           -0.30616      193.02478         3.239e-07         9.969e+00         3.589e-02 
  1185.550         103.059    -33.803    -64.219            7.846         9241.149      1.676      0.000      0.000    1.35865   27.09355           -0.30741      193.03054         3.263e-07         1.004e+01         3.615e-02 
  1186.550         103.017    -33.871    -64.238            7.845         9248.895      1.676      0.000      0.000    1.34887   27.10285           -0.30867      193.03633         3.287e-07         1.012e+01         3.641e-02 
  1187.550         102.974    -33.938    -64.257            7.845         9256.641      1.676      0.000      0.000    1.33911   27.11214           -0.30993      193.04214         3.311e-07         1.019e+01         3.668e-02 
  1188.550         102.932    -34.006    -64.276            7.845         9264.387      1.676      0.000      0.000    1.32938   27.12140           -0.31120      193.04797         3.336e-07         1.026e+01         3.695e-02 
  1189.550         102.889    -34.074    -64.295            7.844         9272.132      1.676      0.000      0.000    1.31968   27.13069           -0.31247      193.05382         3.361e-07         1.034e+01         3.723e-02 
  1190.550         102.846    -34.142    -64.314            7.844         9279.877      1.676      0.000      0.000    1.31002   27.13993           -0.31375      193.05970         3.386e-07         1.042e+01         3.750e-02 
  1191.550         102.803    -34.210    -64.333            7.844         9287.621      1.676      0.000      0.000    1.30038   27.14920           -0.31504      193.06560         3.412e-07         1.050e+01         3.779e-02 
  1192.550         102.760    -34.277    -64.352            7.843         9295.365      1.676      0.000      0.000    1.29077   27.15842           -0.31634      193.07153         3.438e-07         1.058e+01         3.807e-02 
  1193.550         102.717    -34.345    -64.370            7.843         9303.109      1.676      0.000      0.000    1.28119   27.16765           -0.31764      193.07748         3.464e-07         1.066e+01         3.836e-02 
  1194.550         102.673    -34.413    -64.389            7.843         9310.853      1.676      0.000      0.000    1.27164   27.17687           -0.31895      193.08345         3.491e-07         1.074e+01         3.865e-02 
  1195.550         102.629    -34.481    -64.408            7.842         9318.596      1.676      0.000      0.000    1.26213   27.18606           -0.32026      193.08944         3.518e-07         1.082e+01         3.894e-02 
  1196.550         102.585    -34.548    -64.428            7.842         9326.338      1.676      0.000      0.000    1.25264   27.19528           -0.32158      193.09546         3.545e-07         1.090e+01         3.924e-02 
  1197.550         102.541    -34.616    -64.447            7.842         9334.081      1.676      0.000      0.000    1.24318   27.20444           -0.32291      193.10150         3.573e-07         1.098e+01         3.954e-02 
  1198.550         102.497    -34.684    -64.466            7.841         9341.823      1.676      0.000      0.000    1.23376   27.21363           -0.32425      193.10756         3.600e-07         1.107e+01         3.984e-02 
  1199.550         102.453    -34.752    -64.485            7.841         9349.564      1.676      0.000      0.000    1.22436   27.22276           -0.32559      193.11365         3.629e-07         1.116e+01         4.015e-02 
  1200.550         102.408    -34.819    -64.504            7.841         9357.306      1.676      0.000      0.000    1.21500   27.23192           -0.32694      193.11976         3.657e-07         1.124e+01         4.047e-02 
  1201.550         102.363    -34.887    -64.523            7.840         9365.047      1.676      0.000      0.000    1.20566   27.24104           -0.32830      193.12590         3.686e-07         1.133e+01         4.078e-02 
  1202.550         102.318    -34.955    -64.542            7.840         9372.787      1.676      0.000      0.000    1.19636   27.25016           -0.32967      193.13206         3.715e-07         1.142e+01         4.110e-02 
  1203.550         102.273    -35.023    -64.561            7.840         9380.527      1.676      0.000      0.000    1.18709   27.25927           -0.33104      193.13824         3.745e-07         1.151e+01         4.143e-02 
  1204.550         102.227    -35.090    -64.581            7.839         9388.267      1.676      0.000      0.000    1.17785   27.26835           -0.33242      193.14445         3.775e-07         1.160e+01         4.175e-02 
  1205.550         102.182    -35.158    -64.600            7.839         9396.007      1.676      0.000      0.000    1.16864   27.27744           -0.33381      193.15069         3.805e-07         1.169e+01         4.208e-02 
  1206.550         102.136    -35.226    -64.619            7.839         9403.746      1.676      0.000      0.000    1.15946   27.28648           -0.33520      193.15694         3.836e-07         1.179e+01         4.242e-02 
  1207.550         102.090    -35.293    -64.639            7.838         9411.484      1.676      0.000      0.000    1.15032   27.29555           -0.33660      193.16322         3.867e-07         1.188e+01         4.276e-02 
  1208.550         102.044    -35.361    -64.658            7.838         9419.222      1.676      0.000      0.000    1.14120   27.30455           -0.33801      193.16953         3.899e-07         1.198e+01         4.310e-02 
  1209.550         101.998    -35.429    -64.677            7.838         9426.960      1.676      0.000      0.000    1.13212   27.31359           -0.33943      193.17586         3.931e-07         1.207e+01         4.345e-02 
  1210.550         101.951    -35.497    -64.697            7.837         9434.698      1.676      0.000      0.000    1.12306   27.32256           -0.34085      193.18222         3.963e-07         1.217e+01         4.381e-02 
  1211.550         101.904    -35.564    -64.716            7.837         9442.435      1.676      0.000      0.000    1.11404   27.33155           -0.34229      193.18860         3.996e-07         1.227e+01         4.416e-02 
  1212.550         101.858    -35.632    -64.735            7.836         9450.171      1.676      0.000      0.000    1.10505   27.34049           -0.34373      193.19500         4.029e-07         1.237e+01         4.453e-02 
  1213.550         101.810    -35.700    -64.755            7.836         9457.908      1.676      0.000      0.000    1.09610   27.34945           -0.34517      193.20143         4.063e-07         1.247e+01         4.489e-02 
  1214.550         101.763    -35.767    -64.774            7.836         9465.644      1.676      0.000      0.000    1.08717   27.35836           -0.34663      193.20789         4.097e-07         1.258e+01         4.526e-02 
  1215.550         101.716    -35.835    -64.794            7.835         9473.379      1.676      0.000      0.000    1.07828   27.36727           -0.34809      193.21437         4.131e-07         1.268e+01         4.564e-02 
  1216.550         101.668    -35.903    -64.813            7.835         9481.114      1.676      0.000      0.000    1.06942   27.37615           -0.34957      193.22087         4.166e-07         1.279e+01         4.602e-02 
  1217.550         101.620    -35.970    -64.833            7.834         9488.849      1.676      0.000      0.000    1.06059   27.38502           -0.35105      193.22740         4.201e-07         1.289e+01         4.641e-02 
  1218.550         101.572    -36.038    -64.852            7.834         9496.583      1.676      0.000      0.000    1.05179   27.39387           -0.35254      193.23396         4.237e-07         1.300e+01         4.680e-02 
  1219.550         101.524    -36.105    -64.872            7.834         9504.317      1.676      0.000      0.000    1.04303   27.40269           -0.35403      193.24054         4.274e-07         1.311e+01         4.719e-02 
  1220.550         101.475    -36.173    -64.892            7.833         9512.050      1.676      0.000      0.000    1.03430   27.41149           -0.35554      193.24715         4.310e-07         1.322e+01         4.759e-02 
  1221.550         101.426    -36.241    -64.911            7.833         9519.783      1.676      0.000      0.000    1.02560   27.42027           -0.35705      193.25378         4.348e-07         1.334e+01         4.800e-02 
  1222.550         101.377    -36.308    -64.931            7.832         9527.515      1.676      0.000      0.000    1.01693   27.42904           -0.35857      193.26044         4.385e-07         1.345e+01         4.841e-02 
  1223.550         101.328    -36.376    -64.951            7.832         9535.247      1.675      0.000      0.000    1.00830   27.43776           -0.36010      193.26713         4.424e-07         1.357e+01         4.883e-02 
  1224.550         101.279    -36.444    -64.970            7.832         9542.979      1.675      0.000      0.000    0.99970   27.44649           -0.36164      193.27384         4.463e-07         1.369e+01         4.925e-02 
  1225.550         101.230    -36.511    -64.990            7.831         9550.710      1.675      0.000      0.000    0.99113   27.45516           -0.36319      193.28058         4.502e-07         1.380e+01         4.968e-02 
  1226.550         101.180    -36.579    -65.010            7.831         9558.441      1.675      0.000      0.000    0.98259   27.46384           -0.36475      193.28734         4.542e-07         1.393e+01         5.012e-02 
  1227.550         101.130    -36.646    -65.030            7.830         9566.171      1.675      0.000      0.000    0.97409   27.47247           -0.36631      193.29413         4.582e-07         1.405e+01         5.056e-02 
  1228.550         101.080    -36.714    -65.050            7.830         9573.901      1.675      0.000      0.000    0.96562   27.48109           -0.36789      193.30094         4.623e-07         1.417e+01         5.101e-02 
  1229.550         101.029    -36.782    -65.070            7.829         9581.630      1.675      0.000      0.000    0.95719   27.48967           -0.36947      193.30779         4.665e-07         1.430e+01         5.146e-02 
  1230.550         100.979    -36.849    -65.089            7.829         9589.359      1.675      0.000      0.000    0.94879   27.49824           -0.37106      193.31466         4.707e-07         1.442e+01         5.193e-02 
  1231.550         100.928    -36.917    -65.109            7.828         9597.087      1.675      0.000      0.000    0.94042   27.50677           -0.37266      193.32155         4.749e-07         1.455e+01         5.240e-02 
  1232.550         100.877    -36.984    -65.129            7.828         9604.815      1.675      0.000      0.000    0.93208   27.51528           -0.37428      193.32848         4.793e-07         1.468e+01         5.287e-02 
  1233.550         100.826    -37.052    -65.149            7.828         9612.542      1.674      0.000      0.000    0.92378   27.52375           -0.37590      193.33543         4.837e-07         1.482e+01         5.336e-02 
  1234.550         100.774    -37.119    -65.169            7.827         9620.269      1.674      0.000      0.000    0.91551   27.53221           -0.37752      193.34240         4.881e-07         1.495e+01         5.385e-02 
  1235.550         100.722    -37.187    -65.189            7.827         9627.996      1.674      0.000      0.000    0.90728   27.54062           -0.37916      193.34941         4.926e-07         1.509e+01         5.435e-02 
  1236.550         100.671    -37.255    -65.209            7.826         9635.722      1.673      0.000      0.000    0.89908   27.54901           -0.38081      193.35644         4.972e-07         1.523e+01         5.485e-02 
  1237.550         100.618    -37.322    -65.229            7.826         9643.447      1.673      0.000      0.000    0.89091   27.55737           -0.38247      193.36350         5.018e-07         1.537e+01         5.537e-02 
  1238.550         100.566    -37.390    -65.249            7.825         9651.172      1.673      0.000      0.000    0.88278   27.56569           -0.38414      193.37058         5.065e-07         1.551e+01         5.589e-02 
  1239.550         100.513    -37.457    -65.270            7.825         9658.897      1.672      0.000      0.000    0.87468   27.57399           -0.38582      193.37770         5.113e-07         1.565e+01         5.641e-02 
  1240.550         100.461    -37.525    -65.290            7.824         9666.621      1.672      0.000      0.000    0.86662   27.58224           -0.38750      193.38484         5.162e-07         1.580e+01         5.695e-02 
  1241.550         100.408    -37.592    -65.310            7.824         9674.344      1.671      0.000      0.000    0.85859   27.59048           -0.38920      193.39201         5.211e-07         1.595e+01         5.749e-02 
  1242.550         100.354    -37.660    -65.330            7.823         9682.067      1.671      0.000      0.000    0.85060   27.59866           -0.39091      193.39920         5.261e-07         1.610e+01         5.804e-02 
  1243.550         100.301    -37.727    -65.350            7.823         9689.789      1.670      0.000      0.000    0.84264   27.60684           -0.39263      193.40643         5.311e-07         1.625e+01         5.860e-02 
  1244.550         100.247    -37.795    -65.371            7.822         9697.511      1.670      0.000      0.000    0.83471   27.61494           -0.39435      193.41368         5.362e-07         1.641e+01         5.917e-02 
  1245.550         100.193    -37.862    -65.391            7.822         9705.232      1.669      0.000      0.000    0.82683   27.62305           -0.39609      193.42096         5.415e-07         1.656e+01         5.974e-02 
  1246.550         100.139    -37.930    -65.411            7.821         9712.953      1.669      0.000      0.000    0.81897   27.63107           -0.39784      193.42827         5.467e-07         1.672e+01         6.033e-02 
  1247.550         100.085    -37.997    -65.432            7.821         9720.674      1.668      0.000      0.000    0.81116   27.63910           -0.39960      193.43561         5.521e-07         1.688e+01         6.092e-02 
  1248.550         100.030    -38.065    -65.452            7.820         9728.393      1.667      0.000      0.000    0.80337   27.64705           -0.40137      193.44297         5.575e-07         1.705e+01         6.152e-02 
  1249.550          99.975    -38.132    -65.472            7.820         9736.112      1.667      0.000      0.000    0.79563   27.65500           -0.40315      193.45037         5.631e-07         1.721e+01         6.213e-02 
  1250.550          99.920    -38.199    -65.493            7.819         9743.831      1.666      0.000      0.000    0.78791   27.66288           -0.40494      193.45779         5.687e-07         1.738e+01         6.275e-02 
  1251.550          99.865    -38.267    -65.513            7.818         9751.549      1.665      0.000      0.000    0.78024   27.67073           -0.40675      193.46524         5.744e-07         1.756e+01         6.338e-02 
  1252.550          99.809    -38.334    -65.534            7.818         9759.266      1.664      0.000      0.000    0.77260   27.67855           -0.40856      193.47272         5.801e-07         1.773e+01         6.402e-02 
  1253.550          99.753    -38.402    -65.554            7.817         9766.983      1.664      0.000      0.000    0.76500   27.68630           -0.41039      193.48023         5.860e-07         1.791e+01         6.467e-02 
  1254.550          99.697    -38.469    -65.575            7.817         9774.700      1.663      0.000      0.000    0.75743   27.69405           -0.41222      193.48777         5.919e-07         1.808e+01         6.533e-02 
  1255.550          99.641    -38.537    -65.596            7.816         9782.415      1.662      0.000      0.000    0.74990   27.70170           -0.41407      193.49534         5.980e-07         1.827e+01         6.600e-02 
  1256.550          99.584    -38.604    -65.616            7.816         9790.130      1.661      0.000      0.000    0.74241   27.70935           -0.41593      193.50294         6.041e-07         1.845e+01         6.668e-02 
  1257.550          99.527    -38.671    -65.637            7.815         9797.845      1.660      0.000      0.000    0.73495   27.71693           -0.41780      193.51057         6.104e-07         1.864e+01         6.737e-02 
  1258.550          99.470    -38.739    -65.657            7.814         9805.559      1.659      0.000      0.000    0.72754   27.72447           -0.41968      193.51822         6.167e-07         1.883e+01         6.807e-02 
  1259.550          99.413    -38.806    -65.678            7.814         9813.272      1.658      0.000      0.000    0.72015   27.73197           -0.42158      193.52591         6.231e-07         1.902e+01         6.879e-02 
  1260.550          99.355    -38.874    -65.699            7.813         9820.985      1.657      0.000      0.000    0.71281   27.73940           -0.42349      193.53362         6.296e-07         1.922e+01         6.951e-02 
  1261.550          99.297    -38.941    -65.720            7.813         9828.697      1.656      0.000      0.000    0.70551   27.74682           -0.42541      193.54137         6.363e-07         1.942e+01         7.025e-02 
  1262.550          99.239    -39.008    -65.740            7.812         9836.408      1.654      0.000      0.000    0.69824   27.75414           -0.42734      193.54915         6.430e-07         1.962e+01         7.100e-02 
  1263.550          99.181    -39.076    -65.761            7.811         9844.119      1.653      0.000      0.000    0.69101   27.76144           -0.42928      193.55695         6.498e-07         1.983e+01         7.176e-02 
  1264.550          99.122    -39.143    -65.782            7.811         9851.829      1.652      0.000      0.000    0.68381   27.76867           -0.43124      193.56479         6.568e-07         2.003e+01         7.253e-02 
  1265.550          99.063    -39.210    -65.803            7.810         9859.539      1.651      0.000      0.000    0.67666   27.77586           -0.43321      193.57265         6.638e-07         2.025e+01         7.332e-02 
  1266.550          99.004    -39.278    -65.824            7.809         9867.248      1.649      0.000      0.000    0.66955   27.78300           -0.43519      193.58055         6.710e-07         2.046e+01         7.412e-02 
  1267.550          98.944    -39.345    -65.845            7.809         9874.956      1.648      0.000      0.000    0.66247   27.79006           -0.43718      193.58848         6.783e-07         2.068e+01         7.493e-02 
  1268.550          98.885    -39.412    -65.866            7.808         9882.663      1.646      0.000      0.000    0.65543   27.79710           -0.43919      193.59643         6.857e-07         2.090e+01         7.576e-02 
  1269.550          98.825    -39.480    -65.887            7.807         9890.370      1.645      0.000      0.000    0.64844   27.80404           -0.44121      193.60442         6.932e-07         2.113e+01         7.660e-02 
  1270.550          98.764    -39.547    -65.908            7.807         9898.076      1.644      0.000      0.000    0.64148   27.81095           -0.44325      193.61244         7.008e-07         2.136e+01         7.746e-02 
  1271.550          98.704    -39.614    -65.929            7.806         9905.782      1.642      0.000      0.000    0.63456   27.81780           -0.44529      193.62049         7.086e-07         2.159e+01         7.833e-02 
  1272.550          98.643    -39.681    -65.950            7.805         9913.486      1.640      0.000      0.000    0.62768   27.82456           -0.44736      193.62857         7.164e-07         2.182e+01         7.922e-02 
  1273.550          98.582    -39.749    -65.971            7.805         9921.190      1.639      0.000      0.000    0.62084   27.83130           -0.44943      193.63669         7.244e-07         2.206e+01         8.012e-02 
  1274.550          98.521    -39.816    -65.992            7.804         9928.894      1.637      0.000      0.000    0.61405   27.83794           -0.45152      193.64483         7.326e-07         2.231e+01         8.104e-02 
  1275.550          98.459    -39.883    -66.013            7.803         9936.596      1.635      0.000      0.000    0.60729   27.84453           -0.45363      193.65301         7.409e-07         2.256e+01         8.197e-02 
  1276.550          98.397    -39.950    -66.035            7.802         9944.298      1.634      0.000      0.000    0.60057   27.85107           -0.45574      193.66121         7.493e-07         2.281e+01         8.293e-02 
  1277.550          98.335    -40.018    -66.056            7.802         9951.999      1.632      0.000      0.000    0.59390   27.85751           -0.45788      193.66945         7.578e-07         2.306e+01         8.390e-02 
  1278.550          98.272    -40.085    -66.077            7.801         9959.699      1.630      0.000      0.000    0.58726   27.86391           -0.46002      193.67772         7.665e-07         2.332e+01         8.488e-02 
  1279.550          98.210    -40.152    -66.099            7.800         9967.399      1.628      0.000      0.000    0.58067   27.87023           -0.46219      193.68602         7.753e-07         2.359e+01         8.589e-02 
  1280.550          98.147    -40.219    -66.120            7.799         9975.098      1.626      0.000      0.000    0.57412   27.87646           -0.46436      193.69436         7.843e-07         2.386e+01         8.691e-02 
  1281.550          98.083    -40.287    -66.141            7.799         9982.796      1.624      0.000      0.000    0.56761   27.88266           -0.46656      193.70272         7.934e-07         2.413e+01         8.795e-02 
  1282.550          98.020    -40.354    -66.163            7.798         9990.493      1.622      0.000      0.000    0.56114   27.88875           -0.46876      193.71112         8.027e-07         2.440e+01         8.902e-02 
