#_______________________________________________________________________________
#    ######   ####     ##             #####   #####     ##    #    #    ## 
#    #       #        #  #            #    #  #    #   #  #   ##  ##   #  #
#    #####    ####   ######           #    #  #####   ######  # ## #  ######
#    #            #  #    #           #    #  #    #  #    #  #    #  #    #
#____######__#####___#____#___________#####___#____#__#____#__#____#__#____#____
#
#              ESA Debris Risk Assessment and Mitigation Analysis
#
#                      ---- DRAMA ( SESAM 2.3.0 ) ----
#                                      ESA 2018
#
#                              aerothermal history file
#-------------------------------------------------------------------------------
# Filename      : PySara.SOLAR_PANEL-X.17276616445358212567_3588f412-e9fb-46f8-af4f-ccea773f37e9_AeroThermalHistory.txt
# RunID         : PySara
# ObjectID      : 3588f412-e9fb-46f8-af4f-ccea773f37e9
# ObjectName    : SOLAR_PANEL-X
# ReferenceArea : 0.0002 [m^2]
# Content       : This file contains the aerothermal data of the object,
#                 computed by the DRAMA 3 Re-entry Analysis.
# Documentation : DRAMA Software User Manual, section OPERATIONS MANUAL / Normal operation / SARA / SARA Simulation Output / Re-entry simulation output
# Note          : The convective heat and the integrated heat values in this file take into account the visibility factor
#
#------------------------------------------------------------------------------------------------------------------------------------------------------------------------------------
# Time [s]   Altitude [km]   Temp [K]   Mass [kg]  Thick [mm]  Convective Heat [W]  Radiative Heat [W]  Oxidation Heat [W]  Rad Cooling [W]  Integrated Heat [J] VisibilityFactor [-]
#------------------------------------------------------------------------------------------------------------------------------------------------------------------------------------
     0.000         124.895    300.000       0.008       1.000                8.614               0.000               0.000           -2.263                0.000              0.59211 
     0.100         124.893    300.087       0.008       1.000                8.615               0.000               0.000           -2.263                0.861              0.59211 
     0.550         124.884    300.477       0.008       1.000                8.621               0.000               0.000           -2.265                4.741              0.59211 
     1.550         124.864    301.344       0.008       1.000                8.637               0.000               0.000           -2.277               13.378              0.59211 
     2.550         124.844    302.209       0.008       1.000                8.653               0.000               0.000           -2.304               22.030              0.59211 
     3.550         124.824    303.073       0.008       1.000                8.669               0.000               0.000           -2.330               30.699              0.59211 
     4.550         124.804    303.934       0.008       1.000                8.685               0.000               0.000           -2.357               39.384              0.59211 
     5.550         124.783    304.794       0.008       1.000                8.701               0.000               0.000           -2.384               48.084              0.59211 
     6.550         124.763    305.652       0.008       1.000                8.717               0.000               0.000           -2.411               56.802              0.59211 
     7.550         124.743    306.509       0.008       1.000                8.733               0.000               0.000           -2.438               65.535              0.59211 
     8.550         124.723    307.363       0.008       1.000                8.750               0.000               0.000           -2.466               74.285              0.59211 
     9.550         124.703    308.216       0.008       1.000                8.766               0.000               0.000           -2.493               83.051              0.59211 
    10.550         124.682    309.066       0.008       1.000                8.782               0.000               0.000           -2.521               91.833              0.59211 
    11.550         124.662    309.915       0.008       1.000                8.799               0.000               0.000           -2.549              100.632              0.59211 
    12.550         124.642    310.762       0.008       1.000                8.815               0.000               0.000           -2.577              109.447              0.59211 
    13.550         124.622    311.607       0.008       1.000                8.832               0.000               0.000           -2.605              118.279              0.59211 
    14.550         124.601    312.450       0.008       1.000                8.848               0.000               0.000           -2.634              127.127              0.59211 
    15.550         124.581    313.291       0.008       1.000                8.865               0.000               0.000           -2.662              135.992              0.59211 
    16.550         124.561    314.130       0.008       1.000                8.882               0.000               0.000           -2.691              144.874              0.59211 
    17.550         124.541    314.968       0.008       1.000                8.898               0.000               0.000           -2.720              153.772              0.59211 
    18.550         124.521    315.803       0.008       1.000                8.915               0.000               0.000           -2.749              162.687              0.59211 
    19.550         124.500    316.636       0.008       1.000                8.932               0.000               0.000           -2.778              171.618              0.59211 
    20.550         124.480    317.467       0.008       1.000                8.949               0.000               0.000           -2.808              180.567              0.59211 
    21.550         124.460    318.296       0.008       1.000                8.965               0.000               0.000           -2.838              189.532              0.59211 
    22.550         124.440    319.123       0.008       1.000                8.982               0.000               0.000           -2.867              198.515              0.59211 
    23.550         124.419    319.948       0.008       1.000                8.999               0.000               0.000           -2.897              207.514              0.59211 
    24.550         124.399    320.771       0.008       1.000                9.016               0.000               0.000           -2.927              216.530              0.59211 
    25.550         124.379    321.592       0.008       1.000                9.033               0.000               0.000           -2.957              225.563              0.59211 
    26.550         124.359    322.410       0.008       1.000                9.050               0.000               0.000           -2.988              234.614              0.59211 
    27.550         124.338    323.227       0.008       1.000                9.068               0.000               0.000           -3.018              243.681              0.59211 
    28.550         124.318    324.042       0.008       1.000                9.085               0.000               0.000           -3.049              252.766              0.59211 
    29.550         124.298    324.854       0.008       1.000                9.102               0.000               0.000           -3.080              261.868              0.59211 
    30.550         124.278    325.664       0.008       1.000                9.119               0.000               0.000           -3.111              270.987              0.59211 
    31.550         124.257    326.472       0.008       1.000                9.136               0.000               0.000           -3.142              280.123              0.59211 
    32.550         124.237    327.278       0.008       1.000                9.154               0.000               0.000           -3.173              289.277              0.59211 
    33.550         124.217    328.082       0.008       1.000                9.171               0.000               0.000           -3.205              298.448              0.59211 
    34.550         124.197    328.883       0.008       1.000                9.189               0.000               0.000           -3.236              307.637              0.59211 
    35.550         124.176    329.682       0.008       1.000                9.206               0.000               0.000           -3.268              316.843              0.59211 
    36.550         124.156    330.479       0.008       1.000                9.224               0.000               0.000           -3.300              326.067              0.59211 
    37.550         124.136    331.274       0.008       1.000                9.241               0.000               0.000           -3.332              335.308              0.59211 
    38.550         124.116    332.067       0.008       1.000                9.259               0.000               0.000           -3.364              344.567              0.59211 
    39.550         124.095    332.857       0.008       1.000                9.276               0.000               0.000           -3.397              353.843              0.59211 
    40.550         124.075    333.645       0.008       1.000                9.294               0.000               0.000           -3.429              363.137              0.59211 
    41.550         124.055    334.431       0.008       1.000                9.312               0.000               0.000           -3.462              372.449              0.59211 
    42.550         124.035    335.215       0.008       1.000                9.330               0.000               0.000           -3.494              381.779              0.59211 
    43.550         124.014    335.996       0.008       1.000                9.348               0.000               0.000           -3.527              391.127              0.59211 
    44.550         123.994    336.775       0.008       1.000                9.365               0.000               0.000           -3.560              400.492              0.59211 
    45.550         123.974    337.551       0.008       1.000                9.383               0.000               0.000           -3.593              409.876              0.59211 
    46.550         123.954    338.326       0.008       1.000                9.401               0.000               0.000           -3.627              419.277              0.59211 
    47.550         123.933    339.098       0.008       1.000                9.419               0.000               0.000           -3.660              428.697              0.59211 
    48.550         123.913    339.867       0.008       1.000                9.438               0.000               0.000           -3.694              438.134              0.59211 
    49.550         123.893    340.635       0.008       1.000                9.456               0.000               0.000           -3.727              447.590              0.59211 
    50.550         123.873    341.400       0.008       1.000                9.474               0.000               0.000           -3.761              457.064              0.59211 
    51.550         123.852    342.162       0.008       1.000                9.492               0.000               0.000           -3.795              466.556              0.59211 
    52.550         123.832    342.922       0.008       1.000                9.510               0.000               0.000           -3.829              476.066              0.59211 
    53.550         123.812    343.680       0.008       1.000                9.529               0.000               0.000           -3.863              485.595              0.59211 
    54.550         123.792    344.436       0.008       1.000                9.547               0.000               0.000           -3.897              495.141              0.59211 
    55.550         123.771    345.189       0.008       1.000                9.565               0.000               0.000           -3.932              504.707              0.59211 
    56.550         123.751    345.939       0.008       1.000                9.584               0.000               0.000           -3.966              514.291              0.59211 
    57.550         123.731    346.688       0.008       1.000                9.602               0.000               0.000           -4.001              523.893              0.59211 
    58.550         123.711    347.434       0.008       1.000                9.621               0.000               0.000           -4.036              533.514              0.59211 
    59.550         123.690    348.177       0.008       1.000                9.639               0.000               0.000           -4.070              543.153              0.59211 
    60.550         123.670    348.918       0.008       1.000                9.658               0.000               0.000           -4.105              552.811              0.59211 
    61.550         123.650    349.657       0.008       1.000                9.677               0.000               0.000           -4.140              562.488              0.59211 
    62.550         123.630    350.393       0.008       1.000                9.695               0.000               0.000           -4.176              572.183              0.59211 
    63.550         123.609    351.126       0.008       1.000                9.714               0.000               0.000           -4.211              581.898              0.59211 
    64.550         123.589    351.858       0.008       1.000                9.733               0.000               0.000           -4.246              591.631              0.59211 
    65.550         123.569    352.587       0.008       1.000                9.752               0.000               0.000           -4.282              601.383              0.59211 
    66.550         123.549    353.313       0.008       1.000                9.771               0.000               0.000           -4.317              611.154              0.59211 
    67.550         123.528    354.037       0.008       1.000                9.790               0.000               0.000           -4.353              620.943              0.59211 
    68.550         123.508    354.758       0.008       1.000                9.809               0.000               0.000           -4.389              630.752              0.59211 
    69.550         123.488    355.477       0.008       1.000                9.828               0.000               0.000           -4.425              640.580              0.59211 
    70.550         123.468    356.193       0.008       1.000                9.847               0.000               0.000           -4.461              650.427              0.59211 
    71.550         123.447    356.907       0.008       1.000                9.866               0.000               0.000           -4.497              660.293              0.59211 
    72.550         123.427    357.618       0.008       1.000                9.885               0.000               0.000           -4.533              670.179              0.59211 
    73.550         123.407    358.327       0.008       1.000                9.905               0.000               0.000           -4.569              680.083              0.59211 
    74.550         123.387    359.033       0.008       1.000                9.924               0.000               0.000           -4.605              690.007              0.59211 
    75.550         123.367    359.737       0.008       1.000                9.943               0.000               0.000           -4.642              699.950              0.59211 
    76.550         123.346    360.438       0.008       1.000                9.963               0.000               0.000           -4.678              709.913              0.59211 
    77.550         123.326    361.136       0.008       1.000                9.982               0.000               0.000           -4.715              719.895              0.59211 
    78.550         123.306    361.832       0.008       1.000               10.002               0.000               0.000           -4.751              729.896              0.59211 
    79.550         123.286    362.526       0.008       1.000               10.021               0.000               0.000           -4.788              739.918              0.59211 
    80.550         123.266    363.217       0.008       1.000               10.041               0.000               0.000           -4.825              749.958              0.59211 
    81.550         123.245    363.905       0.008       1.000               10.060               0.000               0.000           -4.862              760.019              0.59211 
    82.550         123.225    364.591       0.008       1.000               10.080               0.000               0.000           -4.899              770.099              0.59211 
    83.550         123.205    365.274       0.008       1.000               10.100               0.000               0.000           -4.936              780.198              0.59211 
    84.550         123.185    365.955       0.008       1.000               10.119               0.000               0.000           -4.973              790.318              0.59211 
    85.550         123.165    366.633       0.008       1.000               10.139               0.000               0.000           -5.010              800.457              0.59211 
    86.550         123.144    367.308       0.008       1.000               10.159               0.000               0.000           -5.047              810.616              0.59211 
    87.550         123.124    367.982       0.008       1.000               10.179               0.000               0.000           -5.085              820.795              0.59211 
    88.550         123.104    368.652       0.008       1.000               10.199               0.000               0.000           -5.122              830.995              0.59211 
    89.550         123.084    369.320       0.008       1.000               10.219               0.000               0.000           -5.160              841.214              0.59211 
    90.550         123.064    369.985       0.008       1.000               10.239               0.000               0.000           -5.197              851.453              0.59211 
    91.550         123.044    370.648       0.008       1.000               10.259               0.000               0.000           -5.235              861.712              0.59211 
    92.550         123.023    371.309       0.008       1.000               10.279               0.000               0.000           -5.272              871.992              0.59211 
    93.550         123.003    371.966       0.008       1.000               10.300               0.000               0.000           -5.310              882.291              0.59211 
    94.550         122.983    372.622       0.008       1.000               10.320               0.000               0.000           -5.348              892.611              0.59211 
    95.550         122.963    373.274       0.008       1.000               10.340               0.000               0.000           -5.385              902.952              0.59211 
    96.550         122.943    373.925       0.008       1.000               10.361               0.000               0.000           -5.423              913.312              0.59211 
    97.550         122.923    374.572       0.008       1.000               10.381               0.000               0.000           -5.461              923.693              0.59211 
    98.550         122.903    375.217       0.008       1.000               10.401               0.000               0.000           -5.499              934.095              0.59211 
    99.550         122.882    375.860       0.008       1.000               10.422               0.000               0.000           -5.537              944.517              0.59211 
   100.550         122.862    376.499       0.008       1.000               10.443               0.000               0.000           -5.575              954.959              0.59211 
   101.550         122.842    377.137       0.008       1.000               10.463               0.000               0.000           -5.613              965.423              0.59211 
   102.550         122.822    377.771       0.008       1.000               10.484               0.000               0.000           -5.651              975.906              0.59211 
   103.550         122.802    378.404       0.008       1.000               10.505               0.000               0.000           -5.689              986.411              0.59211 
   104.550         122.782    379.033       0.008       1.000               10.525               0.000               0.000           -5.728              996.936              0.59211 
   105.550         122.762    379.660       0.008       1.000               10.546               0.000               0.000           -5.766             1007.482              0.59211 
   106.550         122.742    380.285       0.008       1.000               10.567               0.000               0.000           -5.804             1018.049              0.59211 
   107.550         122.722    380.907       0.008       1.000               10.588               0.000               0.000           -5.842             1028.637              0.59211 
   108.550         122.702    381.527       0.008       1.000               10.609               0.000               0.000           -5.881             1039.246              0.59211 
   109.550         122.681    382.144       0.008       1.000               10.630               0.000               0.000           -5.919             1049.876              0.59211 
   110.550         122.661    382.758       0.008       1.000               10.651               0.000               0.000           -5.957             1060.527              0.59211 
   111.550         122.641    383.370       0.008       1.000               10.672               0.000               0.000           -5.996             1071.199              0.59211 
   112.550         122.621    383.979       0.008       1.000               10.693               0.000               0.000           -6.034             1081.892              0.59211 
   113.550         122.601    384.586       0.008       1.000               10.714               0.000               0.000           -6.073             1092.607              0.59211 
   114.550         122.581    385.191       0.008       1.000               10.736               0.000               0.000           -6.111             1103.342              0.59211 
   115.550         122.561    385.793       0.008       1.000               10.757               0.000               0.000           -6.150             1114.099              0.59211 
   116.550         122.541    386.392       0.008       1.000               10.778               0.000               0.000           -6.188             1124.877              0.59211 
   117.550         122.521    386.989       0.008       1.000               10.800               0.000               0.000           -6.227             1135.677              0.59211 
   118.550         122.501    387.584       0.008       1.000               10.821               0.000               0.000           -6.265             1146.498              0.59211 
   119.550         122.481    388.176       0.008       1.000               10.843               0.000               0.000           -6.304             1157.341              0.59211 
   120.550         122.461    388.766       0.008       1.000               10.864               0.000               0.000           -6.342             1168.205              0.59211 
   121.550         122.441    389.353       0.008       1.000               10.886               0.000               0.000           -6.381             1179.091              0.59211 
   122.550         122.421    389.938       0.008       1.000               10.908               0.000               0.000           -6.420             1189.999              0.59211 
   123.550         122.401    390.520       0.008       1.000               10.929               0.000               0.000           -6.458             1200.928              0.59211 
   124.550         122.381    391.100       0.008       1.000               10.951               0.000               0.000           -6.497             1211.879              0.59211 
   125.550         122.361    391.677       0.008       1.000               10.973               0.000               0.000           -6.536             1222.852              0.59211 
   126.550         122.341    392.252       0.008       1.000               10.995               0.000               0.000           -6.574             1233.846              0.59211 
   127.550         122.321    392.825       0.008       1.000               11.017               0.000               0.000           -6.613             1244.863              0.59211 
   128.550         122.301    393.395       0.008       1.000               11.039               0.000               0.000           -6.652             1255.901              0.59211 
   129.550         122.281    393.963       0.008       1.000               11.061               0.000               0.000           -6.691             1266.962              0.59211 
   130.550         122.261    394.529       0.008       1.000               11.083               0.000               0.000           -6.729             1278.045              0.59211 
   131.550         122.241    395.092       0.008       1.000               11.105               0.000               0.000           -6.768             1289.149              0.59211 
   132.550         122.221    395.653       0.008       1.000               11.127               0.000               0.000           -6.807             1300.276              0.59211 
   133.550         122.201    396.211       0.008       1.000               11.149               0.000               0.000           -6.845             1311.425              0.59211 
   134.550         122.181    396.767       0.008       1.000               11.171               0.000               0.000           -6.884             1322.597              0.59211 
   135.550         122.162    397.321       0.008       1.000               11.194               0.000               0.000           -6.923             1333.790              0.59211 
   136.550         122.142    397.872       0.008       1.000               11.216               0.000               0.000           -6.962             1345.006              0.59211 
   137.550         122.122    398.421       0.008       1.000               11.239               0.000               0.000           -7.000             1356.245              0.59211 
   138.550         122.102    398.968       0.008       1.000               11.261               0.000               0.000           -7.039             1367.506              0.59211 
   139.550         122.082    399.512       0.008       1.000               11.283               0.000               0.000           -7.078             1378.789              0.59211 
   140.550         122.062    400.054       0.008       1.000               11.306               0.000               0.000           -7.116             1390.095              0.59211 
   141.550         122.042    400.594       0.008       1.000               11.329               0.000               0.000           -7.155             1401.424              0.59211 
   142.550         122.022    401.132       0.008       1.000               11.351               0.000               0.000           -7.194             1412.776              0.59211 
   143.550         122.003    401.667       0.008       1.000               11.374               0.000               0.000           -7.233             1424.150              0.59211 
   144.550         121.983    402.200       0.008       1.000               11.397               0.000               0.000           -7.271             1435.547              0.59211 
   145.550         121.963    402.731       0.008       1.000               11.420               0.000               0.000           -7.310             1446.966              0.59211 
   146.550         121.943    403.259       0.008       1.000               11.443               0.000               0.000           -7.349             1458.409              0.59211 
   147.550         121.923    403.786       0.008       1.000               11.466               0.000               0.000           -7.387             1469.874              0.59211 
   148.550         121.903    404.310       0.008       1.000               11.489               0.000               0.000           -7.426             1481.363              0.59211 
   149.550         121.884    404.832       0.008       1.000               11.512               0.000               0.000           -7.465             1492.875              0.59211 
   150.550         121.864    405.352       0.008       1.000               11.535               0.000               0.000           -7.503             1504.409              0.59211 
   151.550         121.844    405.869       0.008       1.000               11.558               0.000               0.000           -7.542             1515.967              0.59211 
   152.550         121.824    406.384       0.008       1.000               11.581               0.000               0.000           -7.580             1527.548              0.59211 
   153.550         121.804    406.898       0.008       1.000               11.604               0.000               0.000           -7.619             1539.152              0.59211 
   154.550         121.785    407.409       0.008       1.000               11.628               0.000               0.000           -7.657             1550.780              0.59211 
   155.550         121.765    407.918       0.008       1.000               11.651               0.000               0.000           -7.696             1562.431              0.59211 
   156.550         121.745    408.424       0.008       1.000               11.674               0.000               0.000           -7.735             1574.105              0.59211 
   157.550         121.725    408.929       0.008       1.000               11.698               0.000               0.000           -7.773             1585.803              0.59211 
   158.550         121.706    409.432       0.008       1.000               11.721               0.000               0.000           -7.812             1597.524              0.59211 
   159.550         121.686    409.932       0.008       1.000               11.745               0.000               0.000           -7.850             1609.269              0.59211 
   160.550         121.666    410.430       0.008       1.000               11.768               0.000               0.000           -7.888             1621.037              0.59211 
   161.550         121.647    410.927       0.008       1.000               11.792               0.000               0.000           -7.927             1632.829              0.59211 
   162.550         121.627    411.421       0.008       1.000               11.816               0.000               0.000           -7.965             1644.645              0.59211 
   163.550         121.607    411.913       0.008       1.000               11.840               0.000               0.000           -8.004             1656.485              0.59211 
   164.550         121.588    412.403       0.008       1.000               11.863               0.000               0.000           -8.042             1668.348              0.59211 
   165.550         121.568    412.891       0.008       1.000               11.887               0.000               0.000           -8.080             1680.235              0.59211 
   166.550         121.548    413.378       0.008       1.000               11.911               0.000               0.000           -8.119             1692.146              0.59211 
   167.550         121.529    413.862       0.008       1.000               11.935               0.000               0.000           -8.157             1704.081              0.59211 
   168.550         121.509    414.344       0.008       1.000               11.959               0.000               0.000           -8.195             1716.041              0.59211 
   169.550         121.489    414.824       0.008       1.000               11.983               0.000               0.000           -8.234             1728.024              0.59211 
   170.550         121.470    415.302       0.008       1.000               12.007               0.000               0.000           -8.272             1740.031              0.59211 
   171.550         121.450    415.779       0.008       1.000               12.032               0.000               0.000           -8.310             1752.063              0.59211 
   172.550         121.431    416.253       0.008       1.000               12.056               0.000               0.000           -8.348             1764.118              0.59211 
   173.550         121.411    416.726       0.008       1.000               12.080               0.000               0.000           -8.386             1776.199              0.59211 
   174.550         121.391    417.196       0.008       1.000               12.104               0.000               0.000           -8.425             1788.303              0.59211 
   175.550         121.372    417.665       0.008       1.000               12.129               0.000               0.000           -8.463             1800.432              0.59211 
   176.550         121.352    418.132       0.008       1.000               12.153               0.000               0.000           -8.501             1812.585              0.59211 
   177.550         121.333    418.597       0.008       1.000               12.178               0.000               0.000           -8.539             1824.763              0.59211 
   178.550         121.313    419.060       0.008       1.000               12.202               0.000               0.000           -8.577             1836.965              0.59211 
   179.550         121.294    419.522       0.008       1.000               12.227               0.000               0.000           -8.615             1849.192              0.59211 
   180.550         121.274    419.981       0.008       1.000               12.252               0.000               0.000           -8.653             1861.443              0.59211 
   181.550         121.255    420.439       0.008       1.000               12.276               0.000               0.000           -8.691             1873.720              0.59211 
   182.550         121.235    420.895       0.008       1.000               12.301               0.000               0.000           -8.729             1886.021              0.59211 
   183.550         121.216    421.349       0.008       1.000               12.326               0.000               0.000           -8.767             1898.346              0.59211 
   184.550         121.196    421.801       0.008       1.000               12.351               0.000               0.000           -8.805             1910.697              0.59211 
   185.550         121.177    422.251       0.008       1.000               12.376               0.000               0.000           -8.842             1923.073              0.59211 
   186.550         121.157    422.700       0.008       1.000               12.401               0.000               0.000           -8.880             1935.473              0.59211 
   187.550         121.138    423.147       0.008       1.000               12.426               0.000               0.000           -8.918             1947.899              0.59211 
   188.550         121.118    423.593       0.008       1.000               12.451               0.000               0.000           -8.956             1960.349              0.59211 
   189.550         121.099    424.036       0.008       1.000               12.476               0.000               0.000           -8.994             1972.825              0.59211 
   190.550         121.080    424.478       0.008       1.000               12.501               0.000               0.000           -9.031             1985.326              0.59211 
   191.550         121.060    424.918       0.008       1.000               12.526               0.000               0.000           -9.069             1997.852              0.59211 
   192.550         121.041    425.356       0.008       1.000               12.551               0.000               0.000           -9.107             2010.404              0.59211 
   193.550         121.021    425.793       0.008       1.000               12.577               0.000               0.000           -9.144             2022.980              0.59211 
   194.550         121.002    426.228       0.008       1.000               12.602               0.000               0.000           -9.182             2035.583              0.59211 
   195.550         120.983    426.662       0.008       1.000               12.628               0.000               0.000           -9.220             2048.210              0.59211 
   196.550         120.963    427.094       0.008       1.000               12.653               0.000               0.000           -9.257             2060.863              0.59211 
   197.550         120.944    427.524       0.008       1.000               12.679               0.000               0.000           -9.295             2073.542              0.59211 
   198.550         120.925    427.952       0.008       1.000               12.704               0.000               0.000           -9.332             2086.246              0.59211 
   199.550         120.905    428.379       0.008       1.000               12.730               0.000               0.000           -9.370             2098.976              0.59211 
   200.550         120.886    428.805       0.008       1.000               12.756               0.000               0.000           -9.407             2111.732              0.59211 
   201.550         120.867    429.228       0.008       1.000               12.781               0.000               0.000           -9.445             2124.513              0.59211 
   202.550         120.848    429.651       0.008       1.000               12.807               0.000               0.000           -9.482             2137.320              0.59211 
   203.550         120.828    430.071       0.008       1.000               12.833               0.000               0.000           -9.519             2150.153              0.59211 
   204.550         120.809    430.490       0.008       1.000               12.859               0.000               0.000           -9.557             2163.012              0.59211 
   205.550         120.790    430.908       0.008       1.000               12.885               0.000               0.000           -9.594             2175.897              0.59211 
   206.550         120.771    431.324       0.008       1.000               12.911               0.000               0.000           -9.631             2188.808              0.59211 
   207.550         120.751    431.738       0.008       1.000               12.937               0.000               0.000           -9.668             2201.745              0.59211 
   208.550         120.732    432.151       0.008       1.000               12.963               0.000               0.000           -9.706             2214.708              0.59211 
   209.550         120.713    432.563       0.008       1.000               12.989               0.000               0.000           -9.743             2227.698              0.59211 
   210.550         120.694    432.973       0.008       1.000               13.016               0.000               0.000           -9.780             2240.713              0.59211 
   211.550         120.675    433.381       0.008       1.000               13.042               0.000               0.000           -9.817             2253.755              0.59211 
   212.550         120.656    433.788       0.008       1.000               13.068               0.000               0.000           -9.854             2266.823              0.59211 
   213.550         120.636    434.194       0.008       1.000               13.095               0.000               0.000           -9.891             2279.918              0.59211 
   214.550         120.617    434.598       0.008       1.000               13.121               0.000               0.000           -9.928             2293.039              0.59211 
   215.550         120.598    435.000       0.008       1.000               13.147               0.000               0.000           -9.965             2306.186              0.59211 
   216.550         120.579    435.401       0.008       1.000               13.174               0.000               0.000          -10.002             2319.361              0.59211 
   217.550         120.560    435.801       0.008       1.000               13.201               0.000               0.000          -10.039             2332.561              0.59211 
   218.550         120.541    436.199       0.008       1.000               13.227               0.000               0.000          -10.076             2345.789              0.59211 
   219.550         120.522    436.596       0.008       1.000               13.254               0.000               0.000          -10.113             2359.043              0.59211 
   220.550         120.503    436.991       0.008       1.000               13.281               0.000               0.000          -10.150             2372.323              0.59211 
   221.550         120.484    437.385       0.008       1.000               13.308               0.000               0.000          -10.187             2385.631              0.59211 
   222.550         120.465    437.777       0.008       1.000               13.334               0.000               0.000          -10.224             2398.965              0.59211 
   223.550         120.446    438.169       0.008       1.000               13.361               0.000               0.000          -10.260             2412.327              0.59211 
   224.550         120.427    438.558       0.008       1.000               13.388               0.000               0.000          -10.297             2425.715              0.59211 
   225.550         120.408    438.947       0.008       1.000               13.415               0.000               0.000          -10.334             2439.131              0.59211 
   226.550         120.389    439.334       0.008       1.000               13.442               0.000               0.000          -10.370             2452.573              0.59211 
   227.550         120.370    439.719       0.008       1.000               13.470               0.000               0.000          -10.407             2466.043              0.59211 
   228.550         120.351    440.104       0.008       1.000               13.497               0.000               0.000          -10.444             2479.540              0.59211 
   229.550         120.332    440.487       0.008       1.000               13.524               0.000               0.000          -10.480             2493.064              0.59211 
   230.550         120.313    440.869       0.008       1.000               13.551               0.000               0.000          -10.517             2506.615              0.59211 
   231.550         120.294    441.249       0.008       1.000               13.579               0.000               0.000          -10.553             2520.193              0.59211 
   232.550         120.275    441.628       0.008       1.000               13.606               0.000               0.000          -10.590             2533.800              0.59211 
   233.550         120.256    442.006       0.008       1.000               13.634               0.000               0.000          -10.626             2547.433              0.59211 
   234.550         120.238    442.383       0.008       1.000               13.661               0.000               0.000          -10.662             2561.094              0.59211 
   235.550         120.219    442.758       0.008       1.000               13.689               0.000               0.000          -10.699             2574.783              0.59211 
   236.550         120.200    443.132       0.008       1.000               13.716               0.000               0.000          -10.735             2588.499              0.59211 
   237.550         120.181    443.505       0.008       1.000               13.744               0.000               0.000          -10.772             2602.243              0.59211 
   238.550         120.162    443.877       0.008       1.000               13.772               0.000               0.000          -10.808             2616.014              0.59211 
   239.550         120.143    444.248       0.008       1.000               13.799               0.000               0.000          -10.844             2629.813              0.59211 
   240.550         120.125    444.617       0.008       1.000               13.827               0.000               0.000          -10.880             2643.640              0.59211 
   241.550         120.106    444.985       0.008       1.000               13.855               0.000               0.000          -10.917             2657.495              0.59211 
   242.550         120.087    445.352       0.008       1.000               13.883               0.000               0.000          -10.953             2671.378              0.59211 
   243.550         120.068    445.718       0.008       1.000               13.911               0.000               0.000          -10.989             2685.289              0.59211 
   244.550         120.050    446.083       0.008       1.000               13.939               0.000               0.000          -11.025             2699.228              0.59211 
   245.550         120.031    446.446       0.008       1.000               13.967               0.000               0.000          -11.061             2713.195              0.59211 
   246.550         120.012    446.809       0.008       1.000               13.995               0.000               0.000          -11.097             2727.190              0.59211 
   247.550         119.994    447.170       0.008       1.000               14.023               0.000               0.000          -11.133             2741.213              0.59211 
   248.550         119.975    447.530       0.008       1.000               14.052               0.000               0.000          -11.170             2755.265              0.59211 
   249.550         119.956    447.890       0.008       1.000               14.080               0.000               0.000          -11.206             2769.345              0.59211 
   250.550         119.938    448.248       0.008       1.000               14.108               0.000               0.000          -11.242             2783.453              0.59211 
   251.550         119.919    448.605       0.008       1.000               14.137               0.000               0.000          -11.278             2797.590              0.59211 
   252.550         119.900    448.961       0.008       1.000               14.165               0.000               0.000          -11.314             2811.755              0.59211 
   253.550         119.882    449.316       0.008       1.000               14.194               0.000               0.000          -11.350             2825.948              0.59211 
   254.550         119.863    449.669       0.008       1.000               14.222               0.000               0.000          -11.385             2840.170              0.59211 
   255.550         119.845    450.022       0.008       1.000               14.251               0.000               0.000          -11.421             2854.421              0.59211 
   256.550         119.826    450.374       0.008       1.000               14.279               0.000               0.000          -11.457             2868.700              0.59211 
   257.550         119.808    450.725       0.008       1.000               14.308               0.000               0.000          -11.493             2883.008              0.59211 
   258.550         119.789    451.075       0.008       1.000               14.337               0.000               0.000          -11.529             2897.345              0.59211 
   259.550         119.771    451.424       0.008       1.000               14.366               0.000               0.000          -11.565             2911.711              0.59211 
   260.550         119.752    451.771       0.008       1.000               14.395               0.000               0.000          -11.601             2926.105              0.59211 
   261.550         119.734    452.118       0.008       1.000               14.423               0.000               0.000          -11.636             2940.529              0.59211 
   262.550         119.715    452.464       0.008       1.000               14.452               0.000               0.000          -11.672             2954.981              0.59211 
   263.550         119.697    452.809       0.008       1.000               14.481               0.000               0.000          -11.708             2969.462              0.59211 
   264.550         119.678    453.153       0.008       1.000               14.510               0.000               0.000          -11.744             2983.973              0.59211 
   265.550         119.660    453.496       0.008       1.000               14.540               0.000               0.000          -11.779             2998.513              0.59211 
   266.550         119.641    453.838       0.008       1.000               14.569               0.000               0.000          -11.815             3013.081              0.59211 
   267.550         119.623    454.179       0.008       1.000               14.598               0.000               0.000          -11.851             3027.679              0.59211 
   268.550         119.605    454.519       0.008       1.000               14.627               0.000               0.000          -11.886             3042.307              0.59211 
   269.550         119.586    454.858       0.008       1.000               14.657               0.000               0.000          -11.922             3056.963              0.59211 
   270.550         119.568    455.196       0.008       1.000               14.686               0.000               0.000          -11.958             3071.649              0.59211 
   271.550         119.550    455.533       0.008       1.000               14.716               0.000               0.000          -11.993             3086.365              0.59211 
   272.550         119.531    455.869       0.008       1.000               14.745               0.000               0.000          -12.029             3101.110              0.59211 
   273.550         119.513    456.205       0.008       1.000               14.775               0.000               0.000          -12.064             3115.884              0.59211 
   274.550         119.495    456.539       0.008       1.000               14.804               0.000               0.000          -12.100             3130.689              0.59211 
   275.550         119.477    456.872       0.008       1.000               14.834               0.000               0.000          -12.135             3145.522              0.59211 
   276.550         119.458    457.204       0.008       1.000               14.864               0.000               0.000          -12.171             3160.386              0.59211 
   277.550         119.440    457.536       0.008       1.000               14.893               0.000               0.000          -12.206             3175.279              0.59211 
   278.550         119.422    457.866       0.008       1.000               14.923               0.000               0.000          -12.242             3190.202              0.59211 
   279.550         119.404    458.196       0.008       1.000               14.953               0.000               0.000          -12.277             3205.155              0.59211 
   280.550         119.385    458.524       0.008       1.000               14.983               0.000               0.000          -12.313             3220.138              0.59211 
   281.550         119.367    458.852       0.008       1.000               15.013               0.000               0.000          -12.348             3235.151              0.59211 
   282.550         119.349    459.179       0.008       1.000               15.043               0.000               0.000          -12.383             3250.193              0.59211 
   283.550         119.331    459.505       0.008       1.000               15.073               0.000               0.000          -12.419             3265.266              0.59211 
   284.550         119.313    459.831       0.008       1.000               15.103               0.000               0.000          -12.454             3280.369              0.59211 
   285.550         119.295    460.155       0.008       1.000               15.133               0.000               0.000          -12.489             3295.502              0.59211 
   286.550         119.277    460.479       0.008       1.000               15.163               0.000               0.000          -12.525             3310.666              0.59211 
   287.550         119.259    460.802       0.008       1.000               15.194               0.000               0.000          -12.560             3325.860              0.59211 
   288.550         119.241    461.124       0.008       1.000               15.224               0.000               0.000          -12.595             3341.084              0.59211 
   289.550         119.223    461.445       0.008       1.000               15.254               0.000               0.000          -12.630             3356.338              0.59211 
   290.550         119.205    461.765       0.008       1.000               15.285               0.000               0.000          -12.666             3371.623              0.59211 
   291.550         119.187    462.085       0.008       1.000               15.315               0.000               0.000          -12.701             3386.938              0.59211 
   292.550         119.169    462.404       0.008       1.000               15.346               0.000               0.000          -12.736             3402.284              0.59211 
   293.550         119.151    462.722       0.008       1.000               15.376               0.000               0.000          -12.771             3417.660              0.59211 
   294.550         119.133    463.039       0.008       1.000               15.407               0.000               0.000          -12.806             3433.067              0.59211 
   295.550         119.115    463.356       0.008       1.000               15.438               0.000               0.000          -12.842             3448.505              0.59211 
   296.550         119.097    463.672       0.008       1.000               15.468               0.000               0.000          -12.877             3463.973              0.59211 
   297.550         119.079    463.987       0.008       1.000               15.499               0.000               0.000          -12.912             3479.472              0.59211 
   298.550         119.061    464.302       0.008       1.000               15.530               0.000               0.000          -12.947             3495.003              0.59211 
   299.550         119.043    464.616       0.008       1.000               15.561               0.000               0.000          -12.982             3510.564              0.59211 
   300.550         119.025    464.929       0.008       1.000               15.592               0.000               0.000          -13.017             3526.155              0.59211 
   301.550         119.007    465.241       0.008       1.000               15.623               0.000               0.000          -13.052             3541.778              0.59211 
   302.550         118.990    465.553       0.008       1.000               15.654               0.000               0.000          -13.088             3557.432              0.59211 
   303.550         118.972    465.864       0.008       1.000               15.685               0.000               0.000          -13.123             3573.117              0.59211 
   304.550         118.954    466.174       0.008       1.000               15.716               0.000               0.000          -13.158             3588.833              0.59211 
   305.550         118.936    466.484       0.008       1.000               15.747               0.000               0.000          -13.193             3604.581              0.59211 
   306.550         118.918    466.793       0.008       1.000               15.779               0.000               0.000          -13.228             3620.359              0.59211 
   307.550         118.901    467.102       0.008       1.000               15.810               0.000               0.000          -13.263             3636.169              0.59211 
   308.550         118.883    467.410       0.008       1.000               15.841               0.000               0.000          -13.298             3652.011              0.59211 
   309.550         118.865    467.717       0.008       1.000               15.873               0.000               0.000          -13.333             3667.883              0.59211 
   310.550         118.847    468.024       0.008       1.000               15.904               0.000               0.000          -13.368             3683.787              0.59211 
   311.550         118.830    468.330       0.008       1.000               15.936               0.000               0.000          -13.403             3699.723              0.59211 
   312.550         118.812    468.635       0.008       1.000               15.967               0.000               0.000          -13.438             3715.690              0.59211 
   313.550         118.795    468.940       0.008       1.000               15.999               0.000               0.000          -13.474             3731.689              0.59211 
   314.550         118.777    469.244       0.008       1.000               16.030               0.000               0.000          -13.509             3747.719              0.59211 
   315.550         118.759    469.548       0.008       1.000               16.062               0.000               0.000          -13.544             3763.782              0.59211 
   316.550         118.742    469.851       0.008       1.000               16.094               0.000               0.000          -13.579             3779.876              0.59211 
   317.550         118.724    470.153       0.008       1.000               16.126               0.000               0.000          -13.614             3796.001              0.59211 
   318.550         118.707    470.455       0.008       1.000               16.158               0.000               0.000          -13.649             3812.159              0.59211 
   319.550         118.689    470.757       0.008       1.000               16.189               0.000               0.000          -13.684             3828.348              0.59211 
   320.550         118.671    471.057       0.008       1.000               16.221               0.000               0.000          -13.719             3844.570              0.59211 
   321.550         118.654    471.358       0.008       1.000               16.253               0.000               0.000          -13.754             3860.823              0.59211 
   322.550         118.637    471.658       0.008       1.000               16.286               0.000               0.000          -13.789             3877.109              0.59211 
   323.550         118.619    471.957       0.008       1.000               16.318               0.000               0.000          -13.825             3893.426              0.59211 
   324.550         118.602    472.256       0.008       1.000               16.350               0.000               0.000          -13.860             3909.776              0.59211 
   325.550         118.584    472.554       0.008       1.000               16.382               0.000               0.000          -13.895             3926.158              0.59211 
   326.550         118.567    472.851       0.008       1.000               16.414               0.000               0.000          -13.930             3942.572              0.59211 
   327.550         118.549    473.149       0.008       1.000               16.447               0.000               0.000          -13.965             3959.019              0.59211 
   328.550         118.532    473.445       0.008       1.000               16.479               0.000               0.000          -14.000             3975.498              0.59211 
   329.550         118.515    473.741       0.008       1.000               16.511               0.000               0.000          -14.035             3992.009              0.59211 
   330.550         118.497    474.037       0.008       1.000               16.544               0.000               0.000          -14.070             4008.553              0.59211 
   331.550         118.480    474.332       0.008       1.000               16.576               0.000               0.000          -14.106             4025.129              0.59211 
   332.550         118.463    474.626       0.008       1.000               16.609               0.000               0.000          -14.141             4041.738              0.59211 
   333.550         118.445    474.919       0.008       1.000               16.641               0.000               0.000          -14.176             4058.379              0.59211 
   334.550         118.428    475.212       0.008       1.000               16.674               0.000               0.000          -14.211             4075.053              0.59211 
   335.550         118.411    475.505       0.008       1.000               16.707               0.000               0.000          -14.246             4091.760              0.59211 
   336.550         118.393    475.797       0.008       1.000               16.739               0.000               0.000          -14.281             4108.499              0.59211 
   337.550         118.376    476.088       0.008       1.000               16.772               0.000               0.000          -14.316             4125.272              0.59211 
   338.550         118.359    476.379       0.008       1.000               16.805               0.000               0.000          -14.351             4142.077              0.59211 
   339.550         118.342    476.670       0.008       1.000               16.838               0.000               0.000          -14.387             4158.915              0.59211 
   340.550         118.325    476.959       0.008       1.000               16.871               0.000               0.000          -14.422             4175.786              0.59211 
   341.550         118.308    477.249       0.008       1.000               16.904               0.000               0.000          -14.457             4192.690              0.59211 
   342.550         118.290    477.537       0.008       1.000               16.937               0.000               0.000          -14.492             4209.627              0.59211 
   343.550         118.273    477.826       0.008       1.000               16.970               0.000               0.000          -14.527             4226.597              0.59211 
   344.550         118.256    478.113       0.008       1.000               17.003               0.000               0.000          -14.562             4243.601              0.59211 
   345.550         118.239    478.401       0.008       1.000               17.037               0.000               0.000          -14.597             4260.637              0.59211 
   346.550         118.222    478.687       0.008       1.000               17.070               0.000               0.000          -14.632             4277.707              0.59211 
   347.550         118.205    478.974       0.008       1.000               17.103               0.000               0.000          -14.667             4294.810              0.59211 
   348.550         118.188    479.259       0.008       1.000               17.136               0.000               0.000          -14.702             4311.946              0.59211 
   349.550         118.171    479.545       0.008       1.000               17.170               0.000               0.000          -14.738             4329.116              0.59211 
   350.550         118.154    479.830       0.008       1.000               17.203               0.000               0.000          -14.773             4346.320              0.59211 
   351.550         118.137    480.114       0.008       1.000               17.237               0.000               0.000          -14.808             4363.556              0.59211 
   352.550         118.120    480.398       0.008       1.000               17.270               0.000               0.000          -14.843             4380.827              0.59211 
   353.550         118.103    480.682       0.008       1.000               17.304               0.000               0.000          -14.878             4398.131              0.59211 
   354.550         118.086    480.965       0.008       1.000               17.337               0.000               0.000          -14.913             4415.468              0.59211 
   355.550         118.069    481.247       0.008       1.000               17.371               0.000               0.000          -14.948             4432.839              0.59211 
   356.550         118.052    481.530       0.008       1.000               17.405               0.000               0.000          -14.984             4450.244              0.59211 
   357.550         118.035    481.811       0.008       1.000               17.439               0.000               0.000          -15.019             4467.683              0.59211 
   358.550         118.019    482.093       0.008       1.000               17.473               0.000               0.000          -15.054             4485.155              0.59211 
   359.550         118.002    482.374       0.008       1.000               17.506               0.000               0.000          -15.089             4502.662              0.59211 
   360.550         117.985    482.655       0.008       1.000               17.540               0.000               0.000          -15.124             4520.202              0.59211 
   361.550         117.968    482.935       0.008       1.000               17.574               0.000               0.000          -15.160             4537.777              0.59211 
   362.550         117.951    483.215       0.008       1.000               17.608               0.000               0.000          -15.195             4555.385              0.59211 
   363.550         117.935    483.494       0.008       1.000               17.642               0.000               0.000          -15.230             4573.027              0.59211 
   364.550         117.918    483.773       0.008       1.000               17.677               0.000               0.000          -15.265             4590.704              0.59211 
   365.550         117.901    484.052       0.008       1.000               17.711               0.000               0.000          -15.301             4608.415              0.59211 
   366.550         117.884    484.330       0.008       1.000               17.745               0.000               0.000          -15.336             4626.159              0.59211 
   367.550         117.868    484.608       0.008       1.000               17.779               0.000               0.000          -15.371             4643.939              0.59211 
   368.550         117.851    484.886       0.008       1.000               17.814               0.000               0.000          -15.407             4661.752              0.59211 
   369.550         117.834    485.163       0.008       1.000               17.848               0.000               0.000          -15.442             4679.600              0.59211 
   370.550         117.818    485.440       0.008       1.000               17.882               0.000               0.000          -15.477             4697.482              0.59211 
   371.550         117.801    485.716       0.008       1.000               17.917               0.000               0.000          -15.513             4715.399              0.59211 
   372.550         117.785    485.992       0.008       1.000               17.951               0.000               0.000          -15.548             4733.350              0.59211 
   373.550         117.768    486.268       0.008       1.000               17.986               0.000               0.000          -15.583             4751.336              0.59211 
   374.550         117.751    486.544       0.008       1.000               18.020               0.000               0.000          -15.619             4769.356              0.59211 
   375.550         117.735    486.819       0.008       1.000               18.055               0.000               0.000          -15.654             4787.411              0.59211 
   376.550         117.718    487.094       0.008       1.000               18.090               0.000               0.000          -15.690             4805.501              0.59211 
   377.550         117.702    487.368       0.008       1.000               18.124               0.000               0.000          -15.725             4823.625              0.59211 
   378.550         117.685    487.643       0.008       1.000               18.159               0.000               0.000          -15.761             4841.785              0.59211 
   379.550         117.669    487.917       0.008       1.000               18.194               0.000               0.000          -15.796             4859.979              0.59211 
   380.550         117.652    488.190       0.008       1.000               18.229               0.000               0.000          -15.832             4878.208              0.59211 
   381.550         117.636    488.464       0.008       1.000               18.264               0.000               0.000          -15.867             4896.472              0.59211 
   382.550         117.620    488.737       0.008       1.000               18.299               0.000               0.000          -15.903             4914.770              0.59211 
   383.550         117.603    489.009       0.008       1.000               18.334               0.000               0.000          -15.938             4933.104              0.59211 
   384.550         117.587    489.282       0.008       1.000               18.369               0.000               0.000          -15.974             4951.473              0.59211 
   385.550         117.570    489.554       0.008       1.000               18.404               0.000               0.000          -16.010             4969.877              0.59211 
   386.550         117.554    489.826       0.008       1.000               18.439               0.000               0.000          -16.045             4988.316              0.59211 
   387.550         117.538    490.097       0.008       1.000               18.474               0.000               0.000          -16.081             5006.791              0.59211 
   388.550         117.521    490.368       0.008       1.000               18.510               0.000               0.000          -16.117             5025.300              0.59211 
   389.550         117.505    490.639       0.008       1.000               18.545               0.000               0.000          -16.152             5043.845              0.59211 
   390.550         117.489    490.910       0.008       1.000               18.580               0.000               0.000          -16.188             5062.425              0.59211 
   391.550         117.473    491.181       0.008       1.000               18.616               0.000               0.000          -16.224             5081.041              0.59211 
   392.550         117.456    491.451       0.008       1.000               18.651               0.000               0.000          -16.260             5099.692              0.59211 
   393.550         117.440    491.721       0.008       1.000               18.687               0.000               0.000          -16.295             5118.379              0.59211 
   394.550         117.424    491.990       0.008       1.000               18.722               0.000               0.000          -16.331             5137.101              0.59211 
   395.550         117.408    492.260       0.008       1.000               18.758               0.000               0.000          -16.367             5155.859              0.59211 
   396.550         117.392    492.529       0.008       1.000               18.793               0.000               0.000          -16.403             5174.652              0.59211 
   397.550         117.376    492.798       0.008       1.000               18.829               0.000               0.000          -16.439             5193.481              0.59211 
   398.550         117.359    493.066       0.008       1.000               18.865               0.000               0.000          -16.475             5212.346              0.59211 
   399.550         117.343    493.335       0.008       1.000               18.901               0.000               0.000          -16.511             5231.246              0.59211 
   400.550         117.327    493.603       0.008       1.000               18.936               0.000               0.000          -16.547             5250.183              0.59211 
   401.550         117.311    493.871       0.008       1.000               18.972               0.000               0.000          -16.583             5269.155              0.59211 
   402.550         117.295    494.139       0.008       1.000               19.008               0.000               0.000          -16.619             5288.163              0.59211 
   403.550         117.279    494.407       0.008       1.000               19.044               0.000               0.000          -16.655             5307.207              0.59211 
   404.550         117.263    494.675       0.008       1.000               19.080               0.000               0.000          -16.691             5326.287              0.59211 
   405.550         117.247    494.942       0.008       1.000               19.116               0.000               0.000          -16.727             5345.403              0.59211 
   406.550         117.231    495.210       0.008       1.000               19.152               0.000               0.000          -16.763             5364.555              0.59211 
   407.550         117.215    495.477       0.008       1.000               19.188               0.000               0.000          -16.800             5383.743              0.59211 
   408.550         117.199    495.744       0.008       1.000               19.224               0.000               0.000          -16.836             5402.967              0.59211 
   409.550         117.183    496.011       0.008       1.000               19.261               0.000               0.000          -16.872             5422.228              0.59211 
   410.550         117.167    496.278       0.008       1.000               19.297               0.000               0.000          -16.909             5441.525              0.59211 
   411.550         117.151    496.545       0.008       1.000               19.333               0.000               0.000          -16.945             5460.858              0.59211 
   412.550         117.136    496.811       0.008       1.000               19.370               0.000               0.000          -16.982             5480.227              0.59211 
   413.550         117.120    497.078       0.008       1.000               19.406               0.000               0.000          -17.018             5499.633              0.59211 
   414.550         117.104    497.344       0.008       1.000               19.442               0.000               0.000          -17.055             5519.076              0.59211 
   415.550         117.088    497.610       0.008       1.000               19.479               0.000               0.000          -17.091             5538.554              0.59211 
   416.550         117.072    497.876       0.008       1.000               19.515               0.000               0.000          -17.128             5558.070              0.59211 
   417.550         117.057    498.142       0.008       1.000               19.552               0.000               0.000          -17.164             5577.622              0.59211 
   418.550         117.041    498.408       0.008       1.000               19.589               0.000               0.000          -17.201             5597.210              0.59211 
   419.550         117.025    498.674       0.008       1.000               19.625               0.000               0.000          -17.238             5616.836              0.59211 
   420.550         117.009    498.939       0.008       1.000               19.662               0.000               0.000          -17.275             5636.498              0.59211 
   421.550         116.994    499.205       0.008       1.000               19.699               0.000               0.000          -17.312             5656.196              0.59211 
   422.550         116.978    499.470       0.008       1.000               19.736               0.000               0.000          -17.348             5675.932              0.59211 
   423.550         116.962    499.735       0.008       1.000               19.772               0.000               0.000          -17.385             5695.704              0.59211 
   424.550         116.947    500.000       0.008       1.000               19.809               0.000               0.000          -17.422             5715.513              0.59211 
   425.550         116.931    500.265       0.008       1.000               19.846               0.000               0.000          -17.459             5735.360              0.59211 
   426.550         116.915    500.530       0.008       1.000               19.883               0.000               0.000          -17.496             5755.243              0.59211 
   427.550         116.900    500.794       0.008       1.000               19.920               0.000               0.000          -17.533             5775.163              0.59211 
   428.550         116.884    501.059       0.008       1.000               19.957               0.000               0.000          -17.570             5795.120              0.59211 
   429.550         116.869    501.323       0.008       1.000               19.994               0.000               0.000          -17.608             5815.115              0.59211 
   430.550         116.853    501.587       0.008       1.000               20.032               0.000               0.000          -17.645             5835.146              0.59211 
   431.550         116.838    501.851       0.008       1.000               20.069               0.000               0.000          -17.682             5855.215              0.59211 
   432.550         116.822    502.115       0.008       1.000               20.106               0.000               0.000          -17.719             5875.321              0.59211 
   433.550         116.807    502.379       0.008       1.000               20.143               0.000               0.000          -17.757             5895.464              0.59211 
   434.550         116.791    502.643       0.008       1.000               20.181               0.000               0.000          -17.794             5915.645              0.59211 
   435.550         116.776    502.907       0.008       1.000               20.218               0.000               0.000          -17.831             5935.863              0.59211 
   436.550         116.760    503.170       0.008       1.000               20.255               0.000               0.000          -17.869             5956.118              0.59211 
   437.550         116.745    503.433       0.008       1.000               20.293               0.000               0.000          -17.906             5976.411              0.59211 
   438.550         116.730    503.697       0.008       1.000               20.330               0.000               0.000          -17.944             5996.741              0.59211 
   439.550         116.714    503.960       0.008       1.000               20.368               0.000               0.000          -17.981             6017.109              0.59211 
   440.550         116.699    504.223       0.008       1.000               20.405               0.000               0.000          -18.019             6037.515              0.59211 
   441.550         116.683    504.486       0.008       1.000               20.443               0.000               0.000          -18.057             6057.958              0.59211 
   442.550         116.668    504.748       0.008       1.000               20.481               0.000               0.000          -18.094             6078.439              0.59211 
   443.550         116.653    505.011       0.008       1.000               20.519               0.000               0.000          -18.132             6098.957              0.59211 
   444.550         116.638    505.274       0.008       1.000               20.556               0.000               0.000          -18.170             6119.514              0.59211 
   445.550         116.622    505.536       0.008       1.000               20.594               0.000               0.000          -18.207             6140.108              0.59211 
   446.550         116.607    505.798       0.008       1.000               20.632               0.000               0.000          -18.245             6160.740              0.59211 
   447.550         116.592    506.060       0.008       1.000               20.670               0.000               0.000          -18.283             6181.410              0.59211 
   448.550         116.577    506.322       0.008       1.000               20.708               0.000               0.000          -18.321             6202.118              0.59211 
   449.550         116.561    506.584       0.008       1.000               20.746               0.000               0.000          -18.359             6222.864              0.59211 
   450.550         116.546    506.846       0.008       1.000               20.784               0.000               0.000          -18.397             6243.648              0.59211 
   451.550         116.531    507.108       0.008       1.000               20.822               0.000               0.000          -18.435             6264.470              0.59211 
   452.550         116.516    507.369       0.008       1.000               20.860               0.000               0.000          -18.473             6285.330              0.59211 
   453.550         116.501    507.631       0.008       1.000               20.898               0.000               0.000          -18.511             6306.228              0.59211 
   454.550         116.486    507.892       0.008       1.000               20.936               0.000               0.000          -18.550             6327.165              0.59211 
   455.550         116.471    508.153       0.008       1.000               20.975               0.000               0.000          -18.588             6348.139              0.59211 
   456.550         116.456    508.415       0.008       1.000               21.013               0.000               0.000          -18.626             6369.153              0.59211 
   457.550         116.441    508.676       0.008       1.000               21.051               0.000               0.000          -18.664             6390.204              0.59211 
   458.550         116.425    508.936       0.008       1.000               21.090               0.000               0.000          -18.703             6411.294              0.59211 
   459.550         116.410    509.197       0.008       1.000               21.128               0.000               0.000          -18.741             6432.422              0.59211 
   460.550         116.395    509.458       0.008       1.000               21.167               0.000               0.000          -18.780             6453.589              0.59211 
   461.550         116.380    509.718       0.008       1.000               21.205               0.000               0.000          -18.818             6474.794              0.59211 
   462.550         116.366    509.979       0.008       1.000               21.244               0.000               0.000          -18.857             6496.038              0.59211 
   463.550         116.351    510.239       0.008       1.000               21.282               0.000               0.000          -18.895             6517.320              0.59211 
   464.550         116.336    510.499       0.008       1.000               21.321               0.000               0.000          -18.934             6538.641              0.59211 
   465.550         116.321    510.759       0.008       1.000               21.360               0.000               0.000          -18.973             6560.001              0.59211 
   466.550         116.306    511.019       0.008       1.000               21.398               0.000               0.000          -19.011             6581.399              0.59211 
   467.550         116.291    511.279       0.008       1.000               21.437               0.000               0.000          -19.050             6602.836              0.59211 
   468.550         116.276    511.539       0.008       1.000               21.476               0.000               0.000          -19.089             6624.312              0.59211 
   469.550         116.261    511.799       0.008       1.000               21.515               0.000               0.000          -19.128             6645.827              0.59211 
   470.550         116.246    512.058       0.008       1.000               21.554               0.000               0.000          -19.166             6667.381              0.59211 
   471.550         116.232    512.318       0.008       1.000               21.593               0.000               0.000          -19.205             6688.974              0.59211 
   472.550         116.217    512.577       0.008       1.000               21.632               0.000               0.000          -19.244             6710.606              0.59211 
   473.550         116.202    512.836       0.008       1.000               21.671               0.000               0.000          -19.283             6732.276              0.59211 
   474.550         116.187    513.095       0.008       1.000               21.710               0.000               0.000          -19.322             6753.986              0.59211 
   475.550         116.173    513.354       0.008       1.000               21.749               0.000               0.000          -19.361             6775.735              0.59211 
   476.550         116.158    513.613       0.008       1.000               21.788               0.000               0.000          -19.400             6797.523              0.59211 
   477.550         116.143    513.873       0.008       1.000               21.827               0.000               0.000          -19.440             6819.351              0.59211 
   478.550         116.129    514.132       0.008       1.000               21.867               0.000               0.000          -19.479             6841.217              0.59211 
   479.550         116.114    514.391       0.008       1.000               21.906               0.000               0.000          -19.518             6863.123              0.59211 
   480.550         116.099    514.650       0.008       1.000               21.945               0.000               0.000          -19.558             6885.068              0.59211 
   481.550         116.085    514.910       0.008       1.000               21.985               0.000               0.000          -19.597             6907.053              0.59211 
   482.550         116.070    515.169       0.008       1.000               22.024               0.000               0.000          -19.637             6929.077              0.59211 
   483.550         116.055    515.429       0.008       1.000               22.064               0.000               0.000          -19.676             6951.140              0.59211 
   484.550         116.041    515.688       0.008       1.000               22.103               0.000               0.000          -19.716             6973.243              0.59211 
   485.550         116.026    515.948       0.008       1.000               22.143               0.000               0.000          -19.756             6995.386              0.59211 
   486.550         116.012    516.208       0.008       1.000               22.182               0.000               0.000          -19.796             7017.568              0.59211 
   487.550         115.997    516.467       0.008       1.000               22.222               0.000               0.000          -19.835             7039.790              0.59211 
   488.550         115.983    516.727       0.008       1.000               22.261               0.000               0.000          -19.875             7062.051              0.59211 
   489.550         115.968    516.987       0.008       1.000               22.301               0.000               0.000          -19.915             7084.352              0.59211 
   490.550         115.954    517.247       0.008       1.000               22.341               0.000               0.000          -19.955             7106.693              0.59211 
   491.550         115.939    517.507       0.008       1.000               22.381               0.000               0.000          -19.996             7129.074              0.59211 
   492.550         115.925    517.766       0.008       1.000               22.421               0.000               0.000          -20.036             7151.495              0.59211 
   493.550         115.910    518.026       0.008       1.000               22.460               0.000               0.000          -20.076             7173.955              0.59211 
   494.550         115.896    518.286       0.008       1.000               22.500               0.000               0.000          -20.116             7196.455              0.59211 
   495.550         115.882    518.546       0.008       1.000               22.540               0.000               0.000          -20.157             7218.996              0.59211 
   496.550         115.867    518.806       0.008       1.000               22.580               0.000               0.000          -20.197             7241.576              0.59211 
   497.550         115.853    519.066       0.008       1.000               22.621               0.000               0.000          -20.238             7264.197              0.59211 
   498.550         115.839    519.326       0.008       1.000               22.661               0.000               0.000          -20.278             7286.858              0.59211 
   499.550         115.824    519.586       0.008       1.000               22.701               0.000               0.000          -20.319             7309.558              0.59211 
   500.550         115.810    519.846       0.008       1.000               22.741               0.000               0.000          -20.360             7332.299              0.59211 
   501.550         115.796    520.106       0.008       1.000               22.781               0.000               0.000          -20.401             7355.080              0.59211 
   502.550         115.781    520.366       0.008       1.000               22.821               0.000               0.000          -20.441             7377.902              0.59211 
   503.550         115.767    520.626       0.008       1.000               22.862               0.000               0.000          -20.482             7400.764              0.59211 
   504.550         115.753    520.886       0.008       1.000               22.902               0.000               0.000          -20.523             7423.666              0.59211 
   505.550         115.739    521.146       0.008       1.000               22.943               0.000               0.000          -20.564             7446.609              0.59211 
   506.550         115.724    521.406       0.008       1.000               22.983               0.000               0.000          -20.605             7469.592              0.59211 
   507.550         115.710    521.666       0.008       1.000               23.024               0.000               0.000          -20.647             7492.615              0.59211 
   508.550         115.696    521.926       0.008       1.000               23.064               0.000               0.000          -20.688             7515.679              0.59211 
   509.550         115.682    522.186       0.008       1.000               23.105               0.000               0.000          -20.729             7538.784              0.59211 
   510.550         115.668    522.446       0.008       1.000               23.145               0.000               0.000          -20.770             7561.929              0.59211 
   511.550         115.654    522.706       0.008       1.000               23.186               0.000               0.000          -20.812             7585.116              0.59211 
   512.550         115.639    522.966       0.008       1.000               23.227               0.000               0.000          -20.853             7608.342              0.59211 
   513.550         115.625    523.226       0.008       1.000               23.268               0.000               0.000          -20.895             7631.610              0.59211 
   514.550         115.611    523.486       0.008       1.000               23.308               0.000               0.000          -20.936             7654.918              0.59211 
   515.550         115.597    523.746       0.008       1.000               23.349               0.000               0.000          -20.978             7678.267              0.59211 
   516.550         115.583    524.006       0.008       1.000               23.390               0.000               0.000          -21.020             7701.657              0.59211 
   517.550         115.569    524.266       0.008       1.000               23.431               0.000               0.000          -21.062             7725.088              0.59211 
   518.550         115.555    524.526       0.008       1.000               23.472               0.000               0.000          -21.103             7748.561              0.59211 
   519.550         115.541    524.786       0.008       1.000               23.513               0.000               0.000          -21.145             7772.074              0.59211 
   520.550         115.527    525.046       0.008       1.000               23.554               0.000               0.000          -21.187             7795.628              0.59211 
   521.550         115.513    525.305       0.008       1.000               23.595               0.000               0.000          -21.229             7819.223              0.59211 
   522.550         115.499    525.565       0.008       1.000               23.636               0.000               0.000          -21.271             7842.859              0.59211 
   523.550         115.485    525.825       0.008       1.000               23.678               0.000               0.000          -21.313             7866.537              0.59211 
   524.550         115.471    526.085       0.008       1.000               23.719               0.000               0.000          -21.355             7890.256              0.59211 
   525.550         115.457    526.344       0.008       1.000               23.760               0.000               0.000          -21.398             7914.016              0.59211 
   526.550         115.443    526.604       0.008       1.000               23.802               0.000               0.000          -21.440             7937.818              0.59211 
   527.550         115.430    526.864       0.008       1.000               23.843               0.000               0.000          -21.482             7961.661              0.59211 
   528.550         115.416    527.123       0.008       1.000               23.884               0.000               0.000          -21.525             7985.545              0.59211 
   529.550         115.402    527.383       0.008       1.000               23.926               0.000               0.000          -21.567             8009.471              0.59211 
   530.550         115.388    527.642       0.008       1.000               23.967               0.000               0.000          -21.610             8033.438              0.59211 
   531.550         115.374    527.902       0.008       1.000               24.009               0.000               0.000          -21.652             8057.447              0.59211 
   532.550         115.360    528.161       0.008       1.000               24.051               0.000               0.000          -21.695             8081.498              0.59211 
   533.550         115.347    528.420       0.008       1.000               24.092               0.000               0.000          -21.737             8105.590              0.59211 
   534.550         115.333    528.680       0.008       1.000               24.134               0.000               0.000          -21.780             8129.724              0.59211 
   535.550         115.319    528.939       0.008       1.000               24.176               0.000               0.000          -21.823             8153.900              0.59211 
   536.550         115.305    529.198       0.008       1.000               24.217               0.000               0.000          -21.866             8178.117              0.59211 
   537.550         115.292    529.457       0.008       1.000               24.259               0.000               0.000          -21.909             8202.376              0.59211 
   538.550         115.278    529.716       0.008       1.000               24.301               0.000               0.000          -21.952             8226.677              0.59211 
   539.550         115.264    529.976       0.008       1.000               24.343               0.000               0.000          -21.995             8251.021              0.59211 
   540.550         115.251    530.235       0.008       1.000               24.385               0.000               0.000          -22.038             8275.406              0.59211 
   541.550         115.237    530.494       0.008       1.000               24.427               0.000               0.000          -22.081             8299.833              0.59211 
   542.550         115.223    530.752       0.008       1.000               24.469               0.000               0.000          -22.124             8324.302              0.59211 
   543.550         115.210    531.011       0.008       1.000               24.511               0.000               0.000          -22.167             8348.814              0.59211 
   544.550         115.196    531.270       0.008       1.000               24.553               0.000               0.000          -22.211             8373.367              0.59211 
   545.550         115.182    531.529       0.008       1.000               24.596               0.000               0.000          -22.254             8397.963              0.59211 
   546.550         115.169    531.788       0.008       1.000               24.638               0.000               0.000          -22.297             8422.601              0.59211 
   547.550         115.155    532.046       0.008       1.000               24.680               0.000               0.000          -22.341             8447.281              0.59211 
   548.550         115.142    532.305       0.008       1.000               24.723               0.000               0.000          -22.384             8472.004              0.59211 
   549.550         115.128    532.563       0.008       1.000               24.765               0.000               0.000          -22.428             8496.769              0.59211 
   550.550         115.114    532.822       0.008       1.000               24.807               0.000               0.000          -22.471             8521.576              0.59211 
   551.550         115.101    533.080       0.008       1.000               24.850               0.000               0.000          -22.515             8546.426              0.59211 
   552.550         115.087    533.339       0.008       1.000               24.893               0.000               0.000          -22.559             8571.319              0.59211 
   553.550         115.074    533.597       0.008       1.000               24.935               0.000               0.000          -22.602             8596.254              0.59211 
   554.550         115.060    533.855       0.008       1.000               24.978               0.000               0.000          -22.646             8621.232              0.59211 
   555.550         115.047    534.113       0.008       1.000               25.021               0.000               0.000          -22.690             8646.252              0.59211 
   556.550         115.034    534.372       0.008       1.000               25.063               0.000               0.000          -22.734             8671.316              0.59211 
   557.550         115.020    534.630       0.008       1.000               25.106               0.000               0.000          -22.778             8696.422              0.59211 
   558.550         115.007    534.888       0.008       1.000               25.149               0.000               0.000          -22.822             8721.570              0.59211 
   559.550         114.993    535.146       0.008       1.000               25.192               0.000               0.000          -22.866             8746.762              0.59211 
   560.550         114.980    535.404       0.008       1.000               25.235               0.000               0.000          -22.910             8771.997              0.59211 
   561.550         114.966    535.663       0.008       1.000               25.278               0.000               0.000          -22.955             8797.274              0.59211 
   562.550         114.953    535.921       0.008       1.000               25.321               0.000               0.000          -22.999             8822.595              0.59211 
   563.550         114.940    536.179       0.008       1.000               25.364               0.000               0.000          -23.043             8847.959              0.59211 
   564.550         114.926    536.437       0.008       1.000               25.407               0.000               0.000          -23.088             8873.366              0.59211 
   565.550         114.913    536.695       0.008       1.000               25.450               0.000               0.000          -23.132             8898.816              0.59211 
   566.550         114.900    536.953       0.008       1.000               25.493               0.000               0.000          -23.177             8924.309              0.59211 
   567.550         114.886    537.210       0.008       1.000               25.537               0.000               0.000          -23.221             8949.845              0.59211 
   568.550         114.873    537.468       0.008       1.000               25.580               0.000               0.000          -23.266             8975.425              0.59211 
   569.550         114.860    537.726       0.008       1.000               25.623               0.000               0.000          -23.311             9001.049              0.59211 
   570.550         114.846    537.984       0.008       1.000               25.667               0.000               0.000          -23.355             9026.715              0.59211 
   571.550         114.833    538.242       0.008       1.000               25.710               0.000               0.000          -23.400             9052.426              0.59211 
   572.550         114.820    538.499       0.008       1.000               25.754               0.000               0.000          -23.445             9078.179              0.59211 
   573.550         114.807    538.757       0.008       1.000               25.797               0.000               0.000          -23.490             9103.977              0.59211 
   574.550         114.793    539.015       0.008       1.000               25.841               0.000               0.000          -23.535             9129.817              0.59211 
   575.550         114.780    539.272       0.008       1.000               25.885               0.000               0.000          -23.580             9155.702              0.59211 
   576.550         114.767    539.530       0.008       1.000               25.928               0.000               0.000          -23.625             9181.630              0.59211 
   577.550         114.754    539.787       0.008       1.000               25.972               0.000               0.000          -23.670             9207.603              0.59211 
   578.550         114.741    540.045       0.008       1.000               26.016               0.000               0.000          -23.716             9233.619              0.59211 
   579.550         114.728    540.302       0.008       1.000               26.060               0.000               0.000          -23.761             9259.679              0.59211 
   580.550         114.714    540.559       0.008       1.000               26.104               0.000               0.000          -23.806             9285.782              0.59211 
   581.550         114.701    540.817       0.008       1.000               26.148               0.000               0.000          -23.852             9311.930              0.59211 
   582.550         114.688    541.074       0.008       1.000               26.192               0.000               0.000          -23.897             9338.122              0.59211 
   583.550         114.675    541.331       0.008       1.000               26.236               0.000               0.000          -23.943             9364.358              0.59211 
   584.550         114.662    541.588       0.008       1.000               26.280               0.000               0.000          -23.988             9390.638              0.59211 
   585.550         114.649    541.845       0.008       1.000               26.324               0.000               0.000          -24.034             9416.963              0.59211 
   586.550         114.636    542.102       0.008       1.000               26.369               0.000               0.000          -24.079             9443.331              0.59211 
   587.550         114.623    542.359       0.008       1.000               26.413               0.000               0.000          -24.125             9469.744              0.59211 
   588.550         114.610    542.616       0.008       1.000               26.457               0.000               0.000          -24.171             9496.202              0.59211 
   589.550         114.596    542.873       0.008       1.000               26.502               0.000               0.000          -24.217             9522.703              0.59211 
   590.550         114.583    543.130       0.008       1.000               26.546               0.000               0.000          -24.263             9549.250              0.59211 
   591.550         114.570    543.387       0.008       1.000               26.591               0.000               0.000          -24.309             9575.840              0.59211 
   592.550         114.557    543.644       0.008       1.000               26.635               0.000               0.000          -24.355             9602.476              0.59211 
   593.550         114.544    543.900       0.008       1.000               26.680               0.000               0.000          -24.401             9629.156              0.59211 
   594.550         114.531    544.157       0.008       1.000               26.725               0.000               0.000          -24.447             9655.881              0.59211 
   595.550         114.518    544.414       0.008       1.000               26.770               0.000               0.000          -24.493             9682.650              0.59211 
   596.550         114.505    544.670       0.008       1.000               26.814               0.000               0.000          -24.539             9709.465              0.59211 
   597.550         114.492    544.927       0.008       1.000               26.859               0.000               0.000          -24.585             9736.324              0.59211 
   598.550         114.480    545.183       0.008       1.000               26.904               0.000               0.000          -24.632             9763.228              0.59211 
   599.550         114.467    545.440       0.008       1.000               26.949               0.000               0.000          -24.678             9790.177              0.59211 
   600.550         114.454    545.696       0.008       1.000               26.994               0.000               0.000          -24.725             9817.172              0.59211 
   601.550         114.441    545.952       0.008       1.000               27.039               0.000               0.000          -24.771             9844.211              0.59211 
   602.550         114.428    546.209       0.008       1.000               27.085               0.000               0.000          -24.818             9871.296              0.59211 
   603.550         114.415    546.465       0.008       1.000               27.130               0.000               0.000          -24.864             9898.425              0.59211 
   604.550         114.402    546.721       0.008       1.000               27.175               0.000               0.000          -24.911             9925.600              0.59211 
   605.550         114.389    546.977       0.008       1.000               27.220               0.000               0.000          -24.958             9952.821              0.59211 
   606.550         114.376    547.233       0.008       1.000               27.266               0.000               0.000          -25.005             9980.087              0.59211 
   607.550         114.363    547.489       0.008       1.000               27.311               0.000               0.000          -25.051            10007.398              0.59211 
   608.550         114.351    547.745       0.008       1.000               27.357               0.000               0.000          -25.098            10034.755              0.59211 
   609.550         114.338    548.001       0.008       1.000               27.402               0.000               0.000          -25.145            10062.157              0.59211 
   610.550         114.325    548.257       0.008       1.000               27.448               0.000               0.000          -25.192            10089.605              0.59211 
   611.550         114.312    548.513       0.008       1.000               27.494               0.000               0.000          -25.239            10117.099              0.59211 
   612.550         114.299    548.768       0.008       1.000               27.539               0.000               0.000          -25.287            10144.639              0.59211 
   613.550         114.286    549.024       0.008       1.000               27.585               0.000               0.000          -25.334            10172.224              0.59211 
   614.550         114.274    549.280       0.008       1.000               27.631               0.000               0.000          -25.381            10199.855              0.59211 
   615.550         114.261    549.535       0.008       1.000               27.677               0.000               0.000          -25.428            10227.533              0.59211 
   616.550         114.248    549.791       0.008       1.000               27.723               0.000               0.000          -25.476            10255.256              0.59211 
   617.550         114.235    550.046       0.008       1.000               27.769               0.000               0.000          -25.523            10283.025              0.59211 
   618.550         114.223    550.302       0.008       1.000               27.816               0.000               0.000          -25.571            10310.841              0.59211 
   619.550         114.210    550.557       0.008       1.000               27.862               0.000               0.000          -25.618            10338.703              0.59211 
   620.550         114.197    550.813       0.008       1.000               27.908               0.000               0.000          -25.666            10366.610              0.59211 
   621.550         114.184    551.068       0.008       1.000               27.954               0.000               0.000          -25.713            10394.565              0.59211 
   622.550         114.172    551.324       0.008       1.000               28.001               0.000               0.000          -25.761            10422.566              0.59211 
   623.550         114.159    551.579       0.008       1.000               28.047               0.000               0.000          -25.809            10450.613              0.59211 
   624.550         114.146    551.834       0.008       1.000               28.094               0.000               0.000          -25.857            10478.707              0.59211 
   625.550         114.133    552.089       0.008       1.000               28.140               0.000               0.000          -25.905            10506.847              0.59211 
   626.550         114.121    552.345       0.008       1.000               28.187               0.000               0.000          -25.953            10535.034              0.59211 
   627.550         114.108    552.600       0.008       1.000               28.234               0.000               0.000          -26.001            10563.268              0.59211 
   628.550         114.095    552.855       0.008       1.000               28.281               0.000               0.000          -26.049            10591.549              0.59211 
   629.550         114.083    553.110       0.008       1.000               28.327               0.000               0.000          -26.097            10619.876              0.59211 
   630.550         114.070    553.365       0.008       1.000               28.375               0.000               0.000          -26.145            10648.251              0.59211 
   631.550         114.057    553.620       0.008       1.000               28.422               0.000               0.000          -26.193            10676.672              0.59211 
   632.550         114.045    553.874       0.008       1.000               28.469               0.000               0.000          -26.242            10705.141              0.59211 
   633.550         114.032    554.129       0.008       1.000               28.516               0.000               0.000          -26.290            10733.657              0.59211 
   634.550         114.019    554.384       0.008       1.000               28.563               0.000               0.000          -26.338            10762.220              0.59211 
   635.550         114.007    554.638       0.008       1.000               28.610               0.000               0.000          -26.387            10790.830              0.59211 
   636.550         113.994    554.892       0.008       1.000               28.658               0.000               0.000          -26.435            10819.487              0.59211 
   637.550         113.982    555.147       0.008       1.000               28.705               0.000               0.000          -26.484            10848.192              0.59211 
   638.550         113.969    555.401       0.008       1.000               28.753               0.000               0.000          -26.532            10876.945              0.59211 
   639.550         113.956    555.655       0.008       1.000               28.800               0.000               0.000          -26.581            10905.745              0.59211 
   640.550         113.944    555.909       0.008       1.000               28.848               0.000               0.000          -26.630            10934.593              0.59211 
   641.550         113.931    556.163       0.008       1.000               28.896               0.000               0.000          -26.678            10963.489              0.59211 
   642.550         113.919    556.416       0.008       1.000               28.943               0.000               0.000          -26.727            10992.432              0.59211 
   643.550         113.906    556.670       0.008       1.000               28.991               0.000               0.000          -26.776            11021.423              0.59211 
   644.550         113.893    556.924       0.008       1.000               29.039               0.000               0.000          -26.825            11050.463              0.59211 
   645.550         113.881    557.177       0.008       1.000               29.087               0.000               0.000          -26.874            11079.550              0.59211 
   646.550         113.868    557.431       0.008       1.000               29.135               0.000               0.000          -26.923            11108.685              0.59211 
   647.550         113.856    557.684       0.008       1.000               29.184               0.000               0.000          -26.972            11137.869              0.59211 
   648.550         113.843    557.937       0.008       1.000               29.232               0.000               0.000          -27.021            11167.101              0.59211 
   649.550         113.831    558.190       0.008       1.000               29.280               0.000               0.000          -27.070            11196.381              0.59211 
   650.550         113.818    558.444       0.008       1.000               29.329               0.000               0.000          -27.119            11225.710              0.59211 
   651.550         113.806    558.697       0.008       1.000               29.377               0.000               0.000          -27.168            11255.087              0.59211 
   652.550         113.793    558.950       0.008       1.000               29.426               0.000               0.000          -27.218            11284.512              0.59211 
   653.550         113.781    559.203       0.008       1.000               29.474               0.000               0.000          -27.267            11313.986              0.59211 
   654.550         113.768    559.456       0.008       1.000               29.523               0.000               0.000          -27.316            11343.510              0.59211 
   655.550         113.756    559.709       0.008       1.000               29.572               0.000               0.000          -27.366            11373.082              0.59211 
   656.550         113.743    559.961       0.008       1.000               29.621               0.000               0.000          -27.415            11402.702              0.59211 
   657.550         113.731    560.214       0.008       1.000               29.670               0.000               0.000          -27.465            11432.372              0.59211 
   658.550         113.718    560.467       0.008       1.000               29.719               0.000               0.000          -27.514            11462.091              0.59211 
   659.550         113.706    560.720       0.008       1.000               29.768               0.000               0.000          -27.564            11491.859              0.59211 
   660.550         113.693    560.972       0.008       1.000               29.817               0.000               0.000          -27.614            11521.676              0.59211 
   661.550         113.681    561.225       0.008       1.000               29.867               0.000               0.000          -27.664            11551.543              0.59211 
   662.550         113.668    561.477       0.008       1.000               29.916               0.000               0.000          -27.714            11581.459              0.59211 
   663.550         113.656    561.730       0.008       1.000               29.965               0.000               0.000          -27.763            11611.424              0.59211 
   664.550         113.643    561.983       0.008       1.000               30.015               0.000               0.000          -27.813            11641.439              0.59211 
   665.550         113.631    562.235       0.008       1.000               30.065               0.000               0.000          -27.863            11671.504              0.59211 
   666.550         113.618    562.488       0.008       1.000               30.114               0.000               0.000          -27.914            11701.618              0.59211 
   667.550         113.606    562.740       0.008       1.000               30.164               0.000               0.000          -27.964            11731.782              0.59211 
   668.550         113.593    562.993       0.008       1.000               30.214               0.000               0.000          -28.014            11761.996              0.59211 
   669.550         113.581    563.245       0.008       1.000               30.264               0.000               0.000          -28.064            11792.261              0.59211 
   670.550         113.569    563.497       0.008       1.000               30.314               0.000               0.000          -28.115            11822.575              0.59211 
   671.550         113.556    563.750       0.008       1.000               30.365               0.000               0.000          -28.165            11852.939              0.59211 
   672.550         113.544    564.002       0.008       1.000               30.415               0.000               0.000          -28.216            11883.354              0.59211 
   673.550         113.531    564.255       0.008       1.000               30.465               0.000               0.000          -28.266            11913.819              0.59211 
   674.550         113.519    564.507       0.008       1.000               30.516               0.000               0.000          -28.317            11944.335              0.59211 
   675.550         113.506    564.760       0.008       1.000               30.566               0.000               0.000          -28.368            11974.901              0.59211 
   676.550         113.494    565.012       0.008       1.000               30.617               0.000               0.000          -28.418            12005.518              0.59211 
   677.550         113.481    565.264       0.008       1.000               30.668               0.000               0.000          -28.469            12036.185              0.59211 
   678.550         113.469    565.517       0.008       1.000               30.718               0.000               0.000          -28.520            12066.904              0.59211 
   679.550         113.457    565.769       0.008       1.000               30.769               0.000               0.000          -28.571            12097.673              0.59211 
   680.550         113.444    566.022       0.008       1.000               30.820               0.000               0.000          -28.622            12128.494              0.59211 
   681.550         113.432    566.274       0.008       1.000               30.872               0.000               0.000          -28.673            12159.365              0.59211 
   682.550         113.419    566.527       0.008       1.000               30.923               0.000               0.000          -28.724            12190.288              0.59211 
   683.550         113.407    566.780       0.008       1.000               30.974               0.000               0.000          -28.776            12221.262              0.59211 
   684.550         113.395    567.032       0.008       1.000               31.025               0.000               0.000          -28.827            12252.287              0.59211 
   685.550         113.382    567.285       0.008       1.000               31.077               0.000               0.000          -28.879            12283.364              0.59211 
   686.550         113.370    567.537       0.008       1.000               31.129               0.000               0.000          -28.930            12314.493              0.59211 
   687.550         113.357    567.790       0.008       1.000               31.180               0.000               0.000          -28.982            12345.674              0.59211 
   688.550         113.345    568.043       0.008       1.000               31.232               0.000               0.000          -29.033            12376.906              0.59211 
   689.550         113.332    568.296       0.008       1.000               31.284               0.000               0.000          -29.085            12408.190              0.59211 
   690.550         113.320    568.549       0.008       1.000               31.336               0.000               0.000          -29.137            12439.526              0.59211 
   691.550         113.308    568.801       0.008       1.000               31.388               0.000               0.000          -29.189            12470.915              0.59211 
   692.550         113.295    569.054       0.008       1.000               31.440               0.000               0.000          -29.241            12502.355              0.59211 
   693.550         113.283    569.307       0.008       1.000               31.493               0.000               0.000          -29.293            12533.848              0.59211 
   694.550         113.270    569.561       0.008       1.000               31.545               0.000               0.000          -29.345            12565.393              0.59211 
   695.550         113.258    569.814       0.008       1.000               31.598               0.000               0.000          -29.397            12596.992              0.59211 
   696.550         113.246    570.067       0.008       1.000               31.651               0.000               0.000          -29.449            12628.642              0.59211 
   697.550         113.233    570.320       0.008       1.000               31.704               0.000               0.000          -29.502            12660.346              0.59211 
   698.550         113.221    570.573       0.008       1.000               31.756               0.000               0.000          -29.554            12692.102              0.59211 
   699.550         113.208    570.827       0.008       1.000               31.809               0.000               0.000          -29.607            12723.912              0.59211 
   700.550         113.196    571.080       0.008       1.000               31.862               0.000               0.000          -29.659            12755.774              0.59211 
   701.550         113.184    571.334       0.008       1.000               31.916               0.000               0.000          -29.712            12787.690              0.59211 
   702.550         113.171    571.588       0.008       1.000               31.969               0.000               0.000          -29.765            12819.659              0.59211 
   703.550         113.159    571.841       0.008       1.000               32.023               0.000               0.000          -29.818            12851.682              0.59211 
   704.550         113.146    572.095       0.008       1.000               32.076               0.000               0.000          -29.871            12883.758              0.59211 
   705.550         113.134    572.349       0.008       1.000               32.130               0.000               0.000          -29.924            12915.888              0.59211 
   706.550         113.121    572.603       0.008       1.000               32.184               0.000               0.000          -29.977            12948.072              0.59211 
   707.550         113.109    572.857       0.008       1.000               32.238               0.000               0.000          -30.030            12980.309              0.59211 
   708.550         113.097    573.112       0.008       1.000               32.292               0.000               0.000          -30.084            13012.601              0.59211 
   709.550         113.084    573.366       0.008       1.000               32.346               0.000               0.000          -30.137            13044.946              0.59211 
   710.550         113.072    573.620       0.008       1.000               32.400               0.000               0.000          -30.191            13077.347              0.59211 
   711.550         113.059    573.874       0.008       1.000               32.455               0.000               0.000          -30.244            13109.801              0.59211 
   712.550         113.047    574.129       0.008       1.000               32.509               0.000               0.000          -30.298            13142.310              0.59211 
   713.550         113.035    574.383       0.008       1.000               32.564               0.000               0.000          -30.352            13174.874              0.59211 
   714.550         113.022    574.637       0.008       1.000               32.619               0.000               0.000          -30.405            13207.493              0.59211 
   715.550         113.010    574.891       0.008       1.000               32.673               0.000               0.000          -30.459            13240.166              0.59211 
   716.550         112.997    575.145       0.008       1.000               32.728               0.000               0.000          -30.513            13272.895              0.59211 
   717.550         112.985    575.400       0.008       1.000               32.784               0.000               0.000          -30.567            13305.678              0.59211 
   718.550         112.972    575.654       0.008       1.000               32.839               0.000               0.000          -30.621            13338.517              0.59211 
   719.550         112.960    575.908       0.008       1.000               32.895               0.000               0.000          -30.675            13371.412              0.59211 
   720.550         112.947    576.163       0.008       1.000               32.950               0.000               0.000          -30.730            13404.362              0.59211 
   721.550         112.935    576.417       0.008       1.000               33.006               0.000               0.000          -30.784            13437.368              0.59211 
   722.550         112.923    576.671       0.008       1.000               33.062               0.000               0.000          -30.838            13470.429              0.59211 
   723.550         112.910    576.926       0.008       1.000               33.117               0.000               0.000          -30.893            13503.547              0.59211 
   724.550         112.898    577.180       0.008       1.000               33.173               0.000               0.000          -30.947            13536.720              0.59211 
   725.550         112.885    577.435       0.008       1.000               33.230               0.000               0.000          -31.002            13569.950              0.59211 
   726.550         112.873    577.690       0.008       1.000               33.286               0.000               0.000          -31.057            13603.236              0.59211 
   727.550         112.860    577.945       0.008       1.000               33.343               0.000               0.000          -31.112            13636.579              0.59211 
   728.550         112.848    578.199       0.008       1.000               33.399               0.000               0.000          -31.167            13669.978              0.59211 
   729.550         112.835    578.454       0.008       1.000               33.456               0.000               0.000          -31.222            13703.434              0.59211 
   730.550         112.823    578.709       0.008       1.000               33.513               0.000               0.000          -31.277            13736.947              0.59211 
   731.550         112.810    578.965       0.008       1.000               33.570               0.000               0.000          -31.332            13770.517              0.59211 
   732.550         112.798    579.220       0.008       1.000               33.627               0.000               0.000          -31.387            13804.144              0.59211 
   733.550         112.785    579.475       0.008       1.000               33.685               0.000               0.000          -31.443            13837.829              0.59211 
   734.550         112.773    579.731       0.008       1.000               33.742               0.000               0.000          -31.498            13871.571              0.59211 
   735.550         112.760    579.986       0.008       1.000               33.800               0.000               0.000          -31.554            13905.371              0.59211 
   736.550         112.748    580.242       0.008       1.000               33.858               0.000               0.000          -31.609            13939.229              0.59211 
   737.550         112.735    580.498       0.008       1.000               33.916               0.000               0.000          -31.665            13973.144              0.59211 
   738.550         112.723    580.754       0.008       1.000               33.974               0.000               0.000          -31.721            14007.118              0.59211 
   739.550         112.710    581.010       0.008       1.000               34.032               0.000               0.000          -31.777            14041.150              0.59211 
   740.550         112.698    581.266       0.008       1.000               34.090               0.000               0.000          -31.833            14075.240              0.59211 
   741.550         112.685    581.522       0.008       1.000               34.149               0.000               0.000          -31.889            14109.389              0.59211 
   742.550         112.672    581.779       0.008       1.000               34.208               0.000               0.000          -31.946            14143.597              0.59211 
   743.550         112.660    582.036       0.008       1.000               34.267               0.000               0.000          -32.002            14177.863              0.59211 
   744.550         112.647    582.293       0.008       1.000               34.326               0.000               0.000          -32.058            14212.189              0.59211 
   745.550         112.635    582.550       0.008       1.000               34.385               0.000               0.000          -32.115            14246.573              0.59211 
   746.550         112.622    582.807       0.008       1.000               34.444               0.000               0.000          -32.172            14281.017              0.59211 
   747.550         112.609    583.065       0.008       1.000               34.503               0.000               0.000          -32.229            14315.521              0.59211 
   748.550         112.597    583.322       0.008       1.000               34.563               0.000               0.000          -32.286            14350.084              0.59211 
   749.550         112.584    583.580       0.008       1.000               34.623               0.000               0.000          -32.343            14384.707              0.59211 
   750.550         112.572    583.838       0.008       1.000               34.683               0.000               0.000          -32.400            14419.390              0.59211 
   751.550         112.559    584.096       0.008       1.000               34.743               0.000               0.000          -32.457            14454.133              0.59211 
   752.550         112.546    584.355       0.008       1.000               34.804               0.000               0.000          -32.515            14488.937              0.59211 
   753.550         112.534    584.613       0.008       1.000               34.864               0.000               0.000          -32.572            14523.801              0.59211 
   754.550         112.521    584.872       0.008       1.000               34.925               0.000               0.000          -32.630            14558.726              0.59211 
   755.550         112.508    585.131       0.008       1.000               34.986               0.000               0.000          -32.688            14593.711              0.59211 
   756.550         112.496    585.391       0.008       1.000               35.046               0.000               0.000          -32.746            14628.758              0.59211 
   757.550         112.483    585.650       0.008       1.000               35.108               0.000               0.000          -32.804            14663.866              0.59211 
   758.550         112.470    585.910       0.008       1.000               35.169               0.000               0.000          -32.862            14699.035              0.59211 
   759.550         112.458    586.170       0.008       1.000               35.231               0.000               0.000          -32.921            14734.266              0.59211 
   760.550         112.445    586.430       0.008       1.000               35.293               0.000               0.000          -32.979            14769.559              0.59211 
   761.550         112.432    586.691       0.008       1.000               35.355               0.000               0.000          -33.038            14804.913              0.59211 
   762.550         112.420    586.952       0.008       1.000               35.417               0.000               0.000          -33.096            14840.330              0.59211 
   763.550         112.407    587.213       0.008       1.000               35.479               0.000               0.000          -33.155            14875.808              0.59211 
   764.550         112.394    587.474       0.008       1.000               35.541               0.000               0.000          -33.214            14911.349              0.59211 
   765.550         112.381    587.736       0.008       1.000               35.604               0.000               0.000          -33.274            14946.953              0.59211 
   766.550         112.369    587.998       0.008       1.000               35.667               0.000               0.000          -33.333            14982.620              0.59211 
   767.550         112.356    588.260       0.008       1.000               35.730               0.000               0.000          -33.392            15018.350              0.59211 
   768.550         112.343    588.522       0.008       1.000               35.793               0.000               0.000          -33.452            15054.143              0.59211 
   769.550         112.330    588.785       0.008       1.000               35.857               0.000               0.000          -33.512            15090.000              0.59211 
   770.550         112.317    589.048       0.008       1.000               35.920               0.000               0.000          -33.572            15125.920              0.59211 
   771.550         112.305    589.311       0.008       1.000               35.984               0.000               0.000          -33.632            15161.904              0.59211 
   772.550         112.292    589.575       0.008       1.000               36.048               0.000               0.000          -33.692            15197.951              0.59211 
   773.550         112.279    589.839       0.008       1.000               36.112               0.000               0.000          -33.752            15234.064              0.59211 
   774.550         112.266    590.103       0.008       1.000               36.177               0.000               0.000          -33.813            15270.240              0.59211 
   775.550         112.253    590.368       0.008       1.000               36.241               0.000               0.000          -33.873            15306.481              0.59211 
   776.550         112.240    590.633       0.008       1.000               36.306               0.000               0.000          -33.934            15342.787              0.59211 
   777.550         112.227    590.898       0.008       1.000               36.371               0.000               0.000          -33.995            15379.158              0.59211 
   778.550         112.214    591.164       0.008       1.000               36.436               0.000               0.000          -34.056            15415.595              0.59211 
   779.550         112.201    591.430       0.008       1.000               36.501               0.000               0.000          -34.117            15452.096              0.59211 
   780.550         112.189    591.696       0.008       1.000               36.567               0.000               0.000          -34.179            15488.663              0.59211 
   781.550         112.176    591.963       0.008       1.000               36.633               0.000               0.000          -34.240            15525.296              0.59211 
   782.550         112.163    592.230       0.008       1.000               36.699               0.000               0.000          -34.302            15561.996              0.59211 
   783.550         112.150    592.497       0.008       1.000               36.766               0.000               0.000          -34.364            15598.761              0.59211 
   784.550         112.137    592.765       0.008       1.000               36.832               0.000               0.000          -34.426            15635.593              0.59211 
   785.550         112.124    593.033       0.008       1.000               36.899               0.000               0.000          -34.488            15672.492              0.59211 
   786.550         112.111    593.302       0.008       1.000               36.966               0.000               0.000          -34.551            15709.458              0.59211 
   787.550         112.098    593.570       0.008       1.000               37.033               0.000               0.000          -34.614            15746.490              0.59211 
   788.550         112.085    593.840       0.008       1.000               37.100               0.000               0.000          -34.676            15783.591              0.59211 
   789.550         112.071    594.109       0.008       1.000               37.168               0.000               0.000          -34.739            15820.759              0.59211 
   790.550         112.058    594.379       0.008       1.000               37.236               0.000               0.000          -34.802            15857.995              0.59211 
   791.550         112.045    594.650       0.008       1.000               37.304               0.000               0.000          -34.866            15895.298              0.59211 
   792.550         112.032    594.920       0.008       1.000               37.372               0.000               0.000          -34.929            15932.671              0.59211 
   793.550         112.019    595.192       0.008       1.000               37.441               0.000               0.000          -34.993            15970.111              0.59211 
   794.550         112.006    595.463       0.008       1.000               37.509               0.000               0.000          -35.057            16007.621              0.59211 
   795.550         111.993    595.735       0.008       1.000               37.578               0.000               0.000          -35.121            16045.199              0.59211 
   796.550         111.980    596.008       0.008       1.000               37.648               0.000               0.000          -35.185            16082.847              0.59211 
   797.550         111.966    596.281       0.008       1.000               37.717               0.000               0.000          -35.249            16120.564              0.59211 
   798.550         111.953    596.554       0.008       1.000               37.787               0.000               0.000          -35.314            16158.351              0.59211 
   799.550         111.940    596.828       0.008       1.000               37.857               0.000               0.000          -35.379            16196.209              0.59211 
   800.550         111.927    597.102       0.008       1.000               37.927               0.000               0.000          -35.444            16234.136              0.59211 
   801.550         111.914    597.376       0.008       1.000               37.998               0.000               0.000          -35.509            16272.134              0.59211 
   802.550         111.900    597.651       0.008       1.000               38.068               0.000               0.000          -35.574            16310.202              0.59211 
   803.550         111.887    597.927       0.008       1.000               38.139               0.000               0.000          -35.640            16348.342              0.59211 
   804.550         111.874    598.203       0.008       1.000               38.211               0.000               0.000          -35.706            16386.552              0.59211 
   805.550         111.860    598.479       0.008       1.000               38.282               0.000               0.000          -35.772            16424.835              0.59211 
   806.550         111.847    598.756       0.008       1.000               38.354               0.000               0.000          -35.838            16463.189              0.59211 
   807.550         111.834    599.034       0.008       1.000               38.426               0.000               0.000          -35.904            16501.615              0.59211 
   808.550         111.820    599.312       0.008       1.000               38.498               0.000               0.000          -35.971            16540.114              0.59211 
   809.550         111.807    599.590       0.008       1.000               38.571               0.000               0.000          -36.038            16578.685              0.59211 
   810.550         111.794    599.869       0.008       1.000               38.644               0.000               0.000          -36.105            16617.328              0.59211 
   811.550         111.780    600.148       0.008       1.000               38.717               0.000               0.000          -36.172            16656.045              0.59211 
   812.550         111.767    600.428       0.008       1.000               38.790               0.000               0.000          -36.239            16694.836              0.59211 
   813.550         111.753    600.709       0.008       1.000               38.864               0.000               0.000          -36.307            16733.700              0.59211 
   814.550         111.740    600.990       0.008       1.000               38.938               0.000               0.000          -36.375            16772.638              0.59211 
   815.550         111.726    601.271       0.008       1.000               39.012               0.000               0.000          -36.443            16811.650              0.59211 
   816.550         111.713    601.553       0.008       1.000               39.087               0.000               0.000          -36.511            16850.737              0.59211 
   817.550         111.699    601.835       0.008       1.000               39.161               0.000               0.000          -36.580            16889.898              0.59211 
   818.550         111.686    602.118       0.008       1.000               39.237               0.000               0.000          -36.648            16929.135              0.59211 
   819.550         111.672    602.402       0.008       1.000               39.312               0.000               0.000          -36.717            16968.447              0.59211 
   820.550         111.658    602.686       0.008       1.000               39.388               0.000               0.000          -36.787            17007.835              0.59211 
   821.550         111.645    602.971       0.008       1.000               39.464               0.000               0.000          -36.856            17047.298              0.59211 
   822.550         111.631    603.256       0.008       1.000               39.540               0.000               0.000          -36.926            17086.838              0.59211 
   823.550         111.617    603.542       0.008       1.000               39.616               0.000               0.000          -36.996            17126.455              0.59211 
   824.550         111.604    603.828       0.008       1.000               39.693               0.000               0.000          -37.066            17166.148              0.59211 
   825.550         111.590    604.115       0.008       1.000               39.770               0.000               0.000          -37.136            17205.918              0.59211 
   826.550         111.576    604.403       0.008       1.000               39.848               0.000               0.000          -37.207            17245.766              0.59211 
   827.550         111.562    604.691       0.008       1.000               39.926               0.000               0.000          -37.278            17285.692              0.59211 
   828.550         111.549    604.980       0.008       1.000               40.004               0.000               0.000          -37.349            17325.696              0.59211 
   829.550         111.535    605.269       0.008       1.000               40.082               0.000               0.000          -37.420            17365.778              0.59211 
   830.550         111.521    605.559       0.008       1.000               40.161               0.000               0.000          -37.492            17405.939              0.59211 
   831.550         111.507    605.850       0.008       1.000               40.240               0.000               0.000          -37.564            17446.178              0.59211 
   832.550         111.493    606.141       0.008       1.000               40.319               0.000               0.000          -37.636            17486.498              0.59211 
   833.550         111.479    606.433       0.008       1.000               40.399               0.000               0.000          -37.709            17526.897              0.59211 
   834.550         111.466    606.726       0.008       1.000               40.479               0.000               0.000          -37.781            17567.376              0.59211 
   835.550         111.452    607.019       0.008       1.000               40.559               0.000               0.000          -37.854            17607.935              0.59211 
   836.550         111.438    607.313       0.008       1.000               40.640               0.000               0.000          -37.927            17648.575              0.59211 
   837.550         111.424    607.607       0.008       1.000               40.721               0.000               0.000          -38.001            17689.296              0.59211 
   838.550         111.410    607.902       0.008       1.000               40.802               0.000               0.000          -38.075            17730.098              0.59211 
   839.550         111.396    608.198       0.008       1.000               40.884               0.000               0.000          -38.149            17770.982              0.59211 
   840.550         111.382    608.495       0.008       1.000               40.966               0.000               0.000          -38.223            17811.948              0.59211 
   841.550         111.367    608.792       0.008       1.000               41.049               0.000               0.000          -38.298            17852.997              0.59211 
   842.550         111.353    609.090       0.008       1.000               41.131               0.000               0.000          -38.372            17894.128              0.59211 
   843.550         111.339    609.388       0.008       1.000               41.214               0.000               0.000          -38.448            17935.343              0.59211 
   844.550         111.325    609.687       0.008       1.000               41.298               0.000               0.000          -38.523            17976.641              0.59211 
   845.550         111.311    609.987       0.008       1.000               41.382               0.000               0.000          -38.599            18018.022              0.59211 
   846.550         111.297    610.288       0.008       1.000               41.466               0.000               0.000          -38.675            18059.488              0.59211 
   847.550         111.282    610.589       0.008       1.000               41.550               0.000               0.000          -38.751            18101.038              0.59211 
   848.550         111.268    610.891       0.008       1.000               41.635               0.000               0.000          -38.828            18142.673              0.59211 
   849.550         111.254    611.194       0.008       1.000               41.721               0.000               0.000          -38.905            18184.394              0.59211 
   850.550         111.240    611.498       0.008       1.000               41.806               0.000               0.000          -38.982            18226.200              0.59211 
   851.550         111.225    611.802       0.008       1.000               41.892               0.000               0.000          -39.059            18268.093              0.59211 
   852.550         111.211    612.107       0.008       1.000               41.979               0.000               0.000          -39.137            18310.071              0.59211 
   853.550         111.196    612.413       0.008       1.000               42.065               0.000               0.000          -39.215            18352.136              0.59211 
   854.550         111.182    612.720       0.008       1.000               42.153               0.000               0.000          -39.294            18394.289              0.59211 
   855.550         111.167    613.027       0.008       1.000               42.240               0.000               0.000          -39.372            18436.529              0.59211 
   856.550         111.153    613.335       0.008       1.000               42.328               0.000               0.000          -39.451            18478.857              0.59211 
   857.550         111.138    613.644       0.008       1.000               42.417               0.000               0.000          -39.531            18521.274              0.59211 
   858.550         111.124    613.954       0.008       1.000               42.505               0.000               0.000          -39.611            18563.779              0.59211 
   859.550         111.109    614.265       0.008       1.000               42.594               0.000               0.000          -39.691            18606.374              0.59211 
   860.550         111.095    614.576       0.008       1.000               42.684               0.000               0.000          -39.771            18649.058              0.59211 
   861.550         111.080    614.888       0.008       1.000               42.774               0.000               0.000          -39.852            18691.832              0.59211 
   862.550         111.065    615.201       0.008       1.000               42.865               0.000               0.000          -39.933            18734.696              0.59211 
   863.550         111.051    615.515       0.008       1.000               42.955               0.000               0.000          -40.014            18777.651              0.59211 
   864.550         111.036    615.830       0.008       1.000               43.047               0.000               0.000          -40.096            18820.698              0.59211 
   865.550         111.021    616.145       0.008       1.000               43.138               0.000               0.000          -40.178            18863.836              0.59211 
   866.550         111.007    616.462       0.008       1.000               43.230               0.000               0.000          -40.260            18907.066              0.59211 
   867.550         110.992    616.779       0.008       1.000               43.323               0.000               0.000          -40.343            18950.389              0.59211 
   868.550         110.977    617.097       0.008       1.000               43.416               0.000               0.000          -40.426            18993.805              0.59211 
   869.550         110.962    617.416       0.008       1.000               43.509               0.000               0.000          -40.510            19037.314              0.59211 
   870.550         110.947    617.736       0.008       1.000               43.603               0.000               0.000          -40.594            19080.917              0.59211 
   871.550         110.932    618.057       0.008       1.000               43.697               0.000               0.000          -40.678            19124.615              0.59211 
   872.550         110.917    618.379       0.008       1.000               43.792               0.000               0.000          -40.762            19168.407              0.59211 
   873.550         110.902    618.702       0.008       1.000               43.887               0.000               0.000          -40.847            19212.294              0.59211 
   874.550         110.887    619.025       0.008       1.000               43.983               0.000               0.000          -40.933            19256.276              0.59211 
   875.550         110.872    619.350       0.008       1.000               44.079               0.000               0.000          -41.018            19300.356              0.59211 
   876.550         110.857    619.675       0.008       1.000               44.176               0.000               0.000          -41.104            19344.531              0.59211 
   877.550         110.842    620.001       0.008       1.000               44.273               0.000               0.000          -41.191            19388.804              0.59211 
   878.550         110.827    620.329       0.008       1.000               44.370               0.000               0.000          -41.278            19433.174              0.59211 
   879.550         110.811    620.657       0.008       1.000               44.468               0.000               0.000          -41.365            19477.643              0.59211 
   880.550         110.796    620.986       0.008       1.000               44.566               0.000               0.000          -41.453            19522.209              0.59211 
   881.550         110.781    621.316       0.008       1.000               44.666               0.000               0.000          -41.541            19566.875              0.59211 
   882.550         110.766    621.648       0.008       1.000               44.765               0.000               0.000          -41.629            19611.640              0.59211 
   883.550         110.750    621.980       0.008       1.000               44.865               0.000               0.000          -41.718            19656.505              0.59211 
   884.550         110.735    622.313       0.008       1.000               44.966               0.000               0.000          -41.807            19701.471              0.59211 
   885.550         110.720    622.647       0.008       1.000               45.067               0.000               0.000          -41.897            19746.538              0.59211 
   886.550         110.704    622.982       0.008       1.000               45.168               0.000               0.000          -41.987            19791.705              0.59211 
   887.550         110.689    623.319       0.008       1.000               45.270               0.000               0.000          -42.077            19836.975              0.59211 
   888.550         110.673    623.656       0.008       1.000               45.373               0.000               0.000          -42.168            19882.348              0.59211 
   889.550         110.658    623.994       0.008       1.000               45.476               0.000               0.000          -42.259            19927.824              0.59211 
   890.550         110.642    624.333       0.008       1.000               45.579               0.000               0.000          -42.351            19973.403              0.59211 
   891.550         110.626    624.674       0.008       1.000               45.683               0.000               0.000          -42.443            20019.086              0.59211 
   892.550         110.611    625.015       0.008       1.000               45.788               0.000               0.000          -42.536            20064.874              0.59211 
   893.550         110.595    625.358       0.008       1.000               45.893               0.000               0.000          -42.629            20110.767              0.59211 
   894.550         110.579    625.701       0.008       1.000               45.999               0.000               0.000          -42.723            20156.765              0.59211 
   895.550         110.564    626.046       0.008       1.000               46.105               0.000               0.000          -42.817            20202.870              0.59211 
   896.550         110.548    626.392       0.008       1.000               46.212               0.000               0.000          -42.911            20249.082              0.59211 
   897.550         110.532    626.738       0.008       1.000               46.319               0.000               0.000          -43.006            20295.401              0.59211 
   898.550         110.516    627.086       0.008       1.000               46.427               0.000               0.000          -43.101            20341.828              0.59211 
   899.550         110.500    627.436       0.008       1.000               46.535               0.000               0.000          -43.197            20388.364              0.59211 
   900.550         110.484    627.786       0.008       1.000               46.645               0.000               0.000          -43.293            20435.008              0.59211 
   901.550         110.468    628.137       0.008       1.000               46.754               0.000               0.000          -43.390            20481.763              0.59211 
   902.550         110.452    628.490       0.008       1.000               46.865               0.000               0.000          -43.487            20528.627              0.59211 
   903.550         110.436    628.843       0.008       1.000               46.975               0.000               0.000          -43.585            20575.603              0.59211 
   904.550         110.420    629.198       0.008       1.000               47.087               0.000               0.000          -43.683            20622.689              0.59211 
   905.550         110.404    629.554       0.008       1.000               47.199               0.000               0.000          -43.782            20669.888              0.59211 
   906.550         110.387    629.911       0.008       1.000               47.311               0.000               0.000          -43.881            20717.199              0.59211 
   907.550         110.371    630.270       0.008       1.000               47.425               0.000               0.000          -43.981            20764.624              0.59211 
   908.550         110.355    630.629       0.008       1.000               47.538               0.000               0.000          -44.081            20812.162              0.59211 
   909.550         110.339    630.990       0.008       1.000               47.653               0.000               0.000          -44.182            20859.815              0.59211 
   910.550         110.322    631.352       0.008       1.000               47.768               0.000               0.000          -44.283            20907.583              0.59211 
   911.550         110.306    631.715       0.008       1.000               47.883               0.000               0.000          -44.384            20955.466              0.59211 
   912.550         110.289    632.080       0.008       1.000               48.000               0.000               0.000          -44.487            21003.466              0.59211 
   913.550         110.273    632.446       0.008       1.000               48.117               0.000               0.000          -44.589            21051.583              0.59211 
   914.550         110.256    632.813       0.008       1.000               48.235               0.000               0.000          -44.693            21099.818              0.59211 
   915.550         110.240    633.181       0.008       1.000               48.353               0.000               0.000          -44.797            21148.171              0.59211 
   916.550         110.223    633.551       0.008       1.000               48.472               0.000               0.000          -44.901            21196.643              0.59211 
   917.550         110.207    633.921       0.008       1.000               48.591               0.000               0.000          -45.006            21245.234              0.59211 
   918.550         110.190    634.293       0.008       1.000               48.712               0.000               0.000          -45.111            21293.945              0.59211 
   919.550         110.173    634.667       0.008       1.000               48.833               0.000               0.000          -45.217            21342.778              0.59211 
   920.550         110.156    635.042       0.008       1.000               48.954               0.000               0.000          -45.324            21391.733              0.59211 
   921.550         110.139    635.418       0.008       1.000               49.077               0.000               0.000          -45.431            21440.809              0.59211 
   922.550         110.123    635.795       0.008       1.000               49.200               0.000               0.000          -45.539            21490.009              0.59211 
   923.550         110.106    636.174       0.008       1.000               49.323               0.000               0.000          -45.647            21539.332              0.59211 
   924.550         110.089    636.554       0.008       1.000               49.448               0.000               0.000          -45.756            21588.780              0.59211 
   925.550         110.072    636.936       0.008       1.000               49.573               0.000               0.000          -45.865            21638.353              0.59211 
   926.550         110.055    637.319       0.008       1.000               49.699               0.000               0.000          -45.976            21688.052              0.59211 
   927.550         110.038    637.703       0.008       1.000               49.826               0.000               0.000          -46.086            21737.877              0.59211 
   928.550         110.020    638.089       0.008       1.000               49.953               0.000               0.000          -46.197            21787.830              0.59211 
   929.550         110.003    638.476       0.008       1.000               50.081               0.000               0.000          -46.309            21837.911              0.59211 
   930.550         109.986    638.864       0.008       1.000               50.209               0.000               0.000          -46.422            21888.120              0.59211 
   931.550         109.969    639.254       0.008       1.000               50.339               0.000               0.000          -46.535            21938.459              0.59211 
   932.550         109.951    639.646       0.008       1.000               50.470               0.000               0.000          -46.649            21988.929              0.59211 
   933.550         109.934    640.039       0.008       1.000               50.601               0.000               0.000          -46.763            22039.530              0.59211 
   934.550         109.916    640.433       0.008       1.000               50.732               0.000               0.000          -46.878            22090.262              0.59211 
   935.550         109.899    640.829       0.008       1.000               50.865               0.000               0.000          -46.994            22141.127              0.59211 
   936.550         109.881    641.226       0.008       1.000               50.998               0.000               0.000          -47.110            22192.125              0.59211 
   937.550         109.864    641.625       0.008       1.000               51.133               0.000               0.000          -47.227            22243.258              0.59211 
   938.550         109.846    642.025       0.008       1.000               51.268               0.000               0.000          -47.344            22294.526              0.59211 
   939.550         109.829    642.427       0.008       1.000               51.403               0.000               0.000          -47.463            22345.929              0.59211 
   940.550         109.811    642.831       0.008       1.000               51.540               0.000               0.000          -47.582            22397.469              0.59211 
   941.550         109.793    643.235       0.008       1.000               51.677               0.000               0.000          -47.701            22449.145              0.59211 
   942.550         109.775    643.642       0.008       1.000               51.814               0.000               0.000          -47.822            22500.959              0.59211 
   943.550         109.757    644.049       0.008       1.000               51.951               0.000               0.000          -47.942            22552.911              0.59211 
   944.550         109.739    644.459       0.008       1.000               52.090               0.000               0.000          -48.064            22605.001              0.59211 
   945.550         109.721    644.869       0.008       1.000               52.229               0.000               0.000          -48.186            22657.230              0.59211 
   946.550         109.703    645.281       0.008       1.000               52.369               0.000               0.000          -48.309            22709.599              0.59211 
   947.550         109.685    645.695       0.008       1.000               52.509               0.000               0.000          -48.433            22762.108              0.59211 
   948.550         109.667    646.109       0.008       1.000               52.650               0.000               0.000          -48.557            22814.758              0.59211 
   949.550         109.649    646.526       0.008       1.000               52.791               0.000               0.000          -48.682            22867.549              0.59211 
   950.550         109.631    646.943       0.008       1.000               52.933               0.000               0.000          -48.808            22920.481              0.59211 
   951.550         109.612    647.362       0.008       1.000               53.075               0.000               0.000          -48.934            22973.557              0.59211 
   952.550         109.594    647.782       0.008       1.000               53.218               0.000               0.000          -49.061            23026.775              0.59211 
   953.550         109.576    648.204       0.008       1.000               53.362               0.000               0.000          -49.188            23080.137              0.59211 
   954.550         109.557    648.627       0.008       1.000               53.506               0.000               0.000          -49.316            23133.642              0.59211 
   955.550         109.539    649.051       0.008       1.000               53.650               0.000               0.000          -49.445            23187.293              0.59211 
   956.550         109.520    649.476       0.008       1.000               53.796               0.000               0.000          -49.575            23241.089              0.59211 
   957.550         109.501    649.903       0.008       1.000               53.942               0.000               0.000          -49.705            23295.031              0.59211 
   958.550         109.483    650.331       0.008       1.000               54.088               0.000               0.000          -49.836            23349.119              0.59211 
   959.550         109.464    650.761       0.008       1.000               54.235               0.000               0.000          -49.967            23403.354              0.59211 
   960.550         109.445    651.191       0.008       1.000               54.383               0.000               0.000          -50.099            23457.738              0.59211 
   961.550         109.426    651.623       0.008       1.000               54.532               0.000               0.000          -50.232            23512.269              0.59211 
   962.550         109.408    652.056       0.008       1.000               54.681               0.000               0.000          -50.365            23566.950              0.59211 
   963.550         109.389    652.491       0.008       1.000               54.831               0.000               0.000          -50.499            23621.781              0.59211 
   964.550         109.370    652.927       0.008       1.000               54.981               0.000               0.000          -50.634            23676.762              0.59211 
   965.550         109.351    653.363       0.008       1.000               55.132               0.000               0.000          -50.769            23731.893              0.59211 
   966.550         109.331    653.802       0.008       1.000               55.284               0.000               0.000          -50.905            23787.177              0.59211 
   967.550         109.312    654.241       0.008       1.000               55.436               0.000               0.000          -51.042            23842.613              0.59211 
   968.550         109.293    654.682       0.008       1.000               55.589               0.000               0.000          -51.179            23898.202              0.59211 
   969.550         109.274    655.124       0.008       1.000               55.743               0.000               0.000          -51.318            23953.945              0.59211 
   970.550         109.254    655.568       0.008       1.000               55.897               0.000               0.000          -51.456            24009.843              0.59211 
   971.550         109.235    656.012       0.008       1.000               56.052               0.000               0.000          -51.596            24065.895              0.59211 
   972.550         109.215    656.458       0.008       1.000               56.209               0.000               0.000          -51.736            24122.104              0.59211 
   973.550         109.196    656.905       0.008       1.000               56.365               0.000               0.000          -51.877            24178.469              0.59211 
   974.550         109.176    657.354       0.008       1.000               56.523               0.000               0.000          -52.018            24234.992              0.59211 
   975.550         109.157    657.804       0.008       1.000               56.680               0.000               0.000          -52.160            24291.672              0.59211 
   976.550         109.137    658.255       0.008       1.000               56.839               0.000               0.000          -52.303            24348.511              0.59211 
   977.550         109.117    658.707       0.008       1.000               56.999               0.000               0.000          -52.447            24405.511              0.59211 
   978.550         109.097    659.161       0.008       1.000               57.160               0.000               0.000          -52.591            24462.670              0.59211 
   979.550         109.077    659.616       0.008       1.000               57.321               0.000               0.000          -52.736            24519.991              0.59211 
   980.550         109.057    660.072       0.008       1.000               57.482               0.000               0.000          -52.882            24577.473              0.59211 
   981.550         109.037    660.530       0.008       1.000               57.645               0.000               0.000          -53.029            24635.119              0.59211 
   982.550         109.017    660.989       0.008       1.000               57.809               0.000               0.000          -53.176            24692.927              0.59211 
   983.550         108.997    661.449       0.008       1.000               57.973               0.000               0.000          -53.324            24750.901              0.59211 
   984.550         108.977    661.911       0.008       1.000               58.138               0.000               0.000          -53.472            24809.039              0.59211 
   985.550         108.957    662.374       0.008       1.000               58.304               0.000               0.000          -53.622            24867.343              0.59211 
   986.550         108.936    662.838       0.008       1.000               58.471               0.000               0.000          -53.772            24925.814              0.59211 
   987.550         108.916    663.304       0.008       1.000               58.639               0.000               0.000          -53.923            24984.453              0.59211 
   988.550         108.895    663.771       0.008       1.000               58.807               0.000               0.000          -54.075            25043.260              0.59211 
   989.550         108.875    664.239       0.008       1.000               58.977               0.000               0.000          -54.227            25102.237              0.59211 
   990.550         108.854    664.708       0.008       1.000               59.147               0.000               0.000          -54.380            25161.383              0.59211 
   991.550         108.833    665.179       0.008       1.000               59.318               0.000               0.000          -54.534            25220.701              0.59211 
   992.550         108.813    665.652       0.008       1.000               59.490               0.000               0.000          -54.689            25280.191              0.59211 
   993.550         108.792    666.126       0.008       1.000               59.663               0.000               0.000          -54.844            25339.854              0.59211 
   994.550         108.771    666.601       0.008       1.000               59.836               0.000               0.000          -55.001            25399.690              0.59211 
   995.550         108.750    667.077       0.008       1.000               60.011               0.000               0.000          -55.158            25459.702              0.59211 
   996.550         108.729    667.555       0.008       1.000               60.187               0.000               0.000          -55.316            25519.888              0.59211 
   997.550         108.708    668.035       0.008       1.000               60.363               0.000               0.000          -55.475            25580.252              0.59211 
   998.550         108.687    668.516       0.008       1.000               60.541               0.000               0.000          -55.634            25640.793              0.59211 
   999.550         108.666    668.998       0.008       1.000               60.719               0.000               0.000          -55.794            25701.512              0.59211 
  1000.550         108.644    669.482       0.008       1.000               60.899               0.000               0.000          -55.956            25762.411              0.59211 
  1001.550         108.623    669.967       0.008       1.000               61.079               0.000               0.000          -56.118            25823.490              0.59211 
  1002.550         108.602    670.454       0.008       1.000               61.261               0.000               0.000          -56.280            25884.750              0.59211 
  1003.550         108.580    670.942       0.008       1.000               61.443               0.000               0.000          -56.444            25946.193              0.59211 
  1004.550         108.559    671.432       0.008       1.000               61.626               0.000               0.000          -56.609            26007.819              0.59211 
  1005.550         108.537    671.923       0.008       1.000               61.810               0.000               0.000          -56.774            26069.630              0.59211 
  1006.550         108.515    672.415       0.008       1.000               61.996               0.000               0.000          -56.940            26131.626              0.59211 
  1007.550         108.493    672.910       0.008       1.000               62.182               0.000               0.000          -57.108            26193.808              0.59211 
  1008.550         108.472    673.405       0.008       1.000               62.370               0.000               0.000          -57.276            26256.178              0.59211 
  1009.550         108.450    673.903       0.008       1.000               62.558               0.000               0.000          -57.445            26318.736              0.59211 
  1010.550         108.428    674.402       0.008       1.000               62.748               0.000               0.000          -57.615            26381.484              0.59211 
  1011.550         108.406    674.902       0.008       1.000               62.939               0.000               0.000          -57.785            26444.422              0.59211 
  1012.550         108.383    675.405       0.008       1.000               63.130               0.000               0.000          -57.957            26507.553              0.59211 
  1013.550         108.361    675.909       0.008       1.000               63.323               0.000               0.000          -58.130            26570.876              0.59211 
  1014.550         108.339    676.415       0.008       1.000               63.517               0.000               0.000          -58.304            26634.393              0.59211 
  1015.550         108.317    676.922       0.008       1.000               63.712               0.000               0.000          -58.478            26698.105              0.59211 
  1016.550         108.294    677.431       0.008       1.000               63.908               0.000               0.000          -58.654            26762.013              0.59211 
  1017.550         108.272    677.942       0.008       1.000               64.106               0.000               0.000          -58.831            26826.119              0.59211 
  1018.550         108.249    678.455       0.008       1.000               64.304               0.000               0.000          -59.008            26890.423              0.59211 
  1019.550         108.226    678.969       0.008       1.000               64.504               0.000               0.000          -59.187            26954.926              0.59211 
  1020.550         108.204    679.485       0.008       1.000               64.704               0.000               0.000          -59.367            27019.631              0.59211 
  1021.550         108.181    680.003       0.008       1.000               64.906               0.000               0.000          -59.548            27084.537              0.59211 
  1022.550         108.158    680.523       0.008       1.000               65.110               0.000               0.000          -59.729            27149.647              0.59211 
  1023.550         108.135    681.044       0.008       1.000               65.314               0.000               0.000          -59.912            27214.961              0.59211 
  1024.550         108.112    681.568       0.008       1.000               65.520               0.000               0.000          -60.096            27280.480              0.59211 
  1025.550         108.089    682.093       0.008       1.000               65.726               0.000               0.000          -60.281            27346.207              0.59211 
  1026.550         108.066    682.620       0.008       1.000               65.934               0.000               0.000          -60.467            27412.141              0.59211 
  1027.550         108.042    683.149       0.008       1.000               66.144               0.000               0.000          -60.654            27478.285              0.59211 
  1028.550         108.019    683.679       0.008       1.000               66.354               0.000               0.000          -60.842            27544.639              0.59211 
  1029.550         107.996    684.212       0.008       1.000               66.566               0.000               0.000          -61.031            27611.206              0.59211 
  1030.550         107.972    684.746       0.008       1.000               66.779               0.000               0.000          -61.222            27677.985              0.59211 
  1031.550         107.948    685.283       0.008       1.000               66.994               0.000               0.000          -61.413            27744.979              0.59211 
  1032.550         107.925    685.821       0.008       1.000               67.210               0.000               0.000          -61.606            27812.189              0.59211 
  1033.550         107.901    686.361       0.008       1.000               67.427               0.000               0.000          -61.800            27879.616              0.59211 
  1034.550         107.877    686.903       0.008       1.000               67.645               0.000               0.000          -61.995            27947.261              0.59211 
  1035.550         107.853    687.448       0.008       1.000               67.865               0.000               0.000          -62.191            28015.126              0.59211 
  1036.550         107.829    687.994       0.008       1.000               68.086               0.000               0.000          -62.388            28083.212              0.59211 
  1037.550         107.805    688.542       0.008       1.000               68.309               0.000               0.000          -62.587            28151.521              0.59211 
  1038.550         107.781    689.092       0.008       1.000               68.533               0.000               0.000          -62.786            28220.054              0.59211 
  1039.550         107.757    689.644       0.008       1.000               68.758               0.000               0.000          -62.987            28288.812              0.59211 
  1040.550         107.732    690.199       0.008       1.000               68.985               0.000               0.000          -63.189            28357.797              0.59211 
  1041.550         107.708    690.755       0.008       1.000               69.213               0.000               0.000          -63.393            28427.010              0.59211 
  1042.550         107.683    691.313       0.008       1.000               69.443               0.000               0.000          -63.597            28496.453              0.59211 
  1043.550         107.659    691.874       0.008       1.000               69.674               0.000               0.000          -63.803            28566.127              0.59211 
  1044.550         107.634    692.436       0.008       1.000               69.907               0.000               0.000          -64.010            28636.034              0.59211 
  1045.550         107.609    693.001       0.008       1.000               70.141               0.000               0.000          -64.219            28706.174              0.59211 
  1046.550         107.584    693.568       0.008       1.000               70.376               0.000               0.000          -64.429            28776.551              0.59211 
  1047.550         107.559    694.137       0.008       1.000               70.613               0.000               0.000          -64.640            28847.164              0.59211 
  1048.550         107.534    694.709       0.008       1.000               70.852               0.000               0.000          -64.852            28918.016              0.59211 
  1049.550         107.509    695.283       0.008       1.000               71.092               0.000               0.000          -65.066            28989.108              0.59211 
  1050.550         107.484    695.860       0.008       1.000               71.334               0.000               0.000          -65.282            29060.442              0.59211 
  1051.550         107.459    696.439       0.008       1.000               71.577               0.000               0.000          -65.499            29132.019              0.59211 
  1052.550         107.433    697.021       0.008       1.000               71.822               0.000               0.000          -65.717            29203.842              0.59211 
  1053.550         107.408    697.606       0.008       1.000               72.069               0.000               0.000          -65.937            29275.910              0.59211 
  1054.550         107.382    698.193       0.008       1.000               72.317               0.000               0.000          -66.158            29348.227              0.59211 
  1055.550         107.357    698.783       0.008       1.000               72.567               0.000               0.000          -66.381            29420.794              0.59211 
  1056.550         107.331    699.375       0.008       1.000               72.818               0.000               0.000          -66.606            29493.612              0.59211 
  1057.550         107.305    699.970       0.008       1.000               73.071               0.000               0.000          -66.832            29566.683              0.59211 
  1058.550         107.279    700.567       0.008       1.000               73.326               0.000               0.000          -67.060            29640.009              0.59211 
  1059.550         107.253    701.167       0.008       1.000               73.582               0.000               0.000          -67.289            29713.591              0.59211 
  1060.550         107.227    701.770       0.008       1.000               73.840               0.000               0.000          -67.520            29787.431              0.59211 
  1061.550         107.201    702.376       0.008       1.000               74.100               0.000               0.000          -67.752            29861.532              0.59211 
  1062.550         107.174    702.984       0.008       1.000               74.362               0.000               0.000          -67.986            29935.894              0.59211 
  1063.550         107.148    703.594       0.008       1.000               74.625               0.000               0.000          -68.222            30010.519              0.59211 
  1064.550         107.122    704.208       0.008       1.000               74.891               0.000               0.000          -68.459            30085.410              0.59211 
  1065.550         107.095    704.824       0.008       1.000               75.157               0.000               0.000          -68.699            30160.567              0.59211 
  1066.550         107.068    705.443       0.008       1.000               75.426               0.000               0.000          -68.939            30235.993              0.59211 
  1067.550         107.041    706.064       0.008       1.000               75.697               0.000               0.000          -69.182            30311.690              0.59211 
  1068.550         107.015    706.688       0.008       1.000               75.969               0.000               0.000          -69.426            30387.660              0.59211 
  1069.550         106.988    707.315       0.008       1.000               76.244               0.000               0.000          -69.672            30463.903              0.59211 
  1070.550         106.961    707.945       0.008       1.000               76.520               0.000               0.000          -69.919            30540.423              0.59211 
  1071.550         106.933    708.578       0.008       1.000               76.798               0.000               0.000          -70.169            30617.221              0.59211 
  1072.550         106.906    709.213       0.008       1.000               77.078               0.000               0.000          -70.420            30694.298              0.59211 
  1073.550         106.879    709.851       0.008       1.000               77.360               0.000               0.000          -70.673            30771.658              0.59211 
  1074.550         106.851    710.492       0.008       1.000               77.643               0.000               0.000          -70.927            30849.301              0.59211 
  1075.550         106.824    711.136       0.008       1.000               77.929               0.000               0.000          -71.184            30927.231              0.59211 
  1076.550         106.796    711.782       0.008       1.000               78.217               0.000               0.000          -71.442            31005.448              0.59211 
  1077.550         106.768    712.432       0.008       1.000               78.507               0.000               0.000          -71.702            31083.954              0.59211 
  1078.550         106.740    713.084       0.008       1.000               78.799               0.000               0.000          -71.964            31162.753              0.59211 
  1079.550         106.712    713.739       0.008       1.000               79.092               0.000               0.000          -72.228            31241.845              0.59211 
  1080.550         106.684    714.401       0.008       1.000               79.388               0.000               0.000          -72.494            31321.233              0.59211 
  1081.550         106.656    715.067       0.008       1.000               79.686               0.000               0.000          -72.763            31400.919              0.59211 
  1082.550         106.628    715.739       0.008       1.000               79.986               0.000               0.000          -73.035            31480.905              0.59211 
  1083.550         106.599    716.417       0.008       1.000               80.288               0.000               0.000          -73.310            31561.194              0.59211 
  1084.550         106.571    717.100       0.008       1.000               80.592               0.000               0.000          -73.588            31641.786              0.59211 
  1085.550         106.542    717.788       0.008       1.000               80.899               0.000               0.000          -73.869            31722.685              0.59211 
  1086.550         106.514    718.482       0.008       1.000               81.207               0.000               0.000          -74.153            31803.892              0.59211 
  1087.550         106.485    719.181       0.008       1.000               81.518               0.000               0.000          -74.440            31885.410              0.59211 
  1088.550         106.456    719.886       0.008       1.000               81.831               0.000               0.000          -74.730            31967.240              0.59211 
  1089.550         106.427    720.595       0.008       1.000               82.146               0.000               0.000          -75.024            32049.386              0.59211 
  1090.550         106.398    721.311       0.008       1.000               82.463               0.000               0.000          -75.320            32131.849              0.59211 
  1091.550         106.369    722.031       0.008       1.000               82.783               0.000               0.000          -75.619            32214.632              0.59211 
  1092.550         106.339    722.757       0.008       1.000               83.105               0.000               0.000          -75.922            32297.737              0.59211 
  1093.550         106.310    723.489       0.008       1.000               83.429               0.000               0.000          -76.228            32381.165              0.59211 
  1094.550         106.280    724.225       0.008       1.000               83.755               0.000               0.000          -76.537            32464.921              0.59211 
  1095.550         106.251    724.967       0.008       1.000               84.084               0.000               0.000          -76.849            32549.004              0.59211 
  1096.550         106.221    725.714       0.008       1.000               84.415               0.000               0.000          -77.164            32633.420              0.59211 
  1097.550         106.191    726.467       0.008       1.000               84.749               0.000               0.000          -77.483            32718.168              0.59211 
  1098.550         106.161    727.224       0.008       1.000               85.084               0.000               0.000          -77.805            32803.253              0.59211 
  1099.550         106.131    727.987       0.008       1.000               85.423               0.000               0.000          -78.130            32888.675              0.59211 
  1100.550         106.101    728.756       0.008       1.000               85.764               0.000               0.000          -78.458            32974.439              0.59211 
  1101.550         106.070    729.529       0.008       1.000               86.107               0.000               0.000          -78.790            33060.546              0.59211 
  1102.550         106.040    730.308       0.008       1.000               86.453               0.000               0.000          -79.125            33146.998              0.59211 
  1103.550         106.009    731.092       0.008       1.000               86.801               0.000               0.000          -79.464            33233.799              0.59211 
  1104.550         105.979    731.881       0.008       1.000               87.151               0.000               0.000          -79.805            33320.950              0.59211 
  1105.550         105.948    732.675       0.008       1.000               87.505               0.000               0.000          -80.150            33408.455              0.59211 
  1106.550         105.917    733.475       0.008       1.000               87.861               0.000               0.000          -80.499            33496.316              0.59211 
  1107.550         105.886    734.278       0.008       1.000               88.219               0.000               0.000          -80.851            33584.535              0.59211 
  1108.550         105.855    735.082       0.008       1.000               88.580               0.000               0.000          -81.205            33673.115              0.59211 
  1109.550         105.823    735.888       0.008       1.000               88.944               0.000               0.000          -81.562            33762.059              0.59211 
  1110.550         105.792    736.696       0.008       1.000               89.310               0.000               0.000          -81.920            33851.369              0.59211 
  1111.550         105.761    737.506       0.008       1.000               89.679               0.000               0.000          -82.281            33941.048              0.59211 
  1112.550         105.729    738.318       0.008       1.000               90.051               0.000               0.000          -82.643            34031.099              0.59211 
  1113.550         105.697    739.132       0.008       1.000               90.426               0.000               0.000          -83.008            34121.525              0.59211 
  1114.550         105.665    739.948       0.008       1.000               90.803               0.000               0.000          -83.374            34212.328              0.59211 
  1115.550         105.633    740.767       0.008       1.000               91.183               0.000               0.000          -83.743            34303.511              0.59211 
  1116.550         105.601    741.588       0.008       1.000               91.566               0.000               0.000          -84.114            34395.077              0.59211 
  1117.550         105.569    742.411       0.008       1.000               91.952               0.000               0.000          -84.488            34487.029              0.59211 
  1118.550         105.537    743.236       0.008       1.000               92.340               0.000               0.000          -84.864            34579.369              0.59211 
  1119.550         105.504    744.065       0.008       1.000               92.732               0.000               0.000          -85.242            34672.101              0.59211 
  1120.550         105.472    744.895       0.008       1.000               93.126               0.000               0.000          -85.622            34765.228              0.59211 
  1121.550         105.439    745.729       0.008       1.000               93.524               0.000               0.000          -86.005            34858.752              0.59211 
  1122.550         105.406    746.565       0.008       1.000               93.924               0.000               0.000          -86.391            34952.676              0.59211 
  1123.550         105.373    747.404       0.008       1.000               94.327               0.000               0.000          -86.779            35047.003              0.59211 
  1124.550         105.340    748.245       0.008       1.000               94.734               0.000               0.000          -87.170            35141.737              0.59211 
  1125.550         105.307    749.090       0.008       1.000               95.143               0.000               0.000          -87.563            35236.880              0.59211 
  1126.550         105.274    749.937       0.008       1.000               95.556               0.000               0.000          -87.959            35332.436              0.59211 
  1127.550         105.240    750.788       0.008       1.000               95.971               0.000               0.000          -88.358            35428.407              0.59211 
  1128.550         105.207    751.641       0.008       1.000               96.390               0.000               0.000          -88.759            35524.797              0.59211 
  1129.550         105.173    752.498       0.008       1.000               96.812               0.000               0.000          -89.163            35621.609              0.59211 
  1130.550         105.139    753.357       0.008       1.000               97.237               0.000               0.000          -89.570            35718.845              0.59211 
  1131.550         105.105    754.220       0.008       1.000               97.665               0.000               0.000          -89.980            35816.511              0.59211 
  1132.550         105.071    755.084       0.008       1.000               98.097               0.000               0.000          -90.393            35914.607              0.59211 
  1133.550         105.037    755.951       0.008       1.000               98.531               0.000               0.000          -90.808            36013.138              0.59211 
  1134.550         105.002    756.820       0.008       1.000               98.969               0.000               0.000          -91.226            36112.108              0.59211 
  1135.550         104.968    757.691       0.008       1.000               99.411               0.000               0.000          -91.646            36211.518              0.59211 
  1136.550         104.933    758.565       0.008       1.000               99.855               0.000               0.000          -92.069            36311.374              0.59211 
  1137.550         104.898    759.442       0.008       1.000              100.304               0.000               0.000          -92.494            36411.677              0.59211 
  1138.550         104.864    760.321       0.008       1.000              100.755               0.000               0.000          -92.923            36512.433              0.59211 
  1139.550         104.828    761.202       0.008       1.000              101.210               0.000               0.000          -93.354            36613.643              0.59211 
  1140.550         104.793    762.087       0.008       1.000              101.669               0.000               0.000          -93.787            36715.311              0.59211 
  1141.550         104.758    762.974       0.008       1.000              102.131               0.000               0.000          -94.224            36817.442              0.59211 
  1142.550         104.723    763.864       0.008       1.000              102.596               0.000               0.000          -94.664            36920.038              0.59211 
  1143.550         104.687    764.758       0.008       1.000              103.065               0.000               0.000          -95.106            37023.103              0.59211 
  1144.550         104.651    765.654       0.008       1.000              103.538               0.000               0.000          -95.552            37126.641              0.59211 
  1145.550         104.615    766.553       0.008       1.000              104.014               0.000               0.000          -96.001            37230.655              0.59211 
  1146.550         104.579    767.456       0.008       1.000              104.494               0.000               0.000          -96.452            37335.150              0.59211 
  1147.550         104.543    768.361       0.008       1.000              104.978               0.000               0.000          -96.907            37440.128              0.59211 
  1148.550         104.507    769.270       0.008       1.000              105.465               0.000               0.000          -97.366            37545.593              0.59211 
  1149.550         104.471    770.183       0.008       1.000              105.957               0.000               0.000          -97.827            37651.550              0.59211 
  1150.550         104.434    771.098       0.008       1.000              106.452               0.000               0.000          -98.292            37758.002              0.59211 
  1151.550         104.397    772.018       0.008       1.000              106.951               0.000               0.000          -98.760            37864.952              0.59211 
  1152.550         104.360    772.940       0.008       1.000              107.453               0.000               0.000          -99.232            37972.406              0.59211 
  1153.550         104.323    773.866       0.008       1.000              107.960               0.000               0.000          -99.707            38080.366              0.59211 
  1154.550         104.286    774.796       0.008       1.000              108.471               0.000               0.000         -100.186            38188.837              0.59211 
  1155.550         104.249    775.729       0.008       1.000              108.985               0.000               0.000         -100.668            38297.822              0.59211 
  1156.550         104.212    776.665       0.008       1.000              109.504               0.000               0.000         -101.154            38407.326              0.59211 
  1157.550         104.174    777.604       0.008       1.000              110.027               0.000               0.000         -101.643            38517.353              0.59211 
  1158.550         104.136    778.547       0.008       1.000              110.554               0.000               0.000         -102.136            38627.906              0.59211 
  1159.550         104.098    779.494       0.008       1.000              111.084               0.000               0.000         -102.632            38738.991              0.59211 
  1160.550         104.060    780.444       0.008       1.000              111.620               0.000               0.000         -103.132            38850.610              0.59211 
  1161.550         104.022    781.398       0.008       1.000              112.159               0.000               0.000         -103.636            38962.769              0.59211 
  1162.550         103.984    782.355       0.008       1.000              112.703               0.000               0.000         -104.144            39075.472              0.59211 
  1163.550         103.945    783.317       0.008       1.000              113.251               0.000               0.000         -104.655            39188.723              0.59211 
  1164.550         103.907    784.282       0.008       1.000              113.803               0.000               0.000         -105.170            39302.525              0.59211 
  1165.550         103.868    785.251       0.008       1.000              114.359               0.000               0.000         -105.690            39416.885              0.59211 
  1166.550         103.829    786.223       0.008       1.000              114.920               0.000               0.000         -106.213            39531.805              0.59211 
  1167.550         103.790    787.200       0.008       1.000              115.486               0.000               0.000         -106.740            39647.291              0.59211 
  1168.550         103.751    788.181       0.008       1.000              116.056               0.000               0.000         -107.272            39763.347              0.59211 
  1169.550         103.711    789.165       0.008       1.000              116.631               0.000               0.000         -107.807            39879.978              0.59211 
  1170.550         103.672    790.154       0.008       1.000              117.210               0.000               0.000         -108.347            39997.188              0.59211 
  1171.550         103.632    791.147       0.008       1.000              117.794               0.000               0.000         -108.891            40114.981              0.59211 
  1172.550         103.592    792.144       0.008       1.000              118.382               0.000               0.000         -109.439            40233.363              0.59211 
  1173.550         103.552    793.145       0.008       1.000              118.975               0.000               0.000         -109.992            40352.339              0.59211 
  1174.550         103.512    794.150       0.008       1.000              119.573               0.000               0.000         -110.549            40471.912              0.59211 
  1175.550         103.472    795.159       0.008       1.000              120.176               0.000               0.000         -111.110            40592.088              0.59211 
  1176.550         103.431    796.173       0.008       1.000              120.784               0.000               0.000         -111.676            40712.873              0.59211 
  1177.550         103.390    797.191       0.008       1.000              121.397               0.000               0.000         -112.247            40834.269              0.59211 
  1178.550         103.349    798.213       0.008       1.000              122.014               0.000               0.000         -112.822            40956.284              0.59211 
  1179.550         103.308    799.240       0.008       1.000              122.637               0.000               0.000         -113.402            41078.921              0.59211 
  1180.550         103.267    800.271       0.008       1.000              123.265               0.000               0.000         -113.986            41202.186              0.59211 
  1181.550         103.226    801.306       0.008       1.000              123.898               0.000               0.000         -114.576            41326.083              0.59211 
  1182.550         103.184    802.346       0.008       1.000              124.536               0.000               0.000         -115.170            41450.619              0.59211 
  1183.550         103.143    803.390       0.008       1.000              125.179               0.000               0.000         -115.769            41575.798              0.59211 
  1184.550         103.101    804.439       0.008       1.000              125.828               0.000               0.000         -116.373            41701.626              0.59211 
  1185.550         103.059    805.493       0.008       1.000              126.482               0.000               0.000         -116.981            41828.108              0.59211 
  1186.550         103.017    806.551       0.008       1.000              127.141               0.000               0.000         -117.595            41955.249              0.59211 
  1187.550         102.974    807.613       0.008       1.000              127.806               0.000               0.000         -118.214            42083.055              0.59211 
  1188.550         102.932    808.680       0.008       1.000              128.476               0.000               0.000         -118.839            42211.531              0.59211 
  1189.550         102.889    809.752       0.008       1.000              129.152               0.000               0.000         -119.468            42340.683              0.59211 
  1190.550         102.846    810.829       0.008       1.000              129.834               0.000               0.000         -120.103            42470.517              0.59211 
  1191.550         102.803    811.910       0.008       1.000              130.521               0.000               0.000         -120.743            42601.038              0.59211 
  1192.550         102.760    812.997       0.008       1.000              131.214               0.000               0.000         -121.388            42732.252              0.59211 
  1193.550         102.717    814.088       0.008       1.000              131.913               0.000               0.000         -122.039            42864.164              0.59211 
  1194.550         102.673    815.184       0.008       1.000              132.617               0.000               0.000         -122.696            42996.782              0.59211 
  1195.550         102.629    816.284       0.008       1.000              133.328               0.000               0.000         -123.358            43130.110              0.59211 
  1196.550         102.585    817.390       0.008       1.000              134.045               0.000               0.000         -124.025            43264.154              0.59211 
  1197.550         102.541    818.500       0.008       1.000              134.767               0.000               0.000         -124.698            43398.922              0.59211 
  1198.550         102.497    819.616       0.008       1.000              135.496               0.000               0.000         -125.377            43534.418              0.59211 
  1199.550         102.453    820.736       0.008       1.000              136.231               0.000               0.000         -126.062            43670.649              0.59211 
  1200.550         102.408    821.861       0.008       1.000              136.972               0.000               0.000         -126.753            43807.621              0.59211 
  1201.550         102.363    822.992       0.008       1.000              137.720               0.000               0.000         -127.450            43945.342              0.59211 
  1202.550         102.318    824.127       0.008       1.000              138.474               0.000               0.000         -128.152            44083.816              0.59211 
  1203.550         102.273    825.268       0.008       1.000              139.235               0.000               0.000         -128.861            44223.050              0.59211 
  1204.550         102.227    826.414       0.008       1.000              140.002               0.000               0.000         -129.576            44363.052              0.59211 
  1205.550         102.182    827.565       0.008       1.000              140.775               0.000               0.000         -130.297            44503.828              0.59211 
  1206.550         102.136    828.721       0.008       1.000              141.556               0.000               0.000         -131.024            44645.384              0.59211 
  1207.550         102.090    829.882       0.008       1.000              142.343               0.000               0.000         -131.758            44787.727              0.59211 
  1208.550         102.044    831.049       0.008       1.000              143.137               0.000               0.000         -132.498            44930.864              0.59211 
  1209.550         101.998    832.221       0.008       1.000              143.938               0.000               0.000         -133.245            45074.802              0.59211 
  1210.550         101.951    833.399       0.008       1.000              144.746               0.000               0.000         -133.998            45219.548              0.59211 
  1211.550         101.904    834.581       0.008       1.000              145.561               0.000               0.000         -134.758            45365.109              0.59211 
  1212.550         101.858    835.767       0.008       1.000              146.384               0.000               0.000         -135.525            45511.493              0.59211 
  1213.550         101.810    836.956       0.008       1.000              147.213               0.000               0.000         -136.297            45658.706              0.59211 
  1214.550         101.763    838.149       0.008       1.000              148.050               0.000               0.000         -137.074            45806.756              0.59211 
  1215.550         101.716    839.346       0.008       1.000              148.894               0.000               0.000         -137.857            45955.650              0.59211 
  1216.550         101.668    840.548       0.008       1.000              149.746               0.000               0.000         -138.647            46105.396              0.59211 
  1217.550         101.620    841.753       0.008       1.000              150.605               0.000               0.000         -139.442            46256.001              0.59211 
  1218.550         101.572    842.962       0.008       1.000              151.472               0.000               0.000         -140.243            46407.473              0.59211 
  1219.550         101.524    844.177       0.008       1.000              152.347               0.000               0.000         -141.051            46559.821              0.59211 
  1220.550         101.475    845.395       0.008       1.000              153.230               0.000               0.000         -141.866            46713.051              0.59211 
  1221.550         101.426    846.619       0.008       1.000              154.121               0.000               0.000         -142.687            46867.171              0.59211 
  1222.550         101.377    847.847       0.008       1.000              155.019               0.000               0.000         -143.514            47022.191              0.59211 
  1223.550         101.328    849.080       0.008       1.000              155.926               0.000               0.000         -144.349            47178.117              0.59211 
  1224.550         101.279    850.000       0.008       1.000              156.841               0.000               0.000         -145.191            47334.958              0.59211 
  1225.550         101.230    850.000       0.008       1.000              157.775               0.000               0.000         -145.821            47492.733              0.59211 
  1226.550         101.180    850.000       0.008       1.000              158.737               0.000               0.000         -145.821            47651.470              0.59211 
  1227.550         101.130    850.000       0.008       1.000              159.724               0.000               0.000         -145.821            47811.193              0.59211 
  1228.550         101.080    850.000       0.008       1.000              160.736               0.000               0.000         -145.821            47971.929              0.59211 
  1229.550         101.029    850.000       0.008       1.000              161.774               0.000               0.000         -145.821            48133.704              0.59211 
  1230.550         100.979    850.000       0.008       1.000              162.839               0.000               0.000         -145.821            48296.543              0.59211 
  1231.550         100.928    850.000       0.008       1.000              163.931               0.000               0.000         -145.821            48460.474              0.59211 
  1232.550         100.877    850.000       0.008       1.000              165.051               0.000               0.000         -145.821            48625.525              0.59211 
  1233.550         100.826    850.000       0.008       1.000              166.200               0.000               0.000         -145.821            48791.725              0.59211 
  1234.550         100.774    850.000       0.008       1.000              167.378               0.000               0.000         -145.821            48959.103              0.59211 
  1235.550         100.722    850.000       0.008       1.000              168.586               0.000               0.000         -145.821            49127.689              0.59211 
  1236.550         100.671    850.000       0.008       1.000              169.825               0.000               0.000         -145.821            49297.514              0.59211 
  1237.550         100.618    850.000       0.008       1.000              171.095               0.000               0.000         -145.821            49468.609              0.59211 
  1238.550         100.566    850.000       0.008       1.000              172.398               0.000               0.000         -145.821            49641.007              0.59211 
  1239.550         100.513    850.000       0.008       1.000              173.734               0.000               0.000         -145.821            49814.741              0.59211 
  1240.550         100.461    850.000       0.008       1.000              175.104               0.000               0.000         -145.821            49989.845              0.59211 
  1241.550         100.408    850.000       0.007       1.000              176.508               0.000               0.000         -145.821            50166.353              0.59211 
  1242.550         100.354    850.000       0.007       1.000              177.949               0.000               0.000         -145.821            50344.302              0.59211 
  1243.550         100.301    850.000       0.007       1.000              179.425               0.000               0.000         -145.821            50523.727              0.59211 
  1244.550         100.247    850.000       0.007       1.000              180.939               0.000               0.000         -145.821            50704.667              0.59211 
  1245.550         100.193    850.000       0.007       1.000              182.491               0.000               0.000         -145.821            50887.158              0.59211 
  1246.550         100.139    850.000       0.007       1.000              184.083               0.000               0.000         -145.821            51071.241              0.59211 
  1247.550         100.085    850.000       0.007       1.000              185.715               0.000               0.000         -145.821            51256.956              0.59211 
  1248.550         100.030    850.000       0.007       1.000              187.387               0.000               0.000         -145.821            51444.343              0.59211 
  1249.550          99.975    850.000       0.007       1.000              189.102               0.000               0.000         -145.821            51633.445              0.59211 
  1250.550          99.920    850.000       0.007       1.000              190.860               0.000               0.000         -145.821            51824.305              0.59211 
  1251.550          99.865    850.000       0.006       1.000              192.662               0.000               0.000         -145.821            52016.967              0.59211 
  1252.550          99.809    850.000       0.006       1.000              194.509               0.000               0.000         -145.821            52211.476              0.59211 
  1253.550          99.753    850.000       0.006       1.000              196.402               0.000               0.000         -145.821            52407.878              0.59211 
  1254.550          99.697    850.000       0.006       1.000              198.342               0.000               0.000         -145.821            52606.221              0.59211 
  1255.550          99.641    850.000       0.006       1.000              200.332               0.000               0.000         -145.821            52806.552              0.59211 
  1256.550          99.584    850.000       0.006       1.000              202.370               0.000               0.000         -145.821            53008.922              0.59211 
  1257.550          99.527    850.000       0.006       1.000              204.460               0.000               0.000         -145.821            53213.382              0.59211 
  1258.550          99.470    850.000       0.006       1.000              206.601               0.000               0.000         -145.821            53419.983              0.59211 
  1259.550          99.413    850.000       0.005       1.000              208.795               0.000               0.000         -145.821            53628.777              0.59211 
  1260.550          99.355    850.000       0.005       1.000              211.043               0.000               0.000         -145.821            53839.820              0.59211 
  1261.550          99.297    850.000       0.005       1.000              213.347               0.000               0.000         -145.821            54053.167              0.59211 
  1262.550          99.239    850.000       0.005       1.000              215.708               0.000               0.000         -145.821            54268.876              0.59211 
  1263.550          99.181    850.000       0.005       1.000              218.127               0.000               0.000         -145.821            54487.002              0.59211 
  1264.550          99.122    850.000       0.004       1.000              220.605               0.000               0.000         -145.821            54707.608              0.59211 
  1265.550          99.063    850.000       0.004       1.000              223.145               0.000               0.000         -145.821            54930.752              0.59211 
  1266.550          99.004    850.000       0.004       1.000              225.746               0.000               0.000         -145.821            55156.498              0.59211 
  1267.550          98.944    850.000       0.004       1.000              228.411               0.000               0.000         -145.821            55384.909              0.59211 
  1268.550          98.885    850.000       0.004       1.000              231.140               0.000               0.000         -145.821            55616.049              0.59211 
  1269.550          98.825    850.000       0.003       1.000              233.936               0.000               0.000         -145.821            55849.985              0.59211 
  1270.550          98.764    850.000       0.003       1.000              236.800               0.000               0.000         -145.821            56086.786              0.59211 
  1271.550          98.704    850.000       0.003       0.992              239.733               0.000               0.000         -145.821            56326.519              0.59211 
  1272.550          98.643    850.000       0.003       0.908              242.738               0.000               0.000         -145.821            56569.257              0.59211 
  1273.550          98.582    850.000       0.002       0.823              245.814               0.000               0.000         -145.821            56815.070              0.59211 
  1274.550          98.521    850.000       0.002       0.735              248.964               0.000               0.000         -145.821            57064.034              0.59211 
  1275.550          98.459    850.000       0.002       0.645              252.190               0.000               0.000         -145.821            57316.224              0.59211 
  1276.550          98.397    850.000       0.002       0.553              255.492               0.000               0.000         -145.821            57571.717              0.59211 
  1277.550          98.335    850.000       0.001       0.458              258.874               0.000               0.000         -145.821            57830.591              0.59211 
  1278.550          98.272    850.000       0.001       0.362              262.336               0.000               0.000         -145.821            58092.927              0.59211 
  1279.550          98.210    850.000       0.001       0.263              265.880               0.000               0.000         -145.821            58358.807              0.59211 
  1280.550          98.147    850.000       0.001       0.163              269.507               0.000               0.000         -145.821            58628.314              0.59211 
  1281.550          98.083    850.000       0.000       0.060              273.220               0.000               0.000         -145.821            58901.534              0.59211 
  1282.550          98.020    850.000       0.000       0.000              277.020               0.000               0.000         -145.821            59178.554              0.59211 
