#_______________________________________________________________________________
#    ######   ####     ##             #####   #####     ##    #    #    ## 
#    #       #        #  #            #    #  #    #   #  #   ##  ##   #  #
#    #####    ####   ######           #    #  #####   ######  # ## #  ######
#    #            #  #    #           #    #  #    #  #    #  #    #  #    #
#____######__#####___#____#___________#####___#____#__#____#__#____#__#____#____
#
#              ESA Debris Risk Assessment and Mitigation Analysis
#
#                      ---- DRAMA ( SESAM 2.3.0 ) ----
#                                      ESA 2018
#
#                              aerothermal history file
#-------------------------------------------------------------------------------
# Filename      : PySara.Structure.17276616445358212567_a8639e99-0008-45a4-b2da-5ab048880d15_AeroThermalHistory.txt
# RunID         : PySara
# ObjectID      : a8639e99-0008-45a4-b2da-5ab048880d15
# ObjectName    : Structure
# ReferenceArea : 0.01 [m^2]
# Content       : This file contains the aerothermal data of the object,
#                 computed by the DRAMA 3 Re-entry Analysis.
# Documentation : DRAMA Software User Manual, section OPERATIONS MANUAL / Normal operation / SARA / SARA Simulation Output / Re-entry simulation output
# Note          : The convective heat and the integrated heat values in this file take into account the visibility factor
#
#------------------------------------------------------------------------------------------------------------------------------------------------------------------------------------
# Time [s]   Altitude [km]   Temp [K]   Mass [kg]  Thick [mm]  Convective Heat [W]  Radiative Heat [W]  Oxidation Heat [W]  Rad Cooling [W]  Integrated Heat [J] VisibilityFactor [-]
#------------------------------------------------------------------------------------------------------------------------------------------------------------------------------------
     0.000         124.895    300.000       0.211       1.284                0.000               0.000               0.000            0.000                0.000              0.00000 
     0.100         124.893    300.000       0.211       1.284                0.000               0.000               0.000            0.000                0.000              0.00000 
     0.550         124.884    300.000       0.211       1.284                0.000               0.000               0.000            0.000                0.000              0.00000 
     1.550         124.864    300.000       0.211       1.284                0.000               0.000               0.000            0.000                0.000              0.00000 
     2.550         124.844    300.000       0.211       1.284                0.000               0.000               0.000            0.000                0.000              0.00000 
     3.550         124.824    300.000       0.211       1.284                0.000               0.000               0.000            0.000                0.000              0.00000 
     4.550         124.804    300.000       0.211       1.284                0.000               0.000               0.000            0.000                0.000              0.00000 
     5.550         124.783    300.000       0.211       1.284                0.000               0.000               0.000            0.000                0.000              0.00000 
     6.550         124.763    300.000       0.211       1.284                0.000               0.000               0.000            0.000                0.000              0.00000 
     7.550         124.743    300.000       0.211       1.284                0.000               0.000               0.000            0.000                0.000              0.00000 
     8.550         124.723    300.000       0.211       1.284                0.000               0.000               0.000            0.000                0.000              0.00000 
     9.550         124.703    300.000       0.211       1.284                0.000               0.000               0.000            0.000                0.000              0.00000 
    10.550         124.682    300.000       0.211       1.284                0.000               0.000               0.000            0.000                0.000              0.00000 
    11.550         124.662    300.000       0.211       1.284                0.000               0.000               0.000            0.000                0.000              0.00000 
    12.550         124.642    300.000       0.211       1.284                0.000               0.000               0.000            0.000                0.000              0.00000 
    13.550         124.622    300.000       0.211       1.284                0.000               0.000               0.000            0.000                0.000              0.00000 
    14.550         124.601    300.000       0.211       1.284                0.000               0.000               0.000            0.000                0.000              0.00000 
    15.550         124.581    300.000       0.211       1.284                0.000               0.000               0.000            0.000                0.000              0.00000 
    16.550         124.561    300.000       0.211       1.284                0.000               0.000               0.000            0.000                0.000              0.00000 
    17.550         124.541    300.000       0.211       1.284                0.000               0.000               0.000            0.000                0.000              0.00000 
    18.550         124.521    300.000       0.211       1.284                0.000               0.000               0.000            0.000                0.000              0.00000 
    19.550         124.500    300.000       0.211       1.284                0.000               0.000               0.000            0.000                0.000              0.00000 
    20.550         124.480    300.000       0.211       1.284                0.000               0.000               0.000            0.000                0.000              0.00000 
    21.550         124.460    300.000       0.211       1.284                0.000               0.000               0.000            0.000                0.000              0.00000 
    22.550         124.440    300.000       0.211       1.284                0.000               0.000               0.000            0.000                0.000              0.00000 
    23.550         124.419    300.000       0.211       1.284                0.000               0.000               0.000            0.000                0.000              0.00000 
    24.550         124.399    300.000       0.211       1.284                0.000               0.000               0.000            0.000                0.000              0.00000 
    25.550         124.379    300.000       0.211       1.284                0.000               0.000               0.000            0.000                0.000              0.00000 
    26.550         124.359    300.000       0.211       1.284                0.000               0.000               0.000            0.000                0.000              0.00000 
    27.550         124.338    300.000       0.211       1.284                0.000               0.000               0.000            0.000                0.000              0.00000 
    28.550         124.318    300.000       0.211       1.284                0.000               0.000               0.000            0.000                0.000              0.00000 
    29.550         124.298    300.000       0.211       1.284                0.000               0.000               0.000            0.000                0.000              0.00000 
    30.550         124.278    300.000       0.211       1.284                0.000               0.000               0.000            0.000                0.000              0.00000 
    31.550         124.257    300.000       0.211       1.284                0.000               0.000               0.000            0.000                0.000              0.00000 
    32.550         124.237    300.000       0.211       1.284                0.000               0.000               0.000            0.000                0.000              0.00000 
    33.550         124.217    300.000       0.211       1.284                0.000               0.000               0.000            0.000                0.000              0.00000 
    34.550         124.197    300.000       0.211       1.284                0.000               0.000               0.000            0.000                0.000              0.00000 
    35.550         124.176    300.000       0.211       1.284                0.000               0.000               0.000            0.000                0.000              0.00000 
    36.550         124.156    300.000       0.211       1.284                0.000               0.000               0.000            0.000                0.000              0.00000 
    37.550         124.136    300.000       0.211       1.284                0.000               0.000               0.000            0.000                0.000              0.00000 
    38.550         124.116    300.000       0.211       1.284                0.000               0.000               0.000            0.000                0.000              0.00000 
    39.550         124.095    300.000       0.211       1.284                0.000               0.000               0.000            0.000                0.000              0.00000 
    40.550         124.075    300.000       0.211       1.284                0.000               0.000               0.000            0.000                0.000              0.00000 
    41.550         124.055    300.000       0.211       1.284                0.000               0.000               0.000            0.000                0.000              0.00000 
    42.550         124.035    300.000       0.211       1.284                0.000               0.000               0.000            0.000                0.000              0.00000 
    43.550         124.014    300.000       0.211       1.284                0.000               0.000               0.000            0.000                0.000              0.00000 
    44.550         123.994    300.000       0.211       1.284                0.000               0.000               0.000            0.000                0.000              0.00000 
    45.550         123.974    300.000       0.211       1.284                0.000               0.000               0.000            0.000                0.000              0.00000 
    46.550         123.954    300.000       0.211       1.284                0.000               0.000               0.000            0.000                0.000              0.00000 
    47.550         123.933    300.000       0.211       1.284                0.000               0.000               0.000            0.000                0.000              0.00000 
    48.550         123.913    300.000       0.211       1.284                0.000               0.000               0.000            0.000                0.000              0.00000 
    49.550         123.893    300.000       0.211       1.284                0.000               0.000               0.000            0.000                0.000              0.00000 
    50.550         123.873    300.000       0.211       1.284                0.000               0.000               0.000            0.000                0.000              0.00000 
    51.550         123.852    300.000       0.211       1.284                0.000               0.000               0.000            0.000                0.000              0.00000 
    52.550         123.832    300.000       0.211       1.284                0.000               0.000               0.000            0.000                0.000              0.00000 
    53.550         123.812    300.000       0.211       1.284                0.000               0.000               0.000            0.000                0.000              0.00000 
    54.550         123.792    300.000       0.211       1.284                0.000               0.000               0.000            0.000                0.000              0.00000 
    55.550         123.771    300.000       0.211       1.284                0.000               0.000               0.000            0.000                0.000              0.00000 
    56.550         123.751    300.000       0.211       1.284                0.000               0.000               0.000            0.000                0.000              0.00000 
    57.550         123.731    300.000       0.211       1.284                0.000               0.000               0.000            0.000                0.000              0.00000 
    58.550         123.711    300.000       0.211       1.284                0.000               0.000               0.000            0.000                0.000              0.00000 
    59.550         123.690    300.000       0.211       1.284                0.000               0.000               0.000            0.000                0.000              0.00000 
    60.550         123.670    300.000       0.211       1.284                0.000               0.000               0.000            0.000                0.000              0.00000 
    61.550         123.650    300.000       0.211       1.284                0.000               0.000               0.000            0.000                0.000              0.00000 
    62.550         123.630    300.000       0.211       1.284                0.000               0.000               0.000            0.000                0.000              0.00000 
    63.550         123.609    300.000       0.211       1.284                0.000               0.000               0.000            0.000                0.000              0.00000 
    64.550         123.589    300.000       0.211       1.284                0.000               0.000               0.000            0.000                0.000              0.00000 
    65.550         123.569    300.000       0.211       1.284                0.000               0.000               0.000            0.000                0.000              0.00000 
    66.550         123.549    300.000       0.211       1.284                0.000               0.000               0.000            0.000                0.000              0.00000 
    67.550         123.528    300.000       0.211       1.284                0.000               0.000               0.000            0.000                0.000              0.00000 
    68.550         123.508    300.000       0.211       1.284                0.000               0.000               0.000            0.000                0.000              0.00000 
    69.550         123.488    300.000       0.211       1.284                0.000               0.000               0.000            0.000                0.000              0.00000 
    70.550         123.468    300.000       0.211       1.284                0.000               0.000               0.000            0.000                0.000              0.00000 
    71.550         123.447    300.000       0.211       1.284                0.000               0.000               0.000            0.000                0.000              0.00000 
    72.550         123.427    300.000       0.211       1.284                0.000               0.000               0.000            0.000                0.000              0.00000 
    73.550         123.407    300.000       0.211       1.284                0.000               0.000               0.000            0.000                0.000              0.00000 
    74.550         123.387    300.000       0.211       1.284                0.000               0.000               0.000            0.000                0.000              0.00000 
    75.550         123.367    300.000       0.211       1.284                0.000               0.000               0.000            0.000                0.000              0.00000 
    76.550         123.346    300.000       0.211       1.284                0.000               0.000               0.000            0.000                0.000              0.00000 
    77.550         123.326    300.000       0.211       1.284                0.000               0.000               0.000            0.000                0.000              0.00000 
    78.550         123.306    300.000       0.211       1.284                0.000               0.000               0.000            0.000                0.000              0.00000 
    79.550         123.286    300.000       0.211       1.284                0.000               0.000               0.000            0.000                0.000              0.00000 
    80.550         123.266    300.000       0.211       1.284                0.000               0.000               0.000            0.000                0.000              0.00000 
    81.550         123.245    300.000       0.211       1.284                0.000               0.000               0.000            0.000                0.000              0.00000 
    82.550         123.225    300.000       0.211       1.284                0.000               0.000               0.000            0.000                0.000              0.00000 
    83.550         123.205    300.000       0.211       1.284                0.000               0.000               0.000            0.000                0.000              0.00000 
    84.550         123.185    300.000       0.211       1.284                0.000               0.000               0.000            0.000                0.000              0.00000 
    85.550         123.165    300.000       0.211       1.284                0.000               0.000               0.000            0.000                0.000              0.00000 
    86.550         123.144    300.000       0.211       1.284                0.000               0.000               0.000            0.000                0.000              0.00000 
    87.550         123.124    300.000       0.211       1.284                0.000               0.000               0.000            0.000                0.000              0.00000 
    88.550         123.104    300.000       0.211       1.284                0.000               0.000               0.000            0.000                0.000              0.00000 
    89.550         123.084    300.000       0.211       1.284                0.000               0.000               0.000            0.000                0.000              0.00000 
    90.550         123.064    300.000       0.211       1.284                0.000               0.000               0.000            0.000                0.000              0.00000 
    91.550         123.044    300.000       0.211       1.284                0.000               0.000               0.000            0.000                0.000              0.00000 
    92.550         123.023    300.000       0.211       1.284                0.000               0.000               0.000            0.000                0.000              0.00000 
    93.550         123.003    300.000       0.211       1.284                0.000               0.000               0.000            0.000                0.000              0.00000 
    94.550         122.983    300.000       0.211       1.284                0.000               0.000               0.000            0.000                0.000              0.00000 
    95.550         122.963    300.000       0.211       1.284                0.000               0.000               0.000            0.000                0.000              0.00000 
    96.550         122.943    300.000       0.211       1.284                0.000               0.000               0.000            0.000                0.000              0.00000 
    97.550         122.923    300.000       0.211       1.284                0.000               0.000               0.000            0.000                0.000              0.00000 
    98.550         122.903    300.000       0.211       1.284                0.000               0.000               0.000            0.000                0.000              0.00000 
    99.550         122.882    300.000       0.211       1.284                0.000               0.000               0.000            0.000                0.000              0.00000 
   100.550         122.862    300.000       0.211       1.284                0.000               0.000               0.000            0.000                0.000              0.00000 
   101.550         122.842    300.000       0.211       1.284                0.000               0.000               0.000            0.000                0.000              0.00000 
   102.550         122.822    300.000       0.211       1.284                0.000               0.000               0.000            0.000                0.000              0.00000 
   103.550         122.802    300.000       0.211       1.284                0.000               0.000               0.000            0.000                0.000              0.00000 
   104.550         122.782    300.000       0.211       1.284                0.000               0.000               0.000            0.000                0.000              0.00000 
   105.550         122.762    300.000       0.211       1.284                0.000               0.000               0.000            0.000                0.000              0.00000 
   106.550         122.742    300.000       0.211       1.284                0.000               0.000               0.000            0.000                0.000              0.00000 
   107.550         122.722    300.000       0.211       1.284                0.000               0.000               0.000            0.000                0.000              0.00000 
   108.550         122.702    300.000       0.211       1.284                0.000               0.000               0.000            0.000                0.000              0.00000 
   109.550         122.681    300.000       0.211       1.284                0.000               0.000               0.000            0.000                0.000              0.00000 
   110.550         122.661    300.000       0.211       1.284                0.000               0.000               0.000            0.000                0.000              0.00000 
   111.550         122.641    300.000       0.211       1.284                0.000               0.000               0.000            0.000                0.000              0.00000 
   112.550         122.621    300.000       0.211       1.284                0.000               0.000               0.000            0.000                0.000              0.00000 
   113.550         122.601    300.000       0.211       1.284                0.000               0.000               0.000            0.000                0.000              0.00000 
   114.550         122.581    300.000       0.211       1.284                0.000               0.000               0.000            0.000                0.000              0.00000 
   115.550         122.561    300.000       0.211       1.284                0.000               0.000               0.000            0.000                0.000              0.00000 
   116.550         122.541    300.000       0.211       1.284                0.000               0.000               0.000            0.000                0.000              0.00000 
   117.550         122.521    300.000       0.211       1.284                0.000               0.000               0.000            0.000                0.000              0.00000 
   118.550         122.501    300.000       0.211       1.284                0.000               0.000               0.000            0.000                0.000              0.00000 
   119.550         122.481    300.000       0.211       1.284                0.000               0.000               0.000            0.000                0.000              0.00000 
   120.550         122.461    300.000       0.211       1.284                0.000               0.000               0.000            0.000                0.000              0.00000 
   121.550         122.441    300.000       0.211       1.284                0.000               0.000               0.000            0.000                0.000              0.00000 
   122.550         122.421    300.000       0.211       1.284                0.000               0.000               0.000            0.000                0.000              0.00000 
   123.550         122.401    300.000       0.211       1.284                0.000               0.000               0.000            0.000                0.000              0.00000 
   124.550         122.381    300.000       0.211       1.284                0.000               0.000               0.000            0.000                0.000              0.00000 
   125.550         122.361    300.000       0.211       1.284                0.000               0.000               0.000            0.000                0.000              0.00000 
   126.550         122.341    300.000       0.211       1.284                0.000               0.000               0.000            0.000                0.000              0.00000 
   127.550         122.321    300.000       0.211       1.284                0.000               0.000               0.000            0.000                0.000              0.00000 
   128.550         122.301    300.000       0.211       1.284                0.000               0.000               0.000            0.000                0.000              0.00000 
   129.550         122.281    300.000       0.211       1.284                0.000               0.000               0.000            0.000                0.000              0.00000 
   130.550         122.261    300.000       0.211       1.284                0.000               0.000               0.000            0.000                0.000              0.00000 
   131.550         122.241    300.000       0.211       1.284                0.000               0.000               0.000            0.000                0.000              0.00000 
   132.550         122.221    300.000       0.211       1.284                0.000               0.000               0.000            0.000                0.000              0.00000 
   133.550         122.201    300.000       0.211       1.284                0.000               0.000               0.000            0.000                0.000              0.00000 
   134.550         122.181    300.000       0.211       1.284                0.000               0.000               0.000            0.000                0.000              0.00000 
   135.550         122.162    300.000       0.211       1.284                0.000               0.000               0.000            0.000                0.000              0.00000 
   136.550         122.142    300.000       0.211       1.284                0.000               0.000               0.000            0.000                0.000              0.00000 
   137.550         122.122    300.000       0.211       1.284                0.000               0.000               0.000            0.000                0.000              0.00000 
   138.550         122.102    300.000       0.211       1.284                0.000               0.000               0.000            0.000                0.000              0.00000 
   139.550         122.082    300.000       0.211       1.284                0.000               0.000               0.000            0.000                0.000              0.00000 
   140.550         122.062    300.000       0.211       1.284                0.000               0.000               0.000            0.000                0.000              0.00000 
   141.550         122.042    300.000       0.211       1.284                0.000               0.000               0.000            0.000                0.000              0.00000 
   142.550         122.022    300.000       0.211       1.284                0.000               0.000               0.000            0.000                0.000              0.00000 
   143.550         122.003    300.000       0.211       1.284                0.000               0.000               0.000            0.000                0.000              0.00000 
   144.550         121.983    300.000       0.211       1.284                0.000               0.000               0.000            0.000                0.000              0.00000 
   145.550         121.963    300.000       0.211       1.284                0.000               0.000               0.000            0.000                0.000              0.00000 
   146.550         121.943    300.000       0.211       1.284                0.000               0.000               0.000            0.000                0.000              0.00000 
   147.550         121.923    300.000       0.211       1.284                0.000               0.000               0.000            0.000                0.000              0.00000 
   148.550         121.903    300.000       0.211       1.284                0.000               0.000               0.000            0.000                0.000              0.00000 
   149.550         121.884    300.000       0.211       1.284                0.000               0.000               0.000            0.000                0.000              0.00000 
   150.550         121.864    300.000       0.211       1.284                0.000               0.000               0.000            0.000                0.000              0.00000 
   151.550         121.844    300.000       0.211       1.284                0.000               0.000               0.000            0.000                0.000              0.00000 
   152.550         121.824    300.000       0.211       1.284                0.000               0.000               0.000            0.000                0.000              0.00000 
   153.550         121.804    300.000       0.211       1.284                0.000               0.000               0.000            0.000                0.000              0.00000 
   154.550         121.785    300.000       0.211       1.284                0.000               0.000               0.000            0.000                0.000              0.00000 
   155.550         121.765    300.000       0.211       1.284                0.000               0.000               0.000            0.000                0.000              0.00000 
   156.550         121.745    300.000       0.211       1.284                0.000               0.000               0.000            0.000                0.000              0.00000 
   157.550         121.725    300.000       0.211       1.284                0.000               0.000               0.000            0.000                0.000              0.00000 
   158.550         121.706    300.000       0.211       1.284                0.000               0.000               0.000            0.000                0.000              0.00000 
   159.550         121.686    300.000       0.211       1.284                0.000               0.000               0.000            0.000                0.000              0.00000 
   160.550         121.666    300.000       0.211       1.284                0.000               0.000               0.000            0.000                0.000              0.00000 
   161.550         121.647    300.000       0.211       1.284                0.000               0.000               0.000            0.000                0.000              0.00000 
   162.550         121.627    300.000       0.211       1.284                0.000               0.000               0.000            0.000                0.000              0.00000 
   163.550         121.607    300.000       0.211       1.284                0.000               0.000               0.000            0.000                0.000              0.00000 
   164.550         121.588    300.000       0.211       1.284                0.000               0.000               0.000            0.000                0.000              0.00000 
   165.550         121.568    300.000       0.211       1.284                0.000               0.000               0.000            0.000                0.000              0.00000 
   166.550         121.548    300.000       0.211       1.284                0.000               0.000               0.000            0.000                0.000              0.00000 
   167.550         121.529    300.000       0.211       1.284                0.000               0.000               0.000            0.000                0.000              0.00000 
   168.550         121.509    300.000       0.211       1.284                0.000               0.000               0.000            0.000                0.000              0.00000 
   169.550         121.489    300.000       0.211       1.284                0.000               0.000               0.000            0.000                0.000              0.00000 
   170.550         121.470    300.000       0.211       1.284                0.000               0.000               0.000            0.000                0.000              0.00000 
   171.550         121.450    300.000       0.211       1.284                0.000               0.000               0.000            0.000                0.000              0.00000 
   172.550         121.431    300.000       0.211       1.284                0.000               0.000               0.000            0.000                0.000              0.00000 
   173.550         121.411    300.000       0.211       1.284                0.000               0.000               0.000            0.000                0.000              0.00000 
   174.550         121.391    300.000       0.211       1.284                0.000               0.000               0.000            0.000                0.000              0.00000 
   175.550         121.372    300.000       0.211       1.284                0.000               0.000               0.000            0.000                0.000              0.00000 
   176.550         121.352    300.000       0.211       1.284                0.000               0.000               0.000            0.000                0.000              0.00000 
   177.550         121.333    300.000       0.211       1.284                0.000               0.000               0.000            0.000                0.000              0.00000 
   178.550         121.313    300.000       0.211       1.284                0.000               0.000               0.000            0.000                0.000              0.00000 
   179.550         121.294    300.000       0.211       1.284                0.000               0.000               0.000            0.000                0.000              0.00000 
   180.550         121.274    300.000       0.211       1.284                0.000               0.000               0.000            0.000                0.000              0.00000 
   181.550         121.255    300.000       0.211       1.284                0.000               0.000               0.000            0.000                0.000              0.00000 
   182.550         121.235    300.000       0.211       1.284                0.000               0.000               0.000            0.000                0.000              0.00000 
   183.550         121.216    300.000       0.211       1.284                0.000               0.000               0.000            0.000                0.000              0.00000 
   184.550         121.196    300.000       0.211       1.284                0.000               0.000               0.000            0.000                0.000              0.00000 
   185.550         121.177    300.000       0.211       1.284                0.000               0.000               0.000            0.000                0.000              0.00000 
   186.550         121.157    300.000       0.211       1.284                0.000               0.000               0.000            0.000                0.000              0.00000 
   187.550         121.138    300.000       0.211       1.284                0.000               0.000               0.000            0.000                0.000              0.00000 
   188.550         121.118    300.000       0.211       1.284                0.000               0.000               0.000            0.000                0.000              0.00000 
   189.550         121.099    300.000       0.211       1.284                0.000               0.000               0.000            0.000                0.000              0.00000 
   190.550         121.080    300.000       0.211       1.284                0.000               0.000               0.000            0.000                0.000              0.00000 
   191.550         121.060    300.000       0.211       1.284                0.000               0.000               0.000            0.000                0.000              0.00000 
   192.550         121.041    300.000       0.211       1.284                0.000               0.000               0.000            0.000                0.000              0.00000 
   193.550         121.021    300.000       0.211       1.284                0.000               0.000               0.000            0.000                0.000              0.00000 
   194.550         121.002    300.000       0.211       1.284                0.000               0.000               0.000            0.000                0.000              0.00000 
   195.550         120.983    300.000       0.211       1.284                0.000               0.000               0.000            0.000                0.000              0.00000 
   196.550         120.963    300.000       0.211       1.284                0.000               0.000               0.000            0.000                0.000              0.00000 
   197.550         120.944    300.000       0.211       1.284                0.000               0.000               0.000            0.000                0.000              0.00000 
   198.550         120.925    300.000       0.211       1.284                0.000               0.000               0.000            0.000                0.000              0.00000 
   199.550         120.905    300.000       0.211       1.284                0.000               0.000               0.000            0.000                0.000              0.00000 
   200.550         120.886    300.000       0.211       1.284                0.000               0.000               0.000            0.000                0.000              0.00000 
   201.550         120.867    300.000       0.211       1.284                0.000               0.000               0.000            0.000                0.000              0.00000 
   202.550         120.848    300.000       0.211       1.284                0.000               0.000               0.000            0.000                0.000              0.00000 
   203.550         120.828    300.000       0.211       1.284                0.000               0.000               0.000            0.000                0.000              0.00000 
   204.550         120.809    300.000       0.211       1.284                0.000               0.000               0.000            0.000                0.000              0.00000 
   205.550         120.790    300.000       0.211       1.284                0.000               0.000               0.000            0.000                0.000              0.00000 
   206.550         120.771    300.000       0.211       1.284                0.000               0.000               0.000            0.000                0.000              0.00000 
   207.550         120.751    300.000       0.211       1.284                0.000               0.000               0.000            0.000                0.000              0.00000 
   208.550         120.732    300.000       0.211       1.284                0.000               0.000               0.000            0.000                0.000              0.00000 
   209.550         120.713    300.000       0.211       1.284                0.000               0.000               0.000            0.000                0.000              0.00000 
   210.550         120.694    300.000       0.211       1.284                0.000               0.000               0.000            0.000                0.000              0.00000 
   211.550         120.675    300.000       0.211       1.284                0.000               0.000               0.000            0.000                0.000              0.00000 
   212.550         120.656    300.000       0.211       1.284                0.000               0.000               0.000            0.000                0.000              0.00000 
   213.550         120.636    300.000       0.211       1.284                0.000               0.000               0.000            0.000                0.000              0.00000 
   214.550         120.617    300.000       0.211       1.284                0.000               0.000               0.000            0.000                0.000              0.00000 
   215.550         120.598    300.000       0.211       1.284                0.000               0.000               0.000            0.000                0.000              0.00000 
   216.550         120.579    300.000       0.211       1.284                0.000               0.000               0.000            0.000                0.000              0.00000 
   217.550         120.560    300.000       0.211       1.284                0.000               0.000               0.000            0.000                0.000              0.00000 
   218.550         120.541    300.000       0.211       1.284                0.000               0.000               0.000            0.000                0.000              0.00000 
   219.550         120.522    300.000       0.211       1.284                0.000               0.000               0.000            0.000                0.000              0.00000 
   220.550         120.503    300.000       0.211       1.284                0.000               0.000               0.000            0.000                0.000              0.00000 
   221.550         120.484    300.000       0.211       1.284                0.000               0.000               0.000            0.000                0.000              0.00000 
   222.550         120.465    300.000       0.211       1.284                0.000               0.000               0.000            0.000                0.000              0.00000 
   223.550         120.446    300.000       0.211       1.284                0.000               0.000               0.000            0.000                0.000              0.00000 
   224.550         120.427    300.000       0.211       1.284                0.000               0.000               0.000            0.000                0.000              0.00000 
   225.550         120.408    300.000       0.211       1.284                0.000               0.000               0.000            0.000                0.000              0.00000 
   226.550         120.389    300.000       0.211       1.284                0.000               0.000               0.000            0.000                0.000              0.00000 
   227.550         120.370    300.000       0.211       1.284                0.000               0.000               0.000            0.000                0.000              0.00000 
   228.550         120.351    300.000       0.211       1.284                0.000               0.000               0.000            0.000                0.000              0.00000 
   229.550         120.332    300.000       0.211       1.284                0.000               0.000               0.000            0.000                0.000              0.00000 
   230.550         120.313    300.000       0.211       1.284                0.000               0.000               0.000            0.000                0.000              0.00000 
   231.550         120.294    300.000       0.211       1.284                0.000               0.000               0.000            0.000                0.000              0.00000 
   232.550         120.275    300.000       0.211       1.284                0.000               0.000               0.000            0.000                0.000              0.00000 
   233.550         120.256    300.000       0.211       1.284                0.000               0.000               0.000            0.000                0.000              0.00000 
   234.550         120.238    300.000       0.211       1.284                0.000               0.000               0.000            0.000                0.000              0.00000 
   235.550         120.219    300.000       0.211       1.284                0.000               0.000               0.000            0.000                0.000              0.00000 
   236.550         120.200    300.000       0.211       1.284                0.000               0.000               0.000            0.000                0.000              0.00000 
   237.550         120.181    300.000       0.211       1.284                0.000               0.000               0.000            0.000                0.000              0.00000 
   238.550         120.162    300.000       0.211       1.284                0.000               0.000               0.000            0.000                0.000              0.00000 
   239.550         120.143    300.000       0.211       1.284                0.000               0.000               0.000            0.000                0.000              0.00000 
   240.550         120.125    300.000       0.211       1.284                0.000               0.000               0.000            0.000                0.000              0.00000 
   241.550         120.106    300.000       0.211       1.284                0.000               0.000               0.000            0.000                0.000              0.00000 
   242.550         120.087    300.000       0.211       1.284                0.000               0.000               0.000            0.000                0.000              0.00000 
   243.550         120.068    300.000       0.211       1.284                0.000               0.000               0.000            0.000                0.000              0.00000 
   244.550         120.050    300.000       0.211       1.284                0.000               0.000               0.000            0.000                0.000              0.00000 
   245.550         120.031    300.000       0.211       1.284                0.000               0.000               0.000            0.000                0.000              0.00000 
   246.550         120.012    300.000       0.211       1.284                0.000               0.000               0.000            0.000                0.000              0.00000 
   247.550         119.994    300.000       0.211       1.284                0.000               0.000               0.000            0.000                0.000              0.00000 
   248.550         119.975    300.000       0.211       1.284                0.000               0.000               0.000            0.000                0.000              0.00000 
   249.550         119.956    300.000       0.211       1.284                0.000               0.000               0.000            0.000                0.000              0.00000 
   250.550         119.938    300.000       0.211       1.284                0.000               0.000               0.000            0.000                0.000              0.00000 
   251.550         119.919    300.000       0.211       1.284                0.000               0.000               0.000            0.000                0.000              0.00000 
   252.550         119.900    300.000       0.211       1.284                0.000               0.000               0.000            0.000                0.000              0.00000 
   253.550         119.882    300.000       0.211       1.284                0.000               0.000               0.000            0.000                0.000              0.00000 
   254.550         119.863    300.000       0.211       1.284                0.000               0.000               0.000            0.000                0.000              0.00000 
   255.550         119.845    300.000       0.211       1.284                0.000               0.000               0.000            0.000                0.000              0.00000 
   256.550         119.826    300.000       0.211       1.284                0.000               0.000               0.000            0.000                0.000              0.00000 
   257.550         119.808    300.000       0.211       1.284                0.000               0.000               0.000            0.000                0.000              0.00000 
   258.550         119.789    300.000       0.211       1.284                0.000               0.000               0.000            0.000                0.000              0.00000 
   259.550         119.771    300.000       0.211       1.284                0.000               0.000               0.000            0.000                0.000              0.00000 
   260.550         119.752    300.000       0.211       1.284                0.000               0.000               0.000            0.000                0.000              0.00000 
   261.550         119.734    300.000       0.211       1.284                0.000               0.000               0.000            0.000                0.000              0.00000 
   262.550         119.715    300.000       0.211       1.284                0.000               0.000               0.000            0.000                0.000              0.00000 
   263.550         119.697    300.000       0.211       1.284                0.000               0.000               0.000            0.000                0.000              0.00000 
   264.550         119.678    300.000       0.211       1.284                0.000               0.000               0.000            0.000                0.000              0.00000 
   265.550         119.660    300.000       0.211       1.284                0.000               0.000               0.000            0.000                0.000              0.00000 
   266.550         119.641    300.000       0.211       1.284                0.000               0.000               0.000            0.000                0.000              0.00000 
   267.550         119.623    300.000       0.211       1.284                0.000               0.000               0.000            0.000                0.000              0.00000 
   268.550         119.605    300.000       0.211       1.284                0.000               0.000               0.000            0.000                0.000              0.00000 
   269.550         119.586    300.000       0.211       1.284                0.000               0.000               0.000            0.000                0.000              0.00000 
   270.550         119.568    300.000       0.211       1.284                0.000               0.000               0.000            0.000                0.000              0.00000 
   271.550         119.550    300.000       0.211       1.284                0.000               0.000               0.000            0.000                0.000              0.00000 
   272.550         119.531    300.000       0.211       1.284                0.000               0.000               0.000            0.000                0.000              0.00000 
   273.550         119.513    300.000       0.211       1.284                0.000               0.000               0.000            0.000                0.000              0.00000 
   274.550         119.495    300.000       0.211       1.284                0.000               0.000               0.000            0.000                0.000              0.00000 
   275.550         119.477    300.000       0.211       1.284                0.000               0.000               0.000            0.000                0.000              0.00000 
   276.550         119.458    300.000       0.211       1.284                0.000               0.000               0.000            0.000                0.000              0.00000 
   277.550         119.440    300.000       0.211       1.284                0.000               0.000               0.000            0.000                0.000              0.00000 
   278.550         119.422    300.000       0.211       1.284                0.000               0.000               0.000            0.000                0.000              0.00000 
   279.550         119.404    300.000       0.211       1.284                0.000               0.000               0.000            0.000                0.000              0.00000 
   280.550         119.385    300.000       0.211       1.284                0.000               0.000               0.000            0.000                0.000              0.00000 
   281.550         119.367    300.000       0.211       1.284                0.000               0.000               0.000            0.000                0.000              0.00000 
   282.550         119.349    300.000       0.211       1.284                0.000               0.000               0.000            0.000                0.000              0.00000 
   283.550         119.331    300.000       0.211       1.284                0.000               0.000               0.000            0.000                0.000              0.00000 
   284.550         119.313    300.000       0.211       1.284                0.000               0.000               0.000            0.000                0.000              0.00000 
   285.550         119.295    300.000       0.211       1.284                0.000               0.000               0.000            0.000                0.000              0.00000 
   286.550         119.277    300.000       0.211       1.284                0.000               0.000               0.000            0.000                0.000              0.00000 
   287.550         119.259    300.000       0.211       1.284                0.000               0.000               0.000            0.000                0.000              0.00000 
   288.550         119.241    300.000       0.211       1.284                0.000               0.000               0.000            0.000                0.000              0.00000 
   289.550         119.223    300.000       0.211       1.284                0.000               0.000               0.000            0.000                0.000              0.00000 
   290.550         119.205    300.000       0.211       1.284                0.000               0.000               0.000            0.000                0.000              0.00000 
   291.550         119.187    300.000       0.211       1.284                0.000               0.000               0.000            0.000                0.000              0.00000 
   292.550         119.169    300.000       0.211       1.284                0.000               0.000               0.000            0.000                0.000              0.00000 
   293.550         119.151    300.000       0.211       1.284                0.000               0.000               0.000            0.000                0.000              0.00000 
   294.550         119.133    300.000       0.211       1.284                0.000               0.000               0.000            0.000                0.000              0.00000 
   295.550         119.115    300.000       0.211       1.284                0.000               0.000               0.000            0.000                0.000              0.00000 
   296.550         119.097    300.000       0.211       1.284                0.000               0.000               0.000            0.000                0.000              0.00000 
   297.550         119.079    300.000       0.211       1.284                0.000               0.000               0.000            0.000                0.000              0.00000 
   298.550         119.061    300.000       0.211       1.284                0.000               0.000               0.000            0.000                0.000              0.00000 
   299.550         119.043    300.000       0.211       1.284                0.000               0.000               0.000            0.000                0.000              0.00000 
   300.550         119.025    300.000       0.211       1.284                0.000               0.000               0.000            0.000                0.000              0.00000 
   301.550         119.007    300.000       0.211       1.284                0.000               0.000               0.000            0.000                0.000              0.00000 
   302.550         118.990    300.000       0.211       1.284                0.000               0.000               0.000            0.000                0.000              0.00000 
   303.550         118.972    300.000       0.211       1.284                0.000               0.000               0.000            0.000                0.000              0.00000 
   304.550         118.954    300.000       0.211       1.284                0.000               0.000               0.000            0.000                0.000              0.00000 
   305.550         118.936    300.000       0.211       1.284                0.000               0.000               0.000            0.000                0.000              0.00000 
   306.550         118.918    300.000       0.211       1.284                0.000               0.000               0.000            0.000                0.000              0.00000 
   307.550         118.901    300.000       0.211       1.284                0.000               0.000               0.000            0.000                0.000              0.00000 
   308.550         118.883    300.000       0.211       1.284                0.000               0.000               0.000            0.000                0.000              0.00000 
   309.550         118.865    300.000       0.211       1.284                0.000               0.000               0.000            0.000                0.000              0.00000 
   310.550         118.847    300.000       0.211       1.284                0.000               0.000               0.000            0.000                0.000              0.00000 
   311.550         118.830    300.000       0.211       1.284                0.000               0.000               0.000            0.000                0.000              0.00000 
   312.550         118.812    300.000       0.211       1.284                0.000               0.000               0.000            0.000                0.000              0.00000 
   313.550         118.795    300.000       0.211       1.284                0.000               0.000               0.000            0.000                0.000              0.00000 
   314.550         118.777    300.000       0.211       1.284                0.000               0.000               0.000            0.000                0.000              0.00000 
   315.550         118.759    300.000       0.211       1.284                0.000               0.000               0.000            0.000                0.000              0.00000 
   316.550         118.742    300.000       0.211       1.284                0.000               0.000               0.000            0.000                0.000              0.00000 
   317.550         118.724    300.000       0.211       1.284                0.000               0.000               0.000            0.000                0.000              0.00000 
   318.550         118.707    300.000       0.211       1.284                0.000               0.000               0.000            0.000                0.000              0.00000 
   319.550         118.689    300.000       0.211       1.284                0.000               0.000               0.000            0.000                0.000              0.00000 
   320.550         118.671    300.000       0.211       1.284                0.000               0.000               0.000            0.000                0.000              0.00000 
   321.550         118.654    300.000       0.211       1.284                0.000               0.000               0.000            0.000                0.000              0.00000 
   322.550         118.637    300.000       0.211       1.284                0.000               0.000               0.000            0.000                0.000              0.00000 
   323.550         118.619    300.000       0.211       1.284                0.000               0.000               0.000            0.000                0.000              0.00000 
   324.550         118.602    300.000       0.211       1.284                0.000               0.000               0.000            0.000                0.000              0.00000 
   325.550         118.584    300.000       0.211       1.284                0.000               0.000               0.000            0.000                0.000              0.00000 
   326.550         118.567    300.000       0.211       1.284                0.000               0.000               0.000            0.000                0.000              0.00000 
   327.550         118.549    300.000       0.211       1.284                0.000               0.000               0.000            0.000                0.000              0.00000 
   328.550         118.532    300.000       0.211       1.284                0.000               0.000               0.000            0.000                0.000              0.00000 
   329.550         118.515    300.000       0.211       1.284                0.000               0.000               0.000            0.000                0.000              0.00000 
   330.550         118.497    300.000       0.211       1.284                0.000               0.000               0.000            0.000                0.000              0.00000 
   331.550         118.480    300.000       0.211       1.284                0.000               0.000               0.000            0.000                0.000              0.00000 
   332.550         118.463    300.000       0.211       1.284                0.000               0.000               0.000            0.000                0.000              0.00000 
   333.550         118.445    300.000       0.211       1.284                0.000               0.000               0.000            0.000                0.000              0.00000 
   334.550         118.428    300.000       0.211       1.284                0.000               0.000               0.000            0.000                0.000              0.00000 
   335.550         118.411    300.000       0.211       1.284                0.000               0.000               0.000            0.000                0.000              0.00000 
   336.550         118.393    300.000       0.211       1.284                0.000               0.000               0.000            0.000                0.000              0.00000 
   337.550         118.376    300.000       0.211       1.284                0.000               0.000               0.000            0.000                0.000              0.00000 
   338.550         118.359    300.000       0.211       1.284                0.000               0.000               0.000            0.000                0.000              0.00000 
   339.550         118.342    300.000       0.211       1.284                0.000               0.000               0.000            0.000                0.000              0.00000 
   340.550         118.325    300.000       0.211       1.284                0.000               0.000               0.000            0.000                0.000              0.00000 
   341.550         118.308    300.000       0.211       1.284                0.000               0.000               0.000            0.000                0.000              0.00000 
   342.550         118.290    300.000       0.211       1.284                0.000               0.000               0.000            0.000                0.000              0.00000 
   343.550         118.273    300.000       0.211       1.284                0.000               0.000               0.000            0.000                0.000              0.00000 
   344.550         118.256    300.000       0.211       1.284                0.000               0.000               0.000            0.000                0.000              0.00000 
   345.550         118.239    300.000       0.211       1.284                0.000               0.000               0.000            0.000                0.000              0.00000 
   346.550         118.222    300.000       0.211       1.284                0.000               0.000               0.000            0.000                0.000              0.00000 
   347.550         118.205    300.000       0.211       1.284                0.000               0.000               0.000            0.000                0.000              0.00000 
   348.550         118.188    300.000       0.211       1.284                0.000               0.000               0.000            0.000                0.000              0.00000 
   349.550         118.171    300.000       0.211       1.284                0.000               0.000               0.000            0.000                0.000              0.00000 
   350.550         118.154    300.000       0.211       1.284                0.000               0.000               0.000            0.000                0.000              0.00000 
   351.550         118.137    300.000       0.211       1.284                0.000               0.000               0.000            0.000                0.000              0.00000 
   352.550         118.120    300.000       0.211       1.284                0.000               0.000               0.000            0.000                0.000              0.00000 
   353.550         118.103    300.000       0.211       1.284                0.000               0.000               0.000            0.000                0.000              0.00000 
   354.550         118.086    300.000       0.211       1.284                0.000               0.000               0.000            0.000                0.000              0.00000 
   355.550         118.069    300.000       0.211       1.284                0.000               0.000               0.000            0.000                0.000              0.00000 
   356.550         118.052    300.000       0.211       1.284                0.000               0.000               0.000            0.000                0.000              0.00000 
   357.550         118.035    300.000       0.211       1.284                0.000               0.000               0.000            0.000                0.000              0.00000 
   358.550         118.019    300.000       0.211       1.284                0.000               0.000               0.000            0.000                0.000              0.00000 
   359.550         118.002    300.000       0.211       1.284                0.000               0.000               0.000            0.000                0.000              0.00000 
   360.550         117.985    300.000       0.211       1.284                0.000               0.000               0.000            0.000                0.000              0.00000 
   361.550         117.968    300.000       0.211       1.284                0.000               0.000               0.000            0.000                0.000              0.00000 
   362.550         117.951    300.000       0.211       1.284                0.000               0.000               0.000            0.000                0.000              0.00000 
   363.550         117.935    300.000       0.211       1.284                0.000               0.000               0.000            0.000                0.000              0.00000 
   364.550         117.918    300.000       0.211       1.284                0.000               0.000               0.000            0.000                0.000              0.00000 
   365.550         117.901    300.000       0.211       1.284                0.000               0.000               0.000            0.000                0.000              0.00000 
   366.550         117.884    300.000       0.211       1.284                0.000               0.000               0.000            0.000                0.000              0.00000 
   367.550         117.868    300.000       0.211       1.284                0.000               0.000               0.000            0.000                0.000              0.00000 
   368.550         117.851    300.000       0.211       1.284                0.000               0.000               0.000            0.000                0.000              0.00000 
   369.550         117.834    300.000       0.211       1.284                0.000               0.000               0.000            0.000                0.000              0.00000 
   370.550         117.818    300.000       0.211       1.284                0.000               0.000               0.000            0.000                0.000              0.00000 
   371.550         117.801    300.000       0.211       1.284                0.000               0.000               0.000            0.000                0.000              0.00000 
   372.550         117.785    300.000       0.211       1.284                0.000               0.000               0.000            0.000                0.000              0.00000 
   373.550         117.768    300.000       0.211       1.284                0.000               0.000               0.000            0.000                0.000              0.00000 
   374.550         117.751    300.000       0.211       1.284                0.000               0.000               0.000            0.000                0.000              0.00000 
   375.550         117.735    300.000       0.211       1.284                0.000               0.000               0.000            0.000                0.000              0.00000 
   376.550         117.718    300.000       0.211       1.284                0.000               0.000               0.000            0.000                0.000              0.00000 
   377.550         117.702    300.000       0.211       1.284                0.000               0.000               0.000            0.000                0.000              0.00000 
   378.550         117.685    300.000       0.211       1.284                0.000               0.000               0.000            0.000                0.000              0.00000 
   379.550         117.669    300.000       0.211       1.284                0.000               0.000               0.000            0.000                0.000              0.00000 
   380.550         117.652    300.000       0.211       1.284                0.000               0.000               0.000            0.000                0.000              0.00000 
   381.550         117.636    300.000       0.211       1.284                0.000               0.000               0.000            0.000                0.000              0.00000 
   382.550         117.620    300.000       0.211       1.284                0.000               0.000               0.000            0.000                0.000              0.00000 
   383.550         117.603    300.000       0.211       1.284                0.000               0.000               0.000            0.000                0.000              0.00000 
   384.550         117.587    300.000       0.211       1.284                0.000               0.000               0.000            0.000                0.000              0.00000 
   385.550         117.570    300.000       0.211       1.284                0.000               0.000               0.000            0.000                0.000              0.00000 
   386.550         117.554    300.000       0.211       1.284                0.000               0.000               0.000            0.000                0.000              0.00000 
   387.550         117.538    300.000       0.211       1.284                0.000               0.000               0.000            0.000                0.000              0.00000 
   388.550         117.521    300.000       0.211       1.284                0.000               0.000               0.000            0.000                0.000              0.00000 
   389.550         117.505    300.000       0.211       1.284                0.000               0.000               0.000            0.000                0.000              0.00000 
   390.550         117.489    300.000       0.211       1.284                0.000               0.000               0.000            0.000                0.000              0.00000 
   391.550         117.473    300.000       0.211       1.284                0.000               0.000               0.000            0.000                0.000              0.00000 
   392.550         117.456    300.000       0.211       1.284                0.000               0.000               0.000            0.000                0.000              0.00000 
   393.550         117.440    300.000       0.211       1.284                0.000               0.000               0.000            0.000                0.000              0.00000 
   394.550         117.424    300.000       0.211       1.284                0.000               0.000               0.000            0.000                0.000              0.00000 
   395.550         117.408    300.000       0.211       1.284                0.000               0.000               0.000            0.000                0.000              0.00000 
   396.550         117.392    300.000       0.211       1.284                0.000               0.000               0.000            0.000                0.000              0.00000 
   397.550         117.376    300.000       0.211       1.284                0.000               0.000               0.000            0.000                0.000              0.00000 
   398.550         117.359    300.000       0.211       1.284                0.000               0.000               0.000            0.000                0.000              0.00000 
   399.550         117.343    300.000       0.211       1.284                0.000               0.000               0.000            0.000                0.000              0.00000 
   400.550         117.327    300.000       0.211       1.284                0.000               0.000               0.000            0.000                0.000              0.00000 
   401.550         117.311    300.000       0.211       1.284                0.000               0.000               0.000            0.000                0.000              0.00000 
   402.550         117.295    300.000       0.211       1.284                0.000               0.000               0.000            0.000                0.000              0.00000 
   403.550         117.279    300.000       0.211       1.284                0.000               0.000               0.000            0.000                0.000              0.00000 
   404.550         117.263    300.000       0.211       1.284                0.000               0.000               0.000            0.000                0.000              0.00000 
   405.550         117.247    300.000       0.211       1.284                0.000               0.000               0.000            0.000                0.000              0.00000 
   406.550         117.231    300.000       0.211       1.284                0.000               0.000               0.000            0.000                0.000              0.00000 
   407.550         117.215    300.000       0.211       1.284                0.000               0.000               0.000            0.000                0.000              0.00000 
   408.550         117.199    300.000       0.211       1.284                0.000               0.000               0.000            0.000                0.000              0.00000 
   409.550         117.183    300.000       0.211       1.284                0.000               0.000               0.000            0.000                0.000              0.00000 
   410.550         117.167    300.000       0.211       1.284                0.000               0.000               0.000            0.000                0.000              0.00000 
   411.550         117.151    300.000       0.211       1.284                0.000               0.000               0.000            0.000                0.000              0.00000 
   412.550         117.136    300.000       0.211       1.284                0.000               0.000               0.000            0.000                0.000              0.00000 
   413.550         117.120    300.000       0.211       1.284                0.000               0.000               0.000            0.000                0.000              0.00000 
   414.550         117.104    300.000       0.211       1.284                0.000               0.000               0.000            0.000                0.000              0.00000 
   415.550         117.088    300.000       0.211       1.284                0.000               0.000               0.000            0.000                0.000              0.00000 
   416.550         117.072    300.000       0.211       1.284                0.000               0.000               0.000            0.000                0.000              0.00000 
   417.550         117.057    300.000       0.211       1.284                0.000               0.000               0.000            0.000                0.000              0.00000 
   418.550         117.041    300.000       0.211       1.284                0.000               0.000               0.000            0.000                0.000              0.00000 
   419.550         117.025    300.000       0.211       1.284                0.000               0.000               0.000            0.000                0.000              0.00000 
   420.550         117.009    300.000       0.211       1.284                0.000               0.000               0.000            0.000                0.000              0.00000 
   421.550         116.994    300.000       0.211       1.284                0.000               0.000               0.000            0.000                0.000              0.00000 
   422.550         116.978    300.000       0.211       1.284                0.000               0.000               0.000            0.000                0.000              0.00000 
   423.550         116.962    300.000       0.211       1.284                0.000               0.000               0.000            0.000                0.000              0.00000 
   424.550         116.947    300.000       0.211       1.284                0.000               0.000               0.000            0.000                0.000              0.00000 
   425.550         116.931    300.000       0.211       1.284                0.000               0.000               0.000            0.000                0.000              0.00000 
   426.550         116.915    300.000       0.211       1.284                0.000               0.000               0.000            0.000                0.000              0.00000 
   427.550         116.900    300.000       0.211       1.284                0.000               0.000               0.000            0.000                0.000              0.00000 
   428.550         116.884    300.000       0.211       1.284                0.000               0.000               0.000            0.000                0.000              0.00000 
   429.550         116.869    300.000       0.211       1.284                0.000               0.000               0.000            0.000                0.000              0.00000 
   430.550         116.853    300.000       0.211       1.284                0.000               0.000               0.000            0.000                0.000              0.00000 
   431.550         116.838    300.000       0.211       1.284                0.000               0.000               0.000            0.000                0.000              0.00000 
   432.550         116.822    300.000       0.211       1.284                0.000               0.000               0.000            0.000                0.000              0.00000 
   433.550         116.807    300.000       0.211       1.284                0.000               0.000               0.000            0.000                0.000              0.00000 
   434.550         116.791    300.000       0.211       1.284                0.000               0.000               0.000            0.000                0.000              0.00000 
   435.550         116.776    300.000       0.211       1.284                0.000               0.000               0.000            0.000                0.000              0.00000 
   436.550         116.760    300.000       0.211       1.284                0.000               0.000               0.000            0.000                0.000              0.00000 
   437.550         116.745    300.000       0.211       1.284                0.000               0.000               0.000            0.000                0.000              0.00000 
   438.550         116.730    300.000       0.211       1.284                0.000               0.000               0.000            0.000                0.000              0.00000 
   439.550         116.714    300.000       0.211       1.284                0.000               0.000               0.000            0.000                0.000              0.00000 
   440.550         116.699    300.000       0.211       1.284                0.000               0.000               0.000            0.000                0.000              0.00000 
   441.550         116.683    300.000       0.211       1.284                0.000               0.000               0.000            0.000                0.000              0.00000 
   442.550         116.668    300.000       0.211       1.284                0.000               0.000               0.000            0.000                0.000              0.00000 
   443.550         116.653    300.000       0.211       1.284                0.000               0.000               0.000            0.000                0.000              0.00000 
   444.550         116.638    300.000       0.211       1.284                0.000               0.000               0.000            0.000                0.000              0.00000 
   445.550         116.622    300.000       0.211       1.284                0.000               0.000               0.000            0.000                0.000              0.00000 
   446.550         116.607    300.000       0.211       1.284                0.000               0.000               0.000            0.000                0.000              0.00000 
   447.550         116.592    300.000       0.211       1.284                0.000               0.000               0.000            0.000                0.000              0.00000 
   448.550         116.577    300.000       0.211       1.284                0.000               0.000               0.000            0.000                0.000              0.00000 
   449.550         116.561    300.000       0.211       1.284                0.000               0.000               0.000            0.000                0.000              0.00000 
   450.550         116.546    300.000       0.211       1.284                0.000               0.000               0.000            0.000                0.000              0.00000 
   451.550         116.531    300.000       0.211       1.284                0.000               0.000               0.000            0.000                0.000              0.00000 
   452.550         116.516    300.000       0.211       1.284                0.000               0.000               0.000            0.000                0.000              0.00000 
   453.550         116.501    300.000       0.211       1.284                0.000               0.000               0.000            0.000                0.000              0.00000 
   454.550         116.486    300.000       0.211       1.284                0.000               0.000               0.000            0.000                0.000              0.00000 
   455.550         116.471    300.000       0.211       1.284                0.000               0.000               0.000            0.000                0.000              0.00000 
   456.550         116.456    300.000       0.211       1.284                0.000               0.000               0.000            0.000                0.000              0.00000 
   457.550         116.441    300.000       0.211       1.284                0.000               0.000               0.000            0.000                0.000              0.00000 
   458.550         116.425    300.000       0.211       1.284                0.000               0.000               0.000            0.000                0.000              0.00000 
   459.550         116.410    300.000       0.211       1.284                0.000               0.000               0.000            0.000                0.000              0.00000 
   460.550         116.395    300.000       0.211       1.284                0.000               0.000               0.000            0.000                0.000              0.00000 
   461.550         116.380    300.000       0.211       1.284                0.000               0.000               0.000            0.000                0.000              0.00000 
   462.550         116.366    300.000       0.211       1.284                0.000               0.000               0.000            0.000                0.000              0.00000 
   463.550         116.351    300.000       0.211       1.284                0.000               0.000               0.000            0.000                0.000              0.00000 
   464.550         116.336    300.000       0.211       1.284                0.000               0.000               0.000            0.000                0.000              0.00000 
   465.550         116.321    300.000       0.211       1.284                0.000               0.000               0.000            0.000                0.000              0.00000 
   466.550         116.306    300.000       0.211       1.284                0.000               0.000               0.000            0.000                0.000              0.00000 
   467.550         116.291    300.000       0.211       1.284                0.000               0.000               0.000            0.000                0.000              0.00000 
   468.550         116.276    300.000       0.211       1.284                0.000               0.000               0.000            0.000                0.000              0.00000 
   469.550         116.261    300.000       0.211       1.284                0.000               0.000               0.000            0.000                0.000              0.00000 
   470.550         116.246    300.000       0.211       1.284                0.000               0.000               0.000            0.000                0.000              0.00000 
   471.550         116.232    300.000       0.211       1.284                0.000               0.000               0.000            0.000                0.000              0.00000 
   472.550         116.217    300.000       0.211       1.284                0.000               0.000               0.000            0.000                0.000              0.00000 
   473.550         116.202    300.000       0.211       1.284                0.000               0.000               0.000            0.000                0.000              0.00000 
   474.550         116.187    300.000       0.211       1.284                0.000               0.000               0.000            0.000                0.000              0.00000 
   475.550         116.173    300.000       0.211       1.284                0.000               0.000               0.000            0.000                0.000              0.00000 
   476.550         116.158    300.000       0.211       1.284                0.000               0.000               0.000            0.000                0.000              0.00000 
   477.550         116.143    300.000       0.211       1.284                0.000               0.000               0.000            0.000                0.000              0.00000 
   478.550         116.129    300.000       0.211       1.284                0.000               0.000               0.000            0.000                0.000              0.00000 
   479.550         116.114    300.000       0.211       1.284                0.000               0.000               0.000            0.000                0.000              0.00000 
   480.550         116.099    300.000       0.211       1.284                0.000               0.000               0.000            0.000                0.000              0.00000 
   481.550         116.085    300.000       0.211       1.284                0.000               0.000               0.000            0.000                0.000              0.00000 
   482.550         116.070    300.000       0.211       1.284                0.000               0.000               0.000            0.000                0.000              0.00000 
   483.550         116.055    300.000       0.211       1.284                0.000               0.000               0.000            0.000                0.000              0.00000 
   484.550         116.041    300.000       0.211       1.284                0.000               0.000               0.000            0.000                0.000              0.00000 
   485.550         116.026    300.000       0.211       1.284                0.000               0.000               0.000            0.000                0.000              0.00000 
   486.550         116.012    300.000       0.211       1.284                0.000               0.000               0.000            0.000                0.000              0.00000 
   487.550         115.997    300.000       0.211       1.284                0.000               0.000               0.000            0.000                0.000              0.00000 
   488.550         115.983    300.000       0.211       1.284                0.000               0.000               0.000            0.000                0.000              0.00000 
   489.550         115.968    300.000       0.211       1.284                0.000               0.000               0.000            0.000                0.000              0.00000 
   490.550         115.954    300.000       0.211       1.284                0.000               0.000               0.000            0.000                0.000              0.00000 
   491.550         115.939    300.000       0.211       1.284                0.000               0.000               0.000            0.000                0.000              0.00000 
   492.550         115.925    300.000       0.211       1.284                0.000               0.000               0.000            0.000                0.000              0.00000 
   493.550         115.910    300.000       0.211       1.284                0.000               0.000               0.000            0.000                0.000              0.00000 
   494.550         115.896    300.000       0.211       1.284                0.000               0.000               0.000            0.000                0.000              0.00000 
   495.550         115.882    300.000       0.211       1.284                0.000               0.000               0.000            0.000                0.000              0.00000 
   496.550         115.867    300.000       0.211       1.284                0.000               0.000               0.000            0.000                0.000              0.00000 
   497.550         115.853    300.000       0.211       1.284                0.000               0.000               0.000            0.000                0.000              0.00000 
   498.550         115.839    300.000       0.211       1.284                0.000               0.000               0.000            0.000                0.000              0.00000 
   499.550         115.824    300.000       0.211       1.284                0.000               0.000               0.000            0.000                0.000              0.00000 
   500.550         115.810    300.000       0.211       1.284                0.000               0.000               0.000            0.000                0.000              0.00000 
   501.550         115.796    300.000       0.211       1.284                0.000               0.000               0.000            0.000                0.000              0.00000 
   502.550         115.781    300.000       0.211       1.284                0.000               0.000               0.000            0.000                0.000              0.00000 
   503.550         115.767    300.000       0.211       1.284                0.000               0.000               0.000            0.000                0.000              0.00000 
   504.550         115.753    300.000       0.211       1.284                0.000               0.000               0.000            0.000                0.000              0.00000 
   505.550         115.739    300.000       0.211       1.284                0.000               0.000               0.000            0.000                0.000              0.00000 
   506.550         115.724    300.000       0.211       1.284                0.000               0.000               0.000            0.000                0.000              0.00000 
   507.550         115.710    300.000       0.211       1.284                0.000               0.000               0.000            0.000                0.000              0.00000 
   508.550         115.696    300.000       0.211       1.284                0.000               0.000               0.000            0.000                0.000              0.00000 
   509.550         115.682    300.000       0.211       1.284                0.000               0.000               0.000            0.000                0.000              0.00000 
   510.550         115.668    300.000       0.211       1.284                0.000               0.000               0.000            0.000                0.000              0.00000 
   511.550         115.654    300.000       0.211       1.284                0.000               0.000               0.000            0.000                0.000              0.00000 
   512.550         115.639    300.000       0.211       1.284                0.000               0.000               0.000            0.000                0.000              0.00000 
   513.550         115.625    300.000       0.211       1.284                0.000               0.000               0.000            0.000                0.000              0.00000 
   514.550         115.611    300.000       0.211       1.284                0.000               0.000               0.000            0.000                0.000              0.00000 
   515.550         115.597    300.000       0.211       1.284                0.000               0.000               0.000            0.000                0.000              0.00000 
   516.550         115.583    300.000       0.211       1.284                0.000               0.000               0.000            0.000                0.000              0.00000 
   517.550         115.569    300.000       0.211       1.284                0.000               0.000               0.000            0.000                0.000              0.00000 
   518.550         115.555    300.000       0.211       1.284                0.000               0.000               0.000            0.000                0.000              0.00000 
   519.550         115.541    300.000       0.211       1.284                0.000               0.000               0.000            0.000                0.000              0.00000 
   520.550         115.527    300.000       0.211       1.284                0.000               0.000               0.000            0.000                0.000              0.00000 
   521.550         115.513    300.000       0.211       1.284                0.000               0.000               0.000            0.000                0.000              0.00000 
   522.550         115.499    300.000       0.211       1.284                0.000               0.000               0.000            0.000                0.000              0.00000 
   523.550         115.485    300.000       0.211       1.284                0.000               0.000               0.000            0.000                0.000              0.00000 
   524.550         115.471    300.000       0.211       1.284                0.000               0.000               0.000            0.000                0.000              0.00000 
   525.550         115.457    300.000       0.211       1.284                0.000               0.000               0.000            0.000                0.000              0.00000 
   526.550         115.443    300.000       0.211       1.284                0.000               0.000               0.000            0.000                0.000              0.00000 
   527.550         115.430    300.000       0.211       1.284                0.000               0.000               0.000            0.000                0.000              0.00000 
   528.550         115.416    300.000       0.211       1.284                0.000               0.000               0.000            0.000                0.000              0.00000 
   529.550         115.402    300.000       0.211       1.284                0.000               0.000               0.000            0.000                0.000              0.00000 
   530.550         115.388    300.000       0.211       1.284                0.000               0.000               0.000            0.000                0.000              0.00000 
   531.550         115.374    300.000       0.211       1.284                0.000               0.000               0.000            0.000                0.000              0.00000 
   532.550         115.360    300.000       0.211       1.284                0.000               0.000               0.000            0.000                0.000              0.00000 
   533.550         115.347    300.000       0.211       1.284                0.000               0.000               0.000            0.000                0.000              0.00000 
   534.550         115.333    300.000       0.211       1.284                0.000               0.000               0.000            0.000                0.000              0.00000 
   535.550         115.319    300.000       0.211       1.284                0.000               0.000               0.000            0.000                0.000              0.00000 
   536.550         115.305    300.000       0.211       1.284                0.000               0.000               0.000            0.000                0.000              0.00000 
   537.550         115.292    300.000       0.211       1.284                0.000               0.000               0.000            0.000                0.000              0.00000 
   538.550         115.278    300.000       0.211       1.284                0.000               0.000               0.000            0.000                0.000              0.00000 
   539.550         115.264    300.000       0.211       1.284                0.000               0.000               0.000            0.000                0.000              0.00000 
   540.550         115.251    300.000       0.211       1.284                0.000               0.000               0.000            0.000                0.000              0.00000 
   541.550         115.237    300.000       0.211       1.284                0.000               0.000               0.000            0.000                0.000              0.00000 
   542.550         115.223    300.000       0.211       1.284                0.000               0.000               0.000            0.000                0.000              0.00000 
   543.550         115.210    300.000       0.211       1.284                0.000               0.000               0.000            0.000                0.000              0.00000 
   544.550         115.196    300.000       0.211       1.284                0.000               0.000               0.000            0.000                0.000              0.00000 
   545.550         115.182    300.000       0.211       1.284                0.000               0.000               0.000            0.000                0.000              0.00000 
   546.550         115.169    300.000       0.211       1.284                0.000               0.000               0.000            0.000                0.000              0.00000 
   547.550         115.155    300.000       0.211       1.284                0.000               0.000               0.000            0.000                0.000              0.00000 
   548.550         115.142    300.000       0.211       1.284                0.000               0.000               0.000            0.000                0.000              0.00000 
   549.550         115.128    300.000       0.211       1.284                0.000               0.000               0.000            0.000                0.000              0.00000 
   550.550         115.114    300.000       0.211       1.284                0.000               0.000               0.000            0.000                0.000              0.00000 
   551.550         115.101    300.000       0.211       1.284                0.000               0.000               0.000            0.000                0.000              0.00000 
   552.550         115.087    300.000       0.211       1.284                0.000               0.000               0.000            0.000                0.000              0.00000 
   553.550         115.074    300.000       0.211       1.284                0.000               0.000               0.000            0.000                0.000              0.00000 
   554.550         115.060    300.000       0.211       1.284                0.000               0.000               0.000            0.000                0.000              0.00000 
   555.550         115.047    300.000       0.211       1.284                0.000               0.000               0.000            0.000                0.000              0.00000 
   556.550         115.034    300.000       0.211       1.284                0.000               0.000               0.000            0.000                0.000              0.00000 
   557.550         115.020    300.000       0.211       1.284                0.000               0.000               0.000            0.000                0.000              0.00000 
   558.550         115.007    300.000       0.211       1.284                0.000               0.000               0.000            0.000                0.000              0.00000 
   559.550         114.993    300.000       0.211       1.284                0.000               0.000               0.000            0.000                0.000              0.00000 
   560.550         114.980    300.000       0.211       1.284                0.000               0.000               0.000            0.000                0.000              0.00000 
   561.550         114.966    300.000       0.211       1.284                0.000               0.000               0.000            0.000                0.000              0.00000 
   562.550         114.953    300.000       0.211       1.284                0.000               0.000               0.000            0.000                0.000              0.00000 
   563.550         114.940    300.000       0.211       1.284                0.000               0.000               0.000            0.000                0.000              0.00000 
   564.550         114.926    300.000       0.211       1.284                0.000               0.000               0.000            0.000                0.000              0.00000 
   565.550         114.913    300.000       0.211       1.284                0.000               0.000               0.000            0.000                0.000              0.00000 
   566.550         114.900    300.000       0.211       1.284                0.000               0.000               0.000            0.000                0.000              0.00000 
   567.550         114.886    300.000       0.211       1.284                0.000               0.000               0.000            0.000                0.000              0.00000 
   568.550         114.873    300.000       0.211       1.284                0.000               0.000               0.000            0.000                0.000              0.00000 
   569.550         114.860    300.000       0.211       1.284                0.000               0.000               0.000            0.000                0.000              0.00000 
   570.550         114.846    300.000       0.211       1.284                0.000               0.000               0.000            0.000                0.000              0.00000 
   571.550         114.833    300.000       0.211       1.284                0.000               0.000               0.000            0.000                0.000              0.00000 
   572.550         114.820    300.000       0.211       1.284                0.000               0.000               0.000            0.000                0.000              0.00000 
   573.550         114.807    300.000       0.211       1.284                0.000               0.000               0.000            0.000                0.000              0.00000 
   574.550         114.793    300.000       0.211       1.284                0.000               0.000               0.000            0.000                0.000              0.00000 
   575.550         114.780    300.000       0.211       1.284                0.000               0.000               0.000            0.000                0.000              0.00000 
   576.550         114.767    300.000       0.211       1.284                0.000               0.000               0.000            0.000                0.000              0.00000 
   577.550         114.754    300.000       0.211       1.284                0.000               0.000               0.000            0.000                0.000              0.00000 
   578.550         114.741    300.000       0.211       1.284                0.000               0.000               0.000            0.000                0.000              0.00000 
   579.550         114.728    300.000       0.211       1.284                0.000               0.000               0.000            0.000                0.000              0.00000 
   580.550         114.714    300.000       0.211       1.284                0.000               0.000               0.000            0.000                0.000              0.00000 
   581.550         114.701    300.000       0.211       1.284                0.000               0.000               0.000            0.000                0.000              0.00000 
   582.550         114.688    300.000       0.211       1.284                0.000               0.000               0.000            0.000                0.000              0.00000 
   583.550         114.675    300.000       0.211       1.284                0.000               0.000               0.000            0.000                0.000              0.00000 
   584.550         114.662    300.000       0.211       1.284                0.000               0.000               0.000            0.000                0.000              0.00000 
   585.550         114.649    300.000       0.211       1.284                0.000               0.000               0.000            0.000                0.000              0.00000 
   586.550         114.636    300.000       0.211       1.284                0.000               0.000               0.000            0.000                0.000              0.00000 
   587.550         114.623    300.000       0.211       1.284                0.000               0.000               0.000            0.000                0.000              0.00000 
   588.550         114.610    300.000       0.211       1.284                0.000               0.000               0.000            0.000                0.000              0.00000 
   589.550         114.596    300.000       0.211       1.284                0.000               0.000               0.000            0.000                0.000              0.00000 
   590.550         114.583    300.000       0.211       1.284                0.000               0.000               0.000            0.000                0.000              0.00000 
   591.550         114.570    300.000       0.211       1.284                0.000               0.000               0.000            0.000                0.000              0.00000 
   592.550         114.557    300.000       0.211       1.284                0.000               0.000               0.000            0.000                0.000              0.00000 
   593.550         114.544    300.000       0.211       1.284                0.000               0.000               0.000            0.000                0.000              0.00000 
   594.550         114.531    300.000       0.211       1.284                0.000               0.000               0.000            0.000                0.000              0.00000 
   595.550         114.518    300.000       0.211       1.284                0.000               0.000               0.000            0.000                0.000              0.00000 
   596.550         114.505    300.000       0.211       1.284                0.000               0.000               0.000            0.000                0.000              0.00000 
   597.550         114.492    300.000       0.211       1.284                0.000               0.000               0.000            0.000                0.000              0.00000 
   598.550         114.480    300.000       0.211       1.284                0.000               0.000               0.000            0.000                0.000              0.00000 
   599.550         114.467    300.000       0.211       1.284                0.000               0.000               0.000            0.000                0.000              0.00000 
   600.550         114.454    300.000       0.211       1.284                0.000               0.000               0.000            0.000                0.000              0.00000 
   601.550         114.441    300.000       0.211       1.284                0.000               0.000               0.000            0.000                0.000              0.00000 
   602.550         114.428    300.000       0.211       1.284                0.000               0.000               0.000            0.000                0.000              0.00000 
   603.550         114.415    300.000       0.211       1.284                0.000               0.000               0.000            0.000                0.000              0.00000 
   604.550         114.402    300.000       0.211       1.284                0.000               0.000               0.000            0.000                0.000              0.00000 
   605.550         114.389    300.000       0.211       1.284                0.000               0.000               0.000            0.000                0.000              0.00000 
   606.550         114.376    300.000       0.211       1.284                0.000               0.000               0.000            0.000                0.000              0.00000 
   607.550         114.363    300.000       0.211       1.284                0.000               0.000               0.000            0.000                0.000              0.00000 
   608.550         114.351    300.000       0.211       1.284                0.000               0.000               0.000            0.000                0.000              0.00000 
   609.550         114.338    300.000       0.211       1.284                0.000               0.000               0.000            0.000                0.000              0.00000 
   610.550         114.325    300.000       0.211       1.284                0.000               0.000               0.000            0.000                0.000              0.00000 
   611.550         114.312    300.000       0.211       1.284                0.000               0.000               0.000            0.000                0.000              0.00000 
   612.550         114.299    300.000       0.211       1.284                0.000               0.000               0.000            0.000                0.000              0.00000 
   613.550         114.286    300.000       0.211       1.284                0.000               0.000               0.000            0.000                0.000              0.00000 
   614.550         114.274    300.000       0.211       1.284                0.000               0.000               0.000            0.000                0.000              0.00000 
   615.550         114.261    300.000       0.211       1.284                0.000               0.000               0.000            0.000                0.000              0.00000 
   616.550         114.248    300.000       0.211       1.284                0.000               0.000               0.000            0.000                0.000              0.00000 
   617.550         114.235    300.000       0.211       1.284                0.000               0.000               0.000            0.000                0.000              0.00000 
   618.550         114.223    300.000       0.211       1.284                0.000               0.000               0.000            0.000                0.000              0.00000 
   619.550         114.210    300.000       0.211       1.284                0.000               0.000               0.000            0.000                0.000              0.00000 
   620.550         114.197    300.000       0.211       1.284                0.000               0.000               0.000            0.000                0.000              0.00000 
   621.550         114.184    300.000       0.211       1.284                0.000               0.000               0.000            0.000                0.000              0.00000 
   622.550         114.172    300.000       0.211       1.284                0.000               0.000               0.000            0.000                0.000              0.00000 
   623.550         114.159    300.000       0.211       1.284                0.000               0.000               0.000            0.000                0.000              0.00000 
   624.550         114.146    300.000       0.211       1.284                0.000               0.000               0.000            0.000                0.000              0.00000 
   625.550         114.133    300.000       0.211       1.284                0.000               0.000               0.000            0.000                0.000              0.00000 
   626.550         114.121    300.000       0.211       1.284                0.000               0.000               0.000            0.000                0.000              0.00000 
   627.550         114.108    300.000       0.211       1.284                0.000               0.000               0.000            0.000                0.000              0.00000 
   628.550         114.095    300.000       0.211       1.284                0.000               0.000               0.000            0.000                0.000              0.00000 
   629.550         114.083    300.000       0.211       1.284                0.000               0.000               0.000            0.000                0.000              0.00000 
   630.550         114.070    300.000       0.211       1.284                0.000               0.000               0.000            0.000                0.000              0.00000 
   631.550         114.057    300.000       0.211       1.284                0.000               0.000               0.000            0.000                0.000              0.00000 
   632.550         114.045    300.000       0.211       1.284                0.000               0.000               0.000            0.000                0.000              0.00000 
   633.550         114.032    300.000       0.211       1.284                0.000               0.000               0.000            0.000                0.000              0.00000 
   634.550         114.019    300.000       0.211       1.284                0.000               0.000               0.000            0.000                0.000              0.00000 
   635.550         114.007    300.000       0.211       1.284                0.000               0.000               0.000            0.000                0.000              0.00000 
   636.550         113.994    300.000       0.211       1.284                0.000               0.000               0.000            0.000                0.000              0.00000 
   637.550         113.982    300.000       0.211       1.284                0.000               0.000               0.000            0.000                0.000              0.00000 
   638.550         113.969    300.000       0.211       1.284                0.000               0.000               0.000            0.000                0.000              0.00000 
   639.550         113.956    300.000       0.211       1.284                0.000               0.000               0.000            0.000                0.000              0.00000 
   640.550         113.944    300.000       0.211       1.284                0.000               0.000               0.000            0.000                0.000              0.00000 
   641.550         113.931    300.000       0.211       1.284                0.000               0.000               0.000            0.000                0.000              0.00000 
   642.550         113.919    300.000       0.211       1.284                0.000               0.000               0.000            0.000                0.000              0.00000 
   643.550         113.906    300.000       0.211       1.284                0.000               0.000               0.000            0.000                0.000              0.00000 
   644.550         113.893    300.000       0.211       1.284                0.000               0.000               0.000            0.000                0.000              0.00000 
   645.550         113.881    300.000       0.211       1.284                0.000               0.000               0.000            0.000                0.000              0.00000 
   646.550         113.868    300.000       0.211       1.284                0.000               0.000               0.000            0.000                0.000              0.00000 
   647.550         113.856    300.000       0.211       1.284                0.000               0.000               0.000            0.000                0.000              0.00000 
   648.550         113.843    300.000       0.211       1.284                0.000               0.000               0.000            0.000                0.000              0.00000 
   649.550         113.831    300.000       0.211       1.284                0.000               0.000               0.000            0.000                0.000              0.00000 
   650.550         113.818    300.000       0.211       1.284                0.000               0.000               0.000            0.000                0.000              0.00000 
   651.550         113.806    300.000       0.211       1.284                0.000               0.000               0.000            0.000                0.000              0.00000 
   652.550         113.793    300.000       0.211       1.284                0.000               0.000               0.000            0.000                0.000              0.00000 
   653.550         113.781    300.000       0.211       1.284                0.000               0.000               0.000            0.000                0.000              0.00000 
   654.550         113.768    300.000       0.211       1.284                0.000               0.000               0.000            0.000                0.000              0.00000 
   655.550         113.756    300.000       0.211       1.284                0.000               0.000               0.000            0.000                0.000              0.00000 
   656.550         113.743    300.000       0.211       1.284                0.000               0.000               0.000            0.000                0.000              0.00000 
   657.550         113.731    300.000       0.211       1.284                0.000               0.000               0.000            0.000                0.000              0.00000 
   658.550         113.718    300.000       0.211       1.284                0.000               0.000               0.000            0.000                0.000              0.00000 
   659.550         113.706    300.000       0.211       1.284                0.000               0.000               0.000            0.000                0.000              0.00000 
   660.550         113.693    300.000       0.211       1.284                0.000               0.000               0.000            0.000                0.000              0.00000 
   661.550         113.681    300.000       0.211       1.284                0.000               0.000               0.000            0.000                0.000              0.00000 
   662.550         113.668    300.000       0.211       1.284                0.000               0.000               0.000            0.000                0.000              0.00000 
   663.550         113.656    300.000       0.211       1.284                0.000               0.000               0.000            0.000                0.000              0.00000 
   664.550         113.643    300.000       0.211       1.284                0.000               0.000               0.000            0.000                0.000              0.00000 
   665.550         113.631    300.000       0.211       1.284                0.000               0.000               0.000            0.000                0.000              0.00000 
   666.550         113.618    300.000       0.211       1.284                0.000               0.000               0.000            0.000                0.000              0.00000 
   667.550         113.606    300.000       0.211       1.284                0.000               0.000               0.000            0.000                0.000              0.00000 
   668.550         113.593    300.000       0.211       1.284                0.000               0.000               0.000            0.000                0.000              0.00000 
   669.550         113.581    300.000       0.211       1.284                0.000               0.000               0.000            0.000                0.000              0.00000 
   670.550         113.569    300.000       0.211       1.284                0.000               0.000               0.000            0.000                0.000              0.00000 
   671.550         113.556    300.000       0.211       1.284                0.000               0.000               0.000            0.000                0.000              0.00000 
   672.550         113.544    300.000       0.211       1.284                0.000               0.000               0.000            0.000                0.000              0.00000 
   673.550         113.531    300.000       0.211       1.284                0.000               0.000               0.000            0.000                0.000              0.00000 
   674.550         113.519    300.000       0.211       1.284                0.000               0.000               0.000            0.000                0.000              0.00000 
   675.550         113.506    300.000       0.211       1.284                0.000               0.000               0.000            0.000                0.000              0.00000 
   676.550         113.494    300.000       0.211       1.284                0.000               0.000               0.000            0.000                0.000              0.00000 
   677.550         113.481    300.000       0.211       1.284                0.000               0.000               0.000            0.000                0.000              0.00000 
   678.550         113.469    300.000       0.211       1.284                0.000               0.000               0.000            0.000                0.000              0.00000 
   679.550         113.457    300.000       0.211       1.284                0.000               0.000               0.000            0.000                0.000              0.00000 
   680.550         113.444    300.000       0.211       1.284                0.000               0.000               0.000            0.000                0.000              0.00000 
   681.550         113.432    300.000       0.211       1.284                0.000               0.000               0.000            0.000                0.000              0.00000 
   682.550         113.419    300.000       0.211       1.284                0.000               0.000               0.000            0.000                0.000              0.00000 
   683.550         113.407    300.000       0.211       1.284                0.000               0.000               0.000            0.000                0.000              0.00000 
   684.550         113.395    300.000       0.211       1.284                0.000               0.000               0.000            0.000                0.000              0.00000 
   685.550         113.382    300.000       0.211       1.284                0.000               0.000               0.000            0.000                0.000              0.00000 
   686.550         113.370    300.000       0.211       1.284                0.000               0.000               0.000            0.000                0.000              0.00000 
   687.550         113.357    300.000       0.211       1.284                0.000               0.000               0.000            0.000                0.000              0.00000 
   688.550         113.345    300.000       0.211       1.284                0.000               0.000               0.000            0.000                0.000              0.00000 
   689.550         113.332    300.000       0.211       1.284                0.000               0.000               0.000            0.000                0.000              0.00000 
   690.550         113.320    300.000       0.211       1.284                0.000               0.000               0.000            0.000                0.000              0.00000 
   691.550         113.308    300.000       0.211       1.284                0.000               0.000               0.000            0.000                0.000              0.00000 
   692.550         113.295    300.000       0.211       1.284                0.000               0.000               0.000            0.000                0.000              0.00000 
   693.550         113.283    300.000       0.211       1.284                0.000               0.000               0.000            0.000                0.000              0.00000 
   694.550         113.270    300.000       0.211       1.284                0.000               0.000               0.000            0.000                0.000              0.00000 
   695.550         113.258    300.000       0.211       1.284                0.000               0.000               0.000            0.000                0.000              0.00000 
   696.550         113.246    300.000       0.211       1.284                0.000               0.000               0.000            0.000                0.000              0.00000 
   697.550         113.233    300.000       0.211       1.284                0.000               0.000               0.000            0.000                0.000              0.00000 
   698.550         113.221    300.000       0.211       1.284                0.000               0.000               0.000            0.000                0.000              0.00000 
   699.550         113.208    300.000       0.211       1.284                0.000               0.000               0.000            0.000                0.000              0.00000 
   700.550         113.196    300.000       0.211       1.284                0.000               0.000               0.000            0.000                0.000              0.00000 
   701.550         113.184    300.000       0.211       1.284                0.000               0.000               0.000            0.000                0.000              0.00000 
   702.550         113.171    300.000       0.211       1.284                0.000               0.000               0.000            0.000                0.000              0.00000 
   703.550         113.159    300.000       0.211       1.284                0.000               0.000               0.000            0.000                0.000              0.00000 
   704.550         113.146    300.000       0.211       1.284                0.000               0.000               0.000            0.000                0.000              0.00000 
   705.550         113.134    300.000       0.211       1.284                0.000               0.000               0.000            0.000                0.000              0.00000 
   706.550         113.121    300.000       0.211       1.284                0.000               0.000               0.000            0.000                0.000              0.00000 
   707.550         113.109    300.000       0.211       1.284                0.000               0.000               0.000            0.000                0.000              0.00000 
   708.550         113.097    300.000       0.211       1.284                0.000               0.000               0.000            0.000                0.000              0.00000 
   709.550         113.084    300.000       0.211       1.284                0.000               0.000               0.000            0.000                0.000              0.00000 
   710.550         113.072    300.000       0.211       1.284                0.000               0.000               0.000            0.000                0.000              0.00000 
   711.550         113.059    300.000       0.211       1.284                0.000               0.000               0.000            0.000                0.000              0.00000 
   712.550         113.047    300.000       0.211       1.284                0.000               0.000               0.000            0.000                0.000              0.00000 
   713.550         113.035    300.000       0.211       1.284                0.000               0.000               0.000            0.000                0.000              0.00000 
   714.550         113.022    300.000       0.211       1.284                0.000               0.000               0.000            0.000                0.000              0.00000 
   715.550         113.010    300.000       0.211       1.284                0.000               0.000               0.000            0.000                0.000              0.00000 
   716.550         112.997    300.000       0.211       1.284                0.000               0.000               0.000            0.000                0.000              0.00000 
   717.550         112.985    300.000       0.211       1.284                0.000               0.000               0.000            0.000                0.000              0.00000 
   718.550         112.972    300.000       0.211       1.284                0.000               0.000               0.000            0.000                0.000              0.00000 
   719.550         112.960    300.000       0.211       1.284                0.000               0.000               0.000            0.000                0.000              0.00000 
   720.550         112.947    300.000       0.211       1.284                0.000               0.000               0.000            0.000                0.000              0.00000 
   721.550         112.935    300.000       0.211       1.284                0.000               0.000               0.000            0.000                0.000              0.00000 
   722.550         112.923    300.000       0.211       1.284                0.000               0.000               0.000            0.000                0.000              0.00000 
   723.550         112.910    300.000       0.211       1.284                0.000               0.000               0.000            0.000                0.000              0.00000 
   724.550         112.898    300.000       0.211       1.284                0.000               0.000               0.000            0.000                0.000              0.00000 
   725.550         112.885    300.000       0.211       1.284                0.000               0.000               0.000            0.000                0.000              0.00000 
   726.550         112.873    300.000       0.211       1.284                0.000               0.000               0.000            0.000                0.000              0.00000 
   727.550         112.860    300.000       0.211       1.284                0.000               0.000               0.000            0.000                0.000              0.00000 
   728.550         112.848    300.000       0.211       1.284                0.000               0.000               0.000            0.000                0.000              0.00000 
   729.550         112.835    300.000       0.211       1.284                0.000               0.000               0.000            0.000                0.000              0.00000 
   730.550         112.823    300.000       0.211       1.284                0.000               0.000               0.000            0.000                0.000              0.00000 
   731.550         112.810    300.000       0.211       1.284                0.000               0.000               0.000            0.000                0.000              0.00000 
   732.550         112.798    300.000       0.211       1.284                0.000               0.000               0.000            0.000                0.000              0.00000 
   733.550         112.785    300.000       0.211       1.284                0.000               0.000               0.000            0.000                0.000              0.00000 
   734.550         112.773    300.000       0.211       1.284                0.000               0.000               0.000            0.000                0.000              0.00000 
   735.550         112.760    300.000       0.211       1.284                0.000               0.000               0.000            0.000                0.000              0.00000 
   736.550         112.748    300.000       0.211       1.284                0.000               0.000               0.000            0.000                0.000              0.00000 
   737.550         112.735    300.000       0.211       1.284                0.000               0.000               0.000            0.000                0.000              0.00000 
   738.550         112.723    300.000       0.211       1.284                0.000               0.000               0.000            0.000                0.000              0.00000 
   739.550         112.710    300.000       0.211       1.284                0.000               0.000               0.000            0.000                0.000              0.00000 
   740.550         112.698    300.000       0.211       1.284                0.000               0.000               0.000            0.000                0.000              0.00000 
   741.550         112.685    300.000       0.211       1.284                0.000               0.000               0.000            0.000                0.000              0.00000 
   742.550         112.672    300.000       0.211       1.284                0.000               0.000               0.000            0.000                0.000              0.00000 
   743.550         112.660    300.000       0.211       1.284                0.000               0.000               0.000            0.000                0.000              0.00000 
   744.550         112.647    300.000       0.211       1.284                0.000               0.000               0.000            0.000                0.000              0.00000 
   745.550         112.635    300.000       0.211       1.284                0.000               0.000               0.000            0.000                0.000              0.00000 
   746.550         112.622    300.000       0.211       1.284                0.000               0.000               0.000            0.000                0.000              0.00000 
   747.550         112.609    300.000       0.211       1.284                0.000               0.000               0.000            0.000                0.000              0.00000 
   748.550         112.597    300.000       0.211       1.284                0.000               0.000               0.000            0.000                0.000              0.00000 
   749.550         112.584    300.000       0.211       1.284                0.000               0.000               0.000            0.000                0.000              0.00000 
   750.550         112.572    300.000       0.211       1.284                0.000               0.000               0.000            0.000                0.000              0.00000 
   751.550         112.559    300.000       0.211       1.284                0.000               0.000               0.000            0.000                0.000              0.00000 
   752.550         112.546    300.000       0.211       1.284                0.000               0.000               0.000            0.000                0.000              0.00000 
   753.550         112.534    300.000       0.211       1.284                0.000               0.000               0.000            0.000                0.000              0.00000 
   754.550         112.521    300.000       0.211       1.284                0.000               0.000               0.000            0.000                0.000              0.00000 
   755.550         112.508    300.000       0.211       1.284                0.000               0.000               0.000            0.000                0.000              0.00000 
   756.550         112.496    300.000       0.211       1.284                0.000               0.000               0.000            0.000                0.000              0.00000 
   757.550         112.483    300.000       0.211       1.284                0.000               0.000               0.000            0.000                0.000              0.00000 
   758.550         112.470    300.000       0.211       1.284                0.000               0.000               0.000            0.000                0.000              0.00000 
   759.550         112.458    300.000       0.211       1.284                0.000               0.000               0.000            0.000                0.000              0.00000 
   760.550         112.445    300.000       0.211       1.284                0.000               0.000               0.000            0.000                0.000              0.00000 
   761.550         112.432    300.000       0.211       1.284                0.000               0.000               0.000            0.000                0.000              0.00000 
   762.550         112.420    300.000       0.211       1.284                0.000               0.000               0.000            0.000                0.000              0.00000 
   763.550         112.407    300.000       0.211       1.284                0.000               0.000               0.000            0.000                0.000              0.00000 
   764.550         112.394    300.000       0.211       1.284                0.000               0.000               0.000            0.000                0.000              0.00000 
   765.550         112.381    300.000       0.211       1.284                0.000               0.000               0.000            0.000                0.000              0.00000 
   766.550         112.369    300.000       0.211       1.284                0.000               0.000               0.000            0.000                0.000              0.00000 
   767.550         112.356    300.000       0.211       1.284                0.000               0.000               0.000            0.000                0.000              0.00000 
   768.550         112.343    300.000       0.211       1.284                0.000               0.000               0.000            0.000                0.000              0.00000 
   769.550         112.330    300.000       0.211       1.284                0.000               0.000               0.000            0.000                0.000              0.00000 
   770.550         112.317    300.000       0.211       1.284                0.000               0.000               0.000            0.000                0.000              0.00000 
   771.550         112.305    300.000       0.211       1.284                0.000               0.000               0.000            0.000                0.000              0.00000 
   772.550         112.292    300.000       0.211       1.284                0.000               0.000               0.000            0.000                0.000              0.00000 
   773.550         112.279    300.000       0.211       1.284                0.000               0.000               0.000            0.000                0.000              0.00000 
   774.550         112.266    300.000       0.211       1.284                0.000               0.000               0.000            0.000                0.000              0.00000 
   775.550         112.253    300.000       0.211       1.284                0.000               0.000               0.000            0.000                0.000              0.00000 
   776.550         112.240    300.000       0.211       1.284                0.000               0.000               0.000            0.000                0.000              0.00000 
   777.550         112.227    300.000       0.211       1.284                0.000               0.000               0.000            0.000                0.000              0.00000 
   778.550         112.214    300.000       0.211       1.284                0.000               0.000               0.000            0.000                0.000              0.00000 
   779.550         112.201    300.000       0.211       1.284                0.000               0.000               0.000            0.000                0.000              0.00000 
   780.550         112.189    300.000       0.211       1.284                0.000               0.000               0.000            0.000                0.000              0.00000 
   781.550         112.176    300.000       0.211       1.284                0.000               0.000               0.000            0.000                0.000              0.00000 
   782.550         112.163    300.000       0.211       1.284                0.000               0.000               0.000            0.000                0.000              0.00000 
   783.550         112.150    300.000       0.211       1.284                0.000               0.000               0.000            0.000                0.000              0.00000 
   784.550         112.137    300.000       0.211       1.284                0.000               0.000               0.000            0.000                0.000              0.00000 
   785.550         112.124    300.000       0.211       1.284                0.000               0.000               0.000            0.000                0.000              0.00000 
   786.550         112.111    300.000       0.211       1.284                0.000               0.000               0.000            0.000                0.000              0.00000 
   787.550         112.098    300.000       0.211       1.284                0.000               0.000               0.000            0.000                0.000              0.00000 
   788.550         112.085    300.000       0.211       1.284                0.000               0.000               0.000            0.000                0.000              0.00000 
   789.550         112.071    300.000       0.211       1.284                0.000               0.000               0.000            0.000                0.000              0.00000 
   790.550         112.058    300.000       0.211       1.284                0.000               0.000               0.000            0.000                0.000              0.00000 
   791.550         112.045    300.000       0.211       1.284                0.000               0.000               0.000            0.000                0.000              0.00000 
   792.550         112.032    300.000       0.211       1.284                0.000               0.000               0.000            0.000                0.000              0.00000 
   793.550         112.019    300.000       0.211       1.284                0.000               0.000               0.000            0.000                0.000              0.00000 
   794.550         112.006    300.000       0.211       1.284                0.000               0.000               0.000            0.000                0.000              0.00000 
   795.550         111.993    300.000       0.211       1.284                0.000               0.000               0.000            0.000                0.000              0.00000 
   796.550         111.980    300.000       0.211       1.284                0.000               0.000               0.000            0.000                0.000              0.00000 
   797.550         111.966    300.000       0.211       1.284                0.000               0.000               0.000            0.000                0.000              0.00000 
   798.550         111.953    300.000       0.211       1.284                0.000               0.000               0.000            0.000                0.000              0.00000 
   799.550         111.940    300.000       0.211       1.284                0.000               0.000               0.000            0.000                0.000              0.00000 
   800.550         111.927    300.000       0.211       1.284                0.000               0.000               0.000            0.000                0.000              0.00000 
   801.550         111.914    300.000       0.211       1.284                0.000               0.000               0.000            0.000                0.000              0.00000 
   802.550         111.900    300.000       0.211       1.284                0.000               0.000               0.000            0.000                0.000              0.00000 
   803.550         111.887    300.000       0.211       1.284                0.000               0.000               0.000            0.000                0.000              0.00000 
   804.550         111.874    300.000       0.211       1.284                0.000               0.000               0.000            0.000                0.000              0.00000 
   805.550         111.860    300.000       0.211       1.284                0.000               0.000               0.000            0.000                0.000              0.00000 
   806.550         111.847    300.000       0.211       1.284                0.000               0.000               0.000            0.000                0.000              0.00000 
   807.550         111.834    300.000       0.211       1.284                0.000               0.000               0.000            0.000                0.000              0.00000 
   808.550         111.820    300.000       0.211       1.284                0.000               0.000               0.000            0.000                0.000              0.00000 
   809.550         111.807    300.000       0.211       1.284                0.000               0.000               0.000            0.000                0.000              0.00000 
   810.550         111.794    300.000       0.211       1.284                0.000               0.000               0.000            0.000                0.000              0.00000 
   811.550         111.780    300.000       0.211       1.284                0.000               0.000               0.000            0.000                0.000              0.00000 
   812.550         111.767    300.000       0.211       1.284                0.000               0.000               0.000            0.000                0.000              0.00000 
   813.550         111.753    300.000       0.211       1.284                0.000               0.000               0.000            0.000                0.000              0.00000 
   814.550         111.740    300.000       0.211       1.284                0.000               0.000               0.000            0.000                0.000              0.00000 
   815.550         111.726    300.000       0.211       1.284                0.000               0.000               0.000            0.000                0.000              0.00000 
   816.550         111.713    300.000       0.211       1.284                0.000               0.000               0.000            0.000                0.000              0.00000 
   817.550         111.699    300.000       0.211       1.284                0.000               0.000               0.000            0.000                0.000              0.00000 
   818.550         111.686    300.000       0.211       1.284                0.000               0.000               0.000            0.000                0.000              0.00000 
   819.550         111.672    300.000       0.211       1.284                0.000               0.000               0.000            0.000                0.000              0.00000 
   820.550         111.658    300.000       0.211       1.284                0.000               0.000               0.000            0.000                0.000              0.00000 
   821.550         111.645    300.000       0.211       1.284                0.000               0.000               0.000            0.000                0.000              0.00000 
   822.550         111.631    300.000       0.211       1.284                0.000               0.000               0.000            0.000                0.000              0.00000 
   823.550         111.617    300.000       0.211       1.284                0.000               0.000               0.000            0.000                0.000              0.00000 
   824.550         111.604    300.000       0.211       1.284                0.000               0.000               0.000            0.000                0.000              0.00000 
   825.550         111.590    300.000       0.211       1.284                0.000               0.000               0.000            0.000                0.000              0.00000 
   826.550         111.576    300.000       0.211       1.284                0.000               0.000               0.000            0.000                0.000              0.00000 
   827.550         111.562    300.000       0.211       1.284                0.000               0.000               0.000            0.000                0.000              0.00000 
   828.550         111.549    300.000       0.211       1.284                0.000               0.000               0.000            0.000                0.000              0.00000 
   829.550         111.535    300.000       0.211       1.284                0.000               0.000               0.000            0.000                0.000              0.00000 
   830.550         111.521    300.000       0.211       1.284                0.000               0.000               0.000            0.000                0.000              0.00000 
   831.550         111.507    300.000       0.211       1.284                0.000               0.000               0.000            0.000                0.000              0.00000 
   832.550         111.493    300.000       0.211       1.284                0.000               0.000               0.000            0.000                0.000              0.00000 
   833.550         111.479    300.000       0.211       1.284                0.000               0.000               0.000            0.000                0.000              0.00000 
   834.550         111.466    300.000       0.211       1.284                0.000               0.000               0.000            0.000                0.000              0.00000 
   835.550         111.452    300.000       0.211       1.284                0.000               0.000               0.000            0.000                0.000              0.00000 
   836.550         111.438    300.000       0.211       1.284                0.000               0.000               0.000            0.000                0.000              0.00000 
   837.550         111.424    300.000       0.211       1.284                0.000               0.000               0.000            0.000                0.000              0.00000 
   838.550         111.410    300.000       0.211       1.284                0.000               0.000               0.000            0.000                0.000              0.00000 
   839.550         111.396    300.000       0.211       1.284                0.000               0.000               0.000            0.000                0.000              0.00000 
   840.550         111.382    300.000       0.211       1.284                0.000               0.000               0.000            0.000                0.000              0.00000 
   841.550         111.367    300.000       0.211       1.284                0.000               0.000               0.000            0.000                0.000              0.00000 
   842.550         111.353    300.000       0.211       1.284                0.000               0.000               0.000            0.000                0.000              0.00000 
   843.550         111.339    300.000       0.211       1.284                0.000               0.000               0.000            0.000                0.000              0.00000 
   844.550         111.325    300.000       0.211       1.284                0.000               0.000               0.000            0.000                0.000              0.00000 
   845.550         111.311    300.000       0.211       1.284                0.000               0.000               0.000            0.000                0.000              0.00000 
   846.550         111.297    300.000       0.211       1.284                0.000               0.000               0.000            0.000                0.000              0.00000 
   847.550         111.282    300.000       0.211       1.284                0.000               0.000               0.000            0.000                0.000              0.00000 
   848.550         111.268    300.000       0.211       1.284                0.000               0.000               0.000            0.000                0.000              0.00000 
   849.550         111.254    300.000       0.211       1.284                0.000               0.000               0.000            0.000                0.000              0.00000 
   850.550         111.240    300.000       0.211       1.284                0.000               0.000               0.000            0.000                0.000              0.00000 
   851.550         111.225    300.000       0.211       1.284                0.000               0.000               0.000            0.000                0.000              0.00000 
   852.550         111.211    300.000       0.211       1.284                0.000               0.000               0.000            0.000                0.000              0.00000 
   853.550         111.196    300.000       0.211       1.284                0.000               0.000               0.000            0.000                0.000              0.00000 
   854.550         111.182    300.000       0.211       1.284                0.000               0.000               0.000            0.000                0.000              0.00000 
   855.550         111.167    300.000       0.211       1.284                0.000               0.000               0.000            0.000                0.000              0.00000 
   856.550         111.153    300.000       0.211       1.284                0.000               0.000               0.000            0.000                0.000              0.00000 
   857.550         111.138    300.000       0.211       1.284                0.000               0.000               0.000            0.000                0.000              0.00000 
   858.550         111.124    300.000       0.211       1.284                0.000               0.000               0.000            0.000                0.000              0.00000 
   859.550         111.109    300.000       0.211       1.284                0.000               0.000               0.000            0.000                0.000              0.00000 
   860.550         111.095    300.000       0.211       1.284                0.000               0.000               0.000            0.000                0.000              0.00000 
   861.550         111.080    300.000       0.211       1.284                0.000               0.000               0.000            0.000                0.000              0.00000 
   862.550         111.065    300.000       0.211       1.284                0.000               0.000               0.000            0.000                0.000              0.00000 
   863.550         111.051    300.000       0.211       1.284                0.000               0.000               0.000            0.000                0.000              0.00000 
   864.550         111.036    300.000       0.211       1.284                0.000               0.000               0.000            0.000                0.000              0.00000 
   865.550         111.021    300.000       0.211       1.284                0.000               0.000               0.000            0.000                0.000              0.00000 
   866.550         111.007    300.000       0.211       1.284                0.000               0.000               0.000            0.000                0.000              0.00000 
   867.550         110.992    300.000       0.211       1.284                0.000               0.000               0.000            0.000                0.000              0.00000 
   868.550         110.977    300.000       0.211       1.284                0.000               0.000               0.000            0.000                0.000              0.00000 
   869.550         110.962    300.000       0.211       1.284                0.000               0.000               0.000            0.000                0.000              0.00000 
   870.550         110.947    300.000       0.211       1.284                0.000               0.000               0.000            0.000                0.000              0.00000 
   871.550         110.932    300.000       0.211       1.284                0.000               0.000               0.000            0.000                0.000              0.00000 
   872.550         110.917    300.000       0.211       1.284                0.000               0.000               0.000            0.000                0.000              0.00000 
   873.550         110.902    300.000       0.211       1.284                0.000               0.000               0.000            0.000                0.000              0.00000 
   874.550         110.887    300.000       0.211       1.284                0.000               0.000               0.000            0.000                0.000              0.00000 
   875.550         110.872    300.000       0.211       1.284                0.000               0.000               0.000            0.000                0.000              0.00000 
   876.550         110.857    300.000       0.211       1.284                0.000               0.000               0.000            0.000                0.000              0.00000 
   877.550         110.842    300.000       0.211       1.284                0.000               0.000               0.000            0.000                0.000              0.00000 
   878.550         110.827    300.000       0.211       1.284                0.000               0.000               0.000            0.000                0.000              0.00000 
   879.550         110.811    300.000       0.211       1.284                0.000               0.000               0.000            0.000                0.000              0.00000 
   880.550         110.796    300.000       0.211       1.284                0.000               0.000               0.000            0.000                0.000              0.00000 
   881.550         110.781    300.000       0.211       1.284                0.000               0.000               0.000            0.000                0.000              0.00000 
   882.550         110.766    300.000       0.211       1.284                0.000               0.000               0.000            0.000                0.000              0.00000 
   883.550         110.750    300.000       0.211       1.284                0.000               0.000               0.000            0.000                0.000              0.00000 
   884.550         110.735    300.000       0.211       1.284                0.000               0.000               0.000            0.000                0.000              0.00000 
   885.550         110.720    300.000       0.211       1.284                0.000               0.000               0.000            0.000                0.000              0.00000 
   886.550         110.704    300.000       0.211       1.284                0.000               0.000               0.000            0.000                0.000              0.00000 
   887.550         110.689    300.000       0.211       1.284                0.000               0.000               0.000            0.000                0.000              0.00000 
   888.550         110.673    300.000       0.211       1.284                0.000               0.000               0.000            0.000                0.000              0.00000 
   889.550         110.658    300.000       0.211       1.284                0.000               0.000               0.000            0.000                0.000              0.00000 
   890.550         110.642    300.000       0.211       1.284                0.000               0.000               0.000            0.000                0.000              0.00000 
   891.550         110.626    300.000       0.211       1.284                0.000               0.000               0.000            0.000                0.000              0.00000 
   892.550         110.611    300.000       0.211       1.284                0.000               0.000               0.000            0.000                0.000              0.00000 
   893.550         110.595    300.000       0.211       1.284                0.000               0.000               0.000            0.000                0.000              0.00000 
   894.550         110.579    300.000       0.211       1.284                0.000               0.000               0.000            0.000                0.000              0.00000 
   895.550         110.564    300.000       0.211       1.284                0.000               0.000               0.000            0.000                0.000              0.00000 
   896.550         110.548    300.000       0.211       1.284                0.000               0.000               0.000            0.000                0.000              0.00000 
   897.550         110.532    300.000       0.211       1.284                0.000               0.000               0.000            0.000                0.000              0.00000 
   898.550         110.516    300.000       0.211       1.284                0.000               0.000               0.000            0.000                0.000              0.00000 
   899.550         110.500    300.000       0.211       1.284                0.000               0.000               0.000            0.000                0.000              0.00000 
   900.550         110.484    300.000       0.211       1.284                0.000               0.000               0.000            0.000                0.000              0.00000 
   901.550         110.468    300.000       0.211       1.284                0.000               0.000               0.000            0.000                0.000              0.00000 
   902.550         110.452    300.000       0.211       1.284                0.000               0.000               0.000            0.000                0.000              0.00000 
   903.550         110.436    300.000       0.211       1.284                0.000               0.000               0.000            0.000                0.000              0.00000 
   904.550         110.420    300.000       0.211       1.284                0.000               0.000               0.000            0.000                0.000              0.00000 
   905.550         110.404    300.000       0.211       1.284                0.000               0.000               0.000            0.000                0.000              0.00000 
   906.550         110.387    300.000       0.211       1.284                0.000               0.000               0.000            0.000                0.000              0.00000 
   907.550         110.371    300.000       0.211       1.284                0.000               0.000               0.000            0.000                0.000              0.00000 
   908.550         110.355    300.000       0.211       1.284                0.000               0.000               0.000            0.000                0.000              0.00000 
   909.550         110.339    300.000       0.211       1.284                0.000               0.000               0.000            0.000                0.000              0.00000 
   910.550         110.322    300.000       0.211       1.284                0.000               0.000               0.000            0.000                0.000              0.00000 
   911.550         110.306    300.000       0.211       1.284                0.000               0.000               0.000            0.000                0.000              0.00000 
   912.550         110.289    300.000       0.211       1.284                0.000               0.000               0.000            0.000                0.000              0.00000 
   913.550         110.273    300.000       0.211       1.284                0.000               0.000               0.000            0.000                0.000              0.00000 
   914.550         110.256    300.000       0.211       1.284                0.000               0.000               0.000            0.000                0.000              0.00000 
   915.550         110.240    300.000       0.211       1.284                0.000               0.000               0.000            0.000                0.000              0.00000 
   916.550         110.223    300.000       0.211       1.284                0.000               0.000               0.000            0.000                0.000              0.00000 
   917.550         110.207    300.000       0.211       1.284                0.000               0.000               0.000            0.000                0.000              0.00000 
   918.550         110.190    300.000       0.211       1.284                0.000               0.000               0.000            0.000                0.000              0.00000 
   919.550         110.173    300.000       0.211       1.284                0.000               0.000               0.000            0.000                0.000              0.00000 
   920.550         110.156    300.000       0.211       1.284                0.000               0.000               0.000            0.000                0.000              0.00000 
   921.550         110.139    300.000       0.211       1.284                0.000               0.000               0.000            0.000                0.000              0.00000 
   922.550         110.123    300.000       0.211       1.284                0.000               0.000               0.000            0.000                0.000              0.00000 
   923.550         110.106    300.000       0.211       1.284                0.000               0.000               0.000            0.000                0.000              0.00000 
   924.550         110.089    300.000       0.211       1.284                0.000               0.000               0.000            0.000                0.000              0.00000 
   925.550         110.072    300.000       0.211       1.284                0.000               0.000               0.000            0.000                0.000              0.00000 
   926.550         110.055    300.000       0.211       1.284                0.000               0.000               0.000            0.000                0.000              0.00000 
   927.550         110.038    300.000       0.211       1.284                0.000               0.000               0.000            0.000                0.000              0.00000 
   928.550         110.020    300.000       0.211       1.284                0.000               0.000               0.000            0.000                0.000              0.00000 
   929.550         110.003    300.000       0.211       1.284                0.000               0.000               0.000            0.000                0.000              0.00000 
   930.550         109.986    300.000       0.211       1.284                0.000               0.000               0.000            0.000                0.000              0.00000 
   931.550         109.969    300.000       0.211       1.284                0.000               0.000               0.000            0.000                0.000              0.00000 
   932.550         109.951    300.000       0.211       1.284                0.000               0.000               0.000            0.000                0.000              0.00000 
   933.550         109.934    300.000       0.211       1.284                0.000               0.000               0.000            0.000                0.000              0.00000 
   934.550         109.916    300.000       0.211       1.284                0.000               0.000               0.000            0.000                0.000              0.00000 
   935.550         109.899    300.000       0.211       1.284                0.000               0.000               0.000            0.000                0.000              0.00000 
   936.550         109.881    300.000       0.211       1.284                0.000               0.000               0.000            0.000                0.000              0.00000 
   937.550         109.864    300.000       0.211       1.284                0.000               0.000               0.000            0.000                0.000              0.00000 
   938.550         109.846    300.000       0.211       1.284                0.000               0.000               0.000            0.000                0.000              0.00000 
   939.550         109.829    300.000       0.211       1.284                0.000               0.000               0.000            0.000                0.000              0.00000 
   940.550         109.811    300.000       0.211       1.284                0.000               0.000               0.000            0.000                0.000              0.00000 
   941.550         109.793    300.000       0.211       1.284                0.000               0.000               0.000            0.000                0.000              0.00000 
   942.550         109.775    300.000       0.211       1.284                0.000               0.000               0.000            0.000                0.000              0.00000 
   943.550         109.757    300.000       0.211       1.284                0.000               0.000               0.000            0.000                0.000              0.00000 
   944.550         109.739    300.000       0.211       1.284                0.000               0.000               0.000            0.000                0.000              0.00000 
   945.550         109.721    300.000       0.211       1.284                0.000               0.000               0.000            0.000                0.000              0.00000 
   946.550         109.703    300.000       0.211       1.284                0.000               0.000               0.000            0.000                0.000              0.00000 
   947.550         109.685    300.000       0.211       1.284                0.000               0.000               0.000            0.000                0.000              0.00000 
   948.550         109.667    300.000       0.211       1.284                0.000               0.000               0.000            0.000                0.000              0.00000 
   949.550         109.649    300.000       0.211       1.284                0.000               0.000               0.000            0.000                0.000              0.00000 
   950.550         109.631    300.000       0.211       1.284                0.000               0.000               0.000            0.000                0.000              0.00000 
   951.550         109.612    300.000       0.211       1.284                0.000               0.000               0.000            0.000                0.000              0.00000 
   952.550         109.594    300.000       0.211       1.284                0.000               0.000               0.000            0.000                0.000              0.00000 
   953.550         109.576    300.000       0.211       1.284                0.000               0.000               0.000            0.000                0.000              0.00000 
   954.550         109.557    300.000       0.211       1.284                0.000               0.000               0.000            0.000                0.000              0.00000 
   955.550         109.539    300.000       0.211       1.284                0.000               0.000               0.000            0.000                0.000              0.00000 
   956.550         109.520    300.000       0.211       1.284                0.000               0.000               0.000            0.000                0.000              0.00000 
   957.550         109.501    300.000       0.211       1.284                0.000               0.000               0.000            0.000                0.000              0.00000 
   958.550         109.483    300.000       0.211       1.284                0.000               0.000               0.000            0.000                0.000              0.00000 
   959.550         109.464    300.000       0.211       1.284                0.000               0.000               0.000            0.000                0.000              0.00000 
   960.550         109.445    300.000       0.211       1.284                0.000               0.000               0.000            0.000                0.000              0.00000 
   961.550         109.426    300.000       0.211       1.284                0.000               0.000               0.000            0.000                0.000              0.00000 
   962.550         109.408    300.000       0.211       1.284                0.000               0.000               0.000            0.000                0.000              0.00000 
   963.550         109.389    300.000       0.211       1.284                0.000               0.000               0.000            0.000                0.000              0.00000 
   964.550         109.370    300.000       0.211       1.284                0.000               0.000               0.000            0.000                0.000              0.00000 
   965.550         109.351    300.000       0.211       1.284                0.000               0.000               0.000            0.000                0.000              0.00000 
   966.550         109.331    300.000       0.211       1.284                0.000               0.000               0.000            0.000                0.000              0.00000 
   967.550         109.312    300.000       0.211       1.284                0.000               0.000               0.000            0.000                0.000              0.00000 
   968.550         109.293    300.000       0.211       1.284                0.000               0.000               0.000            0.000                0.000              0.00000 
   969.550         109.274    300.000       0.211       1.284                0.000               0.000               0.000            0.000                0.000              0.00000 
   970.550         109.254    300.000       0.211       1.284                0.000               0.000               0.000            0.000                0.000              0.00000 
   971.550         109.235    300.000       0.211       1.284                0.000               0.000               0.000            0.000                0.000              0.00000 
   972.550         109.215    300.000       0.211       1.284                0.000               0.000               0.000            0.000                0.000              0.00000 
   973.550         109.196    300.000       0.211       1.284                0.000               0.000               0.000            0.000                0.000              0.00000 
   974.550         109.176    300.000       0.211       1.284                0.000               0.000               0.000            0.000                0.000              0.00000 
   975.550         109.157    300.000       0.211       1.284                0.000               0.000               0.000            0.000                0.000              0.00000 
   976.550         109.137    300.000       0.211       1.284                0.000               0.000               0.000            0.000                0.000              0.00000 
   977.550         109.117    300.000       0.211       1.284                0.000               0.000               0.000            0.000                0.000              0.00000 
   978.550         109.097    300.000       0.211       1.284                0.000               0.000               0.000            0.000                0.000              0.00000 
   979.550         109.077    300.000       0.211       1.284                0.000               0.000               0.000            0.000                0.000              0.00000 
   980.550         109.057    300.000       0.211       1.284                0.000               0.000               0.000            0.000                0.000              0.00000 
   981.550         109.037    300.000       0.211       1.284                0.000               0.000               0.000            0.000                0.000              0.00000 
   982.550         109.017    300.000       0.211       1.284                0.000               0.000               0.000            0.000                0.000              0.00000 
   983.550         108.997    300.000       0.211       1.284                0.000               0.000               0.000            0.000                0.000              0.00000 
   984.550         108.977    300.000       0.211       1.284                0.000               0.000               0.000            0.000                0.000              0.00000 
   985.550         108.957    300.000       0.211       1.284                0.000               0.000               0.000            0.000                0.000              0.00000 
   986.550         108.936    300.000       0.211       1.284                0.000               0.000               0.000            0.000                0.000              0.00000 
   987.550         108.916    300.000       0.211       1.284                0.000               0.000               0.000            0.000                0.000              0.00000 
   988.550         108.895    300.000       0.211       1.284                0.000               0.000               0.000            0.000                0.000              0.00000 
   989.550         108.875    300.000       0.211       1.284                0.000               0.000               0.000            0.000                0.000              0.00000 
   990.550         108.854    300.000       0.211       1.284                0.000               0.000               0.000            0.000                0.000              0.00000 
   991.550         108.833    300.000       0.211       1.284                0.000               0.000               0.000            0.000                0.000              0.00000 
   992.550         108.813    300.000       0.211       1.284                0.000               0.000               0.000            0.000                0.000              0.00000 
   993.550         108.792    300.000       0.211       1.284                0.000               0.000               0.000            0.000                0.000              0.00000 
   994.550         108.771    300.000       0.211       1.284                0.000               0.000               0.000            0.000                0.000              0.00000 
   995.550         108.750    300.000       0.211       1.284                0.000               0.000               0.000            0.000                0.000              0.00000 
   996.550         108.729    300.000       0.211       1.284                0.000               0.000               0.000            0.000                0.000              0.00000 
   997.550         108.708    300.000       0.211       1.284                0.000               0.000               0.000            0.000                0.000              0.00000 
   998.550         108.687    300.000       0.211       1.284                0.000               0.000               0.000            0.000                0.000              0.00000 
   999.550         108.666    300.000       0.211       1.284                0.000               0.000               0.000            0.000                0.000              0.00000 
  1000.550         108.644    300.000       0.211       1.284                0.000               0.000               0.000            0.000                0.000              0.00000 
  1001.550         108.623    300.000       0.211       1.284                0.000               0.000               0.000            0.000                0.000              0.00000 
  1002.550         108.602    300.000       0.211       1.284                0.000               0.000               0.000            0.000                0.000              0.00000 
  1003.550         108.580    300.000       0.211       1.284                0.000               0.000               0.000            0.000                0.000              0.00000 
  1004.550         108.559    300.000       0.211       1.284                0.000               0.000               0.000            0.000                0.000              0.00000 
  1005.550         108.537    300.000       0.211       1.284                0.000               0.000               0.000            0.000                0.000              0.00000 
  1006.550         108.515    300.000       0.211       1.284                0.000               0.000               0.000            0.000                0.000              0.00000 
  1007.550         108.493    300.000       0.211       1.284                0.000               0.000               0.000            0.000                0.000              0.00000 
  1008.550         108.472    300.000       0.211       1.284                0.000               0.000               0.000            0.000                0.000              0.00000 
  1009.550         108.450    300.000       0.211       1.284                0.000               0.000               0.000            0.000                0.000              0.00000 
  1010.550         108.428    300.000       0.211       1.284                0.000               0.000               0.000            0.000                0.000              0.00000 
  1011.550         108.406    300.000       0.211       1.284                0.000               0.000               0.000            0.000                0.000              0.00000 
  1012.550         108.383    300.000       0.211       1.284                0.000               0.000               0.000            0.000                0.000              0.00000 
  1013.550         108.361    300.000       0.211       1.284                0.000               0.000               0.000            0.000                0.000              0.00000 
  1014.550         108.339    300.000       0.211       1.284                0.000               0.000               0.000            0.000                0.000              0.00000 
  1015.550         108.317    300.000       0.211       1.284                0.000               0.000               0.000            0.000                0.000              0.00000 
  1016.550         108.294    300.000       0.211       1.284                0.000               0.000               0.000            0.000                0.000              0.00000 
  1017.550         108.272    300.000       0.211       1.284                0.000               0.000               0.000            0.000                0.000              0.00000 
  1018.550         108.249    300.000       0.211       1.284                0.000               0.000               0.000            0.000                0.000              0.00000 
  1019.550         108.226    300.000       0.211       1.284                0.000               0.000               0.000            0.000                0.000              0.00000 
  1020.550         108.204    300.000       0.211       1.284                0.000               0.000               0.000            0.000                0.000              0.00000 
  1021.550         108.181    300.000       0.211       1.284                0.000               0.000               0.000            0.000                0.000              0.00000 
  1022.550         108.158    300.000       0.211       1.284                0.000               0.000               0.000            0.000                0.000              0.00000 
  1023.550         108.135    300.000       0.211       1.284                0.000               0.000               0.000            0.000                0.000              0.00000 
  1024.550         108.112    300.000       0.211       1.284                0.000               0.000               0.000            0.000                0.000              0.00000 
  1025.550         108.089    300.000       0.211       1.284                0.000               0.000               0.000            0.000                0.000              0.00000 
  1026.550         108.066    300.000       0.211       1.284                0.000               0.000               0.000            0.000                0.000              0.00000 
  1027.550         108.042    300.000       0.211       1.284                0.000               0.000               0.000            0.000                0.000              0.00000 
  1028.550         108.019    300.000       0.211       1.284                0.000               0.000               0.000            0.000                0.000              0.00000 
  1029.550         107.996    300.000       0.211       1.284                0.000               0.000               0.000            0.000                0.000              0.00000 
  1030.550         107.972    300.000       0.211       1.284                0.000               0.000               0.000            0.000                0.000              0.00000 
  1031.550         107.948    300.000       0.211       1.284                0.000               0.000               0.000            0.000                0.000              0.00000 
  1032.550         107.925    300.000       0.211       1.284                0.000               0.000               0.000            0.000                0.000              0.00000 
  1033.550         107.901    300.000       0.211       1.284                0.000               0.000               0.000            0.000                0.000              0.00000 
  1034.550         107.877    300.000       0.211       1.284                0.000               0.000               0.000            0.000                0.000              0.00000 
  1035.550         107.853    300.000       0.211       1.284                0.000               0.000               0.000            0.000                0.000              0.00000 
  1036.550         107.829    300.000       0.211       1.284                0.000               0.000               0.000            0.000                0.000              0.00000 
  1037.550         107.805    300.000       0.211       1.284                0.000               0.000               0.000            0.000                0.000              0.00000 
  1038.550         107.781    300.000       0.211       1.284                0.000               0.000               0.000            0.000                0.000              0.00000 
  1039.550         107.757    300.000       0.211       1.284                0.000               0.000               0.000            0.000                0.000              0.00000 
  1040.550         107.732    300.000       0.211       1.284                0.000               0.000               0.000            0.000                0.000              0.00000 
  1041.550         107.708    300.000       0.211       1.284                0.000               0.000               0.000            0.000                0.000              0.00000 
  1042.550         107.683    300.000       0.211       1.284                0.000               0.000               0.000            0.000                0.000              0.00000 
  1043.550         107.659    300.000       0.211       1.284                0.000               0.000               0.000            0.000                0.000              0.00000 
  1044.550         107.634    300.000       0.211       1.284                0.000               0.000               0.000            0.000                0.000              0.00000 
  1045.550         107.609    300.000       0.211       1.284                0.000               0.000               0.000            0.000                0.000              0.00000 
  1046.550         107.584    300.000       0.211       1.284                0.000               0.000               0.000            0.000                0.000              0.00000 
  1047.550         107.559    300.000       0.211       1.284                0.000               0.000               0.000            0.000                0.000              0.00000 
  1048.550         107.534    300.000       0.211       1.284                0.000               0.000               0.000            0.000                0.000              0.00000 
  1049.550         107.509    300.000       0.211       1.284                0.000               0.000               0.000            0.000                0.000              0.00000 
  1050.550         107.484    300.000       0.211       1.284                0.000               0.000               0.000            0.000                0.000              0.00000 
  1051.550         107.459    300.000       0.211       1.284                0.000               0.000               0.000            0.000                0.000              0.00000 
  1052.550         107.433    300.000       0.211       1.284                0.000               0.000               0.000            0.000                0.000              0.00000 
  1053.550         107.408    300.000       0.211       1.284                0.000               0.000               0.000            0.000                0.000              0.00000 
  1054.550         107.382    300.000       0.211       1.284                0.000               0.000               0.000            0.000                0.000              0.00000 
  1055.550         107.357    300.000       0.211       1.284                0.000               0.000               0.000            0.000                0.000              0.00000 
  1056.550         107.331    300.000       0.211       1.284                0.000               0.000               0.000            0.000                0.000              0.00000 
  1057.550         107.305    300.000       0.211       1.284                0.000               0.000               0.000            0.000                0.000              0.00000 
  1058.550         107.279    300.000       0.211       1.284                0.000               0.000               0.000            0.000                0.000              0.00000 
  1059.550         107.253    300.000       0.211       1.284                0.000               0.000               0.000            0.000                0.000              0.00000 
  1060.550         107.227    300.000       0.211       1.284                0.000               0.000               0.000            0.000                0.000              0.00000 
  1061.550         107.201    300.000       0.211       1.284                0.000               0.000               0.000            0.000                0.000              0.00000 
  1062.550         107.174    300.000       0.211       1.284                0.000               0.000               0.000            0.000                0.000              0.00000 
  1063.550         107.148    300.000       0.211       1.284                0.000               0.000               0.000            0.000                0.000              0.00000 
  1064.550         107.122    300.000       0.211       1.284                0.000               0.000               0.000            0.000                0.000              0.00000 
  1065.550         107.095    300.000       0.211       1.284                0.000               0.000               0.000            0.000                0.000              0.00000 
  1066.550         107.068    300.000       0.211       1.284                0.000               0.000               0.000            0.000                0.000              0.00000 
  1067.550         107.041    300.000       0.211       1.284                0.000               0.000               0.000            0.000                0.000              0.00000 
  1068.550         107.015    300.000       0.211       1.284                0.000               0.000               0.000            0.000                0.000              0.00000 
  1069.550         106.988    300.000       0.211       1.284                0.000               0.000               0.000            0.000                0.000              0.00000 
  1070.550         106.961    300.000       0.211       1.284                0.000               0.000               0.000            0.000                0.000              0.00000 
  1071.550         106.933    300.000       0.211       1.284                0.000               0.000               0.000            0.000                0.000              0.00000 
  1072.550         106.906    300.000       0.211       1.284                0.000               0.000               0.000            0.000                0.000              0.00000 
  1073.550         106.879    300.000       0.211       1.284                0.000               0.000               0.000            0.000                0.000              0.00000 
  1074.550         106.851    300.000       0.211       1.284                0.000               0.000               0.000            0.000                0.000              0.00000 
  1075.550         106.824    300.000       0.211       1.284                0.000               0.000               0.000            0.000                0.000              0.00000 
  1076.550         106.796    300.000       0.211       1.284                0.000               0.000               0.000            0.000                0.000              0.00000 
  1077.550         106.768    300.000       0.211       1.284                0.000               0.000               0.000            0.000                0.000              0.00000 
  1078.550         106.740    300.000       0.211       1.284                0.000               0.000               0.000            0.000                0.000              0.00000 
  1079.550         106.712    300.000       0.211       1.284                0.000               0.000               0.000            0.000                0.000              0.00000 
  1080.550         106.684    300.000       0.211       1.284                0.000               0.000               0.000            0.000                0.000              0.00000 
  1081.550         106.656    300.000       0.211       1.284                0.000               0.000               0.000            0.000                0.000              0.00000 
  1082.550         106.628    300.000       0.211       1.284                0.000               0.000               0.000            0.000                0.000              0.00000 
  1083.550         106.599    300.000       0.211       1.284                0.000               0.000               0.000            0.000                0.000              0.00000 
  1084.550         106.571    300.000       0.211       1.284                0.000               0.000               0.000            0.000                0.000              0.00000 
  1085.550         106.542    300.000       0.211       1.284                0.000               0.000               0.000            0.000                0.000              0.00000 
  1086.550         106.514    300.000       0.211       1.284                0.000               0.000               0.000            0.000                0.000              0.00000 
  1087.550         106.485    300.000       0.211       1.284                0.000               0.000               0.000            0.000                0.000              0.00000 
  1088.550         106.456    300.000       0.211       1.284                0.000               0.000               0.000            0.000                0.000              0.00000 
  1089.550         106.427    300.000       0.211       1.284                0.000               0.000               0.000            0.000                0.000              0.00000 
  1090.550         106.398    300.000       0.211       1.284                0.000               0.000               0.000            0.000                0.000              0.00000 
  1091.550         106.369    300.000       0.211       1.284                0.000               0.000               0.000            0.000                0.000              0.00000 
  1092.550         106.339    300.000       0.211       1.284                0.000               0.000               0.000            0.000                0.000              0.00000 
  1093.550         106.310    300.000       0.211       1.284                0.000               0.000               0.000            0.000                0.000              0.00000 
  1094.550         106.280    300.000       0.211       1.284                0.000               0.000               0.000            0.000                0.000              0.00000 
  1095.550         106.251    300.000       0.211       1.284                0.000               0.000               0.000            0.000                0.000              0.00000 
  1096.550         106.221    300.000       0.211       1.284                0.000               0.000               0.000            0.000                0.000              0.00000 
  1097.550         106.191    300.000       0.211       1.284                0.000               0.000               0.000            0.000                0.000              0.00000 
  1098.550         106.161    300.000       0.211       1.284                0.000               0.000               0.000            0.000                0.000              0.00000 
  1099.550         106.131    300.000       0.211       1.284                0.000               0.000               0.000            0.000                0.000              0.00000 
  1100.550         106.101    300.000       0.211       1.284                0.000               0.000               0.000            0.000                0.000              0.00000 
  1101.550         106.070    300.000       0.211       1.284                0.000               0.000               0.000            0.000                0.000              0.00000 
  1102.550         106.040    300.000       0.211       1.284                0.000               0.000               0.000            0.000                0.000              0.00000 
  1103.550         106.009    300.000       0.211       1.284                0.000               0.000               0.000            0.000                0.000              0.00000 
  1104.550         105.979    300.000       0.211       1.284                0.000               0.000               0.000            0.000                0.000              0.00000 
  1105.550         105.948    300.000       0.211       1.284                0.000               0.000               0.000            0.000                0.000              0.00000 
  1106.550         105.917    300.000       0.211       1.284                0.000               0.000               0.000            0.000                0.000              0.00000 
  1107.550         105.886    300.000       0.211       1.284                0.000               0.000               0.000            0.000                0.000              0.00000 
  1108.550         105.855    300.000       0.211       1.284                0.000               0.000               0.000            0.000                0.000              0.00000 
  1109.550         105.823    300.000       0.211       1.284                0.000               0.000               0.000            0.000                0.000              0.00000 
  1110.550         105.792    300.000       0.211       1.284                0.000               0.000               0.000            0.000                0.000              0.00000 
  1111.550         105.761    300.000       0.211       1.284                0.000               0.000               0.000            0.000                0.000              0.00000 
  1112.550         105.729    300.000       0.211       1.284                0.000               0.000               0.000            0.000                0.000              0.00000 
  1113.550         105.697    300.000       0.211       1.284                0.000               0.000               0.000            0.000                0.000              0.00000 
  1114.550         105.665    300.000       0.211       1.284                0.000               0.000               0.000            0.000                0.000              0.00000 
  1115.550         105.633    300.000       0.211       1.284                0.000               0.000               0.000            0.000                0.000              0.00000 
  1116.550         105.601    300.000       0.211       1.284                0.000               0.000               0.000            0.000                0.000              0.00000 
  1117.550         105.569    300.000       0.211       1.284                0.000               0.000               0.000            0.000                0.000              0.00000 
  1118.550         105.537    300.000       0.211       1.284                0.000               0.000               0.000            0.000                0.000              0.00000 
  1119.550         105.504    300.000       0.211       1.284                0.000               0.000               0.000            0.000                0.000              0.00000 
  1120.550         105.472    300.000       0.211       1.284                0.000               0.000               0.000            0.000                0.000              0.00000 
  1121.550         105.439    300.000       0.211       1.284                0.000               0.000               0.000            0.000                0.000              0.00000 
  1122.550         105.406    300.000       0.211       1.284                0.000               0.000               0.000            0.000                0.000              0.00000 
  1123.550         105.373    300.000       0.211       1.284                0.000               0.000               0.000            0.000                0.000              0.00000 
  1124.550         105.340    300.000       0.211       1.284                0.000               0.000               0.000            0.000                0.000              0.00000 
  1125.550         105.307    300.000       0.211       1.284                0.000               0.000               0.000            0.000                0.000              0.00000 
  1126.550         105.274    300.000       0.211       1.284                0.000               0.000               0.000            0.000                0.000              0.00000 
  1127.550         105.240    300.000       0.211       1.284                0.000               0.000               0.000            0.000                0.000              0.00000 
  1128.550         105.207    300.000       0.211       1.284                0.000               0.000               0.000            0.000                0.000              0.00000 
  1129.550         105.173    300.000       0.211       1.284                0.000               0.000               0.000            0.000                0.000              0.00000 
  1130.550         105.139    300.000       0.211       1.284                0.000               0.000               0.000            0.000                0.000              0.00000 
  1131.550         105.105    300.000       0.211       1.284                0.000               0.000               0.000            0.000                0.000              0.00000 
  1132.550         105.071    300.000       0.211       1.284                0.000               0.000               0.000            0.000                0.000              0.00000 
  1133.550         105.037    300.000       0.211       1.284                0.000               0.000               0.000            0.000                0.000              0.00000 
  1134.550         105.002    300.000       0.211       1.284                0.000               0.000               0.000            0.000                0.000              0.00000 
  1135.550         104.968    300.000       0.211       1.284                0.000               0.000               0.000            0.000                0.000              0.00000 
  1136.550         104.933    300.000       0.211       1.284                0.000               0.000               0.000            0.000                0.000              0.00000 
  1137.550         104.898    300.000       0.211       1.284                0.000               0.000               0.000            0.000                0.000              0.00000 
  1138.550         104.864    300.000       0.211       1.284                0.000               0.000               0.000            0.000                0.000              0.00000 
  1139.550         104.828    300.000       0.211       1.284                0.000               0.000               0.000            0.000                0.000              0.00000 
  1140.550         104.793    300.000       0.211       1.284                0.000               0.000               0.000            0.000                0.000              0.00000 
  1141.550         104.758    300.000       0.211       1.284                0.000               0.000               0.000            0.000                0.000              0.00000 
  1142.550         104.723    300.000       0.211       1.284                0.000               0.000               0.000            0.000                0.000              0.00000 
  1143.550         104.687    300.000       0.211       1.284                0.000               0.000               0.000            0.000                0.000              0.00000 
  1144.550         104.651    300.000       0.211       1.284                0.000               0.000               0.000            0.000                0.000              0.00000 
  1145.550         104.615    300.000       0.211       1.284                0.000               0.000               0.000            0.000                0.000              0.00000 
  1146.550         104.579    300.000       0.211       1.284                0.000               0.000               0.000            0.000                0.000              0.00000 
  1147.550         104.543    300.000       0.211       1.284                0.000               0.000               0.000            0.000                0.000              0.00000 
  1148.550         104.507    300.000       0.211       1.284                0.000               0.000               0.000            0.000                0.000              0.00000 
  1149.550         104.471    300.000       0.211       1.284                0.000               0.000               0.000            0.000                0.000              0.00000 
  1150.550         104.434    300.000       0.211       1.284                0.000               0.000               0.000            0.000                0.000              0.00000 
  1151.550         104.397    300.000       0.211       1.284                0.000               0.000               0.000            0.000                0.000              0.00000 
  1152.550         104.360    300.000       0.211       1.284                0.000               0.000               0.000            0.000                0.000              0.00000 
  1153.550         104.323    300.000       0.211       1.284                0.000               0.000               0.000            0.000                0.000              0.00000 
  1154.550         104.286    300.000       0.211       1.284                0.000               0.000               0.000            0.000                0.000              0.00000 
  1155.550         104.249    300.000       0.211       1.284                0.000               0.000               0.000            0.000                0.000              0.00000 
  1156.550         104.212    300.000       0.211       1.284                0.000               0.000               0.000            0.000                0.000              0.00000 
  1157.550         104.174    300.000       0.211       1.284                0.000               0.000               0.000            0.000                0.000              0.00000 
  1158.550         104.136    300.000       0.211       1.284                0.000               0.000               0.000            0.000                0.000              0.00000 
  1159.550         104.098    300.000       0.211       1.284                0.000               0.000               0.000            0.000                0.000              0.00000 
  1160.550         104.060    300.000       0.211       1.284                0.000               0.000               0.000            0.000                0.000              0.00000 
  1161.550         104.022    300.000       0.211       1.284                0.000               0.000               0.000            0.000                0.000              0.00000 
  1162.550         103.984    300.000       0.211       1.284                0.000               0.000               0.000            0.000                0.000              0.00000 
  1163.550         103.945    300.000       0.211       1.284                0.000               0.000               0.000            0.000                0.000              0.00000 
  1164.550         103.907    300.000       0.211       1.284                0.000               0.000               0.000            0.000                0.000              0.00000 
  1165.550         103.868    300.000       0.211       1.284                0.000               0.000               0.000            0.000                0.000              0.00000 
  1166.550         103.829    300.000       0.211       1.284                0.000               0.000               0.000            0.000                0.000              0.00000 
  1167.550         103.790    300.000       0.211       1.284                0.000               0.000               0.000            0.000                0.000              0.00000 
  1168.550         103.751    300.000       0.211       1.284                0.000               0.000               0.000            0.000                0.000              0.00000 
  1169.550         103.711    300.000       0.211       1.284                0.000               0.000               0.000            0.000                0.000              0.00000 
  1170.550         103.672    300.000       0.211       1.284                0.000               0.000               0.000            0.000                0.000              0.00000 
  1171.550         103.632    300.000       0.211       1.284                0.000               0.000               0.000            0.000                0.000              0.00000 
  1172.550         103.592    300.000       0.211       1.284                0.000               0.000               0.000            0.000                0.000              0.00000 
  1173.550         103.552    300.000       0.211       1.284                0.000               0.000               0.000            0.000                0.000              0.00000 
  1174.550         103.512    300.000       0.211       1.284                0.000               0.000               0.000            0.000                0.000              0.00000 
  1175.550         103.472    300.000       0.211       1.284                0.000               0.000               0.000            0.000                0.000              0.00000 
  1176.550         103.431    300.000       0.211       1.284                0.000               0.000               0.000            0.000                0.000              0.00000 
  1177.550         103.390    300.000       0.211       1.284                0.000               0.000               0.000            0.000                0.000              0.00000 
  1178.550         103.349    300.000       0.211       1.284                0.000               0.000               0.000            0.000                0.000              0.00000 
  1179.550         103.308    300.000       0.211       1.284                0.000               0.000               0.000            0.000                0.000              0.00000 
  1180.550         103.267    300.000       0.211       1.284                0.000               0.000               0.000            0.000                0.000              0.00000 
  1181.550         103.226    300.000       0.211       1.284                0.000               0.000               0.000            0.000                0.000              0.00000 
  1182.550         103.184    300.000       0.211       1.284                0.000               0.000               0.000            0.000                0.000              0.00000 
  1183.550         103.143    300.000       0.211       1.284                0.000               0.000               0.000            0.000                0.000              0.00000 
  1184.550         103.101    300.000       0.211       1.284                0.000               0.000               0.000            0.000                0.000              0.00000 
  1185.550         103.059    300.000       0.211       1.284                0.000               0.000               0.000            0.000                0.000              0.00000 
  1186.550         103.017    300.000       0.211       1.284                0.000               0.000               0.000            0.000                0.000              0.00000 
  1187.550         102.974    300.000       0.211       1.284                0.000               0.000               0.000            0.000                0.000              0.00000 
  1188.550         102.932    300.000       0.211       1.284                0.000               0.000               0.000            0.000                0.000              0.00000 
  1189.550         102.889    300.000       0.211       1.284                0.000               0.000               0.000            0.000                0.000              0.00000 
  1190.550         102.846    300.000       0.211       1.284                0.000               0.000               0.000            0.000                0.000              0.00000 
  1191.550         102.803    300.000       0.211       1.284                0.000               0.000               0.000            0.000                0.000              0.00000 
  1192.550         102.760    300.000       0.211       1.284                0.000               0.000               0.000            0.000                0.000              0.00000 
  1193.550         102.717    300.000       0.211       1.284                0.000               0.000               0.000            0.000                0.000              0.00000 
  1194.550         102.673    300.000       0.211       1.284                0.000               0.000               0.000            0.000                0.000              0.00000 
  1195.550         102.629    300.000       0.211       1.284                0.000               0.000               0.000            0.000                0.000              0.00000 
  1196.550         102.585    300.000       0.211       1.284                0.000               0.000               0.000            0.000                0.000              0.00000 
  1197.550         102.541    300.000       0.211       1.284                0.000               0.000               0.000            0.000                0.000              0.00000 
  1198.550         102.497    300.000       0.211       1.284                0.000               0.000               0.000            0.000                0.000              0.00000 
  1199.550         102.453    300.000       0.211       1.284                0.000               0.000               0.000            0.000                0.000              0.00000 
  1200.550         102.408    300.000       0.211       1.284                0.000               0.000               0.000            0.000                0.000              0.00000 
  1201.550         102.363    300.000       0.211       1.284                0.000               0.000               0.000            0.000                0.000              0.00000 
  1202.550         102.318    300.000       0.211       1.284                0.000               0.000               0.000            0.000                0.000              0.00000 
  1203.550         102.273    300.000       0.211       1.284                0.000               0.000               0.000            0.000                0.000              0.00000 
  1204.550         102.227    300.000       0.211       1.284                0.000               0.000               0.000            0.000                0.000              0.00000 
  1205.550         102.182    300.000       0.211       1.284                0.000               0.000               0.000            0.000                0.000              0.00000 
  1206.550         102.136    300.000       0.211       1.284                0.000               0.000               0.000            0.000                0.000              0.00000 
  1207.550         102.090    300.000       0.211       1.284                0.000               0.000               0.000            0.000                0.000              0.00000 
  1208.550         102.044    300.000       0.211       1.284                0.000               0.000               0.000            0.000                0.000              0.00000 
  1209.550         101.998    300.000       0.211       1.284                0.000               0.000               0.000            0.000                0.000              0.00000 
  1210.550         101.951    300.000       0.211       1.284                0.000               0.000               0.000            0.000                0.000              0.00000 
  1211.550         101.904    300.000       0.211       1.284                0.000               0.000               0.000            0.000                0.000              0.00000 
  1212.550         101.858    300.000       0.211       1.284                0.000               0.000               0.000            0.000                0.000              0.00000 
  1213.550         101.810    300.000       0.211       1.284                0.000               0.000               0.000            0.000                0.000              0.00000 
  1214.550         101.763    300.000       0.211       1.284                0.000               0.000               0.000            0.000                0.000              0.00000 
  1215.550         101.716    300.000       0.211       1.284                0.000               0.000               0.000            0.000                0.000              0.00000 
  1216.550         101.668    300.000       0.211       1.284                0.000               0.000               0.000            0.000                0.000              0.00000 
  1217.550         101.620    300.000       0.211       1.284                0.000               0.000               0.000            0.000                0.000              0.00000 
  1218.550         101.572    300.000       0.211       1.284                0.000               0.000               0.000            0.000                0.000              0.00000 
  1219.550         101.524    300.000       0.211       1.284                0.000               0.000               0.000            0.000                0.000              0.00000 
  1220.550         101.475    300.000       0.211       1.284                0.000               0.000               0.000            0.000                0.000              0.00000 
  1221.550         101.426    300.000       0.211       1.284                0.000               0.000               0.000            0.000                0.000              0.00000 
  1222.550         101.377    300.000       0.211       1.284                0.000               0.000               0.000            0.000                0.000              0.00000 
  1223.550         101.328    300.000       0.211       1.284                0.000               0.000               0.000            0.000                0.000              0.00000 
  1224.550         101.279    300.000       0.211       1.284                0.000               0.000               0.000            0.000                0.000              0.00000 
  1225.550         101.230    300.000       0.211       1.284                0.000               0.000               0.000            0.000                0.000              0.00000 
  1226.550         101.180    300.000       0.211       1.284                0.000               0.000               0.000            0.000                0.000              0.00000 
  1227.550         101.130    300.000       0.211       1.284                0.000               0.000               0.000            0.000                0.000              0.00000 
  1228.550         101.080    300.000       0.211       1.284                0.000               0.000               0.000            0.000                0.000              0.00000 
  1229.550         101.029    300.000       0.211       1.284                0.000               0.000               0.000            0.000                0.000              0.00000 
  1230.550         100.979    300.000       0.211       1.284                0.000               0.000               0.000            0.000                0.000              0.00000 
  1231.550         100.928    300.000       0.211       1.284                0.000               0.000               0.000            0.000                0.000              0.00000 
  1232.550         100.877    300.000       0.211       1.284                0.000               0.000               0.000            0.000                0.000              0.00000 
  1233.550         100.826    300.000       0.211       1.284                0.000               0.000               0.000            0.000                0.000              0.00000 
  1234.550         100.774    300.000       0.211       1.284                0.000               0.000               0.000            0.000                0.000              0.00000 
  1235.550         100.722    300.000       0.211       1.284                0.000               0.000               0.000            0.000                0.000              0.00000 
  1236.550         100.671    300.000       0.211       1.284                0.000               0.000               0.000            0.000                0.000              0.00000 
  1237.550         100.618    300.000       0.211       1.284                0.000               0.000               0.000            0.000                0.000              0.00000 
  1238.550         100.566    300.000       0.211       1.284                0.000               0.000               0.000            0.000                0.000              0.00000 
  1239.550         100.513    300.000       0.211       1.284                0.000               0.000               0.000            0.000                0.000              0.00000 
  1240.550         100.461    300.000       0.211       1.284                0.000               0.000               0.000            0.000                0.000              0.00000 
  1241.550         100.408    300.000       0.211       1.284                0.000               0.000               0.000            0.000                0.000              0.00000 
  1242.550         100.354    300.000       0.211       1.284                0.000               0.000               0.000            0.000                0.000              0.00000 
  1243.550         100.301    300.000       0.211       1.284                0.000               0.000               0.000            0.000                0.000              0.00000 
  1244.550         100.247    300.000       0.211       1.284                0.000               0.000               0.000            0.000                0.000              0.00000 
  1245.550         100.193    300.000       0.211       1.284                0.000               0.000               0.000            0.000                0.000              0.00000 
  1246.550         100.139    300.000       0.211       1.284                0.000               0.000               0.000            0.000                0.000              0.00000 
  1247.550         100.085    300.000       0.211       1.284                0.000               0.000               0.000            0.000                0.000              0.00000 
  1248.550         100.030    300.000       0.211       1.284                0.000               0.000               0.000            0.000                0.000              0.00000 
  1249.550          99.975    300.000       0.211       1.284                0.000               0.000               0.000            0.000                0.000              0.00000 
  1250.550          99.920    300.000       0.211       1.284                0.000               0.000               0.000            0.000                0.000              0.00000 
  1251.550          99.865    300.000       0.211       1.284                0.000               0.000               0.000            0.000                0.000              0.00000 
  1252.550          99.809    300.000       0.211       1.284                0.000               0.000               0.000            0.000                0.000              0.00000 
  1253.550          99.753    300.000       0.211       1.284                0.000               0.000               0.000            0.000                0.000              0.00000 
  1254.550          99.697    300.000       0.211       1.284                0.000               0.000               0.000            0.000                0.000              0.00000 
  1255.550          99.641    300.000       0.211       1.284                0.000               0.000               0.000            0.000                0.000              0.00000 
  1256.550          99.584    300.000       0.211       1.284                0.000               0.000               0.000            0.000                0.000              0.00000 
  1257.550          99.527    300.000       0.211       1.284                0.000               0.000               0.000            0.000                0.000              0.00000 
  1258.550          99.470    300.000       0.211       1.284                0.000               0.000               0.000            0.000                0.000              0.00000 
  1259.550          99.413    300.000       0.211       1.284                0.000               0.000               0.000            0.000                0.000              0.00000 
  1260.550          99.355    300.000       0.211       1.284                0.000               0.000               0.000            0.000                0.000              0.00000 
  1261.550          99.297    300.000       0.211       1.284                0.000               0.000               0.000            0.000                0.000              0.00000 
  1262.550          99.239    300.000       0.211       1.284                0.000               0.000               0.000            0.000                0.000              0.00000 
  1263.550          99.181    300.000       0.211       1.284                0.000               0.000               0.000            0.000                0.000              0.00000 
  1264.550          99.122    300.000       0.211       1.284                0.000               0.000               0.000            0.000                0.000              0.00000 
  1265.550          99.063    300.000       0.211       1.284                0.000               0.000               0.000            0.000                0.000              0.00000 
  1266.550          99.004    300.000       0.211       1.284                0.000               0.000               0.000            0.000                0.000              0.00000 
  1267.550          98.944    300.000       0.211       1.284                0.000               0.000               0.000            0.000                0.000              0.00000 
  1268.550          98.885    300.000       0.211       1.284                0.000               0.000               0.000            0.000                0.000              0.00000 
  1269.550          98.825    300.000       0.211       1.284                0.000               0.000               0.000            0.000                0.000              0.00000 
  1270.550          98.764    300.000       0.211       1.284                0.000               0.000               0.000            0.000                0.000              0.00000 
  1271.550          98.704    300.000       0.211       1.284                0.000               0.000               0.000            0.000                0.000              0.00000 
  1272.550          98.643    300.000       0.211       1.284                0.000               0.000               0.000            0.000                0.000              0.00000 
  1273.550          98.582    300.000       0.211       1.284                0.000               0.000               0.000            0.000                0.000              0.00000 
  1274.550          98.521    300.000       0.211       1.284                0.000               0.000               0.000            0.000                0.000              0.00000 
  1275.550          98.459    300.000       0.211       1.284                0.000               0.000               0.000            0.000                0.000              0.00000 
  1276.550          98.397    300.000       0.211       1.284                0.000               0.000               0.000            0.000                0.000              0.00000 
  1277.550          98.335    300.000       0.211       1.284                0.000               0.000               0.000            0.000                0.000              0.00000 
  1278.550          98.272    300.000       0.211       1.284                0.000               0.000               0.000            0.000                0.000              0.00000 
  1279.550          98.210    300.000       0.211       1.284                0.000               0.000               0.000            0.000                0.000              0.00000 
  1280.550          98.147    300.000       0.211       1.284                0.000               0.000               0.000            0.000                0.000              0.00000 
  1281.550          98.083    300.000       0.211       1.284                0.000               0.000               0.000            0.000                0.000              0.00000 
  1282.550          98.020    300.000       0.211       1.284                0.000               0.000               0.000            0.000                0.000              0.00000 
