#_______________________________________________________________________________
#    ######   ####     ##             #####   #####     ##    #    #    ##
#    #       #        #  #            #    #  #    #   #  #   ##  ##   #  #
#    #####    ####   ######           #    #  #####   ######  # ## #  ######
#    #            #  #    #           #    #  #    #  #    #  #    #  #    #
#____######__#####___#____#___________#####___#____#__#____#__#____#__#____#____
#
#              ESA Debris Risk Assessment and Mitigation Analysis
#
#                      ---- DRAMA ( SESAM 2.3.0 ) ----
#                                      ESA 2018 
#
#                              trajectory history file
#-------------------------------------------------------------------------------
# Filename      : PySara.ADCS.e47378b3-1487-48d7-99ad-2143d6155f1d_Trajectory.txt
# RunID         : PySara
# ObjectID      : e47378b3-1487-48d7-99ad-2143d6155f1d
# ObjectName    : ADCS
# Content       : This file contains the trajectory state data of the object,
#                 computed by the DRAMA 3 Re-entry Analysis.
# Documentation : DRAMA Software User Manual, section OPERATIONS MANUAL / Normal operation / SARA / SARA Simulation Output / Re-entry simulation output
#
#--------------------------------------------------------------------------------------------------------------------------------------------------------------------------------------------------------------------------------
#  Time [s]  Altitude [km]  Lat [deg]  Lon [deg]  Velocity [km/s]   Downrange [km]       Drag       Lift       Side    Knudsen       Mach  Flight Path [deg]  Heading [deg]  Density [kg/m^2]  DynPressure [Pa]   Load Factor [g]
#--------------------------------------------------------------------------------------------------------------------------------------------------------------------------------------------------------------------------------
  1370.750          90.959    -46.230    -68.191            7.672        10664.955      1.184      0.000      0.000    0.21869   27.96062           -0.74942      194.59300         2.881e-06         8.479e+01         4.232e-01 
  1370.850          90.949    -46.237    -68.194            7.672        10665.713      1.184      0.000      0.000    0.21835   27.95944           -0.74988      194.59418         2.885e-06         8.491e+01         4.236e-01 
  1371.300          90.903    -46.267    -68.205            7.670        10669.120      1.182      0.000      0.000    0.21677   27.95396           -0.75197      194.59946         2.906e-06         8.550e+01         4.257e-01 
  1372.300          90.802    -46.333    -68.229            7.666        10676.689      1.177      0.000      0.000    0.21319   27.94127           -0.75665      194.61124         2.955e-06         8.685e+01         4.306e-01 
  1373.300          90.701    -46.398    -68.254            7.662        10684.254      1.171      0.000      0.000    0.20940   27.92744           -0.76142      194.62305         3.009e-06         8.834e+01         4.359e-01 
  1374.300          90.599    -46.464    -68.279            7.658        10691.815      1.165      0.000      0.000    0.20565   27.91340           -0.76626      194.63490         3.064e-06         8.986e+01         4.413e-01 
  1375.300          90.496    -46.530    -68.304            7.653        10699.372      1.160      0.000      0.000    0.20195   27.89914           -0.77117      194.64679         3.121e-06         9.141e+01         4.467e-01 
  1376.300          90.393    -46.595    -68.329            7.649        10706.924      1.154      0.000      0.000    0.19829   27.88467           -0.77617      194.65872         3.179e-06         9.300e+01         4.523e-01 
  1377.300          90.289    -46.661    -68.354            7.645        10714.473      1.148      0.000      0.000    0.19468   27.86997           -0.78125      194.67069         3.238e-06         9.463e+01         4.579e-01 
  1378.300          90.184    -46.727    -68.379            7.640        10722.017      1.142      0.000      0.000    0.19111   27.85505           -0.78641      194.68270         3.299e-06         9.629e+01         4.636e-01 
  1379.300          90.079    -46.792    -68.404            7.636        10729.557      1.137      0.000      0.000    0.18759   27.83990           -0.79165      194.69475         3.361e-06         9.799e+01         4.693e-01 
  1380.300          89.973    -46.858    -68.429            7.631        10737.092      1.131      0.000      0.000    0.18411   27.82452           -0.79697      194.70684         3.425e-06         9.974e+01         4.752e-01 
  1381.300          89.867    -46.923    -68.454            7.627        10744.623      1.125      0.000      0.000    0.18067   27.80890           -0.80238      194.71896         3.490e-06         1.015e+02         4.812e-01 
  1382.300          89.760    -46.988    -68.479            7.622        10752.150      1.119      0.000      0.000    0.17728   27.79305           -0.80788      194.73113         3.557e-06         1.033e+02         4.872e-01 
  1383.300          89.652    -47.054    -68.504            7.618        10759.672      1.113      0.000      0.000    0.17393   27.77695           -0.81346      194.74333         3.626e-06         1.052e+02         4.933e-01 
  1384.300          89.543    -47.119    -68.529            7.613        10767.189      1.107      0.000      0.000    0.17062   27.76061           -0.81913      194.75557         3.696e-06         1.071e+02         4.996e-01 
  1385.300          89.434    -47.184    -68.554            7.608        10774.701      1.100      0.000      0.000    0.16736   27.74402           -0.82489      194.76785         3.769e-06         1.091e+02         5.059e-01 
  1386.300          89.324    -47.250    -68.580            7.603        10782.209      1.094      0.000      0.000    0.16413   27.72718           -0.83074      194.78017         3.843e-06         1.111e+02         5.123e-01 
  1387.300          89.214    -47.315    -68.605            7.598        10789.712      1.088      0.000      0.000    0.16095   27.71009           -0.83668      194.79253         3.919e-06         1.132e+02         5.188e-01 
  1388.300          89.102    -47.380    -68.630            7.593        10797.211      1.082      0.000      0.000    0.15781   27.69273           -0.84272      194.80493         3.997e-06         1.153e+02         5.255e-01 
  1389.300          88.990    -47.445    -68.656            7.588        10804.704      1.076      0.000      0.000    0.15471   27.67511           -0.84884      194.81737         4.078e-06         1.174e+02         5.322e-01 
  1390.300          88.878    -47.510    -68.681            7.583        10812.192      1.069      0.000      0.000    0.15164   27.65722           -0.85507      194.82984         4.160e-06         1.196e+02         5.391e-01 
  1391.300          88.764    -47.575    -68.706            7.578        10819.675      1.063      0.000      0.000    0.14862   27.63906           -0.86139      194.84236         4.245e-06         1.219e+02         5.460e-01 
  1392.300          88.650    -47.640    -68.732            7.573        10827.154      1.056      0.000      0.000    0.14564   27.62063           -0.86781      194.85491         4.332e-06         1.242e+02         5.531e-01 
  1393.300          88.535    -47.705    -68.757            7.567        10834.626      1.050      0.000      0.000    0.14270   27.60191           -0.87432      194.86750         4.422e-06         1.266e+02         5.603e-01 
  1394.300          88.419    -47.770    -68.783            7.562        10842.094      1.044      0.000      0.000    0.13980   27.58291           -0.88094      194.88013         4.514e-06         1.291e+02         5.676e-01 
  1395.300          88.302    -47.835    -68.808            7.556        10849.557      1.037      0.000      0.000    0.13694   27.56362           -0.88766      194.89280         4.608e-06         1.316e+02         5.751e-01 
  1396.300          88.185    -47.899    -68.834            7.551        10857.014      1.031      0.000      0.000    0.13412   27.54405           -0.89448      194.90550         4.705e-06         1.342e+02         5.827e-01 
  1397.300          88.066    -47.964    -68.860            7.545        10864.465      1.024      0.000      0.000    0.13133   27.52417           -0.90141      194.91825         4.805e-06         1.368e+02         5.904e-01 
  1398.300          87.947    -48.029    -68.885            7.540        10871.911      1.017      0.000      0.000    0.12859   27.50399           -0.90845      194.93103         4.908e-06         1.395e+02         5.983e-01 
  1399.300          87.827    -48.093    -68.911            7.534        10879.351      1.011      0.000      0.000    0.12588   27.48351           -0.91559      194.94385         5.014e-06         1.423e+02         6.063e-01 
  1400.300          87.706    -48.158    -68.937            7.528        10886.786      1.004      0.000      0.000    0.12321   27.46272           -0.92284      194.95671         5.123e-06         1.452e+02         6.144e-01 
  1401.300          87.585    -48.222    -68.963            7.522        10894.215      0.998      0.000      0.000    0.12058   27.44161           -0.93020      194.96961         5.235e-06         1.481e+02         6.227e-01 
  1402.300          87.462    -48.287    -68.988            7.516        10901.638      0.991      0.000      0.000    0.11799   27.42019           -0.93768      194.98255         5.350e-06         1.511e+02         6.311e-01 
  1403.300          87.339    -48.351    -69.014            7.510        10909.055      0.984      0.000      0.000    0.11543   27.39844           -0.94527      194.99552         5.468e-06         1.542e+02         6.398e-01 
  1404.300          87.214    -48.415    -69.040            7.504        10916.466      0.978      0.000      0.000    0.11291   27.37637           -0.95297      195.00853         5.591e-06         1.574e+02         6.485e-01 
  1405.300          87.089    -48.480    -69.066            7.498        10923.871      0.971      0.000      0.000    0.11043   27.35397           -0.96080      195.02158         5.716e-06         1.607e+02         6.575e-01 
  1406.300          86.963    -48.544    -69.092            7.491        10931.270      0.964      0.000      0.000    0.10799   27.33123           -0.96874      195.03467         5.846e-06         1.641e+02         6.666e-01 
  1407.300          86.836    -48.608    -69.118            7.485        10938.663      0.957      0.000      0.000    0.10558   27.30815           -0.97680      195.04779         5.979e-06         1.675e+02         6.759e-01 
  1408.300          86.708    -48.672    -69.144            7.478        10946.049      0.951      0.000      0.000    0.10321   27.28473           -0.98499      195.06095         6.117e-06         1.711e+02         6.854e-01 
  1409.300          86.579    -48.736    -69.170            7.472        10953.429      0.944      0.000      0.000    0.10087   27.26096           -0.99330      195.07415         6.259e-06         1.747e+02         6.952e-01 
  1410.300          86.449    -48.800    -69.196            7.465        10960.802      0.937      0.000      0.000    0.09857   27.23684           -1.00174      195.08738         6.405e-06         1.785e+02         7.051e-01 
  1411.300          86.318    -48.864    -69.222            7.458        10968.169      0.931      0.000      0.000    0.09630   27.21236           -1.01030      195.10066         6.556e-06         1.824e+02         7.152e-01 
  1412.300          86.186    -48.928    -69.248            7.451        10975.529      0.924      0.000      0.000    0.09407   27.18752           -1.01900      195.11396         6.712e-06         1.864e+02         7.256e-01 
  1413.300          86.053    -48.992    -69.275            7.444        10982.882      0.917      0.000      0.000    0.09186   27.16232           -1.02783      195.12731         6.873e-06         1.905e+02         7.362e-01 
  1414.300          85.919    -49.055    -69.301            7.437        10990.228      0.911      0.000      0.000    0.08977   27.12745           -1.03679      195.14069         7.034e-06         1.946e+02         7.467e-01 
  1415.300          85.784    -49.119    -69.327            7.430        10997.567      0.904      0.000      0.000    0.08777   27.08215           -1.04589      195.15410         7.194e-06         1.986e+02         7.570e-01 
  1416.300          85.647    -49.183    -69.353            7.423        11004.900      0.898      0.000      0.000    0.08580   27.03644           -1.05513      195.16756         7.359e-06         2.028e+02         7.675e-01 
  1417.300          85.510    -49.246    -69.380            7.415        11012.224      0.892      0.000      0.000    0.08386   26.99029           -1.06451      195.18104         7.529e-06         2.071e+02         7.782e-01 
  1418.300          85.372    -49.310    -69.406            7.408        11019.542      0.886      0.000      0.000    0.08195   26.94367           -1.07403      195.19457         7.705e-06         2.114e+02         7.892e-01 
  1419.300          85.232    -49.373    -69.432            7.400        11026.852      0.880      0.000      0.000    0.08008   26.89660           -1.08370      195.20813         7.885e-06         2.160e+02         8.004e-01 
  1420.300          85.092    -49.436    -69.459            7.392        11034.155      0.873      0.000      0.000    0.07823   26.84905           -1.09351      195.22172         8.071e-06         2.206e+02         8.119e-01 
  1421.300          84.950    -49.499    -69.485            7.384        11041.450      0.867      0.000      0.000    0.07642   26.80103           -1.10348      195.23535         8.263e-06         2.254e+02         8.236e-01 
  1422.300          84.808    -49.563    -69.511            7.376        11048.737      0.861      0.000      0.000    0.07464   26.75251           -1.11359      195.24901         8.461e-06         2.302e+02         8.356e-01 
  1423.300          84.664    -49.626    -69.538            7.368        11056.016      0.855      0.000      0.000    0.07288   26.70350           -1.12386      195.26271         8.664e-06         2.353e+02         8.478e-01 
  1424.300          84.519    -49.689    -69.564            7.360        11063.288      0.849      0.000      0.000    0.07116   26.65398           -1.13429      195.27644         8.874e-06         2.404e+02         8.604e-01 
  1425.300          84.372    -49.752    -69.591            7.352        11070.551      0.843      0.000      0.000    0.06947   26.60395           -1.14488      195.29020         9.091e-06         2.457e+02         8.732e-01 
  1426.300          84.225    -49.815    -69.618            7.343        11077.806      0.837      0.000      0.000    0.06780   26.55338           -1.15562      195.30400         9.314e-06         2.512e+02         8.863e-01 
  1427.300          84.076    -49.877    -69.644            7.335        11085.053      0.831      0.000      0.000    0.06617   26.50228           -1.16654      195.31783         9.544e-06         2.568e+02         8.998e-01 
  1428.300          83.926    -49.940    -69.671            7.326        11092.291      0.826      0.000      0.000    0.06456   26.45062           -1.17762      195.33170         9.782e-06         2.626e+02         9.136e-01 
  1429.300          83.775    -50.003    -69.697            7.317        11099.520      0.820      0.000      0.000    0.06298   26.39841           -1.18886      195.34559         1.003e-05         2.685e+02         9.277e-01 
  1430.300          83.622    -50.065    -69.724            7.308        11106.741      0.814      0.000      0.000    0.06143   26.34562           -1.20029      195.35952         1.028e-05         2.746e+02         9.423e-01 
  1431.300          83.469    -50.128    -69.751            7.299        11113.953      0.809      0.000      0.000    0.05991   26.29225           -1.21188      195.37348         1.054e-05         2.809e+02         9.571e-01 
  1432.300          83.314    -50.190    -69.777            7.290        11121.156      0.803      0.000      0.000    0.05841   26.23827           -1.22366      195.38747         1.081e-05         2.874e+02         9.724e-01 
  1433.300          83.157    -50.252    -69.804            7.280        11128.350      0.797      0.000      0.000    0.05695   26.18369           -1.23562      195.40149         1.109e-05         2.940e+02         9.881e-01 
  1434.300          83.000    -50.315    -69.831            7.271        11135.534      0.792      0.000      0.000    0.05551   26.12848           -1.24776      195.41555         1.138e-05         3.009e+02         1.004e+00 
  1435.300          82.841    -50.377    -69.858            7.261        11142.709      0.787      0.000      0.000    0.05409   26.07263           -1.26009      195.42963         1.168e-05         3.079e+02         1.021e+00 
  1436.300          82.680    -50.439    -69.885            7.251        11149.875      0.781      0.000      0.000    0.05271   26.01612           -1.27262      195.44374         1.198e-05         3.151e+02         1.038e+00 
  1437.300          82.519    -50.501    -69.911            7.241        11157.030      0.776      0.000      0.000    0.05135   25.95894           -1.28534      195.45788         1.230e-05         3.226e+02         1.055e+00 
  1438.300          82.355    -50.563    -69.938            7.231        11164.176      0.771      0.000      0.000    0.05001   25.90107           -1.29825      195.47205         1.263e-05         3.303e+02         1.073e+00 
  1439.300          82.191    -50.625    -69.965            7.220        11171.312      0.766      0.000      0.000    0.04870   25.84250           -1.31138      195.48625         1.297e-05         3.382e+02         1.092e+00 
  1440.300          82.025    -50.686    -69.992            7.210        11178.437      0.761      0.000      0.000    0.04742   25.78321           -1.32470      195.50048         1.332e-05         3.463e+02         1.111e+00 
  1441.300          81.858    -50.748    -70.019            7.199        11185.551      0.756      0.000      0.000    0.04616   25.72318           -1.33824      195.51473         1.368e-05         3.547e+02         1.131e+00 
  1442.300          81.689    -50.809    -70.046            7.188        11192.655      0.752      0.000      0.000    0.04493   25.66239           -1.35199      195.52901         1.406e-05         3.633e+02         1.151e+00 
  1443.300          81.518    -50.871    -70.073            7.177        11199.748      0.747      0.000      0.000    0.04372   25.60082           -1.36596      195.54332         1.445e-05         3.722e+02         1.172e+00 
  1444.300          81.346    -50.932    -70.100            7.166        11206.831      0.742      0.000      0.000    0.04253   25.53844           -1.38015      195.55765         1.485e-05         3.814e+02         1.193e+00 
  1445.300          81.173    -50.993    -70.127            7.154        11213.901      0.738      0.000      0.000    0.04137   25.47525           -1.39457      195.57200         1.527e-05         3.908e+02         1.215e+00 
  1446.300          80.998    -51.054    -70.154            7.142        11220.961      0.734      0.000      0.000    0.04023   25.41122           -1.40923      195.58638         1.570e-05         4.006e+02         1.238e+00 
  1447.300          80.822    -51.115    -70.181            7.130        11228.008      0.729      0.000      0.000    0.03912   25.34631           -1.42412      195.60078         1.615e-05         4.106e+02         1.262e+00 
  1448.300          80.644    -51.176    -70.208            7.118        11235.044      0.725      0.000      0.000    0.03803   25.28052           -1.43925      195.61521         1.661e-05         4.209e+02         1.286e+00 
  1449.300          80.464    -51.237    -70.235            7.105        11242.067      0.721      0.000      0.000    0.03696   25.21381           -1.45463      195.62966         1.709e-05         4.316e+02         1.311e+00 
  1450.300          80.283    -51.298    -70.262            7.092        11249.078      0.717      0.000      0.000    0.03592   25.14615           -1.47026      195.64412         1.759e-05         4.425e+02         1.337e+00 
  1451.300          80.100    -51.358    -70.289            7.079        11256.077      0.713      0.000      0.000    0.03489   25.07753           -1.48615      195.65861         1.810e-05         4.538e+02         1.364e+00 
  1452.300          79.916    -51.419    -70.316            7.066        11263.062      0.710      0.000      0.000    0.03389   25.00791           -1.50230      195.67312         1.864e-05         4.655e+02         1.392e+00 
  1453.300          79.730    -51.479    -70.343            7.053        11270.034      0.706      0.000      0.000    0.03291   24.93726           -1.51873      195.68764         1.919e-05         4.775e+02         1.421e+00 
  1454.300          79.542    -51.539    -70.370            7.039        11276.993      0.703      0.000      0.000    0.03196   24.86555           -1.53542      195.70219         1.977e-05         4.899e+02         1.451e+00 
  1455.300          79.353    -51.599    -70.398            7.025        11283.938      0.699      0.000      0.000    0.03102   24.79275           -1.55241      195.71674         2.036e-05         5.026e+02         1.482e+00 
  1456.300          79.161    -51.659    -70.425            7.010        11290.869      0.696      0.000      0.000    0.03011   24.71882           -1.56968      195.73132         2.098e-05         5.158e+02         1.513e+00 
  1457.300          78.969    -51.719    -70.452            6.995        11297.786      0.693      0.000      0.000    0.02921   24.64374           -1.58724      195.74591         2.162e-05         5.294e+02         1.546e+00 
  1458.300          78.774    -51.779    -70.479            6.980        11304.688      0.690      0.000      0.000    0.02834   24.56746           -1.60511      195.76051         2.229e-05         5.433e+02         1.580e+00 
  1459.300          78.577    -51.838    -70.506            6.965        11311.574      0.687      0.000      0.000    0.02748   24.48995           -1.62329      195.77512         2.298e-05         5.578e+02         1.616e+00 
  1460.300          78.379    -51.898    -70.533            6.949        11318.446      0.685      0.000      0.000    0.02665   24.41117           -1.64179      195.78974         2.370e-05         5.726e+02         1.652e+00 
  1461.300          78.179    -51.957    -70.560            6.933        11325.302      0.682      0.000      0.000    0.02583   24.33108           -1.66062      195.80438         2.445e-05         5.879e+02         1.690e+00 
  1462.300          77.977    -52.016    -70.587            6.916        11332.142      0.680      0.000      0.000    0.02504   24.24963           -1.67978      195.81902         2.523e-05         6.037e+02         1.730e+00 
  1463.300          77.774    -52.075    -70.615            6.899        11338.965      0.678      0.000      0.000    0.02426   24.16679           -1.69928      195.83367         2.603e-05         6.200e+02         1.770e+00 
  1464.300          77.568    -52.134    -70.642            6.882        11345.772      0.675      0.000      0.000    0.02350   24.08251           -1.71914      195.84832         2.687e-05         6.368e+02         1.812e+00 
  1465.300          77.361    -52.193    -70.669            6.864        11352.561      0.673      0.000      0.000    0.02276   23.99674           -1.73936      195.86298         2.775e-05         6.541e+02         1.856e+00 
  1466.300          77.152    -52.251    -70.696            6.846        11359.332      0.671      0.000      0.000    0.02204   23.90944           -1.75995      195.87763         2.865e-05         6.719e+02         1.901e+00 
  1467.300          76.940    -52.309    -70.723            6.827        11366.086      0.670      0.000      0.000    0.02134   23.82056           -1.78092      195.89229         2.960e-05         6.903e+02         1.948e+00 
  1468.300          76.727    -52.368    -70.750            6.808        11372.821      0.668      0.000      0.000    0.02066   23.73004           -1.80229      195.90695         3.058e-05         7.092e+02         1.997e+00 
  1469.300          76.512    -52.426    -70.777            6.789        11379.537      0.667      0.000      0.000    0.01999   23.63783           -1.82406      195.92160         3.160e-05         7.288e+02         2.047e+00 
  1470.300          76.295    -52.483    -70.804            6.769        11386.233      0.665      0.000      0.000    0.01934   23.54389           -1.84624      195.93625         3.267e-05         7.489e+02         2.099e+00 
  1471.300          76.076    -52.541    -70.831            6.748        11392.909      0.664      0.000      0.000    0.01870   23.44814           -1.86886      195.95090         3.377e-05         7.696e+02         2.153e+00 
  1472.300          75.855    -52.599    -70.858            6.727        11399.565      0.663      0.000      0.000    0.01808   23.35055           -1.89191      195.96553         3.493e-05         7.909e+02         2.209e+00 
  1473.300          75.632    -52.656    -70.885            6.705        11406.200      0.662      0.000      0.000    0.01748   23.25105           -1.91542      195.98015         3.613e-05         8.129e+02         2.266e+00 
  1474.300          75.407    -52.713    -70.912            6.683        11412.813      0.661      0.000      0.000    0.01690   23.14957           -1.93940      195.99476         3.738e-05         8.355e+02         2.326e+00 
  1475.300          75.179    -52.770    -70.939            6.660        11419.404      0.660      0.000      0.000    0.01633   23.04607           -1.96385      196.00935         3.869e-05         8.588e+02         2.388e+00 
  1476.300          74.950    -52.827    -70.966            6.637        11425.972      0.659      0.000      0.000    0.01577   22.94047           -1.98880      196.02393         4.005e-05         8.827e+02         2.452e+00 
  1477.300          74.719    -52.883    -70.993            6.612        11432.517      0.658      0.000      0.000    0.01523   22.83271           -2.01427      196.03849         4.147e-05         9.074e+02         2.518e+00 
  1478.300          74.485    -52.940    -71.019            6.588        11439.037      0.658      0.000      0.000    0.01471   22.72274           -2.04026      196.05302         4.294e-05         9.327e+02         2.586e+00 
  1479.300          74.250    -52.996    -71.046            6.562        11445.533      0.657      0.000      0.000    0.01420   22.61048           -2.06680      196.06752         4.449e-05         9.588e+02         2.657e+00 
  1480.300          74.012    -53.051    -71.073            6.536        11452.003      0.657      0.000      0.000    0.01370   22.49562           -2.09389      196.08200         4.610e-05         9.856e+02         2.738e+00 
  1481.300          73.772    -53.107    -71.099            6.509        11458.447      0.657      0.000      0.000    0.01322   22.37710           -2.12158      196.09645         4.777e-05         1.013e+03         2.854e+00 
  1482.300          73.530    -53.163    -71.126            6.480        11464.864      0.657      0.000      0.000    0.01275   22.25458           -2.14988      196.11086         4.953e-05         1.041e+03         2.977e+00 
  1483.300          73.286    -53.218    -71.153            6.450        11471.251      0.656      0.000      0.000    0.01230   22.12783           -2.17882      196.12523         5.136e-05         1.070e+03         3.108e+00 
  1484.300          73.040    -53.273    -71.179            6.419        11477.609      0.656      0.000      0.000    0.01186   21.99663           -2.20844      196.13955         5.326e-05         1.099e+03         3.246e+00 
  1485.300          72.791    -53.327    -71.205            6.387        11483.935      0.656      0.000      0.000    0.01143   21.86072           -2.23878      196.15382         5.526e-05         1.128e+03         3.393e+00 
  1486.300          72.541    -53.381    -71.232            6.352        11490.228      0.656      0.000      0.000    0.01102   21.71984           -2.26986      196.16803         5.734e-05         1.158e+03         3.548e+00 
  1487.300          72.288    -53.435    -71.258            6.317        11496.487      0.656      0.000      0.000    0.01061   21.57372           -2.30173      196.18218         5.951e-05         1.189e+03         3.711e+00 
  1488.300          72.033    -53.489    -71.284            6.279        11502.710      0.656      0.000      0.000    0.01022   21.42208           -2.33443      196.19627         6.178e-05         1.220e+03         3.884e+00 
  1489.300          71.777    -53.542    -71.310            6.240        11508.895      0.656      0.000      0.000    0.00985   21.26457           -2.36801      196.21027         6.415e-05         1.251e+03         4.066e+00 
  1490.300          71.518    -53.596    -71.336            6.199        11515.041      0.656      0.000      0.000    0.00949   21.09151           -2.40251      196.22419         6.656e-05         1.281e+03         4.254e+00 
  1491.300          71.257    -53.648    -71.362            6.157        11521.145      0.656      0.000      0.000    0.00914   20.91200           -2.43798      196.23803         6.907e-05         1.311e+03         4.451e+00 
  1492.300          70.994    -53.700    -71.387            6.112        11527.206      0.656      0.000      0.000    0.00881   20.72610           -2.47449      196.25176         7.169e-05         1.341e+03         4.657e+00 
  1493.300          70.729    -53.752    -71.413            6.065        11533.222      0.656      0.000      0.000    0.00849   20.53354           -2.51208      196.26539         7.442e-05         1.371e+03         4.873e+00 
  1494.300          70.462    -53.804    -71.438            6.016        11539.190      0.656      0.000      0.000    0.00817   20.33404           -2.55083      196.27891         7.727e-05         1.401e+03         5.098e+00 
  1495.300          70.194    -53.855    -71.463            5.964        11545.109      0.656      0.000      0.000    0.00787   20.12735           -2.59078      196.29230         8.024e-05         1.430e+03         5.332e+00 
  1496.300          69.923    -53.905    -71.489            5.910        11550.975      0.656      0.000      0.000    0.00758   19.91321           -2.63203      196.30556         8.333e-05         1.459e+03         5.576e+00 
  1497.300          69.651    -53.956    -71.513            5.854        11556.787      0.656      0.000      0.000    0.00730   19.69140           -2.67463      196.31868         8.655e-05         1.487e+03         5.827e+00 
  1498.300          69.377    -54.005    -71.538            5.795        11562.542      0.656      0.000      0.000    0.00703   19.46172           -2.71868      196.33164         8.991e-05         1.514e+03         6.086e+00 
  1499.300          69.101    -54.054    -71.562            5.734        11568.238      0.656      0.000      0.000    0.00676   19.22400           -2.76424      196.34444         9.340e-05         1.539e+03         6.351e+00 
  1500.300          68.824    -54.103    -71.587            5.670        11573.872      0.656      0.000      0.000    0.00651   18.97812           -2.81142      196.35707         9.704e-05         1.564e+03         6.620e+00 
  1501.300          68.545    -54.151    -71.611            5.603        11579.441      0.656      0.000      0.000    0.00626   18.72403           -2.86030      196.36952         1.008e-04         1.587e+03         6.893e+00 
  1502.300          68.265    -54.198    -71.634            5.533        11584.943      0.656      0.000      0.000    0.00603   18.46172           -2.91099      196.38177         1.048e-04         1.609e+03         7.167e+00 
  1503.300          67.983    -54.245    -71.658            5.461        11590.374      0.656      0.000      0.000    0.00580   18.19128           -2.96357      196.39381         1.089e-04         1.629e+03         7.439e+00 
  1504.300          67.700    -54.291    -71.681            5.387        11595.733      0.656      0.000      0.000    0.00558   17.91290           -3.01817      196.40564         1.132e-04         1.648e+03         7.707e+00 
  1505.300          67.416    -54.337    -71.704            5.309        11601.017      0.656      0.000      0.000    0.00537   17.62683           -3.07489      196.41724         1.176e-04         1.664e+03         7.967e+00 
  1506.300          67.130    -54.382    -71.727            5.229        11606.223      0.656      0.000      0.000    0.00517   17.33346           -3.13385      196.42860         1.223e-04         1.678e+03         8.217e+00 
  1507.300          66.844    -54.426    -71.749            5.147        11611.349      0.656      0.000      0.000    0.00497   17.03329           -3.19516      196.43971         1.271e-04         1.690e+03         8.452e+00 
  1508.300          66.557    -54.469    -71.771            5.063        11616.393      0.656      0.000      0.000    0.00478   16.72693           -3.25893      196.45056         1.321e-04         1.700e+03         8.668e+00 
  1509.300          66.269    -54.512    -71.793            4.977        11621.352      0.656      0.000      0.000    0.00460   16.41509           -3.32530      196.46114         1.373e-04         1.707e+03         8.864e+00 
  1510.300          65.979    -54.554    -71.814            4.889        11626.225      0.656      0.000      0.000    0.00443   16.09862           -3.39438      196.47144         1.427e-04         1.712e+03         9.034e+00 
  1511.300          65.690    -54.595    -71.835            4.799        11631.010      0.656      0.000      0.000    0.00426   15.77843           -3.46629      196.48146         1.483e-04         1.716e+03         9.175e+00 
  1512.300          65.399    -54.636    -71.856            4.709        11635.707      0.656      0.000      0.000    0.00410   15.45554           -3.54115      196.49118         1.541e-04         1.717e+03         9.287e+00 
  1513.300          65.108    -54.675    -71.876            4.618        11640.313      0.656      0.000      0.000    0.00394   15.13099           -3.61907      196.50061         1.601e-04         1.716e+03         9.366e+00 
  1514.300          64.816    -54.714    -71.896            4.526        11644.829      0.656      0.000      0.000    0.00380   14.80587           -3.70016      196.50974         1.664e-04         1.713e+03         9.411e+00 
  1515.300          64.524    -54.752    -71.915            4.434        11649.254      0.656      0.000      0.000    0.00365   14.48128           -3.78454      196.51856         1.729e-04         1.709e+03         9.423e+00 
  1516.300          64.231    -54.790    -71.935            4.342        11653.587      0.656      0.000      0.000    0.00352   14.15829           -3.87230      196.52707         1.797e-04         1.703e+03         9.402e+00 
  1517.300          63.937    -54.826    -71.953            4.251        11657.831      0.656      0.000      0.000    0.00338   13.83752           -3.96354      196.53528         1.867e-04         1.696e+03         9.363e+00 
  1518.300          63.643    -54.862    -71.972            4.160        11661.984      0.656      0.000      0.000    0.00326   13.51923           -4.05837      196.54317         1.940e-04         1.688e+03         9.317e+00 
  1519.300          63.348    -54.897    -71.990            4.070        11666.047      0.656      0.000      0.000    0.00313   13.20363           -4.15687      196.55076         2.015e-04         1.678e+03         9.265e+00 
  1520.300          63.053    -54.931    -72.008            3.980        11670.020      0.656      0.000      0.000    0.00302   12.89092           -4.25917      196.55803         2.093e-04         1.667e+03         9.206e+00 
  1521.300          62.757    -54.965    -72.025            3.891        11673.906      0.656      0.000      0.000    0.00290   12.58130           -4.36536      196.56500         2.175e-04         1.655e+03         9.140e+00 
  1522.300          62.461    -54.998    -72.042            3.802        11677.703      0.656      0.000      0.000    0.00280   12.27495           -4.47556      196.57166         2.259e-04         1.642e+03         9.068e+00 
  1523.300          62.164    -55.029    -72.058            3.715        11681.412      0.656      0.000      0.000    0.00269   11.97205           -4.58989      196.57800         2.346e-04         1.628e+03         8.990e+00 
  1524.300          61.866    -55.061    -72.074            3.628        11685.035      0.656      0.000      0.000    0.00259   11.67277           -4.70846      196.58404         2.437e-04         1.613e+03         8.907e+00 
  1525.300          61.568    -55.091    -72.090            3.542        11688.573      0.656      0.000      0.000    0.00250   11.37728           -4.83140      196.58978         2.531e-04         1.597e+03         8.818e+00 
  1526.300          61.270    -55.121    -72.106            3.457        11692.025      0.656      0.000      0.000    0.00240   11.08572           -4.95884      196.59520         2.628e-04         1.580e+03         8.723e+00 
  1527.300          60.971    -55.150    -72.121            3.373        11695.394      0.656      0.000      0.000    0.00231   10.79825           -5.09091      196.60033         2.729e-04         1.562e+03         8.624e+00 
  1528.300          60.671    -55.178    -72.136            3.290        11698.679      0.656      0.000      0.000    0.00223   10.51499           -5.22775      196.60515         2.834e-04         1.543e+03         8.520e+00 
  1529.300          60.371    -55.206    -72.150            3.208        11701.882      0.656      0.000      0.000    0.00215   10.23608           -5.36949      196.60968         2.943e-04         1.523e+03         8.411e+00 
  1530.300          60.071    -55.233    -72.164            3.127        11705.005      0.656      0.000      0.000    0.00207    9.96162           -5.51628      196.61390         3.055e-04         1.503e+03         8.299e+00 
  1531.300          59.770    -55.259    -72.178            3.047        11708.048      0.656      0.000      0.000    0.00199    9.69172           -5.66828      196.61784         3.172e-04         1.482e+03         8.182e+00 
  1532.300          59.469    -55.284    -72.191            2.968        11711.012      0.656      0.000      0.000    0.00192    9.42649           -5.82563      196.62148         3.293e-04         1.460e+03         8.062e+00 
  1533.300          59.167    -55.309    -72.204            2.891        11713.898      0.656      0.000      0.000    0.00185    9.16600           -5.98850      196.62483         3.418e-04         1.438e+03         7.939e+00 
  1534.300          58.866    -55.333    -72.217            2.815        11716.708      0.656      0.000      0.000    0.00178    8.91034           -6.15706      196.62789         3.547e-04         1.415e+03         7.812e+00 
  1535.300          58.564    -55.357    -72.229            2.740        11719.443      0.656      0.000      0.000    0.00172    8.65956           -6.33147      196.63068         3.682e-04         1.392e+03         7.683e+00 
  1536.300          58.261    -55.380    -72.241            2.667        11722.105      0.656      0.000      0.000    0.00165    8.41373           -6.51191      196.63318         3.820e-04         1.368e+03         7.552e+00 
  1537.300          57.959    -55.402    -72.253            2.595        11724.694      0.656      0.000      0.000    0.00159    8.17290           -6.69857      196.63541         3.964e-04         1.344e+03         7.419e+00 
  1538.300          57.656    -55.424    -72.264            2.524        11727.211      0.656      0.000      0.000    0.00154    7.93710           -6.89162      196.63736         4.113e-04         1.319e+03         7.283e+00 
  1539.300          57.353    -55.445    -72.275            2.454        11729.659      0.656      0.000      0.000    0.00148    7.70636           -7.09127      196.63905         4.267e-04         1.294e+03         7.147e+00 
  1540.300          57.050    -55.465    -72.286            2.386        11732.038      0.656      0.000      0.000    0.00143    7.48070           -7.29771      196.64047         4.427e-04         1.269e+03         7.009e+00 
  1541.300          56.747    -55.485    -72.296            2.320        11734.350      0.656      0.000      0.000    0.00138    7.26014           -7.51115      196.64162         4.591e-04         1.244e+03         6.870e+00 
  1542.300          56.444    -55.505    -72.307            2.255        11736.597      0.656      0.000      0.000    0.00133    7.04468           -7.73179      196.64252         4.762e-04         1.219e+03         6.730e+00 
  1543.300          56.140    -55.523    -72.316            2.191        11738.779      0.656      0.000      0.000    0.00128    6.83431           -7.95986      196.64317         4.938e-04         1.194e+03         6.590e+00 
  1544.300          55.837    -55.542    -72.326            2.128        11740.897      0.656      0.000      0.000    0.00123    6.62903           -8.19557      196.64357         5.120e-04         1.168e+03         6.450e+00 
  1545.300          55.533    -55.559    -72.335            2.067        11742.954      0.656      0.000      0.000    0.00119    6.42881           -8.43916      196.64372         5.309e-04         1.143e+03         6.310e+00 
  1546.300          55.230    -55.576    -72.344            2.008        11744.951      0.656      0.000      0.000    0.00115    6.23362           -8.69086      196.64363         5.504e-04         1.117e+03         6.170e+00 
  1547.300          54.927    -55.593    -72.353            1.950        11746.889      0.656      0.000      0.000    0.00111    6.04344           -8.95091      196.64330         5.705e-04         1.092e+03         6.030e+00 
  1548.300          54.623    -55.609    -72.362            1.893        11748.769      0.656      0.000      0.000    0.00107    5.85822           -9.21956      196.64274         5.913e-04         1.067e+03         5.891e+00 
  1549.300          54.320    -55.625    -72.370            1.837        11750.593      0.656      0.000      0.000    0.00103    5.67793           -9.49705      196.64195         6.127e-04         1.042e+03         5.754e+00 
  1550.300          54.017    -55.640    -72.378            1.783        11752.362      0.656      0.000      0.000    0.00099    5.50250           -9.78365      196.64093         6.349e-04         1.017e+03         5.617e+00 
  1551.300          53.714    -55.655    -72.386            1.731        11754.078      0.656      0.000      0.000    0.00096    5.33189          -10.07962      196.63969         6.578e-04         9.928e+02         5.482e+00 
  1552.300          53.411    -55.669    -72.394            1.680        11755.742      0.656      0.000      0.000    0.00093    5.16604          -10.38523      196.63823         6.814e-04         9.685e+02         5.348e+00 
  1553.300          53.108    -55.683    -72.401            1.630        11757.354      0.656      0.000      0.000    0.00089    5.00487          -10.70075      196.63656         7.058e-04         9.445e+02         5.215e+00 
  1554.300          52.806    -55.697    -72.408            1.581        11758.918      0.656      0.000      0.000    0.00086    4.84833          -11.02646      196.63468         7.310e-04         9.209e+02         5.084e+00 
  1555.300          52.504    -55.710    -72.415            1.534        11760.433      0.656      0.000      0.000    0.00083    4.69634          -11.36264      196.63259         7.570e-04         8.975e+02         4.956e+00 
  1556.300          52.201    -55.722    -72.422            1.488        11761.901      0.656      0.000      0.000    0.00081    4.54883          -11.70957      196.63029         7.838e-04         8.746e+02         4.829e+00 
  1557.300          51.900    -55.735    -72.428            1.444        11763.323      0.656      0.000      0.000    0.00078    4.40572          -12.06756      196.62780         8.114e-04         8.520e+02         4.704e+00 
  1558.300          51.598    -55.746    -72.434            1.400        11764.701      0.656      0.000      0.000    0.00075    4.26692          -12.43688      196.62511         8.399e-04         8.298e+02         4.581e+00 
  1559.300          51.296    -55.758    -72.440            1.358        11766.035      0.656      0.000      0.000    0.00073    4.13400          -12.81784      196.62223         8.700e-04         8.086e+02         4.465e+00 
  1560.300          50.995    -55.769    -72.446            1.317        11767.328      0.656      0.000      0.000    0.00070    4.00938          -13.21075      196.61915         9.032e-04         7.896e+02         4.360e+00 
  1561.300          50.694    -55.780    -72.452            1.277        11768.579      0.656      0.000      0.000    0.00067    3.88806          -13.61595      196.61590         9.376e-04         7.708e+02         4.256e+00 
  1562.300          50.394    -55.790    -72.458            1.239        11769.791      0.656      0.000      0.000    0.00065    3.77000          -14.03379      196.61245         9.733e-04         7.523e+02         4.154e+00 
  1563.300          50.094    -55.800    -72.463            1.201        11770.963      0.656      0.000      0.000    0.00063    3.65518          -14.46462      196.60883         1.010e-03         7.340e+02         4.053e+00 
  1564.300          49.794    -55.810    -72.468            1.164        11772.098      0.656      0.000      0.000    0.00060    3.54354          -14.90878      196.60502         1.049e-03         7.161e+02         3.954e+00 
  1565.300          49.495    -55.820    -72.473            1.128        11773.195      0.656      0.000      0.000    0.00058    3.43506          -15.36664      196.60104         1.088e-03         6.984e+02         3.856e+00 
  1566.300          49.196    -55.829    -72.478            1.094        11774.257      0.656      0.000      0.000    0.00056    3.32967          -15.83854      196.59688         1.130e-03         6.810e+02         3.760e+00 
  1567.300          48.898    -55.838    -72.483            1.060        11775.283      0.656      0.000      0.000    0.00054    3.22735          -16.32483      196.59255         1.172e-03         6.640e+02         3.666e+00 
  1568.300          48.600    -55.846    -72.487            1.028        11776.276      0.656      0.000      0.000    0.00052    3.12804          -16.82588      196.58805         1.216e-03         6.473e+02         3.574e+00 
  1569.300          48.303    -55.854    -72.492            0.996        11777.235      0.656      0.000      0.000    0.00050    3.03170          -17.34202      196.58339         1.262e-03         6.309e+02         3.484e+00 
  1570.300          48.006    -55.862    -72.496            0.965        11778.162      0.656      0.000      0.000    0.00048    2.93827          -17.87360      196.57855         1.310e-03         6.149e+02         3.395e+00 
  1571.300          47.710    -55.870    -72.500            0.936        11779.058      0.656      0.000      0.000    0.00046    2.84771          -18.42096      196.57355         1.359e-03         5.992e+02         3.309e+00 
  1572.300          47.415    -55.878    -72.504            0.907        11779.924      0.656      0.000      0.000    0.00045    2.75995          -18.98441      196.56839         1.410e-03         5.839e+02         3.224e+00 
  1573.300          47.120    -55.885    -72.508            0.879        11780.760      0.656      0.000      0.000    0.00043    2.67753          -19.56429      196.56307         1.465e-03         5.701e+02         3.148e+00 
  1574.300          46.826    -55.892    -72.511            0.852        11781.568      0.656      0.000      0.000    0.00041    2.59875          -20.16094      196.55758         1.524e-03         5.571e+02         3.076e+00 
  1575.300          46.533    -55.898    -72.515            0.825        11782.347      0.656      0.000      0.000    0.00040    2.52214          -20.77471      196.55194         1.586e-03         5.444e+02         3.006e+00 
  1576.300          46.241    -55.905    -72.518            0.800        11783.099      0.656      0.000      0.000    0.00038    2.44768          -21.40595      196.54614         1.651e-03         5.319e+02         2.937e+00 
  1577.300          45.950    -55.911    -72.522            0.775        11783.825      0.656      0.000      0.000    0.00037    2.37534          -22.05498      196.54018         1.717e-03         5.197e+02         2.869e+00 
  1578.300          45.659    -55.917    -72.525            0.751        11784.525      0.656      0.000      0.000    0.00035    2.30510          -22.72212      196.53406         1.787e-03         5.077e+02         2.803e+00 
  1579.300          45.370    -55.923    -72.528            0.728        11785.200      0.656      0.000      0.000    0.00034    2.23692          -23.40765      196.52779         1.859e-03         4.960e+02         2.738e+00 
  1580.300          45.081    -55.929    -72.531            0.705        11785.851      0.656      0.000      0.000    0.00033    2.17079          -24.11183      196.52136         1.935e-03         4.845e+02         2.675e+00 
  1581.300          44.794    -55.934    -72.534            0.683        11786.478      0.656      0.000      0.000    0.00031    2.10667          -24.83491      196.51477         2.013e-03         4.734e+02         2.614e+00 
  1582.300          44.507    -55.939    -72.536            0.662        11787.082      0.656      0.000      0.000    0.00030    2.04452          -25.57707      196.50803         2.095e-03         4.625e+02         2.554e+00 
  1583.300          44.222    -55.944    -72.539            0.642        11787.663      0.656      0.000      0.000    0.00029    1.98433          -26.33849      196.50113         2.179e-03         4.519e+02         2.495e+00 
  1584.300          43.938    -55.949    -72.542            0.622        11788.223      0.656      0.000      0.000    0.00028    1.92605          -27.11930      196.49407         2.267e-03         4.416e+02         2.438e+00 
  1585.300          43.655    -55.954    -72.544            0.603        11788.762      0.656      0.000      0.000    0.00027    1.86965          -27.91956      196.48686         2.359e-03         4.316e+02         2.383e+00 
  1586.300          43.374    -55.958    -72.546            0.584        11789.281      0.656      0.000      0.000    0.00026    1.81510          -28.73933      196.47948         2.454e-03         4.219e+02         2.330e+00 
  1587.300          43.094    -55.962    -72.549            0.566        11789.780      0.656      0.000      0.000    0.00025    1.76237          -29.57856      196.47195         2.552e-03         4.125e+02         2.278e+00 
  1588.300          42.815    -55.967    -72.551            0.549        11790.259      0.656      0.000      0.000    0.00024    1.71141          -30.43719      196.46426         2.655e-03         4.034e+02         2.228e+00 
  1589.300          42.537    -55.971    -72.553            0.533        11790.720      0.656      0.000      0.000    0.00023    1.66219          -31.31507      196.45641         2.761e-03         3.946e+02         2.179e+00 
  1590.300          42.261    -55.974    -72.555            0.517        11791.163      0.656      0.000      0.000    0.00022    1.61468          -32.21200      196.44839         2.871e-03         3.861e+02         2.132e+00 
  1591.300          41.986    -55.978    -72.557            0.501        11791.589      0.656      0.000      0.000    0.00021    1.56883          -33.12770      196.44021         2.986e-03         3.779e+02         2.087e+00 
  1592.300          41.713    -55.982    -72.559            0.486        11791.997      0.656      0.000      0.000    0.00020    1.52460          -34.06183      196.43186         3.105e-03         3.700e+02         2.043e+00 
  1593.300          41.441    -55.985    -72.560            0.472        11792.389      0.656      0.000      0.000    0.00020    1.48196          -35.01394      196.42334         3.228e-03         3.624e+02         2.001e+00 
  1594.300          41.171    -55.988    -72.562            0.458        11792.765      0.656      0.000      0.000    0.00019    1.44087          -35.98356      196.41466         3.356e-03         3.551e+02         1.961e+00 
  1595.300          40.903    -55.991    -72.564            0.445        11793.126      0.656      0.000      0.000    0.00018    1.40129          -36.97007      196.40579         3.488e-03         3.481e+02         1.922e+00 
  1596.300          40.636    -55.994    -72.565            0.432        11793.472      0.656      0.000      0.000    0.00017    1.36317          -37.97282      196.39675         3.626e-03         3.414e+02         1.885e+00 
  1597.300          40.371    -55.997    -72.567            0.420        11793.803      0.656      0.000      0.000    0.00017    1.32648          -38.99106      196.38753         3.768e-03         3.350e+02         1.850e+00 
  1598.300          40.107    -56.000    -72.568            0.408        11794.121      0.656      0.000      0.000    0.00016    1.29116          -40.02394      196.37813         3.915e-03         3.288e+02         1.816e+00 
  1599.300          39.845    -56.002    -72.570            0.397        11794.425      0.656      0.000      0.000    0.00016    1.25719          -41.07055      196.36853         4.067e-03         3.230e+02         1.783e+00 
  1600.300          39.585    -56.005    -72.571            0.386        11794.716      0.656      0.000      0.000    0.00015    1.22453          -42.12989      196.35874         4.225e-03         3.174e+02         1.752e+00 
  1601.300          39.327    -56.007    -72.572            0.376        11794.994      0.656      0.000      0.000    0.00014    1.19311          -43.20087      196.34876         4.388e-03         3.120e+02         1.723e+00 
  1602.300          39.071    -56.010    -72.573            0.366        11795.260      0.656      0.000      0.000    0.00014    1.16292          -44.28234      196.33857         4.557e-03         3.070e+02         1.695e+00 
  1603.300          38.816    -56.012    -72.575            0.356        11795.515      0.656      0.000      0.000    0.00013    1.13389          -45.37308      196.32817         4.732e-03         3.021e+02         1.668e+00 
  1604.300          38.564    -56.014    -72.576            0.347        11795.758      0.656      0.000      0.000    0.00013    1.10600          -46.47178      196.31755         4.912e-03         2.976e+02         1.643e+00 
  1605.300          38.313    -56.016    -72.577            0.338        11795.990      0.656      0.000      0.000    0.00012    1.07920          -47.57710      196.30672         5.098e-03         2.932e+02         1.619e+00 
  1606.300          38.065    -56.018    -72.578            0.330        11796.211      0.656      0.000      0.000    0.00012    1.05344          -48.68763      196.29565         5.290e-03         2.891e+02         1.596e+00 
  1607.300          37.818    -56.020    -72.579            0.321        11796.422      0.656      0.000      0.000    0.00012    1.02869          -49.80192      196.28435         5.489e-03         2.852e+02         1.575e+00 
  1608.300          37.574    -56.021    -72.580            0.314        11796.624      0.656      0.000      0.000    0.00011    1.00491          -50.91848      196.27280         5.694e-03         2.816e+02         1.555e+00 
  1608.341          37.564    -56.022    -72.580            0.313        11796.632      0.656      0.000      0.000    0.00011    1.00117          -50.96460      196.27232         5.727e-03         2.810e+02         1.552e+00 
  1608.366          37.558    -56.022    -72.580            0.313        11796.636      0.656      0.000      0.000    0.00011    1.00055          -50.99187      196.27203         5.733e-03         2.809e+02         1.551e+00 
  1608.382          37.554    -56.022    -72.580            0.313        11796.640      0.656      0.000      0.000    0.00011    1.00015          -51.01026      196.27184         5.736e-03         2.809e+02         1.551e+00 
  1608.389          37.552    -56.022    -72.580            0.313        11796.641      0.328      0.000      0.000    0.00011    0.99997          -51.01795      196.27176         5.738e-03         2.808e+02         7.753e-01 
  1608.396          37.551    -56.022    -72.580            0.313        11796.642      0.328      0.000      0.000    0.00011    1.00000          -51.02563      196.27168         5.740e-03         2.809e+02         7.755e-01 
  1608.403          37.549    -56.022    -72.580            0.313        11796.644      0.328      0.000      0.000    0.00011    0.99999          -51.03323      196.27160         5.741e-03         2.810e+02         7.757e-01 
  1608.415          37.546    -56.022    -72.580            0.313        11796.646      0.328      0.000      0.000    0.00011    0.99995          -51.04726      196.27145         5.744e-03         2.811e+02         7.759e-01 
  1608.443          37.539    -56.022    -72.580            0.313        11796.651      0.328      0.000      0.000    0.00011    0.99998          -51.07768      196.27113         5.749e-03         2.813e+02         7.766e-01 
  1608.452          37.537    -56.022    -72.580            0.313        11796.653      0.328      0.000      0.000    0.00011    1.00000          -51.08870      196.27102         5.751e-03         2.814e+02         7.770e-01 
  1608.460          37.535    -56.022    -72.580            0.313        11796.655      0.328      0.000      0.000    0.00011    0.99999          -51.09713      196.27093         5.753e-03         2.815e+02         7.772e-01 
  1608.474          37.532    -56.022    -72.580            0.313        11796.658      0.328      0.000      0.000    0.00011    0.99995          -51.11236      196.27077         5.756e-03         2.816e+02         7.774e-01 
  1608.502          37.525    -56.022    -72.580            0.313        11796.663      0.328      0.000      0.000    0.00011    0.99998          -51.14446      196.27043         5.761e-03         2.819e+02         7.782e-01 
  1608.515          37.522    -56.022    -72.580            0.313        11796.666      0.328      0.000      0.000    0.00011    0.99999          -51.15842      196.27028         5.764e-03         2.820e+02         7.786e-01 
  1608.521          37.520    -56.022    -72.580            0.313        11796.667      0.328      0.000      0.000    0.00011    0.99999          -51.16528      196.27021         5.766e-03         2.821e+02         7.788e-01 
  1608.527          37.519    -56.022    -72.580            0.313        11796.668      0.328      0.000      0.000    0.00011    0.99999          -51.17215      196.27014         5.767e-03         2.822e+02         7.789e-01 
  1608.533          37.517    -56.022    -72.580            0.313        11796.669      0.328      0.000      0.000    0.00011    0.99999          -51.17902      196.27007         5.769e-03         2.822e+02         7.791e-01 
  1608.540          37.516    -56.022    -72.580            0.313        11796.670      0.328      0.000      0.000    0.00011    0.99999          -51.18589      196.27000         5.770e-03         2.823e+02         7.793e-01 
  1608.546          37.514    -56.022    -72.580            0.313        11796.672      0.328      0.000      0.000    0.00011    0.99999          -51.19275      196.26992         5.771e-03         2.823e+02         7.794e-01 
  1608.552          37.513    -56.022    -72.580            0.313        11796.673      0.328      0.000      0.000    0.00011    0.99999          -51.19962      196.26985         5.772e-03         2.824e+02         7.796e-01 
  1608.558          37.511    -56.022    -72.580            0.313        11796.674      0.328      0.000      0.000    0.00011    1.00000          -51.20648      196.26978         5.774e-03         2.825e+02         7.798e-01 
  1608.563          37.510    -56.022    -72.580            0.313        11796.675      0.328      0.000      0.000    0.00011    0.99992          -51.21169      196.26972         5.775e-03         2.825e+02         7.798e-01 
  1608.567          37.509    -56.022    -72.580            0.313        11796.676      0.328      0.000      0.000    0.00011    0.99998          -51.21690      196.26967         5.776e-03         2.825e+02         7.800e-01 
  1608.578          37.506    -56.022    -72.580            0.313        11796.678      0.328      0.000      0.000    0.00011    1.00000          -51.22889      196.26954         5.778e-03         2.826e+02         7.803e-01 
  1608.590          37.503    -56.022    -72.580            0.313        11796.680      0.328      0.000      0.000    0.00011    0.99998          -51.24155      196.26941         5.780e-03         2.827e+02         7.805e-01 
  1608.608          37.499    -56.022    -72.580            0.313        11796.684      0.328      0.000      0.000    0.00011    0.99992          -51.26253      196.26919         5.784e-03         2.829e+02         7.809e-01 
  1608.644          37.490    -56.022    -72.580            0.313        11796.691      0.328      0.000      0.000    0.00011    0.99995          -51.30216      196.26877         5.791e-03         2.832e+02         7.819e-01 
  1608.680          37.481    -56.022    -72.580            0.313        11796.698      0.328      0.000      0.000    0.00011    0.99999          -51.34194      196.26835         5.799e-03         2.836e+02         7.829e-01 
  1608.699          37.477    -56.022    -72.580            0.313        11796.701      0.328      0.000      0.000    0.00011    0.99996          -51.36340      196.26812         5.803e-03         2.838e+02         7.834e-01 
  1608.728          37.470    -56.022    -72.580            0.313        11796.707      0.328      0.000      0.000    0.00011    0.99985          -51.39511      196.26778         5.809e-03         2.840e+02         7.840e-01 
  1608.857          37.438    -56.022    -72.580            0.313        11796.732      0.328      0.000      0.000    0.00011    0.99997          -51.53752      196.26627         5.834e-03         2.852e+02         7.872e-01 
  1608.869          37.435    -56.022    -72.580            0.313        11796.734      0.328      0.000      0.000    0.00011    1.00000          -51.55081      196.26612         5.840e-03         2.854e+02         7.880e-01 
  1608.880          37.432    -56.022    -72.580            0.313        11796.737      0.328      0.000      0.000    0.00011    0.99998          -51.56394      196.26598         5.842e-03         2.855e+02         7.883e-01 
  1608.900          37.427    -56.022    -72.580            0.313        11796.740      0.328      0.000      0.000    0.00011    0.99991          -51.58547      196.26575         5.846e-03         2.857e+02         7.887e-01 
  1608.988          37.406    -56.023    -72.580            0.313        11796.757      0.328      0.000      0.000    0.00011    0.99998          -51.68221      196.26472         5.863e-03         2.865e+02         7.909e-01 
  1608.996          37.404    -56.023    -72.580            0.313        11796.759      0.328      0.000      0.000    0.00011    1.00000          -51.69098      196.26462         5.867e-03         2.867e+02         7.914e-01 
  1609.000          37.403    -56.023    -72.580            0.313        11796.760      0.328      0.000      0.000    0.00011    0.99991          -51.69625      196.26456         5.868e-03         2.867e+02         7.914e-01 
  1609.005          37.402    -56.023    -72.580            0.313        11796.761      0.328      0.000      0.000    0.00011    0.99998          -51.70152      196.26451         5.869e-03         2.868e+02         7.917e-01 
  1609.019          37.398    -56.023    -72.580            0.313        11796.763      0.328      0.000      0.000    0.00011    0.99999          -51.71721      196.26434         5.872e-03         2.869e+02         7.920e-01 
  1609.026          37.397    -56.023    -72.580            0.313        11796.764      0.328      0.000      0.000    0.00011    0.99999          -51.72409      196.26426         5.874e-03         2.870e+02         7.922e-01 
  1609.032          37.395    -56.023    -72.580            0.313        11796.766      0.328      0.000      0.000    0.00011    0.99999          -51.73097      196.26419         5.875e-03         2.870e+02         7.924e-01 
  1609.038          37.394    -56.023    -72.580            0.313        11796.767      0.328      0.000      0.000    0.00011    1.00000          -51.73785      196.26412         5.876e-03         2.871e+02         7.926e-01 
  1609.047          37.391    -56.023    -72.580            0.313        11796.769      0.328      0.000      0.000    0.00011    0.99998          -51.74761      196.26401         5.878e-03         2.872e+02         7.928e-01 
  1609.062          37.388    -56.023    -72.580            0.313        11796.772      0.328      0.000      0.000    0.00011    0.99993          -51.76460      196.26383         5.881e-03         2.873e+02         7.931e-01 
  1609.132          37.371    -56.023    -72.580            0.313        11796.785      0.328      0.000      0.000    0.00011    0.99998          -51.84100      196.26300         5.895e-03         2.879e+02         7.949e-01 
  1609.141          37.368    -56.023    -72.580            0.313        11796.787      0.328      0.000      0.000    0.00011    1.00000          -51.85055      196.26290         5.899e-03         2.881e+02         7.953e-01 
  1609.145          37.367    -56.023    -72.580            0.313        11796.788      0.328      0.000      0.000    0.00011    0.99999          -51.85585      196.26284         5.900e-03         2.881e+02         7.955e-01 
  1609.155          37.365    -56.023    -72.580            0.313        11796.789      0.328      0.000      0.000    0.00011    0.99996          -51.86631      196.26273         5.902e-03         2.882e+02         7.957e-01 
  1609.198          37.354    -56.023    -72.580            0.313        11796.798      0.328      0.000      0.000    0.00011    0.99999          -51.91334      196.26222         5.910e-03         2.886e+02         7.968e-01 
  1609.204          37.353    -56.023    -72.580            0.312        11796.799      0.328      0.000      0.000    0.00011    0.99999          -51.91985      196.26215         5.912e-03         2.887e+02         7.970e-01 
  1609.215          37.350    -56.023    -72.580            0.312        11796.801      0.328      0.000      0.000    0.00011    0.99995          -51.93216      196.26202         5.915e-03         2.888e+02         7.973e-01 
  1609.266          37.338    -56.023    -72.580            0.312        11796.811      0.328      0.000      0.000    0.00011    0.99999          -51.98753      196.26142         5.925e-03         2.893e+02         7.986e-01 
  1609.274          37.336    -56.023    -72.580            0.312        11796.812      0.328      0.000      0.000    0.00011    0.99999          -51.99663      196.26132         5.928e-03         2.894e+02         7.990e-01 
  1609.280          37.334    -56.023    -72.580            0.312        11796.813      0.328      0.000      0.000    0.00011    0.99999          -52.00353      196.26124         5.929e-03         2.895e+02         7.991e-01 
  1609.286          37.333    -56.023    -72.580            0.312        11796.815      0.328      0.000      0.000    0.00011    0.99999          -52.01044      196.26117         5.931e-03         2.895e+02         7.993e-01 
  1609.315          37.326    -56.023    -72.580            0.312        11796.820      0.328      0.000      0.000    0.00011    0.99994          -52.04150      196.26083         5.936e-03         2.898e+02         7.999e-01 
  1609.353          37.316    -56.023    -72.581            0.312        11796.827      0.328      0.000      0.000    0.00011    0.99976          -52.08345      196.26037         5.944e-03         2.900e+02         8.007e-01 
  1609.526          37.274    -56.023    -72.581            0.312        11796.860      0.328      0.000      0.000    0.00011    0.99987          -52.27176      196.25831         5.979e-03         2.916e+02         8.051e-01 
  1609.585          37.259    -56.024    -72.581            0.312        11796.871      0.328      0.000      0.000    0.00011    0.99992          -52.33661      196.25759         5.995e-03         2.924e+02         8.072e-01 
  1609.648          37.243    -56.024    -72.581            0.312        11796.883      0.328      0.000      0.000    0.00011    0.99996          -52.40497      196.25684         6.009e-03         2.931e+02         8.090e-01 
  1609.688          37.233    -56.024    -72.581            0.312        11796.891      0.328      0.000      0.000    0.00010    0.99998          -52.44821      196.25636         6.019e-03         2.935e+02         8.103e-01 
  1609.708          37.228    -56.024    -72.581            0.312        11796.895      0.328      0.000      0.000    0.00010    1.00000          -52.46984      196.25612         6.024e-03         2.937e+02         8.109e-01 
  1609.713          37.227    -56.024    -72.581            0.312        11796.896      0.328      0.000      0.000    0.00010    0.99992          -52.47482      196.25607         6.025e-03         2.938e+02         8.110e-01 
  1609.717          37.226    -56.024    -72.581            0.312        11796.896      0.328      0.000      0.000    0.00010    0.99998          -52.47980      196.25601         6.026e-03         2.938e+02         8.112e-01 
  1609.738          37.221    -56.024    -72.581            0.312        11796.900      0.328      0.000      0.000    0.00010    0.99999          -52.50219      196.25576         6.031e-03         2.940e+02         8.118e-01 
  1609.749          37.218    -56.024    -72.581            0.312        11796.902      0.328      0.000      0.000    0.00010    1.00000          -52.51417      196.25563         6.033e-03         2.942e+02         8.121e-01 
  1609.760          37.215    -56.024    -72.581            0.312        11796.905      0.328      0.000      0.000    0.00010    0.99997          -52.52640      196.25549         6.036e-03         2.943e+02         8.124e-01 
  1609.779          37.211    -56.024    -72.581            0.312        11796.908      0.328      0.000      0.000    0.00010    0.99990          -52.54654      196.25527         6.040e-03         2.944e+02         8.128e-01 
  1609.863          37.190    -56.024    -72.581            0.312        11796.924      0.328      0.000      0.000    0.00010    0.99994          -52.63705      196.25426         6.057e-03         2.952e+02         8.149e-01 
  1609.941          37.171    -56.024    -72.581            0.312        11796.939      0.328      0.000      0.000    0.00010    0.99998          -52.72196      196.25331         6.075e-03         2.960e+02         8.172e-01 
  1609.968          37.164    -56.024    -72.581            0.312        11796.944      0.328      0.000      0.000    0.00010    0.99999          -52.75086      196.25299         6.082e-03         2.964e+02         8.182e-01 
  1609.980          37.161    -56.024    -72.581            0.312        11796.946      0.328      0.000      0.000    0.00010    1.00000          -52.76366      196.25284         6.086e-03         2.965e+02         8.186e-01 
  1609.986          37.160    -56.024    -72.581            0.312        11796.947      0.328      0.000      0.000    0.00010    0.99999          -52.77001      196.25277         6.087e-03         2.966e+02         8.188e-01 
  1609.997          37.157    -56.024    -72.581            0.312        11796.949      0.328      0.000      0.000    0.00010    0.99995          -52.78197      196.25264         6.089e-03         2.967e+02         8.190e-01 
  1610.047          37.144    -56.024    -72.581            0.312        11796.958      0.328      0.000      0.000    0.00010    0.99996          -52.83575      196.25203         6.100e-03         2.971e+02         8.203e-01 
  1610.103          37.130    -56.024    -72.581            0.312        11796.969      0.328      0.000      0.000    0.00010    0.99999          -52.89560      196.25136         6.112e-03         2.977e+02         8.219e-01 
  1610.126          37.125    -56.024    -72.581            0.312        11796.973      0.328      0.000      0.000    0.00010    1.00000          -52.92026      196.25108         6.119e-03         2.980e+02         8.227e-01 
  1610.134          37.123    -56.024    -72.581            0.312        11796.975      0.328      0.000      0.000    0.00010    0.99999          -52.92893      196.25098         6.121e-03         2.981e+02         8.230e-01 
  1610.140          37.121    -56.024    -72.581            0.312        11796.976      0.328      0.000      0.000    0.00010    0.99999          -52.93552      196.25091         6.122e-03         2.982e+02         8.232e-01 
  1610.146          37.120    -56.024    -72.581            0.312        11796.977      0.328      0.000      0.000    0.00010    0.99999          -52.94211      196.25084         6.124e-03         2.982e+02         8.233e-01 
  1610.174          37.113    -56.025    -72.581            0.312        11796.982      0.328      0.000      0.000    0.00010    1.00000          -52.97175      196.25050         6.129e-03         2.985e+02         8.241e-01 
  1610.181          37.111    -56.025    -72.581            0.312        11796.983      0.328      0.000      0.000    0.00010    0.99998          -52.97917      196.25042         6.132e-03         2.986e+02         8.243e-01 
  1610.193          37.108    -56.025    -72.581            0.312        11796.986      0.328      0.000      0.000    0.00010    0.99993          -52.99269      196.25026         6.134e-03         2.987e+02         8.246e-01 
  1610.250          37.094    -56.025    -72.581            0.312        11796.996      0.328      0.000      0.000    0.00010    0.99995          -53.05345      196.24957         6.146e-03         2.992e+02         8.261e-01 
  1610.323          37.076    -56.025    -72.581            0.312        11797.010      0.328      0.000      0.000    0.00010    0.99997          -53.13143      196.24869         6.163e-03         3.000e+02         8.281e-01 
  1610.394          37.058    -56.025    -72.581            0.312        11797.023      0.328      0.000      0.000    0.00010    0.99999          -53.20769      196.24782         6.179e-03         3.007e+02         8.302e-01 
  1610.425          37.050    -56.025    -72.581            0.312        11797.029      0.328      0.000      0.000    0.00010    1.00000          -53.24055      196.24744         6.188e-03         3.011e+02         8.313e-01 
  1610.437          37.047    -56.025    -72.581            0.312        11797.031      0.328      0.000      0.000    0.00010    1.00000          -53.25362      196.24729         6.191e-03         3.013e+02         8.317e-01 
  1610.442          37.046    -56.025    -72.581            0.312        11797.032      0.328      0.000      0.000    0.00010    0.99992          -53.25822      196.24724         6.192e-03         3.013e+02         8.317e-01 
  1610.446          37.045    -56.025    -72.581            0.312        11797.033      0.328      0.000      0.000    0.00010    0.99998          -53.26282      196.24719         6.193e-03         3.014e+02         8.320e-01 
  1610.465          37.040    -56.025    -72.581            0.312        11797.036      0.328      0.000      0.000    0.00010    0.99998          -53.28350      196.24695         6.197e-03         3.016e+02         8.325e-01 
  1610.553          37.018    -56.025    -72.582            0.312        11797.053      0.328      0.000      0.000    0.00010    0.99999          -53.37645      196.24588         6.216e-03         3.024e+02         8.348e-01 
  1610.580          37.011    -56.025    -72.582            0.312        11797.058      0.328      0.000      0.000    0.00010    1.00000          -53.40598      196.24554         6.224e-03         3.028e+02         8.358e-01 
  1610.597          37.007    -56.025    -72.582            0.312        11797.061      0.328      0.000      0.000    0.00010    0.99996          -53.42376      196.24534         6.228e-03         3.029e+02         8.363e-01 
  1610.622          37.001    -56.025    -72.582            0.312        11797.065      0.328      0.000      0.000    0.00010    0.99983          -53.45053      196.24503         6.234e-03         3.031e+02         8.368e-01 
  1610.736          36.972    -56.025    -72.582            0.312        11797.086      0.328      0.000      0.000    0.00010    0.99984          -53.57082      196.24364         6.258e-03         3.042e+02         8.398e-01 
  1611.247          36.844    -56.026    -72.582            0.312        11797.180      0.328      0.000      0.000    0.00010    0.99980          -54.10814      196.23734         6.369e-03         3.091e+02         8.534e-01 
  1612.247          36.590    -56.028    -72.583            0.311        11797.359      0.328      0.000      0.000    0.00010    0.99934          -55.14195      196.22481         6.603e-03         3.193e+02         8.815e-01 
  1613.247          36.334    -56.029    -72.584            0.310        11797.533      0.328      0.000      0.000    0.00009    0.99826          -56.15207      196.21201         6.864e-03         3.303e+02         9.118e-01 
  1614.247          36.075    -56.031    -72.584            0.309        11797.702      0.328      0.000      0.000    0.00009    0.99654          -57.13932      196.19895         7.140e-03         3.413e+02         9.423e-01 
  1615.247          35.814    -56.032    -72.585            0.308        11797.866      0.328      0.000      0.000    0.00009    0.99415          -58.10451      196.18561         7.430e-03         3.524e+02         9.729e-01 
  1616.247          35.552    -56.034    -72.586            0.306        11798.026      0.328      0.000      0.000    0.00008    0.99108          -59.04842      196.17198         7.734e-03         3.635e+02         1.003e+00 
  1617.247          35.289    -56.035    -72.587            0.305        11798.180      0.328      0.000      0.000    0.00008    0.98731          -59.97182      196.15806         8.053e-03         3.745e+02         1.034e+00 
  1618.247          35.025    -56.036    -72.587            0.303        11798.329      0.328      0.000      0.000    0.00008    0.98283          -60.87544      196.14383         8.388e-03         3.853e+02         1.064e+00 
  1619.247          34.760    -56.037    -72.588            0.301        11798.473      0.328      0.000      0.000    0.00007    0.97764          -61.76002      196.12929         8.739e-03         3.960e+02         1.093e+00 
  1620.247          34.495    -56.039    -72.588            0.298        11798.612      0.328      0.000      0.000    0.00007    0.97174          -62.62622      196.11443         9.106e-03         4.064e+02         1.122e+00 
  1621.247          34.230    -56.040    -72.589            0.296        11798.746      0.328      0.000      0.000    0.00007    0.96515          -63.47470      196.09924         9.489e-03         4.165e+02         1.150e+00 
  1622.247          33.965    -56.041    -72.590            0.293        11798.875      0.328      0.000      0.000    0.00006    0.95787          -64.30606      196.08369         9.890e-03         4.262e+02         1.177e+00 
  1623.247          33.702    -56.042    -72.590            0.290        11798.998      0.328      0.000      0.000    0.00006    0.94992          -65.12088      196.06779         1.031e-02         4.355e+02         1.202e+00 
  1624.247          33.439    -56.043    -72.591            0.287        11799.117      0.328      0.000      0.000    0.00006    0.94134          -65.91967      196.05151         1.074e-02         4.443e+02         1.227e+00 
  1625.247          33.177    -56.044    -72.591            0.284        11799.232      0.328      0.000      0.000    0.00006    0.93215          -66.70293      196.03485         1.120e-02         4.526e+02         1.249e+00 
  1626.247          32.917    -56.045    -72.592            0.280        11799.341      0.328      0.000      0.000    0.00005    0.92238          -67.47108      196.01778         1.167e-02         4.604e+02         1.271e+00 
  1627.247          32.659    -56.046    -72.592            0.277        11799.445      0.328      0.000      0.000    0.00005    0.91208          -68.22452      196.00028         1.215e-02         4.675e+02         1.291e+00 
  1628.247          32.403    -56.047    -72.593            0.273        11799.545      0.328      0.000      0.000    0.00005    0.90128          -68.96359      195.98235         1.266e-02         4.741e+02         1.309e+00 
  1629.247          32.149    -56.047    -72.593            0.269        11799.640      0.328      0.000      0.000    0.00005    0.89000          -69.68860      195.96396         1.318e-02         4.799e+02         1.325e+00 
  1630.247          31.898    -56.048    -72.593            0.265        11799.731      0.328      0.000      0.000    0.00005    0.87763          -70.39977      195.94509         1.370e-02         4.844e+02         1.337e+00 
  1631.247          31.649    -56.049    -72.594            0.261        11799.818      0.328      0.000      0.000    0.00004    0.86491          -71.09728      195.92572         1.423e-02         4.881e+02         1.348e+00 
  1632.247          31.403    -56.050    -72.594            0.257        11799.900      0.328      0.000      0.000    0.00004    0.85199          -71.78122      195.90581         1.478e-02         4.913e+02         1.356e+00 
  1633.247          31.160    -56.050    -72.595            0.253        11799.978      0.328      0.000      0.000    0.00004    0.83892          -72.45168      195.88536         1.534e-02         4.939e+02         1.363e+00 
  1634.247          30.921    -56.051    -72.595            0.249        11800.052      0.328      0.000      0.000    0.00004    0.82574          -73.10868      195.86431         1.591e-02         4.959e+02         1.369e+00 
  1635.247          30.684    -56.052    -72.595            0.245        11800.122      0.328      0.000      0.000    0.00004    0.81249          -73.75226      195.84266         1.650e-02         4.973e+02         1.373e+00 
  1636.247          30.450    -56.052    -72.595            0.241        11800.188      0.328      0.000      0.000    0.00004    0.79922          -74.38238      195.82036         1.710e-02         4.983e+02         1.376e+00 
  1637.247          30.220    -56.053    -72.596            0.237        11800.251      0.328      0.000      0.000    0.00004    0.78597          -74.99901      195.79737         1.772e-02         4.988e+02         1.377e+00 
  1638.247          29.993    -56.053    -72.596            0.233        11800.310      0.328      0.000      0.000    0.00003    0.77276          -75.60210      195.77367         1.835e-02         4.988e+02         1.377e+00 
  1639.247          29.769    -56.054    -72.596            0.229        11800.366      0.328      0.000      0.000    0.00003    0.75964          -76.19158      195.74920         1.899e-02         4.984e+02         1.376e+00 
  1640.247          29.549    -56.054    -72.596            0.225        11800.419      0.328      0.000      0.000    0.00003    0.74663          -76.76735      195.72392         1.965e-02         4.977e+02         1.374e+00 
  1641.247          29.332    -56.055    -72.597            0.221        11800.468      0.328      0.000      0.000    0.00003    0.73376          -77.32934      195.69779         2.032e-02         4.966e+02         1.371e+00 
  1642.247          29.118    -56.055    -72.597            0.217        11800.515      0.328      0.000      0.000    0.00003    0.72106          -77.87742      195.67074         2.100e-02         4.952e+02         1.367e+00 
  1643.247          28.908    -56.055    -72.597            0.213        11800.559      0.328      0.000      0.000    0.00003    0.70855          -78.41152      195.64273         2.170e-02         4.935e+02         1.362e+00 
  1644.247          28.701    -56.056    -72.597            0.209        11800.600      0.328      0.000      0.000    0.00003    0.69625          -78.93153      195.61370         2.240e-02         4.916e+02         1.357e+00 
  1645.247          28.498    -56.056    -72.597            0.205        11800.639      0.328      0.000      0.000    0.00003    0.68417          -79.43736      195.58357         2.312e-02         4.894e+02         1.351e+00 
  1646.247          28.298    -56.056    -72.598            0.202        11800.675      0.328      0.000      0.000    0.00003    0.67234          -79.92893      195.55228         2.385e-02         4.871e+02         1.345e+00 
  1647.247          28.101    -56.057    -72.598            0.198        11800.709      0.328      0.000      0.000    0.00003    0.66075          -80.40617      195.51974         2.459e-02         4.847e+02         1.338e+00 
  1648.247          27.907    -56.057    -72.598            0.195        11800.741      0.328      0.000      0.000    0.00002    0.64942          -80.86902      195.48588         2.535e-02         4.821e+02         1.331e+00 
  1649.247          27.717    -56.057    -72.598            0.191        11800.771      0.328      0.000      0.000    0.00002    0.63835          -81.31745      195.45060         2.611e-02         4.794e+02         1.324e+00 
  1650.247          27.529    -56.057    -72.598            0.188        11800.798      0.328      0.000      0.000    0.00002    0.62756          -81.75145      195.41381         2.688e-02         4.767e+02         1.316e+00 
  1651.247          27.345    -56.058    -72.598            0.185        11800.824      0.328      0.000      0.000    0.00002    0.61703          -82.17101      195.37539         2.767e-02         4.739e+02         1.308e+00 
  1652.247          27.163    -56.058    -72.598            0.182        11800.848      0.328      0.000      0.000    0.00002    0.60679          -82.57616      195.33523         2.846e-02         4.711e+02         1.301e+00 
  1653.247          26.985    -56.058    -72.598            0.179        11800.871      0.328      0.000      0.000    0.00002    0.59682          -82.96696      195.29321         2.927e-02         4.683e+02         1.293e+00 
  1654.247          26.809    -56.058    -72.599            0.176        11800.892      0.328      0.000      0.000    0.00002    0.58712          -83.34347      195.24919         3.008e-02         4.654e+02         1.285e+00 
  1655.247          26.636    -56.058    -72.599            0.173        11800.912      0.328      0.000      0.000    0.00002    0.57769          -83.70581      195.20302         3.091e-02         4.626e+02         1.277e+00 
  1656.247          26.466    -56.059    -72.599            0.170        11800.930      0.328      0.000      0.000    0.00002    0.56853          -84.05408      195.15454         3.174e-02         4.598e+02         1.269e+00 
  1657.247          26.298    -56.059    -72.599            0.167        11800.947      0.328      0.000      0.000    0.00002    0.55963          -84.38845      195.10357         3.259e-02         4.571e+02         1.262e+00 
  1658.247          26.133    -56.059    -72.599            0.165        11800.962      0.328      0.000      0.000    0.00002    0.55099          -84.70909      195.04992         3.344e-02         4.543e+02         1.254e+00 
  1659.247          25.970    -56.059    -72.599            0.162        11800.977      0.328      0.000      0.000    0.00002    0.54261          -85.01620      194.99339         3.431e-02         4.517e+02         1.247e+00 
  1660.247          25.810    -56.059    -72.599            0.159        11800.990      0.328      0.000      0.000    0.00002    0.53447          -85.30999      194.93374         3.518e-02         4.491e+02         1.240e+00 
  1661.247          25.652    -56.059    -72.599            0.157        11801.003      0.328      0.000      0.000    0.00002    0.52657          -85.59071      194.87073         3.607e-02         4.465e+02         1.233e+00 
  1662.247          25.497    -56.059    -72.599            0.155        11801.014      0.328      0.000      0.000    0.00002    0.51890          -85.85862      194.80409         3.696e-02         4.440e+02         1.226e+00 
  1663.247          25.344    -56.059    -72.599            0.152        11801.025      0.328      0.000      0.000    0.00002    0.51146          -86.11400      194.73352         3.786e-02         4.416e+02         1.219e+00 
  1664.247          25.193    -56.060    -72.599            0.150        11801.035      0.328      0.000      0.000    0.00002    0.50424          -86.35714      194.65870         3.877e-02         4.393e+02         1.213e+00 
  1665.247          25.044    -56.060    -72.599            0.148        11801.044      0.328      0.000      0.000    0.00002    0.49724          -86.58836      194.57928         3.969e-02         4.370e+02         1.206e+00 
  1666.247          24.897    -56.060    -72.599            0.146        11801.053      0.328      0.000      0.000    0.00002    0.49043          -86.80798      194.49487         4.062e-02         4.348e+02         1.200e+00 
  1667.247          24.752    -56.060    -72.599            0.144        11801.060      0.328      0.000      0.000    0.00002    0.48383          -87.01634      194.40505         4.156e-02         4.327e+02         1.194e+00 
  1668.247          24.609    -56.060    -72.599            0.142        11801.068      0.328      0.000      0.000    0.00001    0.47742          -87.21379      194.30935         4.251e-02         4.306e+02         1.189e+00 
  1669.247          24.468    -56.060    -72.599            0.140        11801.074      0.328      0.000      0.000    0.00001    0.47119          -87.40067      194.20727         4.347e-02         4.287e+02         1.183e+00 
  1670.247          24.329    -56.060    -72.599            0.138        11801.080      0.328      0.000      0.000    0.00001    0.46514          -87.57735      194.09825         4.444e-02         4.267e+02         1.178e+00 
  1671.247          24.192    -56.060    -72.599            0.137        11801.086      0.328      0.000      0.000    0.00001    0.45925          -87.74419      193.98167         4.541e-02         4.249e+02         1.173e+00 
  1672.247          24.056    -56.060    -72.599            0.135        11801.091      0.328      0.000      0.000    0.00001    0.45354          -87.90156      193.85685         4.640e-02         4.231e+02         1.168e+00 
  1673.247          23.922    -56.060    -72.599            0.133        11801.096      0.328      0.000      0.000    0.00001    0.44798          -88.04983      193.72306         4.739e-02         4.214e+02         1.163e+00 
  1674.247          23.790    -56.060    -72.599            0.132        11801.100      0.328      0.000      0.000    0.00001    0.44257          -88.18936      193.57948         4.840e-02         4.198e+02         1.159e+00 
  1675.247          23.659    -56.060    -72.599            0.130        11801.104      0.328      0.000      0.000    0.00001    0.43731          -88.32052      193.42520         4.941e-02         4.182e+02         1.154e+00 
  1676.247          23.530    -56.060    -72.599            0.128        11801.108      0.328      0.000      0.000    0.00001    0.43219          -88.44369      193.25922         5.044e-02         4.167e+02         1.150e+00 
  1677.247          23.403    -56.060    -72.599            0.127        11801.111      0.328      0.000      0.000    0.00001    0.42720          -88.55920      193.08046         5.147e-02         4.152e+02         1.146e+00 
  1678.247          23.277    -56.060    -72.599            0.125        11801.114      0.328      0.000      0.000    0.00001    0.42235          -88.66743      192.88768         5.251e-02         4.138e+02         1.142e+00 
  1679.247          23.152    -56.060    -72.599            0.124        11801.117      0.328      0.000      0.000    0.00001    0.41761          -88.76871      192.67955         5.356e-02         4.124e+02         1.139e+00 
  1680.247          23.029    -56.060    -72.599            0.123        11801.119      0.328      0.000      0.000    0.00001    0.41300          -88.86339      192.45457         5.462e-02         4.111e+02         1.135e+00 
  1681.247          22.907    -56.060    -72.599            0.121        11801.122      0.328      0.000      0.000    0.00001    0.40850          -88.95180      192.21109         5.569e-02         4.099e+02         1.132e+00 
  1682.247          22.787    -56.060    -72.599            0.120        11801.124      0.328      0.000      0.000    0.00001    0.40412          -89.03427      191.94729         5.677e-02         4.087e+02         1.128e+00 
  1683.247          22.667    -56.060    -72.599            0.119        11801.126      0.328      0.000      0.000    0.00001    0.39984          -89.11111      191.66111         5.786e-02         4.075e+02         1.125e+00 
  1684.247          22.550    -56.060    -72.599            0.117        11801.127      0.328      0.000      0.000    0.00001    0.39566          -89.18263      191.35031         5.896e-02         4.064e+02         1.122e+00 
  1685.247          22.433    -56.060    -72.599            0.116        11801.129      0.328      0.000      0.000    0.00001    0.39158          -89.24912      191.01236         6.006e-02         4.053e+02         1.119e+00 
  1686.247          22.318    -56.060    -72.599            0.115        11801.130      0.328      0.000      0.000    0.00001    0.38759          -89.31087      190.64446         6.118e-02         4.043e+02         1.116e+00 
  1687.247          22.203    -56.060    -72.599            0.114        11801.132      0.328      0.000      0.000    0.00001    0.38370          -89.36815      190.24349         6.231e-02         4.033e+02         1.113e+00 
  1688.247          22.090    -56.060    -72.599            0.112        11801.133      0.328      0.000      0.000    0.00001    0.37989          -89.42122      189.80598         6.344e-02         4.023e+02         1.111e+00 
  1689.247          21.978    -56.060    -72.599            0.111        11801.134      0.328      0.000      0.000    0.00001    0.37617          -89.47035      189.32803         6.459e-02         4.014e+02         1.108e+00 
  1690.247          21.868    -56.060    -72.599            0.110        11801.135      0.328      0.000      0.000    0.00001    0.37253          -89.51577      188.80534         6.574e-02         4.005e+02         1.106e+00 
  1691.247          21.758    -56.060    -72.599            0.109        11801.136      0.328      0.000      0.000    0.00001    0.36897          -89.55772      188.23306         6.691e-02         3.997e+02         1.103e+00 
  1692.247          21.649    -56.060    -72.599            0.108        11801.137      0.328      0.000      0.000    0.00001    0.36549          -89.59640      187.60581         6.808e-02         3.988e+02         1.101e+00 
  1693.247          21.542    -56.060    -72.599            0.107        11801.137      0.328      0.000      0.000    0.00001    0.36207          -89.63204      186.91759         6.927e-02         3.980e+02         1.099e+00 
  1694.247          21.435    -56.060    -72.599            0.106        11801.138      0.328      0.000      0.000    0.00001    0.35873          -89.66483      186.16169         7.046e-02         3.972e+02         1.097e+00 
  1695.247          21.330    -56.060    -72.599            0.105        11801.139      0.328      0.000      0.000    0.00001    0.35546          -89.69496      185.33068         7.167e-02         3.965e+02         1.095e+00 
  1696.247          21.225    -56.060    -72.599            0.104        11801.139      0.328      0.000      0.000    0.00001    0.35225          -89.72261      184.41629         7.288e-02         3.958e+02         1.093e+00 
  1697.247          21.121    -56.060    -72.599            0.103        11801.140      0.328      0.000      0.000    0.00001    0.34911          -89.74795      183.40938         7.410e-02         3.951e+02         1.091e+00 
  1698.247          21.019    -56.060    -72.599            0.102        11801.140      0.328      0.000      0.000    0.00001    0.34603          -89.77112      182.29988         7.533e-02         3.944e+02         1.089e+00 
  1699.247          20.917    -56.060    -72.599            0.101        11801.140      0.328      0.000      0.000    0.00001    0.34300          -89.79229      181.07677         7.658e-02         3.938e+02         1.087e+00 
  1700.247          20.816    -56.060    -72.599            0.100        11801.141      0.328      0.000      0.000    0.00001    0.34004          -89.81159      179.72806         7.783e-02         3.931e+02         1.085e+00 
  1701.247          20.716    -56.060    -72.599            0.100        11801.141      0.328      0.000      0.000    0.00001    0.33713          -89.82915      178.24091         7.909e-02         3.925e+02         1.084e+00 
  1702.247          20.617    -56.060    -72.599            0.099        11801.141      0.328      0.000      0.000    0.00001    0.33428          -89.84509      176.60173         8.036e-02         3.919e+02         1.082e+00 
  1703.247          20.519    -56.060    -72.599            0.098        11801.142      0.328      0.000      0.000    0.00001    0.33147          -89.85953      174.79645         8.164e-02         3.914e+02         1.080e+00 
  1704.247          20.421    -56.060    -72.599            0.097        11801.142      0.328      0.000      0.000    0.00001    0.32872          -89.87256      172.81095         8.293e-02         3.908e+02         1.079e+00 
  1705.247          20.325    -56.060    -72.599            0.096        11801.142      0.328      0.000      0.000    0.00001    0.32602          -89.88430      170.63169         8.424e-02         3.903e+02         1.077e+00 
  1706.247          20.229    -56.060    -72.599            0.095        11801.142      0.328      0.000      0.000    0.00001    0.32337          -89.89482      168.24656         8.555e-02         3.897e+02         1.076e+00 
  1707.247          20.134    -56.060    -72.599            0.095        11801.142      0.328      0.000      0.000    0.00001    0.32076          -89.90422      165.64601         8.687e-02         3.892e+02         1.075e+00 
  1708.247          20.040    -56.060    -72.599            0.094        11801.142      0.328      0.000      0.000    0.00001    0.31818          -89.91257      162.82454         8.819e-02         3.887e+02         1.073e+00 
  1709.247          19.947    -56.060    -72.599            0.093        11801.143      0.328      0.000      0.000    0.00001    0.31562          -89.91996      159.78229         8.949e-02         3.881e+02         1.071e+00 
  1710.247          19.854    -56.060    -72.599            0.092        11801.143      0.328      0.000      0.000    0.00001    0.31309          -89.92644      156.52679         9.081e-02         3.875e+02         1.070e+00 
  1711.247          19.762    -56.060    -72.599            0.092        11801.143      0.328      0.000      0.000    0.00001    0.31063          -89.93210      153.07453         9.212e-02         3.870e+02         1.068e+00 
  1712.247          19.671    -56.060    -72.599            0.091        11801.143      0.328      0.000      0.000    0.00001    0.30821          -89.93699      149.45191         9.345e-02         3.864e+02         1.067e+00 
  1713.247          19.580    -56.060    -72.599            0.090        11801.143      0.328      0.000      0.000    0.00001    0.30584          -89.94118      145.69538         9.479e-02         3.860e+02         1.066e+00 
  1714.247          19.490    -56.060    -72.599            0.089        11801.143      0.328      0.000      0.000    0.00001    0.30351          -89.94475      141.85034         9.613e-02         3.855e+02         1.064e+00 
  1715.247          19.401    -56.060    -72.599            0.089        11801.143      0.328      0.000      0.000    0.00001    0.30122          -89.94776      137.96869         9.749e-02         3.851e+02         1.063e+00 
  1716.247          19.313    -56.060    -72.599            0.088        11801.143      0.328      0.000      0.000    0.00001    0.29898          -89.95027      134.10533         9.885e-02         3.846e+02         1.062e+00 
  1717.247          19.225    -56.060    -72.599            0.087        11801.143      0.328      0.000      0.000    0.00001    0.29677          -89.95234      130.31418         1.002e-01         3.842e+02         1.061e+00 
  1718.247          19.138    -56.060    -72.599            0.087        11801.143      0.328      0.000      0.000    0.00001    0.29460          -89.95405      126.64432         1.016e-01         3.839e+02         1.060e+00 
  1719.247          19.051    -56.060    -72.599            0.086        11801.143      0.328      0.000      0.000    0.00001    0.29247          -89.95543      123.13694         1.030e-01         3.835e+02         1.059e+00 
  1720.247          18.965    -56.060    -72.599            0.086        11801.143      0.328      0.000      0.000    0.00001    0.29036          -89.95656      119.82354         1.044e-01         3.831e+02         1.058e+00 
  1721.247          18.880    -56.060    -72.599            0.085        11801.143      0.328      0.000      0.000    0.00001    0.28830          -89.95747      116.72544         1.058e-01         3.828e+02         1.057e+00 
  1722.247          18.795    -56.060    -72.599            0.084        11801.143      0.328      0.000      0.000    0.00001    0.28626          -89.95821      113.85434         1.072e-01         3.825e+02         1.056e+00 
  1723.247          18.711    -56.060    -72.599            0.084        11801.143      0.328      0.000      0.000    0.00001    0.28426          -89.95880      111.21363         1.086e-01         3.821e+02         1.055e+00 
  1724.247          18.628    -56.060    -72.599            0.083        11801.143      0.328      0.000      0.000    0.00001    0.28229          -89.95929      108.80008         1.101e-01         3.818e+02         1.054e+00 
  1725.247          18.545    -56.060    -72.599            0.083        11801.143      0.328      0.000      0.000    0.00001    0.28034          -89.95970      106.60556         1.115e-01         3.815e+02         1.053e+00 
  1726.247          18.462    -56.060    -72.599            0.082        11801.143      0.328      0.000      0.000    0.00001    0.27843          -89.96004      104.61858         1.130e-01         3.812e+02         1.052e+00 
  1727.247          18.381    -56.060    -72.599            0.082        11801.143      0.328      0.000      0.000    0.00001    0.27654          -89.96033      102.82560         1.144e-01         3.809e+02         1.052e+00 
  1728.247          18.299    -56.060    -72.599            0.081        11801.143      0.328      0.000      0.000    0.00001    0.27468          -89.96059      101.21208         1.159e-01         3.806e+02         1.051e+00 
  1729.247          18.219    -56.060    -72.599            0.080        11801.143      0.328      0.000      0.000    0.00001    0.27285          -89.96082       99.76323         1.174e-01         3.804e+02         1.050e+00 
  1730.247          18.139    -56.060    -72.599            0.080        11801.143      0.328      0.000      0.000    0.00001    0.27104          -89.96103       98.46452         1.188e-01         3.801e+02         1.049e+00 
  1731.247          18.059    -56.060    -72.599            0.079        11801.143      0.328      0.000      0.000    0.00001    0.26926          -89.96124       97.30201         1.203e-01         3.798e+02         1.049e+00 
  1732.247          17.980    -56.060    -72.599            0.079        11801.143      0.328      0.000      0.000    0.00001    0.26750          -89.96143       96.26263         1.218e-01         3.796e+02         1.048e+00 
  1733.247          17.901    -56.060    -72.599            0.078        11801.143      0.328      0.000      0.000    0.00001    0.26577          -89.96163       95.33420         1.234e-01         3.793e+02         1.047e+00 
  1734.247          17.823    -56.060    -72.599            0.078        11801.143      0.328      0.000      0.000    0.00001    0.26406          -89.96182       94.50554         1.249e-01         3.791e+02         1.046e+00 
  1735.247          17.745    -56.060    -72.599            0.077        11801.143      0.328      0.000      0.000    0.00000    0.26237          -89.96201       93.76643         1.264e-01         3.788e+02         1.046e+00 
  1736.247          17.668    -56.060    -72.599            0.077        11801.143      0.328      0.000      0.000    0.00000    0.26071          -89.96220       93.10758         1.279e-01         3.786e+02         1.045e+00 
  1737.247          17.592    -56.060    -72.599            0.076        11801.143      0.328      0.000      0.000    0.00000    0.25907          -89.96239       92.52060         1.295e-01         3.784e+02         1.045e+00 
  1738.247          17.516    -56.060    -72.599            0.076        11801.143      0.328      0.000      0.000    0.00000    0.25745          -89.96259       91.99790         1.311e-01         3.781e+02         1.044e+00 
  1739.247          17.440    -56.060    -72.599            0.075        11801.143      0.328      0.000      0.000    0.00000    0.25585          -89.96279       91.53264         1.326e-01         3.779e+02         1.043e+00 
  1740.247          17.365    -56.060    -72.599            0.075        11801.143      0.328      0.000      0.000    0.00000    0.25427          -89.96299       91.11870         1.342e-01         3.777e+02         1.043e+00 
  1741.247          17.290    -56.060    -72.599            0.075        11801.143      0.328      0.000      0.000    0.00000    0.25271          -89.96319       90.75057         1.358e-01         3.775e+02         1.042e+00 
  1742.247          17.216    -56.060    -72.599            0.074        11801.143      0.328      0.000      0.000    0.00000    0.25118          -89.96340       90.42329         1.374e-01         3.773e+02         1.042e+00 
  1743.247          17.142    -56.060    -72.599            0.074        11801.143      0.328      0.000      0.000    0.00000    0.24966          -89.96361       90.13244         1.390e-01         3.771e+02         1.041e+00 
  1744.247          17.068    -56.060    -72.599            0.073        11801.143      0.328      0.000      0.000    0.00000    0.24816          -89.96381       89.87405         1.406e-01         3.769e+02         1.040e+00 
  1745.247          16.995    -56.060    -72.599            0.073        11801.143      0.328      0.000      0.000    0.00000    0.24668          -89.96402       89.64457         1.422e-01         3.767e+02         1.040e+00 
  1746.247          16.923    -56.060    -72.599            0.072        11801.143      0.328      0.000      0.000    0.00000    0.24522          -89.96423       89.44083         1.438e-01         3.765e+02         1.039e+00 
  1747.247          16.851    -56.060    -72.599            0.072        11801.143      0.328      0.000      0.000    0.00000    0.24377          -89.96444       89.25997         1.455e-01         3.763e+02         1.039e+00 
  1748.247          16.779    -56.060    -72.599            0.071        11801.143      0.328      0.000      0.000    0.00000    0.24235          -89.96465       89.09947         1.471e-01         3.761e+02         1.038e+00 
  1749.247          16.708    -56.060    -72.599            0.071        11801.143      0.328      0.000      0.000    0.00000    0.24094          -89.96486       88.95704         1.488e-01         3.759e+02         1.038e+00 
  1750.247          16.637    -56.060    -72.599            0.071        11801.143      0.328      0.000      0.000    0.00000    0.23955          -89.96507       88.83067         1.504e-01         3.758e+02         1.037e+00 
  1751.247          16.567    -56.060    -72.599            0.070        11801.143      0.328      0.000      0.000    0.00000    0.23817          -89.96528       88.71854         1.521e-01         3.756e+02         1.037e+00 
  1752.247          16.497    -56.060    -72.599            0.070        11801.143      0.328      0.000      0.000    0.00000    0.23681          -89.96549       88.61905         1.538e-01         3.754e+02         1.036e+00 
  1753.247          16.427    -56.060    -72.599            0.069        11801.143      0.328      0.000      0.000    0.00000    0.23547          -89.96569       88.53074         1.555e-01         3.753e+02         1.036e+00 
  1754.247          16.358    -56.060    -72.599            0.069        11801.143      0.328      0.000      0.000    0.00000    0.23414          -89.96590       88.45235         1.572e-01         3.751e+02         1.036e+00 
  1755.247          16.289    -56.060    -72.599            0.069        11801.143      0.328      0.000      0.000    0.00000    0.23283          -89.96610       88.38272         1.589e-01         3.749e+02         1.035e+00 
  1756.247          16.221    -56.060    -72.599            0.068        11801.143      0.328      0.000      0.000    0.00000    0.23153          -89.96630       88.32085         1.606e-01         3.748e+02         1.035e+00 
  1757.247          16.152    -56.060    -72.599            0.068        11801.143      0.328      0.000      0.000    0.00000    0.23025          -89.96650       88.26583         1.623e-01         3.746e+02         1.034e+00 
  1758.247          16.085    -56.060    -72.599            0.068        11801.144      0.328      0.000      0.000    0.00000    0.22899          -89.96670       88.21685         1.641e-01         3.745e+02         1.034e+00 
  1759.247          16.017    -56.060    -72.599            0.067        11801.144      0.328      0.000      0.000    0.00000    0.22773          -89.96690       88.17322         1.658e-01         3.743e+02         1.033e+00 
  1760.247          15.950    -56.060    -72.599            0.067        11801.144      0.328      0.000      0.000    0.00000    0.22650          -89.96709       88.13428         1.676e-01         3.742e+02         1.033e+00 
  1761.247          15.884    -56.060    -72.599            0.066        11801.144      0.328      0.000      0.000    0.00000    0.22527          -89.96729       88.09950         1.693e-01         3.740e+02         1.033e+00 
  1762.247          15.818    -56.060    -72.599            0.066        11801.144      0.328      0.000      0.000    0.00000    0.22406          -89.96748       88.06836         1.711e-01         3.739e+02         1.032e+00 
  1763.247          15.752    -56.060    -72.599            0.066        11801.144      0.328      0.000      0.000    0.00000    0.22286          -89.96767       88.04043         1.729e-01         3.738e+02         1.032e+00 
  1764.247          15.686    -56.060    -72.599            0.065        11801.144      0.328      0.000      0.000    0.00000    0.22168          -89.96785       88.01532         1.747e-01         3.736e+02         1.031e+00 
  1765.247          15.621    -56.060    -72.599            0.065        11801.144      0.328      0.000      0.000    0.00000    0.22051          -89.96804       87.99269         1.764e-01         3.735e+02         1.031e+00 
  1766.247          15.556    -56.060    -72.599            0.065        11801.144      0.328      0.000      0.000    0.00000    0.21935          -89.96822       87.97224         1.783e-01         3.734e+02         1.031e+00 
  1767.247          15.492    -56.060    -72.599            0.064        11801.144      0.328      0.000      0.000    0.00000    0.21821          -89.96840       87.95370         1.801e-01         3.732e+02         1.030e+00 
  1768.247          15.427    -56.060    -72.599            0.064        11801.144      0.328      0.000      0.000    0.00000    0.21707          -89.96858       87.93684         1.819e-01         3.731e+02         1.030e+00 
  1769.247          15.364    -56.060    -72.599            0.064        11801.144      0.328      0.000      0.000    0.00000    0.21595          -89.96876       87.92144         1.837e-01         3.730e+02         1.030e+00 
  1770.247          15.300    -56.060    -72.599            0.063        11801.144      0.328      0.000      0.000    0.00000    0.21484          -89.96894       87.90733         1.856e-01         3.729e+02         1.029e+00 
  1771.247          15.237    -56.060    -72.599            0.063        11801.144      0.328      0.000      0.000    0.00000    0.21374          -89.96911       87.89434         1.874e-01         3.727e+02         1.029e+00 
  1772.247          15.174    -56.060    -72.599            0.063        11801.144      0.328      0.000      0.000    0.00000    0.21266          -89.96928       87.88234         1.893e-01         3.726e+02         1.029e+00 
  1773.247          15.111    -56.060    -72.599            0.062        11801.144      0.328      0.000      0.000    0.00000    0.21158          -89.96945       87.87120         1.911e-01         3.725e+02         1.028e+00 
  1774.247          15.049    -56.060    -72.599            0.062        11801.144      0.328      0.000      0.000    0.00000    0.21052          -89.96962       87.86082         1.930e-01         3.724e+02         1.028e+00 
  1775.247          14.987    -56.060    -72.599            0.062        11801.144      0.328      0.000      0.000    0.00000    0.20947          -89.96978       87.85110         1.949e-01         3.723e+02         1.028e+00 
  1776.247          14.926    -56.060    -72.599            0.061        11801.144      0.328      0.000      0.000    0.00000    0.20843          -89.96995       87.84195         1.968e-01         3.722e+02         1.027e+00 
  1777.247          14.864    -56.060    -72.599            0.061        11801.144      0.328      0.000      0.000    0.00000    0.20739          -89.97011       87.83331         1.987e-01         3.721e+02         1.027e+00 
  1778.247          14.803    -56.060    -72.599            0.061        11801.144      0.328      0.000      0.000    0.00000    0.20637          -89.97027       87.82512         2.006e-01         3.720e+02         1.027e+00 
  1779.247          14.743    -56.060    -72.599            0.061        11801.144      0.328      0.000      0.000    0.00000    0.20536          -89.97043       87.81731         2.025e-01         3.719e+02         1.027e+00 
  1780.247          14.682    -56.060    -72.599            0.060        11801.144      0.328      0.000      0.000    0.00000    0.20436          -89.97059       87.80984         2.045e-01         3.718e+02         1.026e+00 
  1781.247          14.622    -56.060    -72.599            0.060        11801.144      0.328      0.000      0.000    0.00000    0.20337          -89.97074       87.80267         2.064e-01         3.717e+02         1.026e+00 
  1782.247          14.562    -56.060    -72.599            0.060        11801.144      0.328      0.000      0.000    0.00000    0.20239          -89.97089       87.79576         2.084e-01         3.716e+02         1.026e+00 
  1783.247          14.503    -56.060    -72.599            0.059        11801.144      0.328      0.000      0.000    0.00000    0.20142          -89.97105       87.78908         2.103e-01         3.715e+02         1.025e+00 
  1784.247          14.443    -56.060    -72.599            0.059        11801.144      0.328      0.000      0.000    0.00000    0.20046          -89.97120       87.78260         2.123e-01         3.714e+02         1.025e+00 
  1785.247          14.384    -56.060    -72.599            0.059        11801.144      0.328      0.000      0.000    0.00000    0.19951          -89.97134       87.77630         2.143e-01         3.713e+02         1.025e+00 
  1786.247          14.326    -56.060    -72.599            0.059        11801.144      0.328      0.000      0.000    0.00000    0.19857          -89.97149       87.77015         2.162e-01         3.712e+02         1.025e+00 
  1787.247          14.267    -56.060    -72.599            0.058        11801.144      0.328      0.000      0.000    0.00000    0.19763          -89.97164       87.76415         2.182e-01         3.711e+02         1.024e+00 
  1788.247          14.209    -56.060    -72.599            0.058        11801.144      0.328      0.000      0.000    0.00000    0.19671          -89.97178       87.75827         2.202e-01         3.710e+02         1.024e+00 
  1789.247          14.151    -56.060    -72.599            0.058        11801.144      0.328      0.000      0.000    0.00000    0.19579          -89.97192       87.75251         2.223e-01         3.709e+02         1.024e+00 
  1790.247          14.094    -56.060    -72.599            0.057        11801.144      0.328      0.000      0.000    0.00000    0.19489          -89.97206       87.74684         2.243e-01         3.708e+02         1.024e+00 
  1791.247          14.036    -56.060    -72.599            0.057        11801.144      0.328      0.000      0.000    0.00000    0.19399          -89.97220       87.74126         2.263e-01         3.707e+02         1.023e+00 
  1792.247          13.979    -56.060    -72.599            0.057        11801.144      0.328      0.000      0.000    0.00000    0.19310          -89.97234       87.73576         2.283e-01         3.706e+02         1.023e+00 
  1793.247          13.923    -56.060    -72.599            0.057        11801.144      0.328      0.000      0.000    0.00000    0.19222          -89.97248       87.73033         2.304e-01         3.706e+02         1.023e+00 
  1794.247          13.866    -56.060    -72.599            0.056        11801.144      0.328      0.000      0.000    0.00000    0.19134          -89.97261       87.72497         2.324e-01         3.705e+02         1.023e+00 
  1795.247          13.810    -56.060    -72.599            0.056        11801.144      0.328      0.000      0.000    0.00000    0.19048          -89.97275       87.71967         2.345e-01         3.704e+02         1.023e+00 
  1796.247          13.754    -56.060    -72.599            0.056        11801.144      0.328      0.000      0.000    0.00000    0.18962          -89.97288       87.71443         2.366e-01         3.703e+02         1.022e+00 
  1797.247          13.698    -56.060    -72.599            0.056        11801.144      0.328      0.000      0.000    0.00000    0.18877          -89.97301       87.70924         2.387e-01         3.702e+02         1.022e+00 
  1798.247          13.642    -56.060    -72.599            0.055        11801.144      0.328      0.000      0.000    0.00000    0.18793          -89.97314       87.70410         2.408e-01         3.702e+02         1.022e+00 
  1799.247          13.587    -56.060    -72.599            0.055        11801.144      0.328      0.000      0.000    0.00000    0.18710          -89.97327       87.69900         2.429e-01         3.701e+02         1.022e+00 
  1800.247          13.532    -56.060    -72.599            0.055        11801.144      0.328      0.000      0.000    0.00000    0.18627          -89.97339       87.69394         2.450e-01         3.700e+02         1.021e+00 
  1801.247          13.477    -56.060    -72.599            0.055        11801.144      0.328      0.000      0.000    0.00000    0.18545          -89.97352       87.68893         2.471e-01         3.699e+02         1.021e+00 
  1802.247          13.423    -56.060    -72.599            0.054        11801.144      0.328      0.000      0.000    0.00000    0.18464          -89.97364       87.68395         2.492e-01         3.699e+02         1.021e+00 
  1803.247          13.368    -56.060    -72.599            0.054        11801.144      0.328      0.000      0.000    0.00000    0.18383          -89.97377       87.67901         2.513e-01         3.698e+02         1.021e+00 
  1804.247          13.314    -56.060    -72.599            0.054        11801.144      0.328      0.000      0.000    0.00000    0.18304          -89.97389       87.67410         2.535e-01         3.697e+02         1.021e+00 
  1805.247          13.260    -56.060    -72.599            0.054        11801.144      0.328      0.000      0.000    0.00000    0.18225          -89.97401       87.66923         2.556e-01         3.696e+02         1.020e+00 
  1806.247          13.207    -56.060    -72.599            0.054        11801.144      0.328      0.000      0.000    0.00000    0.18146          -89.97413       87.66439         2.578e-01         3.696e+02         1.020e+00 
  1807.247          13.153    -56.060    -72.599            0.053        11801.144      0.328      0.000      0.000    0.00000    0.18069          -89.97425       87.65958         2.600e-01         3.695e+02         1.020e+00 
  1808.247          13.100    -56.060    -72.599            0.053        11801.144      0.328      0.000      0.000    0.00000    0.17992          -89.97437       87.65480         2.622e-01         3.694e+02         1.020e+00 
  1809.247          13.047    -56.060    -72.599            0.053        11801.144      0.328      0.000      0.000    0.00000    0.17916          -89.97448       87.65005         2.644e-01         3.694e+02         1.020e+00 
  1810.247          12.994    -56.060    -72.599            0.053        11801.144      0.328      0.000      0.000    0.00000    0.17840          -89.97460       87.64533         2.666e-01         3.693e+02         1.020e+00 
  1811.247          12.942    -56.060    -72.599            0.052        11801.144      0.328      0.000      0.000    0.00000    0.17765          -89.97471       87.64064         2.688e-01         3.692e+02         1.019e+00 
  1812.247          12.890    -56.060    -72.599            0.052        11801.144      0.328      0.000      0.000    0.00000    0.17691          -89.97483       87.63598         2.710e-01         3.692e+02         1.019e+00 
  1813.247          12.838    -56.060    -72.599            0.052        11801.144      0.328      0.000      0.000    0.00000    0.17617          -89.97494       87.63134         2.732e-01         3.691e+02         1.019e+00 
  1814.247          12.786    -56.060    -72.599            0.052        11801.144      0.328      0.000      0.000    0.00000    0.17544          -89.97505       87.62673         2.754e-01         3.691e+02         1.019e+00 
  1815.247          12.734    -56.060    -72.599            0.052        11801.144      0.328      0.000      0.000    0.00000    0.17471          -89.97516       87.62215         2.777e-01         3.690e+02         1.019e+00 
  1816.247          12.683    -56.060    -72.599            0.051        11801.144      0.328      0.000      0.000    0.00000    0.17399          -89.97527       87.61759         2.799e-01         3.689e+02         1.019e+00 
  1817.247          12.631    -56.060    -72.599            0.051        11801.144      0.328      0.000      0.000    0.00000    0.17328          -89.97538       87.61306         2.822e-01         3.689e+02         1.018e+00 
  1818.247          12.580    -56.060    -72.599            0.051        11801.144      0.328      0.000      0.000    0.00000    0.17258          -89.97548       87.60856         2.845e-01         3.688e+02         1.018e+00 
  1819.247          12.530    -56.060    -72.599            0.051        11801.144      0.328      0.000      0.000    0.00000    0.17187          -89.97559       87.60408         2.868e-01         3.688e+02         1.018e+00 
  1820.247          12.479    -56.060    -72.599            0.050        11801.144      0.328      0.000      0.000    0.00000    0.17118          -89.97569       87.59963         2.890e-01         3.687e+02         1.018e+00 
  1821.247          12.429    -56.060    -72.599            0.050        11801.144      0.328      0.000      0.000    0.00000    0.17049          -89.97580       87.59520         2.913e-01         3.686e+02         1.018e+00 
  1822.247          12.378    -56.060    -72.599            0.050        11801.144      0.328      0.000      0.000    0.00000    0.16981          -89.97590       87.59080         2.936e-01         3.686e+02         1.018e+00 
  1823.247          12.329    -56.060    -72.599            0.050        11801.144      0.328      0.000      0.000    0.00000    0.16913          -89.97601       87.58642         2.960e-01         3.685e+02         1.017e+00 
  1824.247          12.279    -56.060    -72.599            0.050        11801.144      0.328      0.000      0.000    0.00000    0.16846          -89.97611       87.58207         2.983e-01         3.685e+02         1.017e+00 
  1825.247          12.229    -56.060    -72.599            0.049        11801.144      0.328      0.000      0.000    0.00000    0.16779          -89.97621       87.57774         3.006e-01         3.684e+02         1.017e+00 
  1826.247          12.180    -56.060    -72.599            0.049        11801.144      0.328      0.000      0.000    0.00000    0.16713          -89.97631       87.57344         3.030e-01         3.684e+02         1.017e+00 
  1827.247          12.131    -56.060    -72.599            0.049        11801.144      0.328      0.000      0.000    0.00000    0.16647          -89.97641       87.56916         3.053e-01         3.683e+02         1.017e+00 
  1828.247          12.082    -56.060    -72.599            0.049        11801.144      0.328      0.000      0.000    0.00000    0.16582          -89.97650       87.56490         3.077e-01         3.683e+02         1.017e+00 
  1829.247          12.033    -56.060    -72.599            0.049        11801.144      0.328      0.000      0.000    0.00000    0.16517          -89.97660       87.56067         3.100e-01         3.682e+02         1.017e+00 
  1830.247          11.984    -56.060    -72.599            0.049        11801.144      0.328      0.000      0.000    0.00000    0.16453          -89.97670       87.55646         3.124e-01         3.682e+02         1.016e+00 
  1831.247          11.936    -56.060    -72.599            0.048        11801.144      0.328      0.000      0.000    0.00000    0.16390          -89.97679       87.55228         3.148e-01         3.681e+02         1.016e+00 
  1832.247          11.887    -56.060    -72.599            0.048        11801.144      0.328      0.000      0.000    0.00000    0.16326          -89.97689       87.54811         3.172e-01         3.681e+02         1.016e+00 
  1833.247          11.839    -56.060    -72.599            0.048        11801.144      0.328      0.000      0.000    0.00000    0.16264          -89.97698       87.54398         3.196e-01         3.680e+02         1.016e+00 
  1834.247          11.792    -56.060    -72.599            0.048        11801.144      0.328      0.000      0.000    0.00000    0.16202          -89.97708       87.53986         3.220e-01         3.680e+02         1.016e+00 
  1835.247          11.744    -56.060    -72.599            0.048        11801.144      0.328      0.000      0.000    0.00000    0.16140          -89.97717       87.53577         3.244e-01         3.679e+02         1.016e+00 
  1836.247          11.696    -56.060    -72.599            0.047        11801.144      0.328      0.000      0.000    0.00000    0.16079          -89.97726       87.53170         3.269e-01         3.679e+02         1.016e+00 
  1837.247          11.649    -56.060    -72.599            0.047        11801.144      0.328      0.000      0.000    0.00000    0.16018          -89.97735       87.52765         3.293e-01         3.678e+02         1.015e+00 
  1838.247          11.602    -56.060    -72.599            0.047        11801.144      0.328      0.000      0.000    0.00000    0.15958          -89.97744       87.52363         3.318e-01         3.678e+02         1.015e+00 
  1839.247          11.555    -56.060    -72.599            0.047        11801.144      0.328      0.000      0.000    0.00000    0.15898          -89.97753       87.51963         3.342e-01         3.678e+02         1.015e+00 
  1840.247          11.508    -56.060    -72.599            0.047        11801.144      0.328      0.000      0.000    0.00000    0.15839          -89.97762       87.51565         3.367e-01         3.677e+02         1.015e+00 
  1841.247          11.461    -56.060    -72.599            0.047        11801.144      0.328      0.000      0.000    0.00000    0.15780          -89.97771       87.51169         3.392e-01         3.677e+02         1.015e+00 
  1842.247          11.415    -56.060    -72.599            0.046        11801.144      0.328      0.000      0.000    0.00000    0.15722          -89.97780       87.50776         3.417e-01         3.676e+02         1.015e+00 
  1843.247          11.369    -56.060    -72.599            0.046        11801.144      0.328      0.000      0.000    0.00000    0.15664          -89.97788       87.50384         3.442e-01         3.676e+02         1.015e+00 
  1844.247          11.323    -56.060    -72.599            0.046        11801.144      0.328      0.000      0.000    0.00000    0.15606          -89.97797       87.49995         3.467e-01         3.675e+02         1.015e+00 
  1845.247          11.277    -56.060    -72.599            0.046        11801.144      0.328      0.000      0.000    0.00000    0.15549          -89.97805       87.49609         3.492e-01         3.675e+02         1.015e+00 
  1846.247          11.231    -56.060    -72.599            0.046        11801.144      0.328      0.000      0.000    0.00000    0.15492          -89.97814       87.49224         3.517e-01         3.675e+02         1.014e+00 
  1847.247          11.185    -56.060    -72.599            0.046        11801.144      0.328      0.000      0.000    0.00000    0.15436          -89.97822       87.48842         3.542e-01         3.674e+02         1.014e+00 
  1848.247          11.140    -56.060    -72.599            0.045        11801.144      0.328      0.000      0.000    0.00000    0.15380          -89.97831       87.48461         3.568e-01         3.674e+02         1.014e+00 
  1849.247          11.095    -56.060    -72.599            0.045        11801.144      0.328      0.000      0.000    0.00000    0.15325          -89.97839       87.48083         3.593e-01         3.673e+02         1.014e+00 
  1850.247          11.049    -56.060    -72.599            0.045        11801.144      0.328      0.000      0.000    0.00000    0.15268          -89.97847       87.47708         3.618e-01         3.672e+02         1.014e+00 
  1851.247          11.004    -56.060    -72.599            0.045        11801.144      0.328      0.000      0.000    0.00000    0.15212          -89.97855       87.47337         3.642e-01         3.671e+02         1.014e+00 
  1852.247          10.960    -56.060    -72.599            0.045        11801.144      0.328      0.000      0.000    0.00000    0.15152          -89.97863       87.46973         3.664e-01         3.668e+02         1.013e+00 
  1853.247          10.915    -56.060    -72.599            0.045        11801.144      0.328      0.000      0.000    0.00000    0.15093          -89.97871       87.46623         3.685e-01         3.665e+02         1.012e+00 
  1854.247          10.870    -56.060    -72.599            0.044        11801.144      0.328      0.000      0.000    0.00000    0.15037          -89.97879       87.46292         3.706e-01         3.663e+02         1.011e+00 
  1855.247          10.826    -56.060    -72.599            0.044        11801.144      0.328      0.000      0.000    0.00000    0.14982          -89.97886       87.45982         3.727e-01         3.662e+02         1.011e+00 
  1856.247          10.782    -56.060    -72.599            0.044        11801.144      0.328      0.000      0.000    0.00000    0.14928          -89.97893       87.45693         3.748e-01         3.661e+02         1.011e+00 
  1857.247          10.738    -56.060    -72.599            0.044        11801.144      0.328      0.000      0.000    0.00000    0.14876          -89.97900       87.45422         3.769e-01         3.660e+02         1.010e+00 
  1858.247          10.694    -56.060    -72.599            0.044        11801.144      0.328      0.000      0.000    0.00000    0.14823          -89.97907       87.45168         3.790e-01         3.660e+02         1.010e+00 
  1859.247          10.650    -56.060    -72.599            0.044        11801.144      0.328      0.000      0.000    0.00000    0.14772          -89.97914       87.44930         3.811e-01         3.659e+02         1.010e+00 
  1860.247          10.606    -56.060    -72.599            0.044        11801.144      0.328      0.000      0.000    0.00000    0.14721          -89.97920       87.44705         3.832e-01         3.659e+02         1.010e+00 
  1861.247          10.562    -56.060    -72.599            0.044        11801.144      0.328      0.000      0.000    0.00000    0.14671          -89.97927       87.44491         3.853e-01         3.659e+02         1.010e+00 
  1862.247          10.519    -56.060    -72.599            0.043        11801.144      0.328      0.000      0.000    0.00000    0.14621          -89.97933       87.44287         3.874e-01         3.658e+02         1.010e+00 
  1863.247          10.476    -56.060    -72.599            0.043        11801.144      0.328      0.000      0.000    0.00000    0.14571          -89.97939       87.44092         3.895e-01         3.658e+02         1.010e+00 
  1864.247          10.432    -56.060    -72.599            0.043        11801.144      0.328      0.000      0.000    0.00000    0.14522          -89.97945       87.43904         3.916e-01         3.658e+02         1.010e+00 
  1865.247          10.389    -56.060    -72.599            0.043        11801.144      0.328      0.000      0.000    0.00000    0.14473          -89.97952       87.43723         3.937e-01         3.657e+02         1.010e+00 
  1866.247          10.346    -56.060    -72.599            0.043        11801.144      0.328      0.000      0.000    0.00000    0.14425          -89.97958       87.43548         3.958e-01         3.657e+02         1.010e+00 
  1867.247          10.303    -56.060    -72.599            0.043        11801.144      0.328      0.000      0.000    0.00000    0.14377          -89.97963       87.43378         3.980e-01         3.657e+02         1.010e+00 
  1868.247          10.260    -56.060    -72.599            0.043        11801.144      0.328      0.000      0.000    0.00000    0.14329          -89.97969       87.43212         4.001e-01         3.657e+02         1.009e+00 
  1869.247          10.218    -56.060    -72.599            0.043        11801.144      0.328      0.000      0.000    0.00000    0.14281          -89.97975       87.43051         4.022e-01         3.656e+02         1.009e+00 
  1870.247          10.175    -56.060    -72.599            0.043        11801.144      0.328      0.000      0.000    0.00000    0.14234          -89.97981       87.42894         4.044e-01         3.656e+02         1.009e+00 
  1871.247          10.133    -56.060    -72.599            0.042        11801.144      0.328      0.000      0.000    0.00000    0.14188          -89.97987       87.42740         4.065e-01         3.656e+02         1.009e+00 
  1872.247          10.090    -56.060    -72.599            0.042        11801.144      0.328      0.000      0.000    0.00000    0.14141          -89.97992       87.42590         4.086e-01         3.656e+02         1.009e+00 
  1873.247          10.048    -56.060    -72.599            0.042        11801.144      0.328      0.000      0.000    0.00000    0.14095          -89.97998       87.42443         4.108e-01         3.656e+02         1.009e+00 
  1874.247          10.006    -56.060    -72.599            0.042        11801.144      0.328      0.000      0.000    0.00000    0.14050          -89.98003       87.42299         4.129e-01         3.655e+02         1.009e+00 
  1875.247           9.964    -56.060    -72.599            0.042        11801.144      0.328      0.000      0.000    0.00000    0.14004          -89.98009       87.42157         4.151e-01         3.655e+02         1.009e+00 
  1876.247           9.922    -56.060    -72.599            0.042        11801.144      0.328      0.000      0.000    0.00000    0.13959          -89.98014       87.42019         4.172e-01         3.655e+02         1.009e+00 
  1877.247           9.880    -56.060    -72.599            0.042        11801.144      0.328      0.000      0.000    0.00000    0.13915          -89.98020       87.41883         4.194e-01         3.655e+02         1.009e+00 
  1878.247           9.839    -56.060    -72.599            0.042        11801.144      0.328      0.000      0.000    0.00000    0.13870          -89.98025       87.41750         4.215e-01         3.654e+02         1.009e+00 
  1879.247           9.797    -56.060    -72.599            0.042        11801.144      0.328      0.000      0.000    0.00000    0.13826          -89.98031       87.41619         4.237e-01         3.654e+02         1.009e+00 
  1880.247           9.756    -56.060    -72.599            0.041        11801.144      0.328      0.000      0.000    0.00000    0.13782          -89.98036       87.41491         4.259e-01         3.654e+02         1.009e+00 
  1881.247           9.714    -56.060    -72.599            0.041        11801.144      0.328      0.000      0.000    0.00000    0.13739          -89.98041       87.41365         4.280e-01         3.654e+02         1.009e+00 
  1882.247           9.673    -56.060    -72.599            0.041        11801.144      0.328      0.000      0.000    0.00000    0.13696          -89.98047       87.41242         4.302e-01         3.654e+02         1.009e+00 
  1883.247           9.632    -56.060    -72.599            0.041        11801.144      0.328      0.000      0.000    0.00000    0.13653          -89.98052       87.41121         4.324e-01         3.653e+02         1.009e+00 
  1884.247           9.591    -56.060    -72.599            0.041        11801.144      0.328      0.000      0.000    0.00000    0.13610          -89.98057       87.41002         4.345e-01         3.653e+02         1.009e+00 
  1885.247           9.550    -56.060    -72.599            0.041        11801.144      0.328      0.000      0.000    0.00000    0.13568          -89.98062       87.40886         4.367e-01         3.653e+02         1.008e+00 
  1886.247           9.509    -56.060    -72.599            0.041        11801.144      0.328      0.000      0.000    0.00000    0.13526          -89.98067       87.40772         4.389e-01         3.653e+02         1.008e+00 
  1887.247           9.468    -56.060    -72.599            0.041        11801.144      0.328      0.000      0.000    0.00000    0.13484          -89.98072       87.40661         4.411e-01         3.653e+02         1.008e+00 
  1888.247           9.428    -56.060    -72.599            0.041        11801.144      0.328      0.000      0.000    0.00000    0.13443          -89.98077       87.40551         4.433e-01         3.652e+02         1.008e+00 
  1889.247           9.387    -56.060    -72.599            0.040        11801.144      0.328      0.000      0.000    0.00000    0.13401          -89.98082       87.40444         4.455e-01         3.652e+02         1.008e+00 
  1890.247           9.347    -56.060    -72.599            0.040        11801.144      0.328      0.000      0.000    0.00000    0.13361          -89.98087       87.40340         4.476e-01         3.652e+02         1.008e+00 
  1891.247           9.306    -56.060    -72.599            0.040        11801.144      0.328      0.000      0.000    0.00000    0.13320          -89.98092       87.40237         4.498e-01         3.652e+02         1.008e+00 
  1892.247           9.266    -56.060    -72.599            0.040        11801.144      0.328      0.000      0.000    0.00000    0.13280          -89.98097       87.40137         4.520e-01         3.652e+02         1.008e+00 
  1893.247           9.226    -56.060    -72.599            0.040        11801.144      0.328      0.000      0.000    0.00000    0.13240          -89.98102       87.40038         4.542e-01         3.652e+02         1.008e+00 
  1894.247           9.186    -56.060    -72.599            0.040        11801.144      0.328      0.000      0.000    0.00000    0.13200          -89.98107       87.39942         4.564e-01         3.651e+02         1.008e+00 
  1895.247           9.146    -56.060    -72.599            0.040        11801.144      0.328      0.000      0.000    0.00000    0.13160          -89.98112       87.39849         4.586e-01         3.651e+02         1.008e+00 
  1896.247           9.106    -56.060    -72.599            0.040        11801.144      0.328      0.000      0.000    0.00000    0.13121          -89.98117       87.39757         4.609e-01         3.651e+02         1.008e+00 
  1897.247           9.066    -56.060    -72.599            0.040        11801.144      0.328      0.000      0.000    0.00000    0.13082          -89.98121       87.39668         4.631e-01         3.651e+02         1.008e+00 
  1898.247           9.027    -56.060    -72.599            0.040        11801.144      0.328      0.000      0.000    0.00000    0.13043          -89.98126       87.39580         4.653e-01         3.651e+02         1.008e+00 
  1899.247           8.987    -56.060    -72.599            0.040        11801.144      0.328      0.000      0.000    0.00000    0.13005          -89.98131       87.39495         4.675e-01         3.651e+02         1.008e+00 
  1900.247           8.948    -56.060    -72.599            0.039        11801.144      0.328      0.000      0.000    0.00000    0.12966          -89.98136       87.39412         4.697e-01         3.650e+02         1.008e+00 
  1901.247           8.908    -56.060    -72.599            0.039        11801.144      0.328      0.000      0.000    0.00000    0.12928          -89.98140       87.39331         4.719e-01         3.650e+02         1.008e+00 
  1902.247           8.869    -56.060    -72.599            0.039        11801.144      0.328      0.000      0.000    0.00000    0.12891          -89.98145       87.39252         4.742e-01         3.650e+02         1.008e+00 
  1903.247           8.830    -56.060    -72.599            0.039        11801.144      0.328      0.000      0.000    0.00000    0.12853          -89.98149       87.39176         4.764e-01         3.650e+02         1.008e+00 
  1904.247           8.791    -56.060    -72.599            0.039        11801.144      0.328      0.000      0.000    0.00000    0.12816          -89.98154       87.39101         4.786e-01         3.650e+02         1.008e+00 
  1905.247           8.752    -56.060    -72.599            0.039        11801.144      0.328      0.000      0.000    0.00000    0.12779          -89.98159       87.39028         4.809e-01         3.650e+02         1.008e+00 
  1906.247           8.713    -56.060    -72.599            0.039        11801.144      0.328      0.000      0.000    0.00000    0.12742          -89.98163       87.38958         4.831e-01         3.649e+02         1.007e+00 
  1907.247           8.674    -56.060    -72.599            0.039        11801.144      0.328      0.000      0.000    0.00000    0.12705          -89.98168       87.38889         4.853e-01         3.649e+02         1.007e+00 
  1908.247           8.635    -56.060    -72.599            0.039        11801.144      0.328      0.000      0.000    0.00000    0.12669          -89.98172       87.38823         4.876e-01         3.649e+02         1.007e+00 
  1909.247           8.597    -56.060    -72.599            0.039        11801.144      0.328      0.000      0.000    0.00000    0.12633          -89.98176       87.38759         4.898e-01         3.649e+02         1.007e+00 
  1910.247           8.558    -56.060    -72.599            0.038        11801.144      0.328      0.000      0.000    0.00000    0.12597          -89.98181       87.38696         4.921e-01         3.649e+02         1.007e+00 
  1911.247           8.520    -56.060    -72.599            0.038        11801.144      0.328      0.000      0.000    0.00000    0.12561          -89.98185       87.38636         4.943e-01         3.649e+02         1.007e+00 
  1912.247           8.481    -56.060    -72.599            0.038        11801.144      0.328      0.000      0.000    0.00000    0.12526          -89.98190       87.38578         4.966e-01         3.649e+02         1.007e+00 
  1913.247           8.443    -56.060    -72.599            0.038        11801.144      0.328      0.000      0.000    0.00000    0.12491          -89.98194       87.38521         4.988e-01         3.648e+02         1.007e+00 
  1914.247           8.405    -56.060    -72.599            0.038        11801.144      0.328      0.000      0.000    0.00000    0.12456          -89.98198       87.38467         5.011e-01         3.648e+02         1.007e+00 
  1915.247           8.367    -56.060    -72.599            0.038        11801.144      0.328      0.000      0.000    0.00000    0.12421          -89.98203       87.38415         5.033e-01         3.648e+02         1.007e+00 
  1916.247           8.329    -56.060    -72.599            0.038        11801.144      0.328      0.000      0.000    0.00000    0.12386          -89.98207       87.38364         5.056e-01         3.648e+02         1.007e+00 
  1917.247           8.291    -56.060    -72.599            0.038        11801.144      0.328      0.000      0.000    0.00000    0.12352          -89.98211       87.38316         5.079e-01         3.648e+02         1.007e+00 
  1918.247           8.253    -56.060    -72.599            0.038        11801.144      0.328      0.000      0.000    0.00000    0.12318          -89.98215       87.38269         5.101e-01         3.648e+02         1.007e+00 
  1919.247           8.215    -56.060    -72.599            0.038        11801.144      0.328      0.000      0.000    0.00000    0.12284          -89.98219       87.38225         5.124e-01         3.648e+02         1.007e+00 
  1920.247           8.178    -56.060    -72.599            0.038        11801.144      0.328      0.000      0.000    0.00000    0.12250          -89.98224       87.38182         5.147e-01         3.647e+02         1.007e+00 
  1921.247           8.140    -56.060    -72.599            0.038        11801.144      0.328      0.000      0.000    0.00000    0.12216          -89.98228       87.38142         5.170e-01         3.647e+02         1.007e+00 
  1922.247           8.103    -56.060    -72.599            0.037        11801.144      0.328      0.000      0.000    0.00000    0.12183          -89.98232       87.38103         5.192e-01         3.647e+02         1.007e+00 
  1923.247           8.065    -56.060    -72.599            0.037        11801.144      0.328      0.000      0.000    0.00000    0.12150          -89.98236       87.38066         5.215e-01         3.647e+02         1.007e+00 
  1924.247           8.028    -56.060    -72.599            0.037        11801.144      0.328      0.000      0.000    0.00000    0.12117          -89.98240       87.38031         5.238e-01         3.647e+02         1.007e+00 
  1925.247           7.991    -56.060    -72.599            0.037        11801.144      0.328      0.000      0.000    0.00000    0.12084          -89.98244       87.37998         5.261e-01         3.647e+02         1.007e+00 
  1926.247           7.953    -56.060    -72.599            0.037        11801.144      0.328      0.000      0.000    0.00000    0.12052          -89.98248       87.37967         5.284e-01         3.647e+02         1.007e+00 
  1927.247           7.916    -56.060    -72.599            0.037        11801.144      0.328      0.000      0.000    0.00000    0.12019          -89.98252       87.37938         5.307e-01         3.647e+02         1.007e+00 
  1928.247           7.879    -56.060    -72.599            0.037        11801.144      0.328      0.000      0.000    0.00000    0.11987          -89.98256       87.37910         5.330e-01         3.646e+02         1.007e+00 
  1929.247           7.842    -56.060    -72.599            0.037        11801.144      0.328      0.000      0.000    0.00000    0.11955          -89.98260       87.37885         5.353e-01         3.646e+02         1.007e+00 
  1930.247           7.805    -56.060    -72.599            0.037        11801.144      0.328      0.000      0.000    0.00000    0.11923          -89.98264       87.37861         5.376e-01         3.646e+02         1.007e+00 
  1931.247           7.769    -56.060    -72.599            0.037        11801.144      0.328      0.000      0.000    0.00000    0.11892          -89.98268       87.37839         5.399e-01         3.646e+02         1.007e+00 
  1932.247           7.732    -56.060    -72.599            0.037        11801.144      0.328      0.000      0.000    0.00000    0.11860          -89.98272       87.37819         5.422e-01         3.646e+02         1.007e+00 
  1933.247           7.695    -56.060    -72.599            0.037        11801.144      0.328      0.000      0.000    0.00000    0.11829          -89.98276       87.37801         5.445e-01         3.646e+02         1.007e+00 
  1934.247           7.659    -56.060    -72.599            0.037        11801.144      0.328      0.000      0.000    0.00000    0.11798          -89.98279       87.37785         5.468e-01         3.646e+02         1.006e+00 
  1935.247           7.622    -56.060    -72.599            0.036        11801.145      0.328      0.000      0.000    0.00000    0.11767          -89.98283       87.37770         5.491e-01         3.646e+02         1.006e+00 
  1936.247           7.586    -56.060    -72.599            0.036        11801.145      0.328      0.000      0.000    0.00000    0.11736          -89.98287       87.37757         5.514e-01         3.646e+02         1.006e+00 
  1937.247           7.550    -56.060    -72.599            0.036        11801.145      0.328      0.000      0.000    0.00000    0.11706          -89.98291       87.37746         5.537e-01         3.645e+02         1.006e+00 
  1938.247           7.513    -56.060    -72.599            0.036        11801.145      0.328      0.000      0.000    0.00000    0.11676          -89.98295       87.37737         5.560e-01         3.645e+02         1.006e+00 
  1939.247           7.477    -56.060    -72.599            0.036        11801.145      0.328      0.000      0.000    0.00000    0.11645          -89.98298       87.37730         5.584e-01         3.645e+02         1.006e+00 
  1940.247           7.441    -56.060    -72.599            0.036        11801.145      0.328      0.000      0.000    0.00000    0.11615          -89.98302       87.37724         5.607e-01         3.645e+02         1.006e+00 
  1941.247           7.405    -56.060    -72.599            0.036        11801.145      0.328      0.000      0.000    0.00000    0.11585          -89.98306       87.37720         5.630e-01         3.645e+02         1.006e+00 
  1942.247           7.369    -56.060    -72.599            0.036        11801.145      0.328      0.000      0.000    0.00000    0.11556          -89.98309       87.37718         5.654e-01         3.645e+02         1.006e+00 
  1943.247           7.333    -56.060    -72.599            0.036        11801.145      0.328      0.000      0.000    0.00000    0.11526          -89.98313       87.37718         5.677e-01         3.645e+02         1.006e+00 
  1944.247           7.297    -56.060    -72.599            0.036        11801.145      0.328      0.000      0.000    0.00000    0.11497          -89.98317       87.37720         5.700e-01         3.645e+02         1.006e+00 
  1945.247           7.262    -56.060    -72.599            0.036        11801.145      0.328      0.000      0.000    0.00000    0.11468          -89.98320       87.37723         5.724e-01         3.645e+02         1.006e+00 
  1946.247           7.226    -56.060    -72.599            0.036        11801.145      0.328      0.000      0.000    0.00000    0.11439          -89.98324       87.37728         5.747e-01         3.645e+02         1.006e+00 
  1947.247           7.191    -56.060    -72.599            0.036        11801.145      0.328      0.000      0.000    0.00000    0.11410          -89.98328       87.37734         5.770e-01         3.644e+02         1.006e+00 
  1948.247           7.155    -56.060    -72.599            0.035        11801.145      0.328      0.000      0.000    0.00000    0.11381          -89.98331       87.37743         5.794e-01         3.644e+02         1.006e+00 
  1949.247           7.120    -56.060    -72.599            0.035        11801.145      0.328      0.000      0.000    0.00000    0.11353          -89.98335       87.37753         5.817e-01         3.644e+02         1.006e+00 
  1950.247           7.084    -56.060    -72.599            0.035        11801.145      0.328      0.000      0.000    0.00000    0.11324          -89.98338       87.37765         5.841e-01         3.644e+02         1.006e+00 
  1951.247           7.049    -56.060    -72.599            0.035        11801.145      0.328      0.000      0.000    0.00000    0.11296          -89.98342       87.37778         5.864e-01         3.644e+02         1.006e+00 
  1952.247           7.014    -56.060    -72.599            0.035        11801.145      0.328      0.000      0.000    0.00000    0.11268          -89.98345       87.37793         5.888e-01         3.644e+02         1.006e+00 
  1953.247           6.979    -56.060    -72.599            0.035        11801.145      0.328      0.000      0.000    0.00000    0.11240          -89.98349       87.37810         5.912e-01         3.644e+02         1.006e+00 
  1954.247           6.944    -56.060    -72.599            0.035        11801.145      0.328      0.000      0.000    0.00000    0.11212          -89.98352       87.37829         5.935e-01         3.644e+02         1.006e+00 
  1955.247           6.909    -56.060    -72.599            0.035        11801.145      0.328      0.000      0.000    0.00000    0.11185          -89.98356       87.37849         5.959e-01         3.644e+02         1.006e+00 
  1956.247           6.874    -56.060    -72.599            0.035        11801.145      0.328      0.000      0.000    0.00000    0.11157          -89.98359       87.37871         5.982e-01         3.644e+02         1.006e+00 
  1957.247           6.839    -56.060    -72.599            0.035        11801.145      0.328      0.000      0.000    0.00000    0.11130          -89.98362       87.37894         6.006e-01         3.644e+02         1.006e+00 
  1958.247           6.804    -56.060    -72.599            0.035        11801.145      0.328      0.000      0.000    0.00000    0.11103          -89.98366       87.37919         6.030e-01         3.643e+02         1.006e+00 
  1959.247           6.769    -56.060    -72.599            0.035        11801.145      0.328      0.000      0.000    0.00000    0.11076          -89.98369       87.37946         6.054e-01         3.643e+02         1.006e+00 
  1960.247           6.735    -56.060    -72.599            0.035        11801.145      0.328      0.000      0.000    0.00000    0.11049          -89.98373       87.37975         6.077e-01         3.643e+02         1.006e+00 
  1961.247           6.700    -56.060    -72.599            0.035        11801.145      0.328      0.000      0.000    0.00000    0.11022          -89.98376       87.38005         6.101e-01         3.643e+02         1.006e+00 
  1962.247           6.666    -56.060    -72.599            0.034        11801.145      0.328      0.000      0.000    0.00000    0.10995          -89.98379       87.38037         6.125e-01         3.643e+02         1.006e+00 
  1963.247           6.631    -56.060    -72.599            0.034        11801.145      0.328      0.000      0.000    0.00000    0.10969          -89.98382       87.38070         6.149e-01         3.643e+02         1.006e+00 
  1964.247           6.597    -56.060    -72.599            0.034        11801.145      0.328      0.000      0.000    0.00000    0.10943          -89.98386       87.38105         6.173e-01         3.643e+02         1.006e+00 
  1965.247           6.562    -56.060    -72.599            0.034        11801.145      0.328      0.000      0.000    0.00000    0.10917          -89.98389       87.38142         6.196e-01         3.643e+02         1.006e+00 
  1966.247           6.528    -56.060    -72.599            0.034        11801.145      0.328      0.000      0.000    0.00000    0.10890          -89.98392       87.38180         6.220e-01         3.643e+02         1.006e+00 
  1967.247           6.494    -56.060    -72.599            0.034        11801.145      0.328      0.000      0.000    0.00000    0.10865          -89.98396       87.38220         6.244e-01         3.643e+02         1.006e+00 
  1968.247           6.460    -56.060    -72.599            0.034        11801.145      0.328      0.000      0.000    0.00000    0.10839          -89.98399       87.38261         6.268e-01         3.643e+02         1.006e+00 
  1969.247           6.426    -56.060    -72.599            0.034        11801.145      0.328      0.000      0.000    0.00000    0.10813          -89.98402       87.38304         6.292e-01         3.643e+02         1.006e+00 
  1970.247           6.392    -56.060    -72.599            0.034        11801.145      0.328      0.000      0.000    0.00000    0.10788          -89.98405       87.38348         6.316e-01         3.643e+02         1.006e+00 
  1971.247           6.358    -56.060    -72.599            0.034        11801.145      0.328      0.000      0.000    0.00000    0.10762          -89.98408       87.38395         6.340e-01         3.642e+02         1.006e+00 
  1972.247           6.324    -56.060    -72.599            0.034        11801.145      0.328      0.000      0.000    0.00000    0.10737          -89.98412       87.38442         6.364e-01         3.642e+02         1.006e+00 
  1973.247           6.290    -56.060    -72.599            0.034        11801.145      0.328      0.000      0.000    0.00000    0.10712          -89.98415       87.38492         6.388e-01         3.642e+02         1.005e+00 
  1974.247           6.257    -56.060    -72.599            0.034        11801.145      0.328      0.000      0.000    0.00000    0.10687          -89.98418       87.38542         6.412e-01         3.642e+02         1.005e+00 
  1975.247           6.223    -56.060    -72.599            0.034        11801.145      0.328      0.000      0.000    0.00000    0.10662          -89.98421       87.38595         6.437e-01         3.642e+02         1.005e+00 
  1976.247           6.189    -56.060    -72.599            0.034        11801.145      0.328      0.000      0.000    0.00000    0.10637          -89.98424       87.38649         6.461e-01         3.642e+02         1.005e+00 
  1977.247           6.156    -56.060    -72.599            0.034        11801.145      0.328      0.000      0.000    0.00000    0.10613          -89.98427       87.38704         6.485e-01         3.642e+02         1.005e+00 
  1978.247           6.122    -56.060    -72.599            0.033        11801.145      0.328      0.000      0.000    0.00000    0.10588          -89.98430       87.38761         6.509e-01         3.642e+02         1.005e+00 
  1979.247           6.089    -56.060    -72.599            0.033        11801.145      0.328      0.000      0.000    0.00000    0.10564          -89.98433       87.38820         6.533e-01         3.642e+02         1.005e+00 
  1980.247           6.055    -56.060    -72.599            0.033        11801.145      0.328      0.000      0.000    0.00000    0.10540          -89.98436       87.38880         6.558e-01         3.642e+02         1.005e+00 
  1981.247           6.022    -56.060    -72.599            0.033        11801.145      0.328      0.000      0.000    0.00000    0.10516          -89.98439       87.38941         6.582e-01         3.642e+02         1.005e+00 
  1982.247           5.989    -56.060    -72.599            0.033        11801.145      0.328      0.000      0.000    0.00000    0.10492          -89.98442       87.39004         6.606e-01         3.642e+02         1.005e+00 
  1983.247           5.956    -56.060    -72.599            0.033        11801.145      0.328      0.000      0.000    0.00000    0.10468          -89.98445       87.39069         6.630e-01         3.642e+02         1.005e+00 
  1984.247           5.923    -56.060    -72.599            0.033        11801.145      0.328      0.000      0.000    0.00000    0.10444          -89.98448       87.39135         6.655e-01         3.642e+02         1.005e+00 
  1985.247           5.890    -56.060    -72.599            0.033        11801.145      0.328      0.000      0.000    0.00000    0.10420          -89.98451       87.39203         6.679e-01         3.641e+02         1.005e+00 
  1986.247           5.857    -56.060    -72.599            0.033        11801.145      0.328      0.000      0.000    0.00000    0.10397          -89.98454       87.39272         6.704e-01         3.641e+02         1.005e+00 
  1987.247           5.824    -56.060    -72.599            0.033        11801.145      0.328      0.000      0.000    0.00000    0.10373          -89.98457       87.39342         6.728e-01         3.641e+02         1.005e+00 
  1988.247           5.791    -56.060    -72.599            0.033        11801.145      0.328      0.000      0.000    0.00000    0.10350          -89.98460       87.39414         6.752e-01         3.641e+02         1.005e+00 
  1989.247           5.758    -56.060    -72.599            0.033        11801.145      0.328      0.000      0.000    0.00000    0.10327          -89.98463       87.39488         6.777e-01         3.641e+02         1.005e+00 
  1990.247           5.725    -56.060    -72.599            0.033        11801.145      0.328      0.000      0.000    0.00000    0.10304          -89.98466       87.39563         6.801e-01         3.641e+02         1.005e+00 
  1991.247           5.693    -56.060    -72.599            0.033        11801.145      0.328      0.000      0.000    0.00000    0.10281          -89.98469       87.39639         6.826e-01         3.641e+02         1.005e+00 
  1992.247           5.660    -56.060    -72.599            0.033        11801.145      0.328      0.000      0.000    0.00000    0.10258          -89.98472       87.39717         6.850e-01         3.641e+02         1.005e+00 
  1993.247           5.627    -56.060    -72.599            0.033        11801.145      0.328      0.000      0.000    0.00000    0.10236          -89.98475       87.39797         6.875e-01         3.641e+02         1.005e+00 
  1994.247           5.595    -56.060    -72.599            0.032        11801.145      0.328      0.000      0.000    0.00000    0.10213          -89.98477       87.39878         6.899e-01         3.641e+02         1.005e+00 
  1995.247           5.562    -56.060    -72.599            0.032        11801.145      0.328      0.000      0.000    0.00000    0.10190          -89.98480       87.39960         6.924e-01         3.641e+02         1.005e+00 
  1996.247           5.530    -56.060    -72.599            0.032        11801.145      0.328      0.000      0.000    0.00000    0.10168          -89.98483       87.40044         6.949e-01         3.641e+02         1.005e+00 
  1997.247           5.498    -56.060    -72.599            0.032        11801.145      0.328      0.000      0.000    0.00000    0.10146          -89.98486       87.40129         6.973e-01         3.641e+02         1.005e+00 
  1998.247           5.465    -56.060    -72.599            0.032        11801.145      0.328      0.000      0.000    0.00000    0.10124          -89.98489       87.40215         6.998e-01         3.641e+02         1.005e+00 
  1999.247           5.433    -56.060    -72.599            0.032        11801.145      0.328      0.000      0.000    0.00000    0.10102          -89.98492       87.40303         7.023e-01         3.641e+02         1.005e+00 
  2000.247           5.401    -56.060    -72.599            0.032        11801.145      0.328      0.000      0.000    0.00000    0.10080          -89.98494       87.40393         7.047e-01         3.641e+02         1.005e+00 
  2001.247           5.369    -56.060    -72.599            0.032        11801.145      0.328      0.000      0.000    0.00000    0.10058          -89.98497       87.40484         7.072e-01         3.641e+02         1.005e+00 
  2002.247           5.337    -56.060    -72.599            0.032        11801.145      0.328      0.000      0.000    0.00000    0.10036          -89.98500       87.40576         7.097e-01         3.640e+02         1.005e+00 
  2003.247           5.305    -56.060    -72.599            0.032        11801.145      0.328      0.000      0.000    0.00000    0.10014          -89.98503       87.40670         7.122e-01         3.640e+02         1.005e+00 
  2004.247           5.273    -56.060    -72.599            0.032        11801.145      0.328      0.000      0.000    0.00000    0.09993          -89.98505       87.40765         7.146e-01         3.640e+02         1.005e+00 
  2005.247           5.241    -56.060    -72.599            0.032        11801.145      0.328      0.000      0.000    0.00000    0.09971          -89.98508       87.40861         7.171e-01         3.640e+02         1.005e+00 
  2006.247           5.209    -56.060    -72.599            0.032        11801.145      0.328      0.000      0.000    0.00000    0.09950          -89.98511       87.40959         7.196e-01         3.640e+02         1.005e+00 
  2007.247           5.178    -56.060    -72.599            0.032        11801.145      0.328      0.000      0.000    0.00000    0.09929          -89.98513       87.41058         7.221e-01         3.640e+02         1.005e+00 
  2008.247           5.146    -56.060    -72.599            0.032        11801.145      0.328      0.000      0.000    0.00000    0.09908          -89.98516       87.41159         7.246e-01         3.640e+02         1.005e+00 
  2009.247           5.114    -56.060    -72.599            0.032        11801.145      0.328      0.000      0.000    0.00000    0.09887          -89.98519       87.41261         7.271e-01         3.640e+02         1.005e+00 
  2010.247           5.083    -56.060    -72.599            0.032        11801.145      0.328      0.000      0.000    0.00000    0.09866          -89.98521       87.41365         7.296e-01         3.640e+02         1.005e+00 
  2011.247           5.051    -56.060    -72.599            0.032        11801.145      0.328      0.000      0.000    0.00000    0.09845          -89.98524       87.41469         7.321e-01         3.640e+02         1.005e+00 
  2012.247           5.019    -56.060    -72.599            0.031        11801.145      0.328      0.000      0.000    0.00000    0.09824          -89.98527       87.41576         7.346e-01         3.640e+02         1.005e+00 
  2013.247           4.988    -56.060    -72.599            0.031        11801.145      0.328      0.000      0.000    0.00000    0.09803          -89.98529       87.41683         7.371e-01         3.640e+02         1.005e+00 
  2014.247           4.957    -56.060    -72.599            0.031        11801.145      0.328      0.000      0.000    0.00000    0.09783          -89.98532       87.41792         7.396e-01         3.640e+02         1.005e+00 
  2015.247           4.925    -56.060    -72.599            0.031        11801.145      0.328      0.000      0.000    0.00000    0.09762          -89.98535       87.41902         7.421e-01         3.640e+02         1.005e+00 
  2016.247           4.894    -56.060    -72.599            0.031        11801.145      0.328      0.000      0.000    0.00000    0.09742          -89.98537       87.42014         7.446e-01         3.640e+02         1.005e+00 
  2017.247           4.863    -56.060    -72.599            0.031        11801.145      0.328      0.000      0.000    0.00000    0.09722          -89.98540       87.42127         7.471e-01         3.640e+02         1.005e+00 
  2018.247           4.832    -56.060    -72.599            0.031        11801.145      0.328      0.000      0.000    0.00000    0.09701          -89.98542       87.42241         7.496e-01         3.640e+02         1.005e+00 
  2019.247           4.800    -56.060    -72.599            0.031        11801.145      0.328      0.000      0.000    0.00000    0.09681          -89.98545       87.42357         7.521e-01         3.640e+02         1.005e+00 
  2020.247           4.769    -56.060    -72.599            0.031        11801.145      0.328      0.000      0.000    0.00000    0.09661          -89.98547       87.42474         7.546e-01         3.640e+02         1.005e+00 
  2021.247           4.738    -56.060    -72.599            0.031        11801.145      0.328      0.000      0.000    0.00000    0.09641          -89.98550       87.42592         7.572e-01         3.640e+02         1.005e+00 
  2022.247           4.707    -56.060    -72.599            0.031        11801.145      0.328      0.000      0.000    0.00000    0.09622          -89.98552       87.42712         7.597e-01         3.639e+02         1.005e+00 
  2023.247           4.676    -56.060    -72.599            0.031        11801.145      0.328      0.000      0.000    0.00000    0.09602          -89.98555       87.42832         7.622e-01         3.639e+02         1.005e+00 
  2024.247           4.646    -56.060    -72.599            0.031        11801.145      0.328      0.000      0.000    0.00000    0.09582          -89.98557       87.42955         7.647e-01         3.639e+02         1.005e+00 
  2025.247           4.615    -56.060    -72.599            0.031        11801.145      0.328      0.000      0.000    0.00000    0.09563          -89.98560       87.43078         7.673e-01         3.639e+02         1.005e+00 
  2026.247           4.584    -56.060    -72.599            0.031        11801.145      0.328      0.000      0.000    0.00000    0.09543          -89.98562       87.43203         7.698e-01         3.639e+02         1.005e+00 
  2027.247           4.553    -56.060    -72.599            0.031        11801.145      0.328      0.000      0.000    0.00000    0.09524          -89.98565       87.43329         7.723e-01         3.639e+02         1.005e+00 
  2028.247           4.523    -56.060    -72.599            0.031        11801.145      0.328      0.000      0.000    0.00000    0.09504          -89.98567       87.43457         7.748e-01         3.639e+02         1.005e+00 
  2029.247           4.492    -56.060    -72.599            0.031        11801.145      0.328      0.000      0.000    0.00000    0.09485          -89.98570       87.43586         7.774e-01         3.639e+02         1.005e+00 
  2030.247           4.461    -56.060    -72.599            0.031        11801.145      0.328      0.000      0.000    0.00000    0.09466          -89.98572       87.43716         7.799e-01         3.639e+02         1.005e+00 
  2031.247           4.431    -56.060    -72.599            0.030        11801.145      0.328      0.000      0.000    0.00000    0.09447          -89.98575       87.43847         7.825e-01         3.639e+02         1.005e+00 
  2032.247           4.400    -56.060    -72.599            0.030        11801.145      0.328      0.000      0.000    0.00000    0.09428          -89.98577       87.43980         7.850e-01         3.639e+02         1.005e+00 
  2033.247           4.370    -56.060    -72.599            0.030        11801.145      0.328      0.000      0.000    0.00000    0.09409          -89.98580       87.44114         7.876e-01         3.639e+02         1.005e+00 
  2034.247           4.340    -56.060    -72.599            0.030        11801.145      0.328      0.000      0.000    0.00000    0.09390          -89.98582       87.44249         7.901e-01         3.639e+02         1.005e+00 
  2035.247           4.309    -56.060    -72.599            0.030        11801.145      0.328      0.000      0.000    0.00000    0.09372          -89.98584       87.44385         7.926e-01         3.639e+02         1.005e+00 
  2036.247           4.279    -56.060    -72.599            0.030        11801.145      0.328      0.000      0.000    0.00000    0.09353          -89.98587       87.44523         7.952e-01         3.639e+02         1.005e+00 
  2037.247           4.249    -56.060    -72.599            0.030        11801.145      0.328      0.000      0.000    0.00000    0.09335          -89.98589       87.44662         7.978e-01         3.639e+02         1.005e+00 
  2038.247           4.219    -56.060    -72.599            0.030        11801.145      0.328      0.000      0.000    0.00000    0.09316          -89.98591       87.44802         8.003e-01         3.639e+02         1.005e+00 
  2039.247           4.189    -56.060    -72.599            0.030        11801.145      0.328      0.000      0.000    0.00000    0.09298          -89.98594       87.44944         8.029e-01         3.639e+02         1.005e+00 
  2040.247           4.158    -56.060    -72.599            0.030        11801.145      0.328      0.000      0.000    0.00000    0.09279          -89.98596       87.45087         8.054e-01         3.639e+02         1.005e+00 
  2041.247           4.128    -56.060    -72.599            0.030        11801.145      0.328      0.000      0.000    0.00000    0.09261          -89.98599       87.45231         8.080e-01         3.639e+02         1.005e+00 
  2042.247           4.098    -56.060    -72.599            0.030        11801.145      0.328      0.000      0.000    0.00000    0.09243          -89.98601       87.45376         8.106e-01         3.639e+02         1.005e+00 
  2043.247           4.069    -56.060    -72.599            0.030        11801.145      0.328      0.000      0.000    0.00000    0.09225          -89.98603       87.45522         8.131e-01         3.639e+02         1.005e+00 
  2044.247           4.039    -56.060    -72.599            0.030        11801.145      0.328      0.000      0.000    0.00000    0.09207          -89.98605       87.45670         8.157e-01         3.639e+02         1.004e+00 
  2045.247           4.009    -56.060    -72.599            0.030        11801.145      0.328      0.000      0.000    0.00000    0.09189          -89.98608       87.45819         8.183e-01         3.639e+02         1.004e+00 
  2046.247           3.979    -56.060    -72.599            0.030        11801.145      0.328      0.000      0.000    0.00000    0.09171          -89.98610       87.45969         8.208e-01         3.639e+02         1.004e+00 
  2047.247           3.949    -56.060    -72.599            0.030        11801.145      0.328      0.000      0.000    0.00000    0.09153          -89.98612       87.46121         8.234e-01         3.639e+02         1.004e+00 
  2048.247           3.920    -56.060    -72.599            0.030        11801.145      0.328      0.000      0.000    0.00000    0.09136          -89.98615       87.46274         8.260e-01         3.638e+02         1.004e+00 
  2049.247           3.890    -56.060    -72.599            0.030        11801.145      0.328      0.000      0.000    0.00000    0.09118          -89.98617       87.46428         8.286e-01         3.638e+02         1.004e+00 
  2050.247           3.860    -56.060    -72.599            0.030        11801.145      0.328      0.000      0.000    0.00000    0.09101          -89.98619       87.46583         8.312e-01         3.638e+02         1.004e+00 
  2051.247           3.831    -56.060    -72.599            0.030        11801.145      0.328      0.000      0.000    0.00000    0.09083          -89.98621       87.46739         8.337e-01         3.638e+02         1.004e+00 
  2052.247           3.801    -56.060    -72.599            0.029        11801.145      0.328      0.000      0.000    0.00000    0.09066          -89.98624       87.46897         8.363e-01         3.638e+02         1.004e+00 
  2053.247           3.772    -56.060    -72.599            0.029        11801.145      0.328      0.000      0.000    0.00000    0.09048          -89.98626       87.47055         8.389e-01         3.638e+02         1.004e+00 
  2054.247           3.742    -56.060    -72.599            0.029        11801.145      0.328      0.000      0.000    0.00000    0.09031          -89.98628       87.47215         8.415e-01         3.638e+02         1.004e+00 
  2055.247           3.713    -56.060    -72.599            0.029        11801.145      0.328      0.000      0.000    0.00000    0.09014          -89.98630       87.47377         8.441e-01         3.638e+02         1.004e+00 
  2056.247           3.684    -56.060    -72.599            0.029        11801.145      0.328      0.000      0.000    0.00000    0.08997          -89.98632       87.47539         8.467e-01         3.638e+02         1.004e+00 
  2057.247           3.654    -56.060    -72.599            0.029        11801.145      0.328      0.000      0.000    0.00000    0.08980          -89.98635       87.47702         8.493e-01         3.638e+02         1.004e+00 
  2058.247           3.625    -56.060    -72.599            0.029        11801.145      0.328      0.000      0.000    0.00000    0.08963          -89.98637       87.47867         8.519e-01         3.638e+02         1.004e+00 
  2059.247           3.596    -56.060    -72.599            0.029        11801.145      0.328      0.000      0.000    0.00000    0.08946          -89.98639       87.48033         8.545e-01         3.638e+02         1.004e+00 
  2060.247           3.567    -56.060    -72.599            0.029        11801.145      0.328      0.000      0.000    0.00000    0.08929          -89.98641       87.48200         8.571e-01         3.638e+02         1.004e+00 
  2061.247           3.538    -56.060    -72.599            0.029        11801.145      0.328      0.000      0.000    0.00000    0.08912          -89.98643       87.48369         8.597e-01         3.638e+02         1.004e+00 
  2062.247           3.509    -56.060    -72.599            0.029        11801.145      0.328      0.000      0.000    0.00000    0.08896          -89.98645       87.48538         8.623e-01         3.638e+02         1.004e+00 
  2063.247           3.480    -56.060    -72.599            0.029        11801.145      0.328      0.000      0.000    0.00000    0.08879          -89.98648       87.48709         8.649e-01         3.638e+02         1.004e+00 
  2064.247           3.451    -56.060    -72.599            0.029        11801.145      0.328      0.000      0.000    0.00000    0.08863          -89.98650       87.48881         8.675e-01         3.638e+02         1.004e+00 
  2065.247           3.422    -56.060    -72.599            0.029        11801.145      0.328      0.000      0.000    0.00000    0.08846          -89.98652       87.49054         8.701e-01         3.638e+02         1.004e+00 
  2066.247           3.393    -56.060    -72.599            0.029        11801.145      0.328      0.000      0.000    0.00000    0.08830          -89.98654       87.49228         8.728e-01         3.638e+02         1.004e+00 
  2067.247           3.364    -56.060    -72.599            0.029        11801.145      0.328      0.000      0.000    0.00000    0.08813          -89.98656       87.49403         8.754e-01         3.638e+02         1.004e+00 
  2068.247           3.335    -56.060    -72.599            0.029        11801.145      0.328      0.000      0.000    0.00000    0.08797          -89.98658       87.49580         8.780e-01         3.638e+02         1.004e+00 
  2069.247           3.306    -56.060    -72.599            0.029        11801.145      0.328      0.000      0.000    0.00000    0.08781          -89.98660       87.49757         8.806e-01         3.638e+02         1.004e+00 
  2070.247           3.278    -56.060    -72.599            0.029        11801.145      0.328      0.000      0.000    0.00000    0.08765          -89.98662       87.49936         8.832e-01         3.638e+02         1.004e+00 
  2071.247           3.249    -56.060    -72.599            0.029        11801.145      0.328      0.000      0.000    0.00000    0.08749          -89.98664       87.50116         8.859e-01         3.638e+02         1.004e+00 
  2072.247           3.220    -56.060    -72.599            0.029        11801.145      0.328      0.000      0.000    0.00000    0.08733          -89.98667       87.50297         8.885e-01         3.638e+02         1.004e+00 
  2073.247           3.192    -56.060    -72.599            0.029        11801.145      0.328      0.000      0.000    0.00000    0.08717          -89.98669       87.50479         8.911e-01         3.638e+02         1.004e+00 
  2074.247           3.163    -56.060    -72.599            0.029        11801.145      0.328      0.000      0.000    0.00000    0.08701          -89.98671       87.50663         8.938e-01         3.638e+02         1.004e+00 
  2075.247           3.135    -56.060    -72.599            0.028        11801.145      0.328      0.000      0.000    0.00000    0.08685          -89.98673       87.50847         8.964e-01         3.638e+02         1.004e+00 
  2076.247           3.106    -56.060    -72.599            0.028        11801.145      0.328      0.000      0.000    0.00000    0.08669          -89.98675       87.51033         8.990e-01         3.638e+02         1.004e+00 
  2077.247           3.078    -56.060    -72.599            0.028        11801.145      0.328      0.000      0.000    0.00000    0.08653          -89.98677       87.51220         9.017e-01         3.638e+02         1.004e+00 
  2078.247           3.049    -56.060    -72.599            0.028        11801.145      0.328      0.000      0.000    0.00000    0.08638          -89.98679       87.51408         9.043e-01         3.638e+02         1.004e+00 
  2079.247           3.021    -56.060    -72.599            0.028        11801.145      0.328      0.000      0.000    0.00000    0.08622          -89.98681       87.51597         9.070e-01         3.638e+02         1.004e+00 
  2080.247           2.993    -56.060    -72.599            0.028        11801.145      0.328      0.000      0.000    0.00000    0.08607          -89.98683       87.51787         9.096e-01         3.638e+02         1.004e+00 
  2081.247           2.965    -56.060    -72.599            0.028        11801.145      0.328      0.000      0.000    0.00000    0.08591          -89.98685       87.51978         9.122e-01         3.638e+02         1.004e+00 
  2082.247           2.936    -56.060    -72.599            0.028        11801.145      0.328      0.000      0.000    0.00000    0.08576          -89.98687       87.52171         9.149e-01         3.638e+02         1.004e+00 
  2083.247           2.908    -56.060    -72.599            0.028        11801.145      0.328      0.000      0.000    0.00000    0.08560          -89.98689       87.52364         9.175e-01         3.638e+02         1.004e+00 
  2084.247           2.880    -56.060    -72.599            0.028        11801.145      0.328      0.000      0.000    0.00000    0.08545          -89.98691       87.52559         9.202e-01         3.638e+02         1.004e+00 
  2085.247           2.852    -56.060    -72.599            0.028        11801.145      0.328      0.000      0.000    0.00000    0.08530          -89.98693       87.52754         9.229e-01         3.637e+02         1.004e+00 
  2086.247           2.824    -56.060    -72.599            0.028        11801.145      0.328      0.000      0.000    0.00000    0.08515          -89.98695       87.52951         9.255e-01         3.637e+02         1.004e+00 
  2087.247           2.796    -56.060    -72.599            0.028        11801.145      0.328      0.000      0.000    0.00000    0.08500          -89.98697       87.53149         9.282e-01         3.637e+02         1.004e+00 
  2088.247           2.768    -56.060    -72.599            0.028        11801.145      0.328      0.000      0.000    0.00000    0.08485          -89.98699       87.53348         9.308e-01         3.637e+02         1.004e+00 
  2089.247           2.740    -56.060    -72.599            0.028        11801.145      0.328      0.000      0.000    0.00000    0.08470          -89.98701       87.53548         9.335e-01         3.637e+02         1.004e+00 
  2090.247           2.712    -56.060    -72.599            0.028        11801.145      0.328      0.000      0.000    0.00000    0.08455          -89.98703       87.53750         9.362e-01         3.637e+02         1.004e+00 
  2091.247           2.684    -56.060    -72.599            0.028        11801.145      0.328      0.000      0.000    0.00000    0.08440          -89.98704       87.53952         9.388e-01         3.637e+02         1.004e+00 
  2092.247           2.656    -56.060    -72.599            0.028        11801.145      0.328      0.000      0.000    0.00000    0.08425          -89.98706       87.54155         9.415e-01         3.637e+02         1.004e+00 
  2093.247           2.629    -56.060    -72.599            0.028        11801.145      0.328      0.000      0.000    0.00000    0.08410          -89.98708       87.54360         9.442e-01         3.637e+02         1.004e+00 
  2094.247           2.601    -56.060    -72.599            0.028        11801.145      0.328      0.000      0.000    0.00000    0.08396          -89.98710       87.54565         9.468e-01         3.637e+02         1.004e+00 
  2095.247           2.573    -56.060    -72.599            0.028        11801.145      0.328      0.000      0.000    0.00000    0.08381          -89.98712       87.54772         9.495e-01         3.637e+02         1.004e+00 
  2096.247           2.546    -56.060    -72.599            0.028        11801.145      0.328      0.000      0.000    0.00000    0.08366          -89.98714       87.54980         9.522e-01         3.637e+02         1.004e+00 
  2097.247           2.518    -56.060    -72.599            0.028        11801.145      0.328      0.000      0.000    0.00000    0.08352          -89.98716       87.55189         9.549e-01         3.637e+02         1.004e+00 
  2098.247           2.490    -56.060    -72.599            0.028        11801.145      0.328      0.000      0.000    0.00000    0.08337          -89.98718       87.55398         9.576e-01         3.637e+02         1.004e+00 
  2099.247           2.463    -56.060    -72.599            0.028        11801.145      0.328      0.000      0.000    0.00000    0.08323          -89.98720       87.55609         9.602e-01         3.637e+02         1.004e+00 
  2100.247           2.435    -56.060    -72.599            0.027        11801.145      0.328      0.000      0.000    0.00000    0.08309          -89.98722       87.55821         9.629e-01         3.637e+02         1.004e+00 
  2101.247           2.408    -56.060    -72.599            0.027        11801.145      0.328      0.000      0.000    0.00000    0.08294          -89.98723       87.56034         9.656e-01         3.637e+02         1.004e+00 
  2102.247           2.380    -56.060    -72.599            0.027        11801.145      0.328      0.000      0.000    0.00000    0.08280          -89.98725       87.56248         9.683e-01         3.637e+02         1.004e+00 
  2103.247           2.353    -56.060    -72.599            0.027        11801.145      0.328      0.000      0.000    0.00000    0.08266          -89.98727       87.56464         9.710e-01         3.637e+02         1.004e+00 
  2104.247           2.326    -56.060    -72.599            0.027        11801.145      0.328      0.000      0.000    0.00000    0.08252          -89.98729       87.56680         9.737e-01         3.637e+02         1.004e+00 
  2105.247           2.298    -56.060    -72.599            0.027        11801.145      0.328      0.000      0.000    0.00000    0.08238          -89.98731       87.56897         9.764e-01         3.637e+02         1.004e+00 
  2106.247           2.271    -56.060    -72.599            0.027        11801.146      0.328      0.000      0.000    0.00000    0.08224          -89.98733       87.57115         9.791e-01         3.637e+02         1.004e+00 
  2107.247           2.244    -56.060    -72.599            0.027        11801.146      0.328      0.000      0.000    0.00000    0.08210          -89.98734       87.57335         9.818e-01         3.637e+02         1.004e+00 
  2108.247           2.217    -56.060    -72.599            0.027        11801.146      0.328      0.000      0.000    0.00000    0.08196          -89.98736       87.57555         9.845e-01         3.637e+02         1.004e+00 
  2109.247           2.190    -56.060    -72.599            0.027        11801.146      0.328      0.000      0.000    0.00000    0.08182          -89.98738       87.57777         9.872e-01         3.637e+02         1.004e+00 
  2110.247           2.162    -56.060    -72.599            0.027        11801.146      0.328      0.000      0.000    0.00000    0.08168          -89.98740       87.57999         9.899e-01         3.637e+02         1.004e+00 
  2111.247           2.135    -56.060    -72.599            0.027        11801.146      0.328      0.000      0.000    0.00000    0.08154          -89.98742       87.58223         9.926e-01         3.637e+02         1.004e+00 
  2112.247           2.108    -56.060    -72.599            0.027        11801.146      0.328      0.000      0.000    0.00000    0.08140          -89.98744       87.58447         9.953e-01         3.637e+02         1.004e+00 
  2113.247           2.081    -56.060    -72.599            0.027        11801.146      0.328      0.000      0.000    0.00000    0.08127          -89.98745       87.58673         9.980e-01         3.637e+02         1.004e+00 
  2114.247           2.054    -56.060    -72.599            0.027        11801.146      0.328      0.000      0.000    0.00000    0.08113          -89.98747       87.58900         1.001e+00         3.637e+02         1.004e+00 
  2115.247           2.027    -56.060    -72.599            0.027        11801.146      0.328      0.000      0.000    0.00000    0.08100          -89.98749       87.59127         1.003e+00         3.637e+02         1.004e+00 
  2116.247           2.000    -56.060    -72.599            0.027        11801.146      0.328      0.000      0.000    0.00000    0.08086          -89.98751       87.59356         1.006e+00         3.637e+02         1.004e+00 
  2117.247           1.974    -56.060    -72.599            0.027        11801.146      0.328      0.000      0.000    0.00000    0.08073          -89.98752       87.59586         1.009e+00         3.637e+02         1.004e+00 
  2118.247           1.947    -56.060    -72.599            0.027        11801.146      0.328      0.000      0.000    0.00000    0.08059          -89.98754       87.59816         1.012e+00         3.637e+02         1.004e+00 
  2119.247           1.920    -56.060    -72.599            0.027        11801.146      0.328      0.000      0.000    0.00000    0.08046          -89.98756       87.60048         1.014e+00         3.637e+02         1.004e+00 
  2120.247           1.893    -56.060    -72.599            0.027        11801.146      0.328      0.000      0.000    0.00000    0.08032          -89.98758       87.60281         1.017e+00         3.637e+02         1.004e+00 
  2121.247           1.866    -56.060    -72.599            0.027        11801.146      0.328      0.000      0.000    0.00000    0.08019          -89.98759       87.60515         1.020e+00         3.637e+02         1.004e+00 
  2122.247           1.840    -56.060    -72.599            0.027        11801.146      0.328      0.000      0.000    0.00000    0.08006          -89.98761       87.60749         1.023e+00         3.637e+02         1.004e+00 
  2123.247           1.813    -56.060    -72.599            0.027        11801.146      0.328      0.000      0.000    0.00000    0.07993          -89.98763       87.60985         1.025e+00         3.637e+02         1.004e+00 
  2124.247           1.787    -56.060    -72.599            0.027        11801.146      0.328      0.000      0.000    0.00000    0.07980          -89.98765       87.61222         1.028e+00         3.637e+02         1.004e+00 
  2125.247           1.760    -56.060    -72.599            0.027        11801.146      0.328      0.000      0.000    0.00000    0.07966          -89.98766       87.61460         1.031e+00         3.637e+02         1.004e+00 
  2126.247           1.733    -56.060    -72.599            0.027        11801.146      0.328      0.000      0.000    0.00000    0.07953          -89.98768       87.61699         1.033e+00         3.637e+02         1.004e+00 
  2127.247           1.707    -56.060    -72.599            0.026        11801.146      0.328      0.000      0.000    0.00000    0.07940          -89.98770       87.61938         1.036e+00         3.637e+02         1.004e+00 
  2128.247           1.680    -56.060    -72.599            0.026        11801.146      0.328      0.000      0.000    0.00000    0.07927          -89.98771       87.62179         1.039e+00         3.637e+02         1.004e+00 
  2129.247           1.654    -56.060    -72.599            0.026        11801.146      0.328      0.000      0.000    0.00000    0.07915          -89.98773       87.62421         1.042e+00         3.637e+02         1.004e+00 
  2130.247           1.628    -56.060    -72.599            0.026        11801.146      0.328      0.000      0.000    0.00000    0.07902          -89.98775       87.62664         1.044e+00         3.637e+02         1.004e+00 
  2131.247           1.601    -56.060    -72.599            0.026        11801.146      0.328      0.000      0.000    0.00000    0.07889          -89.98776       87.62908         1.047e+00         3.637e+02         1.004e+00 
  2132.247           1.575    -56.060    -72.599            0.026        11801.146      0.328      0.000      0.000    0.00000    0.07876          -89.98778       87.63152         1.050e+00         3.637e+02         1.004e+00 
  2133.247           1.549    -56.060    -72.599            0.026        11801.146      0.328      0.000      0.000    0.00000    0.07863          -89.98780       87.63398         1.053e+00         3.637e+02         1.004e+00 
  2134.247           1.522    -56.060    -72.599            0.026        11801.146      0.328      0.000      0.000    0.00000    0.07851          -89.98782       87.63645         1.055e+00         3.637e+02         1.004e+00 
  2135.247           1.496    -56.060    -72.599            0.026        11801.146      0.328      0.000      0.000    0.00000    0.07838          -89.98783       87.63892         1.058e+00         3.637e+02         1.004e+00 
  2136.247           1.470    -56.060    -72.599            0.026        11801.146      0.328      0.000      0.000    0.00000    0.07825          -89.98785       87.64141         1.061e+00         3.637e+02         1.004e+00 
  2137.247           1.444    -56.060    -72.599            0.026        11801.146      0.328      0.000      0.000    0.00000    0.07813          -89.98786       87.64391         1.064e+00         3.637e+02         1.004e+00 
  2138.247           1.418    -56.060    -72.599            0.026        11801.146      0.328      0.000      0.000    0.00000    0.07800          -89.98788       87.64641         1.066e+00         3.637e+02         1.004e+00 
  2139.247           1.392    -56.060    -72.599            0.026        11801.146      0.328      0.000      0.000    0.00000    0.07788          -89.98790       87.64893         1.069e+00         3.637e+02         1.004e+00 
  2140.247           1.365    -56.060    -72.599            0.026        11801.146      0.328      0.000      0.000    0.00000    0.07776          -89.98791       87.65145         1.072e+00         3.637e+02         1.004e+00 
  2141.247           1.339    -56.060    -72.599            0.026        11801.146      0.328      0.000      0.000    0.00000    0.07763          -89.98793       87.65399         1.075e+00         3.637e+02         1.004e+00 
  2142.247           1.313    -56.060    -72.599            0.026        11801.146      0.328      0.000      0.000    0.00000    0.07751          -89.98795       87.65653         1.078e+00         3.637e+02         1.004e+00 
  2143.247           1.287    -56.060    -72.599            0.026        11801.146      0.328      0.000      0.000    0.00000    0.07739          -89.98796       87.65909         1.080e+00         3.637e+02         1.004e+00 
  2144.247           1.262    -56.060    -72.599            0.026        11801.146      0.328      0.000      0.000    0.00000    0.07726          -89.98798       87.66165         1.083e+00         3.637e+02         1.004e+00 
  2145.247           1.236    -56.060    -72.599            0.026        11801.146      0.328      0.000      0.000    0.00000    0.07714          -89.98800       87.66423         1.086e+00         3.637e+02         1.004e+00 
  2146.247           1.210    -56.060    -72.599            0.026        11801.146      0.328      0.000      0.000    0.00000    0.07702          -89.98801       87.66681         1.089e+00         3.637e+02         1.004e+00 
  2147.247           1.184    -56.060    -72.599            0.026        11801.146      0.328      0.000      0.000    0.00000    0.07690          -89.98803       87.66940         1.091e+00         3.637e+02         1.004e+00 
  2148.247           1.158    -56.060    -72.599            0.026        11801.146      0.328      0.000      0.000    0.00000    0.07678          -89.98804       87.67200         1.094e+00         3.637e+02         1.004e+00 
  2149.247           1.132    -56.060    -72.599            0.026        11801.146      0.328      0.000      0.000    0.00000    0.07666          -89.98806       87.67462         1.097e+00         3.637e+02         1.004e+00 
  2150.247           1.107    -56.060    -72.599            0.026        11801.146      0.328      0.000      0.000    0.00000    0.07654          -89.98807       87.67724         1.100e+00         3.637e+02         1.004e+00 
  2151.247           1.081    -56.060    -72.599            0.026        11801.146      0.328      0.000      0.000    0.00000    0.07642          -89.98809       87.67987         1.102e+00         3.637e+02         1.004e+00 
  2152.247           1.055    -56.060    -72.599            0.026        11801.146      0.328      0.000      0.000    0.00000    0.07630          -89.98811       87.68251         1.105e+00         3.637e+02         1.004e+00 
  2153.247           1.030    -56.060    -72.599            0.026        11801.146      0.328      0.000      0.000    0.00000    0.07618          -89.98812       87.68516         1.108e+00         3.637e+02         1.004e+00 
  2154.247           1.004    -56.060    -72.599            0.026        11801.146      0.328      0.000      0.000    0.00000    0.07606          -89.98814       87.68781         1.111e+00         3.637e+02         1.004e+00 
  2155.247           0.979    -56.060    -72.599            0.026        11801.146      0.328      0.000      0.000    0.00000    0.07594          -89.98815       87.69048         1.114e+00         3.637e+02         1.004e+00 
  2156.247           0.953    -56.060    -72.599            0.026        11801.146      0.328      0.000      0.000    0.00000    0.07583          -89.98817       87.69316         1.116e+00         3.637e+02         1.004e+00 
  2157.247           0.927    -56.060    -72.599            0.025        11801.146      0.328      0.000      0.000    0.00000    0.07571          -89.98818       87.69585         1.119e+00         3.637e+02         1.004e+00 
  2158.247           0.902    -56.060    -72.599            0.025        11801.146      0.328      0.000      0.000    0.00000    0.07559          -89.98820       87.69854         1.122e+00         3.637e+02         1.004e+00 
  2159.247           0.877    -56.060    -72.599            0.025        11801.146      0.328      0.000      0.000    0.00000    0.07548          -89.98822       87.70125         1.125e+00         3.636e+02         1.004e+00 
  2160.247           0.851    -56.060    -72.599            0.025        11801.146      0.328      0.000      0.000    0.00000    0.07536          -89.98823       87.70396         1.128e+00         3.636e+02         1.004e+00 
  2161.247           0.826    -56.060    -72.599            0.025        11801.146      0.328      0.000      0.000    0.00000    0.07524          -89.98825       87.70669         1.130e+00         3.636e+02         1.004e+00 
  2162.247           0.800    -56.060    -72.599            0.025        11801.146      0.328      0.000      0.000    0.00000    0.07513          -89.98826       87.70942         1.133e+00         3.636e+02         1.004e+00 
  2163.247           0.775    -56.060    -72.599            0.025        11801.146      0.328      0.000      0.000    0.00000    0.07501          -89.98828       87.71216         1.136e+00         3.636e+02         1.004e+00 
  2164.247           0.750    -56.060    -72.599            0.025        11801.146      0.328      0.000      0.000    0.00000    0.07490          -89.98829       87.71491         1.139e+00         3.636e+02         1.004e+00 
  2165.247           0.725    -56.060    -72.599            0.025        11801.146      0.328      0.000      0.000    0.00000    0.07479          -89.98831       87.71767         1.142e+00         3.636e+02         1.004e+00 
  2166.247           0.699    -56.060    -72.599            0.025        11801.146      0.328      0.000      0.000    0.00000    0.07467          -89.98832       87.72044         1.144e+00         3.636e+02         1.004e+00 
  2167.247           0.674    -56.060    -72.599            0.025        11801.146      0.328      0.000      0.000    0.00000    0.07456          -89.98834       87.72322         1.147e+00         3.636e+02         1.004e+00 
  2168.247           0.649    -56.060    -72.599            0.025        11801.146      0.328      0.000      0.000    0.00000    0.07445          -89.98835       87.72601         1.150e+00         3.636e+02         1.004e+00 
  2169.247           0.624    -56.060    -72.599            0.025        11801.146      0.328      0.000      0.000    0.00000    0.07433          -89.98837       87.72881         1.153e+00         3.636e+02         1.004e+00 
  2170.247           0.599    -56.060    -72.599            0.025        11801.146      0.328      0.000      0.000    0.00000    0.07422          -89.98838       87.73161         1.156e+00         3.636e+02         1.004e+00 
  2171.247           0.574    -56.060    -72.599            0.025        11801.146      0.328      0.000      0.000    0.00000    0.07411          -89.98840       87.73443         1.159e+00         3.636e+02         1.004e+00 
  2172.247           0.549    -56.060    -72.599            0.025        11801.146      0.328      0.000      0.000    0.00000    0.07400          -89.98841       87.73725         1.161e+00         3.636e+02         1.004e+00 
  2173.247           0.524    -56.060    -72.599            0.025        11801.146      0.328      0.000      0.000    0.00000    0.07389          -89.98843       87.74008         1.164e+00         3.636e+02         1.004e+00 
  2174.247           0.499    -56.060    -72.599            0.025        11801.146      0.328      0.000      0.000    0.00000    0.07378          -89.98844       87.74293         1.167e+00         3.636e+02         1.004e+00 
  2175.247           0.474    -56.060    -72.599            0.025        11801.146      0.328      0.000      0.000    0.00000    0.07367          -89.98846       87.74578         1.170e+00         3.636e+02         1.004e+00 
  2176.247           0.449    -56.060    -72.599            0.025        11801.146      0.328      0.000      0.000    0.00000    0.07356          -89.98847       87.74864         1.173e+00         3.636e+02         1.004e+00 
  2177.247           0.424    -56.060    -72.599            0.025        11801.146      0.328      0.000      0.000    0.00000    0.07345          -89.98848       87.75150         1.176e+00         3.636e+02         1.004e+00 
  2178.247           0.399    -56.060    -72.599            0.025        11801.146      0.328      0.000      0.000    0.00000    0.07334          -89.98850       87.75438         1.178e+00         3.636e+02         1.004e+00 
  2179.247           0.374    -56.060    -72.599            0.025        11801.146      0.328      0.000      0.000    0.00000    0.07323          -89.98851       87.75727         1.181e+00         3.636e+02         1.004e+00 
  2180.247           0.349    -56.060    -72.599            0.025        11801.146      0.328      0.000      0.000    0.00000    0.07312          -89.98853       87.76016         1.184e+00         3.636e+02         1.004e+00 
  2181.247           0.325    -56.060    -72.599            0.025        11801.146      0.328      0.000      0.000    0.00000    0.07301          -89.98854       87.76307         1.187e+00         3.636e+02         1.004e+00 
  2182.247           0.300    -56.060    -72.599            0.025        11801.146      0.328      0.000      0.000    0.00000    0.07290          -89.98856       87.76598         1.190e+00         3.636e+02         1.004e+00 
  2183.247           0.275    -56.060    -72.599            0.025        11801.146      0.328      0.000      0.000    0.00000    0.07280          -89.98857       87.76890         1.193e+00         3.636e+02         1.004e+00 
  2184.247           0.251    -56.060    -72.599            0.025        11801.146      0.328      0.000      0.000    0.00000    0.07269          -89.98859       87.77183         1.195e+00         3.636e+02         1.004e+00 
  2185.247           0.226    -56.060    -72.599            0.025        11801.146      0.328      0.000      0.000    0.00000    0.07258          -89.98860       87.77477         1.198e+00         3.636e+02         1.004e+00 
  2186.247           0.201    -56.060    -72.599            0.025        11801.146      0.328      0.000      0.000    0.00000    0.07248          -89.98861       87.77772         1.201e+00         3.636e+02         1.004e+00 
  2187.247           0.177    -56.060    -72.599            0.025        11801.146      0.328      0.000      0.000    0.00000    0.07237          -89.98863       87.78068         1.204e+00         3.636e+02         1.004e+00 
  2188.247           0.152    -56.060    -72.599            0.025        11801.146      0.328      0.000      0.000    0.00000    0.07227          -89.98864       87.78364         1.207e+00         3.636e+02         1.004e+00 
  2189.247           0.128    -56.060    -72.599            0.025        11801.146      0.328      0.000      0.000    0.00000    0.07216          -89.98866       87.78662         1.210e+00         3.636e+02         1.004e+00 
  2190.247           0.103    -56.060    -72.599            0.024        11801.146      0.328      0.000      0.000    0.00000    0.07205          -89.98867       87.78960         1.213e+00         3.636e+02         1.004e+00 
  2191.247           0.079    -56.060    -72.599            0.024        11801.146      0.328      0.000      0.000    0.00000    0.07195          -89.98868       87.79259         1.215e+00         3.636e+02         1.004e+00 
  2192.247           0.054    -56.060    -72.599            0.024        11801.146      0.328      0.000      0.000    0.00000    0.07185          -89.98870       87.79559         1.218e+00         3.636e+02         1.004e+00 
  2193.247           0.030    -56.060    -72.599            0.024        11801.146      0.328      0.000      0.000    0.00000    0.07174          -89.98871       87.79860         1.221e+00         3.636e+02         1.004e+00 
  2194.247           0.005    -56.060    -72.599            0.024        11801.146      0.328      0.000      0.000    0.00000    0.07164          -89.98873       87.80162         1.224e+00         3.636e+02         1.004e+00 
  2195.247           0.000    -56.060    -72.599            0.024        11801.146      0.328      0.000      0.000    0.00000    0.07156          -89.98874       87.80470         1.225e+00         3.632e+02         1.003e+00 
