#_______________________________________________________________________________
#    ######   ####     ##             #####   #####     ##    #    #    ## 
#    #       #        #  #            #    #  #    #   #  #   ##  ##   #  #
#    #####    ####   ######           #    #  #####   ######  # ## #  ######
#    #            #  #    #           #    #  #    #  #    #  #    #  #    #
#____######__#####___#____#___________#####___#____#__#____#__#____#__#____#____
#
#              ESA Debris Risk Assessment and Mitigation Analysis
#
#                      ---- DRAMA ( SESAM 2.3.0 ) ----
#                                      ESA 2018
#
#                              aerothermal history file
#-------------------------------------------------------------------------------
# Filename      : PySara.ADCS.e47378b3-1487-48d7-99ad-2143d6155f1d_AeroThermalHistory.txt
# RunID         : PySara
# ObjectID      : e47378b3-1487-48d7-99ad-2143d6155f1d
# ObjectName    : ADCS
# ReferenceArea : 0.0081 [m^2]
# Content       : This file contains the aerothermal data of the object,
#                 computed by the DRAMA 3 Re-entry Analysis.
# Documentation : DRAMA Software User Manual, section OPERATIONS MANUAL / Normal operation / SARA / SARA Simulation Output / Re-entry simulation output
# Note          : The convective heat and the integrated heat values in this file take into account the visibility factor
#
#------------------------------------------------------------------------------------------------------------------------------------------------------------------------------------
# Time [s]   Altitude [km]   Temp [K]   Mass [kg]  Thick [mm]  Convective Heat [W]  Radiative Heat [W]  Oxidation Heat [W]  Rad Cooling [W]  Integrated Heat [J] VisibilityFactor [-]
#------------------------------------------------------------------------------------------------------------------------------------------------------------------------------------
  1370.750          90.959    300.000       0.196       4.578              781.736               0.000               0.000           -8.426                0.000              1.00000 
  1370.850          90.949    300.378       0.196       4.578              783.210               0.000               0.000           -8.426               78.321              1.00000 
  1371.300          90.903    302.092       0.196       4.578              790.162               0.000               0.000           -8.469              433.894              1.00000 
  1372.300          90.802    305.981       0.196       4.578              806.494               0.000               0.000           -8.664             1240.388              1.00000 
  1373.300          90.701    309.956       0.196       4.578              824.810               0.000               0.000           -9.119             2065.198              1.00000 
  1374.300          90.599    314.021       0.196       4.578              843.562               0.000               0.000           -9.602             2908.760              1.00000 
  1375.300          90.496    318.177       0.196       4.578              862.762               0.000               0.000          -10.116             3771.522              1.00000 
  1376.300          90.393    322.426       0.196       4.578              882.419               0.000               0.000          -10.662             4653.941              1.00000 
  1377.300          90.289    326.770       0.196       4.578              902.546               0.000               0.000          -11.243             5556.487              1.00000 
  1378.300          90.184    331.211       0.196       4.578              923.156               0.000               0.000          -11.861             6479.643              1.00000 
  1379.300          90.079    335.753       0.196       4.578              944.259               0.000               0.000          -12.519             7423.902              1.00000 
  1380.300          89.973    340.396       0.196       4.578              965.870               0.000               0.000          -13.220             8389.772              1.00000 
  1381.300          89.867    345.143       0.196       4.578              988.001               0.000               0.000          -13.967             9377.773              1.00000 
  1382.300          89.760    349.997       0.196       4.578             1010.665               0.000               0.000          -14.762            10388.438              1.00000 
  1383.300          89.652    354.960       0.196       4.578             1033.875               0.000               0.000          -15.610            11422.313              1.00000 
  1384.300          89.543    360.035       0.196       4.578             1057.647               0.000               0.000          -16.515            12479.960              1.00000 
  1385.300          89.434    365.223       0.196       4.578             1081.994               0.000               0.000          -17.480            13561.954              1.00000 
  1386.300          89.324    370.528       0.196       4.578             1106.930               0.000               0.000          -18.509            14668.883              1.00000 
  1387.300          89.214    375.952       0.196       4.578             1132.470               0.000               0.000          -19.608            15801.353              1.00000 
  1388.300          89.102    381.498       0.196       4.578             1158.630               0.000               0.000          -20.782            16959.983              1.00000 
  1389.300          88.990    387.168       0.196       4.578             1185.424               0.000               0.000          -22.035            18145.408              1.00000 
  1390.300          88.878    392.965       0.196       4.578             1212.869               0.000               0.000          -23.375            19358.277              1.00000 
  1391.300          88.764    398.893       0.196       4.578             1240.980               0.000               0.000          -24.807            20599.257              1.00000 
  1392.300          88.650    404.953       0.196       4.578             1269.774               0.000               0.000          -26.338            21869.031              1.00000 
  1393.300          88.535    411.150       0.196       4.578             1299.266               0.000               0.000          -27.975            23168.297              1.00000 
  1394.300          88.419    417.484       0.196       4.578             1329.474               0.000               0.000          -29.727            24497.771              1.00000 
  1395.300          88.302    423.961       0.196       4.578             1360.413               0.000               0.000          -31.602            25858.184              1.00000 
  1396.300          88.185    430.582       0.196       4.578             1392.102               0.000               0.000          -33.609            27250.286              1.00000 
  1397.300          88.066    437.351       0.196       4.578             1424.557               0.000               0.000          -35.758            28674.843              1.00000 
  1398.300          87.947    444.271       0.196       4.578             1457.797               0.000               0.000          -38.061            30132.640              1.00000 
  1399.300          87.827    451.344       0.196       4.578             1491.839               0.000               0.000          -40.527            31624.479              1.00000 
  1400.300          87.706    458.575       0.196       4.578             1526.701               0.000               0.000          -43.170            33151.180              1.00000 
  1401.300          87.585    465.966       0.196       4.578             1562.402               0.000               0.000          -46.004            34713.582              1.00000 
  1402.300          87.462    473.520       0.196       4.578             1598.962               0.000               0.000          -49.042            36312.544              1.00000 
  1403.300          87.339    481.241       0.196       4.578             1636.400               0.000               0.000          -52.301            37948.943              1.00000 
  1404.300          87.214    489.132       0.196       4.578             1674.736               0.000               0.000          -55.796            39623.679              1.00000 
  1405.300          87.089    497.195       0.196       4.578             1713.992               0.000               0.000          -59.547            41337.671              1.00000 
  1406.300          86.963    505.435       0.196       4.578             1754.190               0.000               0.000          -63.571            43091.861              1.00000 
  1407.300          86.836    513.855       0.196       4.578             1795.355               0.000               0.000          -67.892            44887.216              1.00000 
  1408.300          86.708    522.457       0.196       4.578             1837.510               0.000               0.000          -72.530            46724.726              1.00000 
  1409.300          86.579    531.246       0.196       4.578             1880.682               0.000               0.000          -77.510            48605.408              1.00000 
  1410.300          86.449    540.224       0.196       4.578             1924.904               0.000               0.000          -82.858            50530.311              1.00000 
  1411.300          86.318    549.395       0.196       4.578             1970.204               0.000               0.000          -88.603            52500.515              1.00000 
  1412.300          86.186    558.762       0.196       4.578             2016.616               0.000               0.000          -94.774            54517.130              1.00000 
  1413.300          86.053    568.328       0.196       4.578             2064.188               0.000               0.000         -101.405            56581.318              1.00000 
  1414.300          85.919    578.089       0.196       4.578             2111.264               0.000               0.000         -108.530            58692.582              1.00000 
  1415.300          85.784    588.040       0.196       4.578             2157.782               0.000               0.000         -116.181            60850.364              1.00000 
  1416.300          85.647    598.182       0.196       4.578             2205.345               0.000               0.000         -124.389            63055.710              1.00000 
  1417.300          85.510    608.519       0.196       4.578             2253.902               0.000               0.000         -133.195            65309.612              1.00000 
  1418.300          85.372    619.050       0.196       4.578             2303.463               0.000               0.000         -142.643            67613.075              1.00000 
  1419.300          85.232    629.779       0.196       4.578             2354.038               0.000               0.000         -152.777            69967.113              1.00000 
  1420.300          85.092    640.706       0.196       4.578             2405.651               0.000               0.000         -163.647            72372.763              1.00000 
  1421.300          84.950    651.834       0.196       4.578             2458.303               0.000               0.000         -175.303            74831.067              1.00000 
  1422.300          84.808    663.162       0.196       4.578             2512.019               0.000               0.000         -187.802            77343.086              1.00000 
  1423.300          84.664    674.692       0.196       4.578             2566.807               0.000               0.000         -201.202            79909.893              1.00000 
  1424.300          84.519    686.424       0.196       4.578             2622.678               0.000               0.000         -215.563            82532.572              1.00000 
  1425.300          84.372    698.359       0.196       4.578             2679.651               0.000               0.000         -230.953            85212.222              1.00000 
  1426.300          84.225    710.496       0.196       4.578             2737.725               0.000               0.000         -247.439            87949.948              1.00000 
  1427.300          84.076    722.836       0.196       4.578             2796.926               0.000               0.000         -265.094            90746.873              1.00000 
  1428.300          83.926    735.378       0.196       4.578             2857.247               0.000               0.000         -283.997            93604.120              1.00000 
  1429.300          83.775    748.121       0.196       4.578             2918.714               0.000               0.000         -304.226            96522.834              1.00000 
  1430.300          83.622    761.063       0.196       4.578             2981.318               0.000               0.000         -325.867            99504.152              1.00000 
  1431.300          83.469    774.204       0.196       4.578             3045.082               0.000               0.000         -349.009           102549.234              1.00000 
  1432.300          83.314    787.540       0.196       4.578             3109.998               0.000               0.000         -373.745           105659.231              1.00000 
  1433.300          83.157    801.070       0.196       4.578             3176.080               0.000               0.000         -400.170           108835.312              1.00000 
  1434.300          83.000    814.790       0.196       4.578             3243.329               0.000               0.000         -428.386           112078.640              1.00000 
  1435.300          82.841    828.696       0.196       4.578             3311.742               0.000               0.000         -458.496           115390.383              1.00000 
  1436.300          82.680    842.785       0.196       4.578             3381.332               0.000               0.000         -490.609           118771.715              1.00000 
  1437.300          82.519    857.053       0.196       4.578             3452.079               0.000               0.000         -524.834           122223.794              1.00000 
  1438.300          82.355    871.493       0.196       4.578             3523.997               0.000               0.000         -561.285           125747.790              1.00000 
  1439.300          82.191    886.100       0.196       4.578             3597.076               0.000               0.000         -600.079           129344.866              1.00000 
  1440.300          82.025    900.868       0.196       4.578             3671.303               0.000               0.000         -641.334           133016.168              1.00000 
  1441.300          81.858    915.789       0.196       4.578             3746.681               0.000               0.000         -685.169           136762.849              1.00000 
  1442.300          81.689    930.857       0.196       4.578             3823.194               0.000               0.000         -731.705           140586.043              1.00000 
  1443.300          81.518    946.063       0.196       4.578             3900.824               0.000               0.000         -781.063           144486.867              1.00000 
  1444.300          81.346    961.397       0.196       4.578             3979.565               0.000               0.000         -833.361           148466.431              1.00000 
  1445.300          81.173    976.851       0.196       4.578             4059.400               0.000               0.000         -888.720           152525.832              1.00000 
  1446.300          80.998    992.413       0.196       4.578             4140.298               0.000               0.000         -947.254           156666.130              1.00000 
  1447.300          80.822   1008.074       0.196       4.578             4222.245               0.000               0.000        -1009.077           160888.375              1.00000 
  1448.300          80.644   1023.821       0.196       4.578             4305.216               0.000               0.000        -1074.296           165193.591              1.00000 
  1449.300          80.464   1039.643       0.196       4.578             4389.183               0.000               0.000        -1143.012           169582.774              1.00000 
  1450.300          80.283   1055.526       0.196       4.578             4474.112               0.000               0.000        -1215.321           174056.886              1.00000 
  1451.300          80.100   1071.458       0.196       4.578             4559.963               0.000               0.000        -1291.309           178616.849              1.00000 
  1452.300          79.916   1087.423       0.196       4.578             4646.707               0.000               0.000        -1371.051           183263.556              1.00000 
  1453.300          79.730   1103.408       0.196       4.578             4734.304               0.000               0.000        -1454.614           187997.860              1.00000 
  1454.300          79.542   1119.398       0.196       4.578             4822.708               0.000               0.000        -1542.049           192820.568              1.00000 
  1455.300          79.353   1135.377       0.196       4.578             4911.873               0.000               0.000        -1633.396           197732.441              1.00000 
  1456.300          79.161   1151.329       0.196       4.578             5001.748               0.000               0.000        -1728.677           202734.189              1.00000 
  1457.300          78.969   1167.240       0.196       4.578             5092.278               0.000               0.000        -1827.900           207826.467              1.00000 
  1458.300          78.774   1183.092       0.196       4.578             5183.406               0.000               0.000        -1931.054           213009.873              1.00000 
  1459.300          78.577   1198.868       0.196       4.578             5275.070               0.000               0.000        -2038.109           218284.944              1.00000 
  1460.300          78.379   1214.554       0.196       4.578             5367.206               0.000               0.000        -2149.017           223652.150              1.00000 
  1461.300          78.179   1230.131       0.196       4.578             5459.747               0.000               0.000        -2263.710           229111.897              1.00000 
  1462.300          77.977   1245.584       0.196       4.578             5552.619               0.000               0.000        -2382.096           234664.516              1.00000 
  1463.300          77.774   1260.896       0.196       4.578             5645.747               0.000               0.000        -2504.066           240310.262              1.00000 
  1464.300          77.568   1276.052       0.196       4.578             5739.048               0.000               0.000        -2629.489           246049.310              1.00000 
  1465.300          77.361   1291.036       0.196       4.578             5832.440               0.000               0.000        -2758.211           251881.751              1.00000 
  1466.300          77.152   1305.832       0.196       4.578             5925.836               0.000               0.000        -2890.060           257807.586              1.00000 
  1467.300          76.940   1320.426       0.196       4.578             6019.143               0.000               0.000        -3024.844           263826.729              1.00000 
  1468.300          76.727   1334.804       0.196       4.578             6112.266               0.000               0.000        -3162.351           269938.995              1.00000 
  1469.300          76.512   1348.951       0.196       4.578             6205.106               0.000               0.000        -3302.352           276144.101              1.00000 
  1470.300          76.295   1362.857       0.196       4.578             6297.558               0.000               0.000        -3444.603           282441.659              1.00000 
  1471.300          76.076   1376.507       0.196       4.578             6389.516               0.000               0.000        -3588.844           288831.176              1.00000 
  1472.300          75.855   1389.891       0.196       4.578             6480.858               0.000               0.000        -3734.801           295312.034              1.00000 
  1473.300          75.632   1402.998       0.196       4.578             6571.475               0.000               0.000        -3882.191           301883.509              1.00000 
  1474.300          75.407   1415.819       0.196       4.578             6661.249               0.000               0.000        -4030.720           308544.758              1.00000 
  1475.300          75.179   1428.345       0.196       4.578             6750.058               0.000               0.000        -4180.088           315294.816              1.00000 
  1476.300          74.950   1440.568       0.196       4.578             6837.763               0.000               0.000        -4329.989           322132.579              1.00000 
  1477.300          74.719   1452.481       0.196       4.578             6924.238               0.000               0.000        -4480.114           329056.817              1.00000 
  1478.300          74.485   1464.077       0.196       4.578             7009.354               0.000               0.000        -4630.152           336066.170              1.00000 
  1479.300          74.250   1473.000       0.195       4.561             7092.961               0.000               0.000        -4779.794           343159.131              1.00000 
  1480.300          74.012   1473.000       0.193       4.481             7174.145               0.000               0.000        -4897.393           350333.276              1.00000 
  1481.300          73.772   1473.000       0.190       4.399             7250.468               0.000               0.000        -4897.393           357583.744              1.00000 
  1482.300          73.530   1473.000       0.187       4.316             7323.597               0.000               0.000        -4897.393           364907.341              1.00000 
  1483.300          73.286   1473.000       0.183       4.230             7393.173               0.000               0.000        -4897.393           372300.514              1.00000 
  1484.300          73.040   1473.000       0.180       4.143             7458.772               0.000               0.000        -4897.393           379759.286              1.00000 
  1485.300          72.791   1473.000       0.177       4.054             7519.966               0.000               0.000        -4897.393           387279.252              1.00000 
  1486.300          72.541   1473.000       0.174       3.965             7576.291               0.000               0.000        -4897.393           394855.543              1.00000 
  1487.300          72.288   1473.000       0.170       3.874             7627.260               0.000               0.000        -4897.393           402482.803              1.00000 
  1488.300          72.033   1473.000       0.167       3.782             7672.355               0.000               0.000        -4897.393           410155.158              1.00000 
  1489.300          71.777   1473.000       0.163       3.690             7711.016               0.000               0.000        -4897.393           417866.174              1.00000 
  1490.300          71.518   1473.000       0.160       3.597             7738.376               0.000               0.000        -4897.393           425604.550              1.00000 
  1491.300          71.257   1473.000       0.156       3.505             7757.905               0.000               0.000        -4897.393           433362.455              1.00000 
  1492.300          70.994   1473.000       0.153       3.413             7769.085               0.000               0.000        -4897.393           441131.540              1.00000 
  1493.300          70.729   1473.000       0.149       3.321             7771.282               0.000               0.000        -4897.393           448902.822              1.00000 
  1494.300          70.462   1473.000       0.145       3.231             7763.853               0.000               0.000        -4897.393           456666.675              1.00000 
  1495.300          70.194   1473.000       0.142       3.141             7746.137               0.000               0.000        -4897.393           464412.812              1.00000 
  1496.300          69.923   1473.000       0.138       3.054             7717.535               0.000               0.000        -4897.393           472130.346              1.00000 
  1497.300          69.651   1473.000       0.135       2.968             7677.466               0.000               0.000        -4897.393           479807.812              1.00000 
  1498.300          69.377   1473.000       0.131       2.884             7625.387               0.000               0.000        -4897.393           487433.199              1.00000 
  1499.300          69.101   1473.000       0.128       2.802             7560.834               0.000               0.000        -4897.393           494994.034              1.00000 
  1500.300          68.824   1473.000       0.125       2.724             7483.442               0.000               0.000        -4897.393           502477.475              1.00000 
  1501.300          68.545   1473.000       0.122       2.649             7392.941               0.000               0.000        -4897.393           509870.416              1.00000 
  1502.300          68.265   1473.000       0.119       2.577             7289.192               0.000               0.000        -4897.393           517159.608              1.00000 
  1503.300          67.983   1473.000       0.116       2.509             7172.194               0.000               0.000        -4897.393           524331.802              1.00000 
  1504.300          67.700   1473.000       0.113       2.445             7042.139               0.000               0.000        -4897.393           531373.941              1.00000 
  1505.300          67.416   1473.000       0.111       2.386             6899.390               0.000               0.000        -4897.393           538273.331              1.00000 
  1506.300          67.130   1473.000       0.108       2.332             6744.503               0.000               0.000        -4897.393           545017.835              1.00000 
  1507.300          66.844   1473.000       0.106       2.283             6578.235               0.000               0.000        -4897.393           551596.070              1.00000 
  1508.300          66.557   1473.000       0.104       2.239             6401.539               0.000               0.000        -4897.393           557997.609              1.00000 
  1509.300          66.269   1473.000       0.103       2.200             6215.553               0.000               0.000        -4897.393           564213.162              1.00000 
  1510.300          65.979   1473.000       0.101       2.168             6021.584               0.000               0.000        -4897.393           570234.746              1.00000 
  1511.300          65.690   1473.000       0.100       2.141             5821.090               0.000               0.000        -4897.393           576055.836              1.00000 
  1512.300          65.399   1473.000       0.099       2.120             5615.630               0.000               0.000        -4897.393           581671.466              1.00000 
  1513.300          65.108   1473.000       0.099       2.106             5406.839               0.000               0.000        -4897.393           587078.304              1.00000 
  1514.300          64.816   1473.000       0.098       2.097             5196.385               0.000               0.000        -4897.393           592274.690              1.00000 
  1515.300          64.524   1473.000       0.098       2.094             4985.934               0.000               0.000        -4897.393           597260.623              1.00000 
  1516.300          64.231   1471.829       0.098       2.094             4777.106               0.000               0.000        -4897.393           602037.729              1.00000 
  1517.300          63.937   1468.810       0.098       2.094             4571.570               0.000               0.000        -4881.842           606609.299              1.00000 
  1518.300          63.643   1463.742       0.098       2.094             4321.189               0.000               0.000        -4841.900           610930.488              1.00000 
  1519.300          63.348   1456.955       0.098       2.094             4078.119               0.000               0.000        -4775.420           615008.606              1.00000 
  1520.300          63.053   1448.761       0.098       2.094             3845.600               0.000               0.000        -4687.469           618854.206              1.00000 
  1521.300          62.757   1439.429       0.098       2.094             3624.057               0.000               0.000        -4582.909           622478.263              1.00000 
  1522.300          62.461   1429.189       0.098       2.094             3413.826               0.000               0.000        -4465.962           625892.089              1.00000 
  1523.300          62.164   1418.238       0.098       2.094             3215.079               0.000               0.000        -4340.228           629107.168              1.00000 
  1524.300          61.866   1406.744       0.098       2.094             3027.739               0.000               0.000        -4208.726           632134.907              1.00000 
  1525.300          61.568   1394.845       0.098       2.094             2851.405               0.000               0.000        -4073.936           634986.312              1.00000 
  1526.300          61.270   1382.655       0.098       2.094             2685.331               0.000               0.000        -3937.843           637671.643              1.00000 
  1527.300          60.971   1370.261       0.098       2.094             2528.470               0.000               0.000        -3801.977           640200.113              1.00000 
  1528.300          60.671   1357.726       0.098       2.094             2379.592               0.000               0.000        -3667.469           642579.705              1.00000 
  1529.300          60.371   1345.096       0.098       2.094             2237.463               0.000               0.000        -3535.106           644817.168              1.00000 
  1530.300          60.071   1332.401       0.098       2.094             2101.011               0.000               0.000        -3405.396           646918.180              1.00000 
  1531.300          59.770   1319.659       0.098       2.094             1969.441               0.000               0.000        -3278.642           648887.620              1.00000 
  1532.300          59.469   1306.883       0.098       2.094             1842.278               0.000               0.000        -3155.012           650729.898              1.00000 
  1533.300          59.167   1294.082       0.098       2.094             1719.334               0.000               0.000        -3034.593           652449.232              1.00000 
  1534.300          58.866   1281.266       0.098       2.094             1600.635               0.000               0.000        -2917.432           654049.868              1.00000 
  1535.300          58.564   1268.446       0.098       2.094             1486.335               0.000               0.000        -2803.566           655536.202              1.00000 
  1536.300          58.261   1255.633       0.098       2.094             1376.635               0.000               0.000        -2693.030           656912.837              1.00000 
  1537.300          57.959   1242.843       0.098       2.094             1271.734               0.000               0.000        -2585.862           658184.571              1.00000 
  1538.300          57.656   1230.091       0.098       2.094             1171.790               0.000               0.000        -2482.102           659356.361              1.00000 
  1539.300          57.353   1217.391       0.098       2.094             1076.909               0.000               0.000        -2381.783           660433.270              1.00000 
  1540.300          57.050   1204.760       0.098       2.094              987.134               0.000               0.000        -2284.934           661420.404              1.00000 
  1541.300          56.747   1192.213       0.098       2.094              902.452               0.000               0.000        -2191.570           662322.856              1.00000 
  1542.300          56.444   1179.766       0.098       2.094              822.803               0.000               0.000        -2101.693           663145.659              1.00000 
  1543.300          56.140   1167.433       0.098       2.094              748.085               0.000               0.000        -2015.288           663893.744              1.00000 
  1544.300          55.837   1155.226       0.098       2.094              678.162               0.000               0.000        -1932.329           664571.905              1.00000 
  1545.300          55.533   1143.159       0.098       2.094              612.874               0.000               0.000        -1852.772           665184.780              1.00000 
  1546.300          55.230   1131.249       0.098       2.094              552.916               0.000               0.000        -1776.560           665737.695              1.00000 
  1547.300          54.927   1119.491       0.098       2.094              495.541               0.000               0.000        -1703.676           666233.237              1.00000 
  1548.300          54.623   1107.894       0.098       2.094              442.451               0.000               0.000        -1633.940           666675.688              1.00000 
  1549.300          54.320   1096.469       0.098       2.094              393.397               0.000               0.000        -1567.283           667069.084              1.00000 
  1550.300          54.017   1085.223       0.098       2.094              348.139               0.000               0.000        -1503.626           667417.223              1.00000 
  1551.300          53.714   1074.163       0.098       2.094              306.445               0.000               0.000        -1442.880           667723.668              1.00000 
  1552.300          53.411   1063.293       0.098       2.094              268.094               0.000               0.000        -1384.950           667991.762              1.00000 
  1553.300          53.108   1052.617       0.098       2.094              232.871               0.000               0.000        -1329.735           668224.632              1.00000 
  1554.300          52.806   1042.139       0.098       2.094              200.571               0.000               0.000        -1277.132           668425.203              1.00000 
  1555.300          52.504   1031.861       0.098       2.094              170.999               0.000               0.000        -1227.036           668596.202              1.00000 
  1556.300          52.201   1021.784       0.098       2.094              143.969               0.000               0.000        -1179.341           668740.172              1.00000 
  1557.300          51.900   1011.909       0.098       2.094              119.304               0.000               0.000        -1133.942           668859.476              1.00000 
  1558.300          51.598   1002.236       0.098       2.094               96.837               0.000               0.000        -1090.737           668956.313              1.00000 
  1559.300          51.296    992.763       0.098       2.094               76.369               0.000               0.000        -1049.624           669032.682              1.00000 
  1560.300          50.995    983.489       0.098       2.094               57.589               0.000               0.000        -1010.502           669090.270              1.00000 
  1561.300          50.694    974.410       0.098       2.094               40.432               0.000               0.000         -973.267           669130.703              1.00000 
  1562.300          50.394    965.524       0.098       2.094               24.788               0.000               0.000         -937.823           669155.491              1.00000 
  1563.300          50.094    956.827       0.098       2.094               10.550               0.000               0.000         -904.078           669166.041              1.00000 
  1564.300          49.794    948.341       0.098       2.094                0.000               0.000               0.000         -871.943           669166.041              1.00000 
  1565.300          49.495    940.152       0.098       2.094                0.000               0.000               0.000         -841.418           669166.041              1.00000 
  1566.300          49.196    932.242       0.098       2.094                0.000               0.000               0.000         -812.729           669166.041              1.00000 
  1567.300          48.898    924.594       0.098       2.094                0.000               0.000               0.000         -785.720           669166.041              1.00000 
  1568.300          48.600    917.195       0.098       2.094                0.000               0.000               0.000         -760.255           669166.041              1.00000 
  1569.300          48.303    910.030       0.098       2.094                0.000               0.000               0.000         -736.209           669166.041              1.00000 
  1570.300          48.006    903.086       0.098       2.094                0.000               0.000               0.000         -713.471           669166.041              1.00000 
  1571.300          47.710    896.351       0.098       2.094                0.000               0.000               0.000         -691.943           669166.041              1.00000 
  1572.300          47.415    889.816       0.098       2.094                0.000               0.000               0.000         -671.533           669166.041              1.00000 
  1573.300          47.120    883.468       0.098       2.094                0.000               0.000               0.000         -652.160           669166.041              1.00000 
  1574.300          46.826    877.300       0.098       2.094                0.000               0.000               0.000         -633.750           669166.041              1.00000 
  1575.300          46.533    871.303       0.098       2.094                0.000               0.000               0.000         -616.236           669166.041              1.00000 
  1576.300          46.241    865.467       0.098       2.094                0.000               0.000               0.000         -599.556           669166.041              1.00000 
  1577.300          45.950    859.787       0.098       2.094                0.000               0.000               0.000         -583.655           669166.041              1.00000 
  1578.300          45.659    854.254       0.098       2.094                0.000               0.000               0.000         -568.482           669166.041              1.00000 
  1579.300          45.370    848.862       0.098       2.094                0.000               0.000               0.000         -553.990           669166.041              1.00000 
  1580.300          45.081    843.605       0.098       2.094                0.000               0.000               0.000         -540.135           669166.041              1.00000 
  1581.300          44.794    838.477       0.098       2.094                0.000               0.000               0.000         -526.879           669166.041              1.00000 
  1582.300          44.507    833.473       0.098       2.094                0.000               0.000               0.000         -514.184           669166.041              1.00000 
  1583.300          44.222    828.587       0.098       2.094                0.000               0.000               0.000         -502.018           669166.041              1.00000 
  1584.300          43.938    823.814       0.098       2.094                0.000               0.000               0.000         -490.350           669166.041              1.00000 
  1585.300          43.655    819.151       0.098       2.094                0.000               0.000               0.000         -479.150           669166.041              1.00000 
  1586.300          43.374    814.592       0.098       2.094                0.000               0.000               0.000         -468.392           669166.041              1.00000 
  1587.300          43.094    810.134       0.098       2.094                0.000               0.000               0.000         -458.052           669166.041              1.00000 
  1588.300          42.815    805.773       0.098       2.094                0.000               0.000               0.000         -448.107           669166.041              1.00000 
  1589.300          42.537    801.505       0.098       2.094                0.000               0.000               0.000         -438.535           669166.041              1.00000 
  1590.300          42.261    797.326       0.098       2.094                0.000               0.000               0.000         -429.317           669166.041              1.00000 
  1591.300          41.986    793.234       0.098       2.094                0.000               0.000               0.000         -420.434           669166.041              1.00000 
  1592.300          41.713    789.226       0.098       2.094                0.000               0.000               0.000         -411.870           669166.041              1.00000 
  1593.300          41.441    785.297       0.098       2.094                0.000               0.000               0.000         -403.607           669166.041              1.00000 
  1594.300          41.171    781.447       0.098       2.094                0.000               0.000               0.000         -395.631           669166.041              1.00000 
  1595.300          40.903    777.671       0.098       2.094                0.000               0.000               0.000         -387.929           669166.041              1.00000 
  1596.300          40.636    773.968       0.098       2.094                0.000               0.000               0.000         -380.486           669166.041              1.00000 
  1597.300          40.371    770.335       0.098       2.094                0.000               0.000               0.000         -373.290           669166.041              1.00000 
  1598.300          40.107    766.770       0.098       2.094                0.000               0.000               0.000         -366.330           669166.041              1.00000 
  1599.300          39.845    763.270       0.098       2.094                0.000               0.000               0.000         -359.595           669166.041              1.00000 
  1600.300          39.585    759.833       0.098       2.094                0.000               0.000               0.000         -353.074           669166.041              1.00000 
  1601.300          39.327    756.459       0.098       2.094                0.000               0.000               0.000         -346.759           669166.041              1.00000 
  1602.300          39.071    753.143       0.098       2.094                0.000               0.000               0.000         -340.639           669166.041              1.00000 
  1603.300          38.816    749.886       0.098       2.094                0.000               0.000               0.000         -334.707           669166.041              1.00000 
  1604.300          38.564    746.684       0.098       2.094                0.000               0.000               0.000         -328.953           669166.041              1.00000 
  1605.300          38.313    743.537       0.098       2.094                0.000               0.000               0.000         -323.371           669166.041              1.00000 
  1606.300          38.065    740.540       0.098       2.094               10.050               0.000               0.000         -317.954           669176.092              1.00000 
  1607.300          37.818    737.587       0.098       2.094                9.457               0.000               0.000         -312.859           669185.549              1.00000 
  1608.300          37.574    734.677       0.098       2.094                8.909               0.000               0.000         -307.898           669194.457              1.00000 
  1608.341          37.564    734.559       0.098       2.094                8.824               0.000               0.000         -303.068           669194.822              1.00000 
  1608.366          37.558    734.489       0.098       2.094                8.810               0.000               0.000         -302.873           669195.037              1.00000 
  1608.382          37.554    734.442       0.098       2.094                8.801               0.000               0.000         -302.758           669195.181              1.00000 
  1608.389          37.552    734.422       0.098       2.094                4.399               0.000               0.000         -302.680           669195.212              1.00000 
  1608.396          37.551    734.402       0.098       2.094                4.399               0.000               0.000         -302.647           669195.242              1.00000 
  1608.403          37.549    734.382       0.098       2.094                4.400               0.000               0.000         -302.614           669195.272              1.00000 
  1608.415          37.546    734.346       0.098       2.094                4.400               0.000               0.000         -302.582           669195.327              1.00000 
  1608.443          37.539    734.267       0.098       2.094                4.402               0.000               0.000         -302.522           669195.447              1.00000 
  1608.452          37.537    734.238       0.098       2.094                4.403               0.000               0.000         -302.391           669195.491              1.00000 
  1608.460          37.535    734.216       0.098       2.094                4.403               0.000               0.000         -302.344           669195.524              1.00000 
  1608.474          37.532    734.177       0.098       2.094                4.403               0.000               0.000         -302.308           669195.584              1.00000 
  1608.502          37.525    734.093       0.098       2.094                4.406               0.000               0.000         -302.243           669195.711              1.00000 
  1608.515          37.522    734.057       0.098       2.094                4.407               0.000               0.000         -302.105           669195.766              1.00000 
  1608.521          37.520    734.039       0.098       2.094                4.407               0.000               0.000         -302.046           669195.793              1.00000 
  1608.527          37.519    734.021       0.098       2.094                4.408               0.000               0.000         -302.016           669195.820              1.00000 
  1608.533          37.517    734.003       0.098       2.094                4.408               0.000               0.000         -301.987           669195.848              1.00000 
  1608.540          37.516    733.985       0.098       2.094                4.408               0.000               0.000         -301.958           669195.875              1.00000 
  1608.546          37.514    733.968       0.098       2.094                4.409               0.000               0.000         -301.928           669195.902              1.00000 
  1608.552          37.513    733.950       0.098       2.094                4.409               0.000               0.000         -301.899           669195.929              1.00000 
  1608.558          37.511    733.932       0.098       2.094                4.409               0.000               0.000         -301.869           669195.956              1.00000 
  1608.563          37.510    733.918       0.098       2.094                4.409               0.000               0.000         -301.840           669195.977              1.00000 
  1608.567          37.509    733.905       0.098       2.094                4.410               0.000               0.000         -301.818           669195.998              1.00000 
  1608.578          37.506    733.874       0.098       2.094                4.411               0.000               0.000         -301.795           669196.045              1.00000 
  1608.590          37.503    733.841       0.098       2.094                4.411               0.000               0.000         -301.744           669196.095              1.00000 
  1608.608          37.499    733.786       0.098       2.094                4.411               0.000               0.000         -301.690           669196.179              1.00000 
  1608.644          37.490    733.683       0.098       2.094                4.414               0.000               0.000         -301.600           669196.336              1.00000 
  1608.680          37.481    733.579       0.098       2.094                4.417               0.000               0.000         -301.431           669196.494              1.00000 
  1608.699          37.477    733.523       0.098       2.094                4.418               0.000               0.000         -301.260           669196.580              1.00000 
  1608.728          37.470    733.441       0.098       2.094                4.418               0.000               0.000         -301.169           669196.706              1.00000 
  1608.857          37.438    733.070       0.098       2.094                4.427               0.000               0.000         -301.033           669197.275              1.00000 
  1608.869          37.435    733.035       0.098       2.094                4.429               0.000               0.000         -300.424           669197.329              1.00000 
  1608.880          37.432    733.001       0.098       2.094                4.429               0.000               0.000         -300.367           669197.381              1.00000 
  1608.900          37.427    732.945       0.098       2.094                4.429               0.000               0.000         -300.311           669197.468              1.00000 
  1608.988          37.406    732.692       0.098       2.094                4.435               0.000               0.000         -300.219           669197.856              1.00000 
  1608.996          37.404    732.669       0.098       2.094                4.436               0.000               0.000         -299.806           669197.892              1.00000 
  1609.000          37.403    732.655       0.098       2.094                4.436               0.000               0.000         -299.768           669197.913              1.00000 
  1609.005          37.402    732.642       0.098       2.094                4.437               0.000               0.000         -299.746           669197.934              1.00000 
  1609.019          37.398    732.601       0.098       2.094                4.438               0.000               0.000         -299.723           669197.997              1.00000 
  1609.026          37.397    732.583       0.098       2.094                4.438               0.000               0.000         -299.656           669198.025              1.00000 
  1609.032          37.395    732.565       0.098       2.094                4.439               0.000               0.000         -299.627           669198.053              1.00000 
  1609.038          37.394    732.547       0.098       2.094                4.439               0.000               0.000         -299.598           669198.081              1.00000 
  1609.047          37.391    732.521       0.098       2.094                4.439               0.000               0.000         -299.568           669198.120              1.00000 
  1609.062          37.388    732.477       0.098       2.094                4.440               0.000               0.000         -299.527           669198.189              1.00000 
  1609.132          37.371    732.278       0.098       2.094                4.444               0.000               0.000         -299.454           669198.497              1.00000 
  1609.141          37.368    732.253       0.098       2.094                4.446               0.000               0.000         -299.128           669198.536              1.00000 
  1609.145          37.367    732.239       0.098       2.094                4.446               0.000               0.000         -299.087           669198.558              1.00000 
  1609.155          37.365    732.212       0.098       2.094                4.446               0.000               0.000         -299.065           669198.600              1.00000 
  1609.198          37.354    732.089       0.098       2.094                4.449               0.000               0.000         -299.020           669198.791              1.00000 
  1609.204          37.353    732.072       0.098       2.094                4.449               0.000               0.000         -298.819           669198.817              1.00000 
  1609.215          37.350    732.039       0.098       2.094                4.450               0.000               0.000         -298.791           669198.867              1.00000 
  1609.266          37.338    731.895       0.098       2.094                4.453               0.000               0.000         -298.739           669199.092              1.00000 
  1609.274          37.336    731.871       0.098       2.094                4.454               0.000               0.000         -298.503           669199.129              1.00000 
  1609.280          37.334    731.853       0.098       2.094                4.454               0.000               0.000         -298.464           669199.157              1.00000 
  1609.286          37.333    731.835       0.098       2.094                4.455               0.000               0.000         -298.435           669199.185              1.00000 
  1609.315          37.326    731.754       0.098       2.094                4.455               0.000               0.000         -298.405           669199.312              1.00000 
  1609.353          37.316    731.644       0.098       2.094                4.455               0.000               0.000         -298.273           669199.482              1.00000 
  1609.526          37.274    731.151       0.098       2.094                4.467               0.000               0.000         -298.094           669200.253              1.00000 
  1609.585          37.259    730.981       0.098       2.094                4.472               0.000               0.000         -297.291           669200.520              1.00000 
  1609.648          37.243    730.802       0.098       2.094                4.477               0.000               0.000         -297.015           669200.802              1.00000 
  1609.688          37.233    730.688       0.098       2.094                4.480               0.000               0.000         -296.724           669200.980              1.00000 
  1609.708          37.228    730.632       0.098       2.094                4.481               0.000               0.000         -296.539           669201.070              1.00000 
  1609.713          37.227    730.619       0.098       2.094                4.480               0.000               0.000         -296.447           669201.090              1.00000 
  1609.717          37.226    730.605       0.098       2.094                4.482               0.000               0.000         -296.426           669201.111              1.00000 
  1609.738          37.221    730.547       0.098       2.094                4.483               0.000               0.000         -296.405           669201.203              1.00000 
  1609.749          37.218    730.515       0.098       2.094                4.484               0.000               0.000         -296.310           669201.253              1.00000 
  1609.760          37.215    730.483       0.098       2.094                4.484               0.000               0.000         -296.259           669201.304              1.00000 
  1609.779          37.211    730.430       0.098       2.094                4.484               0.000               0.000         -296.207           669201.387              1.00000 
  1609.863          37.190    730.193       0.098       2.094                4.490               0.000               0.000         -296.121           669201.763              1.00000 
  1609.941          37.171    729.970       0.098       2.094                4.495               0.000               0.000         -295.736           669202.117              1.00000 
  1609.968          37.164    729.894       0.098       2.094                4.498               0.000               0.000         -295.375           669202.237              1.00000 
  1609.980          37.161    729.860       0.098       2.094                4.499               0.000               0.000         -295.252           669202.291              1.00000 
  1609.986          37.160    729.844       0.098       2.094                4.499               0.000               0.000         -295.198           669202.317              1.00000 
  1609.997          37.157    729.812       0.098       2.094                4.499               0.000               0.000         -295.171           669202.367              1.00000 
  1610.047          37.144    729.671       0.098       2.094                4.502               0.000               0.000         -295.120           669202.592              1.00000 
  1610.103          37.130    729.514       0.098       2.094                4.506               0.000               0.000         -294.891           669202.843              1.00000 
  1610.126          37.125    729.449       0.098       2.094                4.508               0.000               0.000         -294.637           669202.947              1.00000 
  1610.134          37.123    729.426       0.098       2.094                4.508               0.000               0.000         -294.532           669202.983              1.00000 
  1610.140          37.121    729.409       0.098       2.094                4.509               0.000               0.000         -294.495           669203.011              1.00000 
  1610.146          37.120    729.391       0.098       2.094                4.509               0.000               0.000         -294.467           669203.038              1.00000 
  1610.174          37.113    729.313       0.098       2.094                4.511               0.000               0.000         -294.439           669203.163              1.00000 
  1610.181          37.111    729.294       0.098       2.094                4.511               0.000               0.000         -294.314           669203.194              1.00000 
  1610.193          37.108    729.258       0.098       2.094                4.511               0.000               0.000         -294.282           669203.251              1.00000 
  1610.250          37.094    729.098       0.098       2.094                4.515               0.000               0.000         -294.225           669203.507              1.00000 
  1610.323          37.076    728.893       0.098       2.094                4.520               0.000               0.000         -293.967           669203.837              1.00000 
  1610.394          37.058    728.692       0.098       2.094                4.525               0.000               0.000         -293.636           669204.160              1.00000 
  1610.425          37.050    728.605       0.098       2.094                4.527               0.000               0.000         -293.312           669204.299              1.00000 
  1610.437          37.047    728.571       0.098       2.094                4.528               0.000               0.000         -293.172           669204.355              1.00000 
  1610.442          37.046    728.559       0.098       2.094                4.527               0.000               0.000         -293.117           669204.374              1.00000 
  1610.446          37.045    728.547       0.098       2.094                4.528               0.000               0.000         -293.098           669204.394              1.00000 
  1610.465          37.040    728.492       0.098       2.094                4.530               0.000               0.000         -293.078           669204.482              1.00000 
  1610.553          37.018    728.247       0.098       2.094                4.535               0.000               0.000         -292.990           669204.878              1.00000 
  1610.580          37.011    728.169       0.098       2.094                4.537               0.000               0.000         -292.596           669205.004              1.00000 
  1610.597          37.007    728.122       0.098       2.094                4.538               0.000               0.000         -292.471           669205.080              1.00000 
  1610.622          37.001    728.051       0.098       2.094                4.538               0.000               0.000         -292.395           669205.195              1.00000 
  1610.736          36.972    727.734       0.098       2.094                4.545               0.000               0.000         -292.282           669205.710              1.00000 
  1611.247          36.844    726.306       0.098       2.094                4.574               0.000               0.000         -291.772           669208.046              1.00000 
  1612.247          36.590    723.534       0.098       2.094                4.631               0.000               0.000         -289.489           669212.677              1.00000 
  1613.247          36.334    720.805       0.098       2.094                4.684               0.000               0.000         -285.095           669217.361              1.00000 
  1614.247          36.075    718.117       0.098       2.094                4.729               0.000               0.000         -280.817           669222.090              1.00000 
  1615.247          35.814    715.471       0.098       2.094                4.765               0.000               0.000         -276.653           669226.855              1.00000 
  1616.247          35.552    712.865       0.098       2.094                4.791               0.000               0.000         -272.598           669231.646              1.00000 
  1617.247          35.289    710.297       0.098       2.094                4.808               0.000               0.000         -268.647           669236.454              1.00000 
  1618.247          35.025    707.767       0.098       2.094                4.813               0.000               0.000         -264.797           669241.267              1.00000 
  1619.247          34.760    705.273       0.098       2.094                4.808               0.000               0.000         -261.044           669246.075              1.00000 
  1620.247          34.495    702.814       0.098       2.094                4.792               0.000               0.000         -257.384           669250.867              1.00000 
  1621.247          34.230    700.390       0.098       2.094                4.764               0.000               0.000         -253.814           669255.631              1.00000 
  1622.247          33.965    698.000       0.098       2.094                4.726               0.000               0.000         -250.331           669260.357              1.00000 
  1623.247          33.702    695.642       0.098       2.094                4.677               0.000               0.000         -246.931           669265.033              1.00000 
  1624.247          33.439    693.316       0.098       2.094                4.617               0.000               0.000         -243.611           669269.650              1.00000 
  1625.247          33.177    691.021       0.098       2.094                4.547               0.000               0.000         -240.369           669274.197              1.00000 
  1626.247          32.917    688.756       0.098       2.094                4.468               0.000               0.000         -237.202           669278.666              1.00000 
  1627.247          32.659    686.520       0.098       2.094                4.381               0.000               0.000         -234.107           669283.046              1.00000 
  1628.247          32.403    684.313       0.098       2.094                4.286               0.000               0.000         -231.082           669287.332              1.00000 
  1629.247          32.149    682.133       0.098       2.094                4.183               0.000               0.000         -228.125           669291.516              1.00000 
  1630.247          31.898    679.981       0.098       2.094                4.072               0.000               0.000         -225.232           669295.588              1.00000 
  1631.247          31.649    677.854       0.098       2.094                3.957               0.000               0.000         -222.403           669299.545              1.00000 
  1632.247          31.403    675.754       0.098       2.094                3.839               0.000               0.000         -219.634           669303.384              1.00000 
  1633.247          31.160    673.679       0.098       2.094                3.719               0.000               0.000         -216.925           669307.103              1.00000 
  1634.247          30.921    671.629       0.098       2.094                3.598               0.000               0.000         -214.272           669310.701              1.00000 
  1635.247          30.684    669.602       0.098       2.094                3.476               0.000               0.000         -211.676           669314.177              1.00000 
  1636.247          30.450    667.600       0.098       2.094                3.355               0.000               0.000         -209.133           669317.532              1.00000 
  1637.247          30.220    665.620       0.098       2.094                3.234               0.000               0.000         -206.642           669320.766              1.00000 
  1638.247          29.993    663.663       0.098       2.094                3.115               0.000               0.000         -204.202           669323.881              1.00000 
  1639.247          29.769    661.728       0.098       2.094                2.998               0.000               0.000         -201.810           669326.880              1.00000 
  1640.247          29.549    659.815       0.098       2.094                2.884               0.000               0.000         -199.467           669329.764              1.00000 
  1641.247          29.332    657.922       0.098       2.094                2.772               0.000               0.000         -197.170           669332.536              1.00000 
  1642.247          29.118    656.051       0.098       2.094                2.664               0.000               0.000         -194.918           669335.200              1.00000 
  1643.247          28.908    654.201       0.098       2.094                2.558               0.000               0.000         -192.710           669337.758              1.00000 
  1644.247          28.701    652.370       0.098       2.094                2.457               0.000               0.000         -190.545           669340.215              1.00000 
  1645.247          28.498    650.559       0.098       2.094                2.359               0.000               0.000         -188.421           669342.573              1.00000 
  1646.247          28.298    648.768       0.098       2.094                2.264               0.000               0.000         -186.338           669344.837              1.00000 
  1647.247          28.101    646.995       0.098       2.094                2.174               0.000               0.000         -184.294           669347.011              1.00000 
  1648.247          27.907    645.241       0.098       2.094                2.087               0.000               0.000         -182.288           669349.098              1.00000 
  1649.247          27.717    643.506       0.098       2.094                2.004               0.000               0.000         -180.319           669351.101              1.00000 
  1650.247          27.529    641.788       0.098       2.094                1.924               0.000               0.000         -178.387           669353.025              1.00000 
  1651.247          27.345    640.089       0.098       2.094                1.848               0.000               0.000         -176.490           669354.874              1.00000 
  1652.247          27.163    638.406       0.098       2.094                1.776               0.000               0.000         -174.628           669356.650              1.00000 
  1653.247          26.985    636.741       0.098       2.094                1.707               0.000               0.000         -172.799           669358.358              1.00000 
  1654.247          26.809    635.093       0.098       2.094                1.642               0.000               0.000         -171.004           669360.000              1.00000 
  1655.247          26.636    633.461       0.098       2.094                1.580               0.000               0.000         -169.240           669361.579              1.00000 
  1656.247          26.466    631.845       0.098       2.094                1.520               0.000               0.000         -167.507           669363.100              1.00000 
  1657.247          26.298    630.246       0.098       2.094                1.464               0.000               0.000         -165.805           669364.564              1.00000 
  1658.247          26.133    628.662       0.098       2.094                1.411               0.000               0.000         -164.132           669365.975              1.00000 
  1659.247          25.970    627.094       0.098       2.094                1.360               0.000               0.000         -162.489           669367.335              1.00000 
  1660.247          25.810    625.541       0.098       2.094                1.312               0.000               0.000         -160.874           669368.646              1.00000 
  1661.247          25.652    624.003       0.098       2.094                1.266               0.000               0.000         -159.286           669369.912              1.00000 
  1662.247          25.497    622.480       0.098       2.094                1.222               0.000               0.000         -157.725           669371.134              1.00000 
  1663.247          25.344    620.971       0.098       2.094                1.181               0.000               0.000         -156.191           669372.315              1.00000 
  1664.247          25.193    619.477       0.098       2.094                1.141               0.000               0.000         -154.682           669373.456              1.00000 
  1665.247          25.044    617.997       0.098       2.094                1.104               0.000               0.000         -153.198           669374.560              1.00000 
  1666.247          24.897    616.530       0.098       2.094                1.068               0.000               0.000         -151.739           669375.628              1.00000 
  1667.247          24.752    615.077       0.098       2.094                1.034               0.000               0.000         -150.304           669376.662              1.00000 
  1668.247          24.609    613.638       0.098       2.094                1.002               0.000               0.000         -148.892           669377.664              1.00000 
  1669.247          24.468    612.212       0.098       2.094                0.971               0.000               0.000         -147.504           669378.635              1.00000 
  1670.247          24.329    610.799       0.098       2.094                0.942               0.000               0.000         -146.137           669379.576              1.00000 
  1671.247          24.192    609.398       0.098       2.094                0.914               0.000               0.000         -144.793           669380.490              1.00000 
  1672.247          24.056    608.011       0.098       2.094                0.887               0.000               0.000         -143.469           669381.377              1.00000 
  1673.247          23.922    606.635       0.098       2.094                0.861               0.000               0.000         -142.167           669382.238              1.00000 
  1674.247          23.790    605.272       0.098       2.094                0.837               0.000               0.000         -140.885           669383.075              1.00000 
  1675.247          23.659    603.921       0.098       2.094                0.814               0.000               0.000         -139.623           669383.889              1.00000 
  1676.247          23.530    602.582       0.098       2.094                0.791               0.000               0.000         -138.381           669384.680              1.00000 
  1677.247          23.403    601.255       0.098       2.094                0.770               0.000               0.000         -137.157           669385.451              1.00000 
  1678.247          23.277    599.939       0.098       2.094                0.750               0.000               0.000         -135.953           669386.200              1.00000 
  1679.247          23.152    598.634       0.098       2.094                0.730               0.000               0.000         -134.766           669386.930              1.00000 
  1680.247          23.029    597.341       0.098       2.094                0.711               0.000               0.000         -133.598           669387.642              1.00000 
  1681.247          22.907    596.059       0.098       2.094                0.693               0.000               0.000         -132.447           669388.335              1.00000 
  1682.247          22.787    594.787       0.098       2.094                0.676               0.000               0.000         -131.314           669389.011              1.00000 
  1683.247          22.667    593.526       0.098       2.094                0.659               0.000               0.000         -130.197           669389.670              1.00000 
  1684.247          22.550    592.276       0.098       2.094                0.643               0.000               0.000         -129.096           669390.314              1.00000 
  1685.247          22.433    591.036       0.098       2.094                0.628               0.000               0.000         -128.012           669390.942              1.00000 
  1686.247          22.318    589.807       0.098       2.094                0.613               0.000               0.000         -126.944           669391.555              1.00000 
  1687.247          22.203    588.587       0.098       2.094                0.599               0.000               0.000         -125.891           669392.154              1.00000 
  1688.247          22.090    587.378       0.098       2.094                0.585               0.000               0.000         -124.853           669392.739              1.00000 
  1689.247          21.978    586.178       0.098       2.094                0.572               0.000               0.000         -123.830           669393.311              1.00000 
  1690.247          21.868    584.988       0.098       2.094                0.559               0.000               0.000         -122.821           669393.870              1.00000 
  1691.247          21.758    583.808       0.098       2.094                0.547               0.000               0.000         -121.827           669394.417              1.00000 
  1692.247          21.649    582.637       0.098       2.094                0.535               0.000               0.000         -120.847           669394.952              1.00000 
  1693.247          21.542    581.475       0.098       2.094                0.524               0.000               0.000         -119.880           669395.476              1.00000 
  1694.247          21.435    580.323       0.098       2.094                0.512               0.000               0.000         -118.927           669395.988              1.00000 
  1695.247          21.330    579.180       0.098       2.094                0.502               0.000               0.000         -117.987           669396.490              1.00000 
  1696.247          21.225    578.045       0.098       2.094                0.491               0.000               0.000         -117.060           669396.981              1.00000 
  1697.247          21.121    576.919       0.098       2.094                0.481               0.000               0.000         -116.145           669397.463              1.00000 
  1698.247          21.019    575.802       0.098       2.094                0.472               0.000               0.000         -115.243           669397.934              1.00000 
  1699.247          20.917    574.694       0.098       2.094                0.462               0.000               0.000         -114.353           669398.397              1.00000 
  1700.247          20.816    573.594       0.098       2.094                0.453               0.000               0.000         -113.475           669398.850              1.00000 
  1701.247          20.716    572.502       0.098       2.094                0.444               0.000               0.000         -112.609           669399.294              1.00000 
  1702.247          20.617    571.419       0.098       2.094                0.436               0.000               0.000         -111.754           669399.729              1.00000 
  1703.247          20.519    570.343       0.098       2.094                0.427               0.000               0.000         -110.910           669400.157              1.00000 
  1704.247          20.421    569.276       0.098       2.094                0.419               0.000               0.000         -110.078           669400.576              1.00000 
  1705.247          20.325    568.217       0.098       2.094                0.411               0.000               0.000         -109.256           669400.987              1.00000 
  1706.247          20.229    567.165       0.098       2.094                0.404               0.000               0.000         -108.445           669401.391              1.00000 
  1707.247          20.134    566.121       0.098       2.094                0.396               0.000               0.000         -107.645           669401.787              1.00000 
  1708.247          20.040    565.085       0.098       2.094                0.389               0.000               0.000         -106.854           669402.176              1.00000 
  1709.247          19.947    564.057       0.098       2.094                0.382               0.000               0.000         -106.074           669402.558              1.00000 
  1710.247          19.854    563.035       0.098       2.094                0.375               0.000               0.000         -105.304           669402.933              1.00000 
  1711.247          19.762    562.021       0.098       2.094                0.369               0.000               0.000         -104.543           669403.302              1.00000 
  1712.247          19.671    561.015       0.098       2.094                0.362               0.000               0.000         -103.792           669403.664              1.00000 
  1713.247          19.580    560.015       0.098       2.094                0.356               0.000               0.000         -103.051           669404.020              1.00000 
  1714.247          19.490    559.023       0.098       2.094                0.350               0.000               0.000         -102.318           669404.370              1.00000 
  1715.247          19.401    558.037       0.098       2.094                0.344               0.000               0.000         -101.595           669404.714              1.00000 
  1716.247          19.313    557.059       0.098       2.094                0.339               0.000               0.000         -100.880           669405.053              1.00000 
  1717.247          19.225    556.087       0.098       2.094                0.333               0.000               0.000         -100.175           669405.386              1.00000 
  1718.247          19.138    555.122       0.098       2.094                0.328               0.000               0.000          -99.478           669405.714              1.00000 
  1719.247          19.051    554.164       0.098       2.094                0.322               0.000               0.000          -98.789           669406.036              1.00000 
  1720.247          18.965    553.212       0.098       2.094                0.317               0.000               0.000          -98.108           669406.353              1.00000 
  1721.247          18.880    552.267       0.098       2.094                0.312               0.000               0.000          -97.436           669406.665              1.00000 
  1722.247          18.795    551.328       0.098       2.094                0.307               0.000               0.000          -96.772           669406.973              1.00000 
  1723.247          18.711    550.395       0.098       2.094                0.303               0.000               0.000          -96.116           669407.276              1.00000 
  1724.247          18.628    549.469       0.098       2.094                0.298               0.000               0.000          -95.467           669407.574              1.00000 
  1725.247          18.545    548.549       0.098       2.094                0.294               0.000               0.000          -94.826           669407.867              1.00000 
  1726.247          18.462    547.635       0.098       2.094                0.289               0.000               0.000          -94.192           669408.156              1.00000 
  1727.247          18.381    546.727       0.098       2.094                0.285               0.000               0.000          -93.566           669408.441              1.00000 
  1728.247          18.299    545.825       0.098       2.094                0.281               0.000               0.000          -92.947           669408.722              1.00000 
  1729.247          18.219    544.929       0.098       2.094                0.277               0.000               0.000          -92.335           669408.998              1.00000 
  1730.247          18.139    544.039       0.098       2.094                0.273               0.000               0.000          -91.731           669409.271              1.00000 
  1731.247          18.059    543.155       0.098       2.094                0.269               0.000               0.000          -91.133           669409.540              1.00000 
  1732.247          17.980    542.276       0.098       2.094                0.265               0.000               0.000          -90.542           669409.804              1.00000 
  1733.247          17.901    541.403       0.098       2.094                0.261               0.000               0.000          -89.957           669410.065              1.00000 
  1734.247          17.823    540.536       0.098       2.094                0.257               0.000               0.000          -89.379           669410.323              1.00000 
  1735.247          17.745    539.674       0.098       2.094                0.254               0.000               0.000          -88.808           669410.576              1.00000 
  1736.247          17.668    538.818       0.098       2.094                0.250               0.000               0.000          -88.243           669410.826              1.00000 
  1737.247          17.592    537.967       0.098       2.094                0.247               0.000               0.000          -87.684           669411.073              1.00000 
  1738.247          17.516    537.121       0.098       2.094                0.243               0.000               0.000          -87.131           669411.317              1.00000 
  1739.247          17.440    536.281       0.098       2.094                0.240               0.000               0.000          -86.585           669411.557              1.00000 
  1740.247          17.365    535.445       0.098       2.094                0.237               0.000               0.000          -86.044           669411.793              1.00000 
  1741.247          17.290    534.615       0.098       2.094                0.234               0.000               0.000          -85.510           669412.027              1.00000 
  1742.247          17.216    533.791       0.098       2.094                0.231               0.000               0.000          -84.981           669412.258              1.00000 
  1743.247          17.142    532.971       0.098       2.094                0.227               0.000               0.000          -84.457           669412.485              1.00000 
  1744.247          17.068    532.156       0.098       2.094                0.224               0.000               0.000          -83.940           669412.710              1.00000 
  1745.247          16.995    531.346       0.098       2.094                0.222               0.000               0.000          -83.428           669412.931              1.00000 
  1746.247          16.923    530.541       0.098       2.094                0.219               0.000               0.000          -82.921           669413.150              1.00000 
  1747.247          16.851    529.741       0.098       2.094                0.216               0.000               0.000          -82.420           669413.366              1.00000 
  1748.247          16.779    528.946       0.098       2.094                0.213               0.000               0.000          -81.924           669413.579              1.00000 
  1749.247          16.708    528.155       0.098       2.094                0.210               0.000               0.000          -81.433           669413.789              1.00000 
  1750.247          16.637    527.370       0.098       2.094                0.208               0.000               0.000          -80.947           669413.997              1.00000 
  1751.247          16.567    526.588       0.098       2.094                0.205               0.000               0.000          -80.466           669414.202              1.00000 
  1752.247          16.497    525.812       0.098       2.094                0.203               0.000               0.000          -79.991           669414.405              1.00000 
  1753.247          16.427    525.040       0.098       2.094                0.200               0.000               0.000          -79.520           669414.605              1.00000 
  1754.247          16.358    524.272       0.098       2.094                0.198               0.000               0.000          -79.054           669414.802              1.00000 
  1755.247          16.289    523.509       0.098       2.094                0.195               0.000               0.000          -78.593           669414.998              1.00000 
  1756.247          16.221    522.751       0.098       2.094                0.193               0.000               0.000          -78.136           669415.191              1.00000 
  1757.247          16.152    521.997       0.098       2.094                0.191               0.000               0.000          -77.684           669415.381              1.00000 
  1758.247          16.085    521.247       0.098       2.094                0.188               0.000               0.000          -77.237           669415.569              1.00000 
  1759.247          16.017    520.501       0.098       2.094                0.186               0.000               0.000          -76.794           669415.755              1.00000 
  1760.247          15.950    519.760       0.098       2.094                0.184               0.000               0.000          -76.356           669415.939              1.00000 
  1761.247          15.884    519.023       0.098       2.094                0.182               0.000               0.000          -75.921           669416.121              1.00000 
  1762.247          15.818    518.290       0.098       2.094                0.180               0.000               0.000          -75.492           669416.300              1.00000 
  1763.247          15.752    517.561       0.098       2.094                0.177               0.000               0.000          -75.066           669416.478              1.00000 
  1764.247          15.686    516.836       0.098       2.094                0.175               0.000               0.000          -74.645           669416.653              1.00000 
  1765.247          15.621    516.115       0.098       2.094                0.173               0.000               0.000          -74.227           669416.826              1.00000 
  1766.247          15.556    515.398       0.098       2.094                0.171               0.000               0.000          -73.814           669416.998              1.00000 
  1767.247          15.492    514.686       0.098       2.094                0.169               0.000               0.000          -73.405           669417.167              1.00000 
  1768.247          15.427    513.977       0.098       2.094                0.168               0.000               0.000          -73.000           669417.335              1.00000 
  1769.247          15.364    513.272       0.098       2.094                0.166               0.000               0.000          -72.599           669417.500              1.00000 
  1770.247          15.300    512.571       0.098       2.094                0.164               0.000               0.000          -72.201           669417.664              1.00000 
  1771.247          15.237    511.873       0.098       2.094                0.162               0.000               0.000          -71.807           669417.826              1.00000 
  1772.247          15.174    511.180       0.098       2.094                0.160               0.000               0.000          -71.417           669417.986              1.00000 
  1773.247          15.111    510.490       0.098       2.094                0.158               0.000               0.000          -71.031           669418.145              1.00000 
  1774.247          15.049    509.804       0.098       2.094                0.157               0.000               0.000          -70.649           669418.301              1.00000 
  1775.247          14.987    509.122       0.098       2.094                0.155               0.000               0.000          -70.270           669418.456              1.00000 
  1776.247          14.926    508.443       0.098       2.094                0.153               0.000               0.000          -69.894           669418.610              1.00000 
  1777.247          14.864    507.768       0.098       2.094                0.152               0.000               0.000          -69.522           669418.761              1.00000 
  1778.247          14.803    507.096       0.098       2.094                0.150               0.000               0.000          -69.154           669418.911              1.00000 
  1779.247          14.743    506.428       0.098       2.094                0.148               0.000               0.000          -68.788           669419.060              1.00000 
  1780.247          14.682    505.764       0.098       2.094                0.147               0.000               0.000          -68.427           669419.207              1.00000 
  1781.247          14.622    505.102       0.098       2.094                0.145               0.000               0.000          -68.068           669419.352              1.00000 
  1782.247          14.562    504.445       0.098       2.094                0.144               0.000               0.000          -67.713           669419.496              1.00000 
  1783.247          14.503    503.791       0.098       2.094                0.142               0.000               0.000          -67.361           669419.638              1.00000 
  1784.247          14.443    503.140       0.098       2.094                0.141               0.000               0.000          -67.012           669419.779              1.00000 
  1785.247          14.384    502.492       0.098       2.094                0.139               0.000               0.000          -66.667           669419.918              1.00000 
  1786.247          14.326    501.848       0.098       2.094                0.138               0.000               0.000          -66.324           669420.056              1.00000 
  1787.247          14.267    501.207       0.098       2.094                0.137               0.000               0.000          -65.985           669420.193              1.00000 
  1788.247          14.209    500.570       0.098       2.094                0.135               0.000               0.000          -65.648           669420.328              1.00000 
  1789.247          14.151    499.935       0.098       2.094                0.134               0.000               0.000          -65.315           669420.462              1.00000 
  1790.247          14.094    499.304       0.098       2.094                0.132               0.000               0.000          -64.984           669420.594              1.00000 
  1791.247          14.036    498.676       0.098       2.094                0.131               0.000               0.000          -64.657           669420.725              1.00000 
  1792.247          13.979    498.051       0.098       2.094                0.130               0.000               0.000          -64.332           669420.855              1.00000 
  1793.247          13.923    497.429       0.098       2.094                0.129               0.000               0.000          -64.010           669420.984              1.00000 
  1794.247          13.866    496.811       0.098       2.094                0.127               0.000               0.000          -63.691           669421.111              1.00000 
  1795.247          13.810    496.195       0.098       2.094                0.126               0.000               0.000          -63.375           669421.237              1.00000 
  1796.247          13.754    495.583       0.098       2.094                0.125               0.000               0.000          -63.061           669421.362              1.00000 
  1797.247          13.698    494.973       0.098       2.094                0.124               0.000               0.000          -62.751           669421.485              1.00000 
  1798.247          13.642    494.367       0.098       2.094                0.122               0.000               0.000          -62.443           669421.608              1.00000 
  1799.247          13.587    493.763       0.098       2.094                0.121               0.000               0.000          -62.137           669421.729              1.00000 
  1800.247          13.532    493.162       0.098       2.094                0.120               0.000               0.000          -61.834           669421.849              1.00000 
  1801.247          13.477    492.565       0.098       2.094                0.119               0.000               0.000          -61.534           669421.968              1.00000 
  1802.247          13.423    491.970       0.098       2.094                0.118               0.000               0.000          -61.236           669422.086              1.00000 
  1803.247          13.368    491.378       0.098       2.094                0.117               0.000               0.000          -60.941           669422.202              1.00000 
  1804.247          13.314    490.789       0.098       2.094                0.116               0.000               0.000          -60.648           669422.318              1.00000 
  1805.247          13.260    490.202       0.098       2.094                0.114               0.000               0.000          -60.358           669422.432              1.00000 
  1806.247          13.207    489.619       0.098       2.094                0.113               0.000               0.000          -60.070           669422.546              1.00000 
  1807.247          13.153    489.038       0.098       2.094                0.112               0.000               0.000          -59.784           669422.658              1.00000 
  1808.247          13.100    488.460       0.098       2.094                0.111               0.000               0.000          -59.501           669422.769              1.00000 
  1809.247          13.047    487.885       0.098       2.094                0.110               0.000               0.000          -59.220           669422.880              1.00000 
  1810.247          12.994    487.312       0.098       2.094                0.109               0.000               0.000          -58.942           669422.989              1.00000 
  1811.247          12.942    486.742       0.098       2.094                0.108               0.000               0.000          -58.665           669423.097              1.00000 
  1812.247          12.890    486.175       0.098       2.094                0.107               0.000               0.000          -58.392           669423.205              1.00000 
  1813.247          12.838    485.610       0.098       2.094                0.106               0.000               0.000          -58.120           669423.311              1.00000 
  1814.247          12.786    485.048       0.098       2.094                0.105               0.000               0.000          -57.850           669423.416              1.00000 
  1815.247          12.734    484.489       0.098       2.094                0.104               0.000               0.000          -57.583           669423.521              1.00000 
  1816.247          12.683    483.932       0.098       2.094                0.104               0.000               0.000          -57.318           669423.624              1.00000 
  1817.247          12.631    483.378       0.098       2.094                0.103               0.000               0.000          -57.055           669423.727              1.00000 
  1818.247          12.580    482.826       0.098       2.094                0.102               0.000               0.000          -56.794           669423.829              1.00000 
  1819.247          12.530    482.277       0.098       2.094                0.101               0.000               0.000          -56.535           669423.930              1.00000 
  1820.247          12.479    481.730       0.098       2.094                0.100               0.000               0.000          -56.278           669424.030              1.00000 
  1821.247          12.429    481.186       0.098       2.094                0.099               0.000               0.000          -56.023           669424.129              1.00000 
  1822.247          12.378    480.644       0.098       2.094                0.098               0.000               0.000          -55.770           669424.227              1.00000 
  1823.247          12.329    480.104       0.098       2.094                0.097               0.000               0.000          -55.520           669424.324              1.00000 
  1824.247          12.279    479.567       0.098       2.094                0.097               0.000               0.000          -55.271           669424.421              1.00000 
  1825.247          12.229    479.033       0.098       2.094                0.096               0.000               0.000          -55.024           669424.516              1.00000 
  1826.247          12.180    478.501       0.098       2.094                0.095               0.000               0.000          -54.779           669424.611              1.00000 
  1827.247          12.131    477.971       0.098       2.094                0.094               0.000               0.000          -54.536           669424.705              1.00000 
  1828.247          12.082    477.443       0.098       2.094                0.093               0.000               0.000          -54.295           669424.799              1.00000 
  1829.247          12.033    476.918       0.098       2.094                0.092               0.000               0.000          -54.056           669424.891              1.00000 
  1830.247          11.984    476.395       0.098       2.094                0.092               0.000               0.000          -53.818           669424.983              1.00000 
  1831.247          11.936    475.874       0.098       2.094                0.091               0.000               0.000          -53.582           669425.074              1.00000 
  1832.247          11.887    475.356       0.098       2.094                0.090               0.000               0.000          -53.349           669425.164              1.00000 
  1833.247          11.839    474.840       0.098       2.094                0.089               0.000               0.000          -53.117           669425.253              1.00000 
  1834.247          11.792    474.326       0.098       2.094                0.089               0.000               0.000          -52.886           669425.342              1.00000 
  1835.247          11.744    473.814       0.098       2.094                0.088               0.000               0.000          -52.658           669425.430              1.00000 
  1836.247          11.696    473.305       0.098       2.094                0.087               0.000               0.000          -52.431           669425.517              1.00000 
  1837.247          11.649    472.798       0.098       2.094                0.087               0.000               0.000          -52.206           669425.604              1.00000 
  1838.247          11.602    472.293       0.098       2.094                0.086               0.000               0.000          -51.982           669425.690              1.00000 
  1839.247          11.555    471.790       0.098       2.094                0.085               0.000               0.000          -51.761           669425.775              1.00000 
  1840.247          11.508    471.289       0.098       2.094                0.084               0.000               0.000          -51.540           669425.859              1.00000 
  1841.247          11.461    470.790       0.098       2.094                0.084               0.000               0.000          -51.322           669425.943              1.00000 
  1842.247          11.415    470.294       0.098       2.094                0.083               0.000               0.000          -51.105           669426.026              1.00000 
  1843.247          11.369    469.799       0.098       2.094                0.082               0.000               0.000          -50.890           669426.108              1.00000 
  1844.247          11.323    469.307       0.098       2.094                0.082               0.000               0.000          -50.676           669426.190              1.00000 
  1845.247          11.277    468.816       0.098       2.094                0.081               0.000               0.000          -50.464           669426.271              1.00000 
  1846.247          11.231    468.328       0.098       2.094                0.080               0.000               0.000          -50.253           669426.352              1.00000 
  1847.247          11.185    467.842       0.098       2.094                0.080               0.000               0.000          -50.044           669426.432              1.00000 
  1848.247          11.140    467.358       0.098       2.094                0.079               0.000               0.000          -49.837           669426.511              1.00000 
  1849.247          11.095    466.875       0.098       2.094                0.079               0.000               0.000          -49.631           669426.590              1.00000 
  1850.247          11.049    466.395       0.098       2.094                0.078               0.000               0.000          -49.426           669426.668              1.00000 
  1851.247          11.004    465.917       0.098       2.094                0.077               0.000               0.000          -49.223           669426.745              1.00000 
  1852.247          10.960    465.440       0.098       2.094                0.077               0.000               0.000          -49.022           669426.822              1.00000 
  1853.247          10.915    464.966       0.098       2.094                0.076               0.000               0.000          -48.821           669426.898              1.00000 
  1854.247          10.870    464.493       0.098       2.094                0.076               0.000               0.000          -48.623           669426.974              1.00000 
  1855.247          10.826    464.023       0.098       2.094                0.075               0.000               0.000          -48.425           669427.049              1.00000 
  1856.247          10.782    463.554       0.098       2.094                0.075               0.000               0.000          -48.229           669427.124              1.00000 
  1857.247          10.738    463.087       0.098       2.094                0.074               0.000               0.000          -48.035           669427.198              1.00000 
  1858.247          10.694    462.622       0.098       2.094                0.074               0.000               0.000          -47.842           669427.272              1.00000 
  1859.247          10.650    462.159       0.098       2.094                0.073               0.000               0.000          -47.650           669427.345              1.00000 
  1860.247          10.606    461.698       0.098       2.094                0.073               0.000               0.000          -47.459           669427.418              1.00000 
  1861.247          10.562    461.239       0.098       2.094                0.072               0.000               0.000          -47.270           669427.491              1.00000 
  1862.247          10.519    460.781       0.098       2.094                0.072               0.000               0.000          -47.082           669427.563              1.00000 
  1863.247          10.476    460.326       0.098       2.094                0.072               0.000               0.000          -46.896           669427.634              1.00000 
  1864.247          10.432    459.872       0.098       2.094                0.071               0.000               0.000          -46.710           669427.705              1.00000 
  1865.247          10.389    459.419       0.098       2.094                0.071               0.000               0.000          -46.526           669427.776              1.00000 
  1866.247          10.346    458.969       0.098       2.094                0.070               0.000               0.000          -46.344           669427.847              1.00000 
  1867.247          10.303    458.521       0.098       2.094                0.070               0.000               0.000          -46.162           669427.917              1.00000 
  1868.247          10.260    458.074       0.098       2.094                0.070               0.000               0.000          -45.982           669427.986              1.00000 
  1869.247          10.218    457.629       0.098       2.094                0.069               0.000               0.000          -45.803           669428.055              1.00000 
  1870.247          10.175    457.185       0.098       2.094                0.069               0.000               0.000          -45.625           669428.124              1.00000 
  1871.247          10.133    456.743       0.098       2.094                0.068               0.000               0.000          -45.449           669428.192              1.00000 
  1872.247          10.090    456.304       0.098       2.094                0.068               0.000               0.000          -45.273           669428.260              1.00000 
  1873.247          10.048    455.865       0.098       2.094                0.068               0.000               0.000          -45.099           669428.328              1.00000 
  1874.247          10.006    455.429       0.098       2.094                0.067               0.000               0.000          -44.926           669428.395              1.00000 
  1875.247           9.964    454.994       0.098       2.094                0.067               0.000               0.000          -44.754           669428.462              1.00000 
  1876.247           9.922    454.560       0.098       2.094                0.066               0.000               0.000          -44.584           669428.528              1.00000 
  1877.247           9.880    454.129       0.098       2.094                0.066               0.000               0.000          -44.414           669428.594              1.00000 
  1878.247           9.839    453.699       0.098       2.094                0.066               0.000               0.000          -44.246           669428.660              1.00000 
  1879.247           9.797    453.270       0.098       2.094                0.065               0.000               0.000          -44.078           669428.725              1.00000 
  1880.247           9.756    452.844       0.098       2.094                0.065               0.000               0.000          -43.912           669428.790              1.00000 
  1881.247           9.714    452.419       0.098       2.094                0.065               0.000               0.000          -43.747           669428.855              1.00000 
  1882.247           9.673    451.995       0.098       2.094                0.064               0.000               0.000          -43.583           669428.919              1.00000 
  1883.247           9.632    451.573       0.098       2.094                0.064               0.000               0.000          -43.420           669428.983              1.00000 
  1884.247           9.591    451.153       0.098       2.094                0.064               0.000               0.000          -43.258           669429.046              1.00000 
  1885.247           9.550    450.734       0.098       2.094                0.063               0.000               0.000          -43.097           669429.110              1.00000 
  1886.247           9.509    450.317       0.098       2.094                0.063               0.000               0.000          -42.937           669429.172              1.00000 
  1887.247           9.468    449.901       0.098       2.094                0.063               0.000               0.000          -42.778           669429.235              1.00000 
  1888.247           9.428    449.487       0.098       2.094                0.062               0.000               0.000          -42.621           669429.297              1.00000 
  1889.247           9.387    449.074       0.098       2.094                0.062               0.000               0.000          -42.464           669429.359              1.00000 
  1890.247           9.347    448.663       0.098       2.094                0.062               0.000               0.000          -42.308           669429.421              1.00000 
  1891.247           9.306    448.253       0.098       2.094                0.061               0.000               0.000          -42.154           669429.482              1.00000 
  1892.247           9.266    447.845       0.098       2.094                0.061               0.000               0.000          -42.000           669429.543              1.00000 
  1893.247           9.226    447.438       0.098       2.094                0.061               0.000               0.000          -41.847           669429.603              1.00000 
  1894.247           9.186    447.033       0.098       2.094                0.060               0.000               0.000          -41.695           669429.663              1.00000 
  1895.247           9.146    446.629       0.098       2.094                0.060               0.000               0.000          -41.544           669429.723              1.00000 
  1896.247           9.106    446.227       0.098       2.094                0.060               0.000               0.000          -41.394           669429.783              1.00000 
  1897.247           9.066    445.826       0.098       2.094                0.059               0.000               0.000          -41.246           669429.842              1.00000 
  1898.247           9.027    445.427       0.098       2.094                0.059               0.000               0.000          -41.098           669429.901              1.00000 
  1899.247           8.987    445.029       0.098       2.094                0.059               0.000               0.000          -40.950           669429.960              1.00000 
  1900.247           8.948    444.632       0.098       2.094                0.058               0.000               0.000          -40.804           669430.018              1.00000 
  1901.247           8.908    444.237       0.098       2.094                0.058               0.000               0.000          -40.659           669430.076              1.00000 
  1902.247           8.869    443.843       0.098       2.094                0.058               0.000               0.000          -40.515           669430.134              1.00000 
  1903.247           8.830    443.451       0.098       2.094                0.057               0.000               0.000          -40.371           669430.191              1.00000 
  1904.247           8.791    443.060       0.098       2.094                0.057               0.000               0.000          -40.229           669430.249              1.00000 
  1905.247           8.752    442.670       0.098       2.094                0.057               0.000               0.000          -40.087           669430.305              1.00000 
  1906.247           8.713    442.282       0.098       2.094                0.057               0.000               0.000          -39.946           669430.362              1.00000 
  1907.247           8.674    441.895       0.098       2.094                0.056               0.000               0.000          -39.806           669430.418              1.00000 
  1908.247           8.635    441.510       0.098       2.094                0.056               0.000               0.000          -39.667           669430.474              1.00000 
  1909.247           8.597    441.125       0.098       2.094                0.056               0.000               0.000          -39.529           669430.530              1.00000 
  1910.247           8.558    440.743       0.098       2.094                0.055               0.000               0.000          -39.391           669430.586              1.00000 
  1911.247           8.520    440.361       0.098       2.094                0.055               0.000               0.000          -39.255           669430.641              1.00000 
  1912.247           8.481    439.981       0.098       2.094                0.055               0.000               0.000          -39.119           669430.696              1.00000 
  1913.247           8.443    439.602       0.098       2.094                0.055               0.000               0.000          -38.984           669430.751              1.00000 
  1914.247           8.405    439.224       0.098       2.094                0.054               0.000               0.000          -38.850           669430.805              1.00000 
  1915.247           8.367    438.848       0.098       2.094                0.054               0.000               0.000          -38.717           669430.859              1.00000 
  1916.247           8.329    438.473       0.098       2.094                0.054               0.000               0.000          -38.584           669430.913              1.00000 
  1917.247           8.291    438.099       0.098       2.094                0.054               0.000               0.000          -38.453           669430.967              1.00000 
  1918.247           8.253    437.727       0.098       2.094                0.053               0.000               0.000          -38.322           669431.020              1.00000 
  1919.247           8.215    437.356       0.098       2.094                0.053               0.000               0.000          -38.192           669431.073              1.00000 
  1920.247           8.178    436.986       0.098       2.094                0.053               0.000               0.000          -38.062           669431.126              1.00000 
  1921.247           8.140    436.617       0.098       2.094                0.053               0.000               0.000          -37.934           669431.178              1.00000 
  1922.247           8.103    436.250       0.098       2.094                0.052               0.000               0.000          -37.806           669431.231              1.00000 
  1923.247           8.065    435.883       0.098       2.094                0.052               0.000               0.000          -37.679           669431.283              1.00000 
  1924.247           8.028    435.518       0.098       2.094                0.052               0.000               0.000          -37.552           669431.335              1.00000 
  1925.247           7.991    435.155       0.098       2.094                0.052               0.000               0.000          -37.427           669431.386              1.00000 
  1926.247           7.953    434.792       0.098       2.094                0.051               0.000               0.000          -37.302           669431.438              1.00000 
  1927.247           7.916    434.431       0.098       2.094                0.051               0.000               0.000          -37.178           669431.489              1.00000 
  1928.247           7.879    434.071       0.098       2.094                0.051               0.000               0.000          -37.054           669431.540              1.00000 
  1929.247           7.842    433.712       0.098       2.094                0.051               0.000               0.000          -36.931           669431.590              1.00000 
  1930.247           7.805    433.354       0.098       2.094                0.050               0.000               0.000          -36.809           669431.641              1.00000 
  1931.247           7.769    432.997       0.098       2.094                0.050               0.000               0.000          -36.688           669431.691              1.00000 
  1932.247           7.732    432.642       0.098       2.094                0.050               0.000               0.000          -36.567           669431.741              1.00000 
  1933.247           7.695    432.288       0.098       2.094                0.050               0.000               0.000          -36.448           669431.790              1.00000 
  1934.247           7.659    431.935       0.098       2.094                0.049               0.000               0.000          -36.328           669431.840              1.00000 
  1935.247           7.622    431.583       0.098       2.094                0.049               0.000               0.000          -36.210           669431.889              1.00000 
  1936.247           7.586    431.232       0.098       2.094                0.049               0.000               0.000          -36.092           669431.938              1.00000 
  1937.247           7.550    430.882       0.098       2.094                0.049               0.000               0.000          -35.975           669431.987              1.00000 
  1938.247           7.513    430.534       0.098       2.094                0.049               0.000               0.000          -35.858           669432.036              1.00000 
  1939.247           7.477    430.186       0.098       2.094                0.048               0.000               0.000          -35.742           669432.084              1.00000 
  1940.247           7.441    429.840       0.098       2.094                0.048               0.000               0.000          -35.627           669432.132              1.00000 
  1941.247           7.405    429.495       0.098       2.094                0.048               0.000               0.000          -35.512           669432.180              1.00000 
  1942.247           7.369    429.151       0.098       2.094                0.048               0.000               0.000          -35.399           669432.228              1.00000 
  1943.247           7.333    428.808       0.098       2.094                0.047               0.000               0.000          -35.285           669432.275              1.00000 
  1944.247           7.297    428.466       0.098       2.094                0.047               0.000               0.000          -35.173           669432.322              1.00000 
  1945.247           7.262    428.125       0.098       2.094                0.047               0.000               0.000          -35.061           669432.370              1.00000 
  1946.247           7.226    427.785       0.098       2.094                0.047               0.000               0.000          -34.949           669432.416              1.00000 
  1947.247           7.191    427.447       0.098       2.094                0.047               0.000               0.000          -34.838           669432.463              1.00000 
  1948.247           7.155    427.109       0.098       2.094                0.046               0.000               0.000          -34.728           669432.509              1.00000 
  1949.247           7.120    426.773       0.098       2.094                0.046               0.000               0.000          -34.619           669432.556              1.00000 
  1950.247           7.084    426.437       0.098       2.094                0.046               0.000               0.000          -34.510           669432.602              1.00000 
  1951.247           7.049    426.103       0.098       2.094                0.046               0.000               0.000          -34.401           669432.648              1.00000 
  1952.247           7.014    425.770       0.098       2.094                0.046               0.000               0.000          -34.294           669432.693              1.00000 
  1953.247           6.979    425.437       0.098       2.094                0.045               0.000               0.000          -34.186           669432.739              1.00000 
  1954.247           6.944    425.106       0.098       2.094                0.045               0.000               0.000          -34.080           669432.784              1.00000 
  1955.247           6.909    424.776       0.098       2.094                0.045               0.000               0.000          -33.974           669432.829              1.00000 
  1956.247           6.874    424.447       0.098       2.094                0.045               0.000               0.000          -33.868           669432.874              1.00000 
  1957.247           6.839    424.119       0.098       2.094                0.045               0.000               0.000          -33.763           669432.919              1.00000 
  1958.247           6.804    423.791       0.098       2.094                0.044               0.000               0.000          -33.659           669432.963              1.00000 
  1959.247           6.769    423.465       0.098       2.094                0.044               0.000               0.000          -33.555           669433.007              1.00000 
  1960.247           6.735    423.140       0.098       2.094                0.044               0.000               0.000          -33.452           669433.052              1.00000 
  1961.247           6.700    422.816       0.098       2.094                0.044               0.000               0.000          -33.350           669433.095              1.00000 
  1962.247           6.666    422.493       0.098       2.094                0.044               0.000               0.000          -33.248           669433.139              1.00000 
  1963.247           6.631    422.171       0.098       2.094                0.044               0.000               0.000          -33.146           669433.183              1.00000 
  1964.247           6.597    421.849       0.098       2.094                0.043               0.000               0.000          -33.045           669433.226              1.00000 
  1965.247           6.562    421.529       0.098       2.094                0.043               0.000               0.000          -32.945           669433.269              1.00000 
  1966.247           6.528    421.210       0.098       2.094                0.043               0.000               0.000          -32.845           669433.312              1.00000 
  1967.247           6.494    420.892       0.098       2.094                0.043               0.000               0.000          -32.745           669433.355              1.00000 
  1968.247           6.460    420.574       0.098       2.094                0.043               0.000               0.000          -32.646           669433.398              1.00000 
  1969.247           6.426    420.258       0.098       2.094                0.042               0.000               0.000          -32.548           669433.440              1.00000 
  1970.247           6.392    419.943       0.098       2.094                0.042               0.000               0.000          -32.450           669433.483              1.00000 
  1971.247           6.358    419.628       0.098       2.094                0.042               0.000               0.000          -32.353           669433.525              1.00000 
  1972.247           6.324    419.315       0.098       2.094                0.042               0.000               0.000          -32.256           669433.567              1.00000 
  1973.247           6.290    419.002       0.098       2.094                0.042               0.000               0.000          -32.160           669433.609              1.00000 
  1974.247           6.257    418.690       0.098       2.094                0.042               0.000               0.000          -32.064           669433.650              1.00000 
  1975.247           6.223    418.380       0.098       2.094                0.041               0.000               0.000          -31.969           669433.692              1.00000 
  1976.247           6.189    418.070       0.098       2.094                0.041               0.000               0.000          -31.874           669433.733              1.00000 
  1977.247           6.156    417.761       0.098       2.094                0.041               0.000               0.000          -31.780           669433.774              1.00000 
  1978.247           6.122    417.453       0.098       2.094                0.041               0.000               0.000          -31.686           669433.815              1.00000 
  1979.247           6.089    417.146       0.098       2.094                0.041               0.000               0.000          -31.592           669433.856              1.00000 
  1980.247           6.055    416.840       0.098       2.094                0.041               0.000               0.000          -31.500           669433.896              1.00000 
  1981.247           6.022    416.534       0.098       2.094                0.040               0.000               0.000          -31.407           669433.937              1.00000 
  1982.247           5.989    416.230       0.098       2.094                0.040               0.000               0.000          -31.315           669433.977              1.00000 
  1983.247           5.956    415.926       0.098       2.094                0.040               0.000               0.000          -31.224           669434.017              1.00000 
  1984.247           5.923    415.624       0.098       2.094                0.040               0.000               0.000          -31.133           669434.057              1.00000 
  1985.247           5.890    415.322       0.098       2.094                0.040               0.000               0.000          -31.042           669434.097              1.00000 
  1986.247           5.857    415.021       0.098       2.094                0.040               0.000               0.000          -30.952           669434.137              1.00000 
  1987.247           5.824    414.721       0.098       2.094                0.040               0.000               0.000          -30.863           669434.176              1.00000 
  1988.247           5.791    414.422       0.098       2.094                0.039               0.000               0.000          -30.774           669434.216              1.00000 
  1989.247           5.758    414.124       0.098       2.094                0.039               0.000               0.000          -30.685           669434.255              1.00000 
  1990.247           5.725    413.826       0.098       2.094                0.039               0.000               0.000          -30.597           669434.294              1.00000 
  1991.247           5.693    413.530       0.098       2.094                0.039               0.000               0.000          -30.509           669434.333              1.00000 
  1992.247           5.660    413.234       0.098       2.094                0.039               0.000               0.000          -30.422           669434.371              1.00000 
  1993.247           5.627    412.939       0.098       2.094                0.039               0.000               0.000          -30.335           669434.410              1.00000 
  1994.247           5.595    412.645       0.098       2.094                0.038               0.000               0.000          -30.248           669434.449              1.00000 
  1995.247           5.562    412.352       0.098       2.094                0.038               0.000               0.000          -30.162           669434.487              1.00000 
  1996.247           5.530    412.060       0.098       2.094                0.038               0.000               0.000          -30.076           669434.525              1.00000 
  1997.247           5.498    411.768       0.098       2.094                0.038               0.000               0.000          -29.991           669434.563              1.00000 
  1998.247           5.465    411.478       0.098       2.094                0.038               0.000               0.000          -29.906           669434.601              1.00000 
  1999.247           5.433    411.188       0.098       2.094                0.038               0.000               0.000          -29.822           669434.639              1.00000 
  2000.247           5.401    410.899       0.098       2.094                0.038               0.000               0.000          -29.738           669434.676              1.00000 
  2001.247           5.369    410.610       0.098       2.094                0.037               0.000               0.000          -29.655           669434.714              1.00000 
  2002.247           5.337    410.323       0.098       2.094                0.037               0.000               0.000          -29.571           669434.751              1.00000 
  2003.247           5.305    410.036       0.098       2.094                0.037               0.000               0.000          -29.489           669434.788              1.00000 
  2004.247           5.273    409.750       0.098       2.094                0.037               0.000               0.000          -29.406           669434.825              1.00000 
  2005.247           5.241    409.465       0.098       2.094                0.037               0.000               0.000          -29.325           669434.862              1.00000 
  2006.247           5.209    409.181       0.098       2.094                0.037               0.000               0.000          -29.243           669434.899              1.00000 
  2007.247           5.178    408.898       0.098       2.094                0.037               0.000               0.000          -29.162           669434.935              1.00000 
  2008.247           5.146    408.615       0.098       2.094                0.036               0.000               0.000          -29.081           669434.972              1.00000 
  2009.247           5.114    408.333       0.098       2.094                0.036               0.000               0.000          -29.001           669435.008              1.00000 
  2010.247           5.083    408.052       0.098       2.094                0.036               0.000               0.000          -28.921           669435.044              1.00000 
  2011.247           5.051    407.772       0.098       2.094                0.036               0.000               0.000          -28.841           669435.080              1.00000 
  2012.247           5.019    407.492       0.098       2.094                0.036               0.000               0.000          -28.762           669435.116              1.00000 
  2013.247           4.988    407.213       0.098       2.094                0.036               0.000               0.000          -28.683           669435.152              1.00000 
  2014.247           4.957    406.935       0.098       2.094                0.036               0.000               0.000          -28.605           669435.188              1.00000 
  2015.247           4.925    406.658       0.098       2.094                0.036               0.000               0.000          -28.527           669435.223              1.00000 
  2016.247           4.894    406.381       0.098       2.094                0.035               0.000               0.000          -28.449           669435.259              1.00000 
  2017.247           4.863    406.105       0.098       2.094                0.035               0.000               0.000          -28.372           669435.294              1.00000 
  2018.247           4.832    405.830       0.098       2.094                0.035               0.000               0.000          -28.295           669435.329              1.00000 
  2019.247           4.800    405.556       0.098       2.094                0.035               0.000               0.000          -28.218           669435.364              1.00000 
  2020.247           4.769    405.283       0.098       2.094                0.035               0.000               0.000          -28.142           669435.399              1.00000 
  2021.247           4.738    405.010       0.098       2.094                0.035               0.000               0.000          -28.066           669435.434              1.00000 
  2022.247           4.707    404.738       0.098       2.094                0.035               0.000               0.000          -27.991           669435.468              1.00000 
  2023.247           4.676    404.466       0.098       2.094                0.035               0.000               0.000          -27.916           669435.503              1.00000 
  2024.247           4.646    404.196       0.098       2.094                0.034               0.000               0.000          -27.841           669435.537              1.00000 
  2025.247           4.615    403.926       0.098       2.094                0.034               0.000               0.000          -27.766           669435.572              1.00000 
  2026.247           4.584    403.657       0.098       2.094                0.034               0.000               0.000          -27.692           669435.606              1.00000 
  2027.247           4.553    403.388       0.098       2.094                0.034               0.000               0.000          -27.619           669435.640              1.00000 
  2028.247           4.523    403.120       0.098       2.094                0.034               0.000               0.000          -27.545           669435.674              1.00000 
  2029.247           4.492    402.853       0.098       2.094                0.034               0.000               0.000          -27.472           669435.707              1.00000 
  2030.247           4.461    402.587       0.098       2.094                0.034               0.000               0.000          -27.399           669435.741              1.00000 
  2031.247           4.431    402.321       0.098       2.094                0.034               0.000               0.000          -27.327           669435.775              1.00000 
  2032.247           4.400    402.056       0.098       2.094                0.033               0.000               0.000          -27.255           669435.808              1.00000 
  2033.247           4.370    401.792       0.098       2.094                0.033               0.000               0.000          -27.183           669435.841              1.00000 
  2034.247           4.340    401.529       0.098       2.094                0.033               0.000               0.000          -27.112           669435.875              1.00000 
  2035.247           4.309    401.266       0.098       2.094                0.033               0.000               0.000          -27.041           669435.908              1.00000 
  2036.247           4.279    401.004       0.098       2.094                0.033               0.000               0.000          -26.970           669435.941              1.00000 
  2037.247           4.249    400.742       0.098       2.094                0.033               0.000               0.000          -26.900           669435.974              1.00000 
  2038.247           4.219    400.481       0.098       2.094                0.033               0.000               0.000          -26.830           669436.006              1.00000 
  2039.247           4.189    400.221       0.098       2.094                0.033               0.000               0.000          -26.760           669436.039              1.00000 
  2040.247           4.158    399.962       0.098       2.094                0.033               0.000               0.000          -26.690           669436.072              1.00000 
  2041.247           4.128    399.703       0.098       2.094                0.032               0.000               0.000          -26.621           669436.104              1.00000 
  2042.247           4.098    399.445       0.098       2.094                0.032               0.000               0.000          -26.552           669436.136              1.00000 
  2043.247           4.069    399.187       0.098       2.094                0.032               0.000               0.000          -26.484           669436.168              1.00000 
  2044.247           4.039    398.931       0.098       2.094                0.032               0.000               0.000          -26.416           669436.201              1.00000 
  2045.247           4.009    398.674       0.098       2.094                0.032               0.000               0.000          -26.348           669436.233              1.00000 
  2046.247           3.979    398.419       0.098       2.094                0.032               0.000               0.000          -26.280           669436.264              1.00000 
  2047.247           3.949    398.164       0.098       2.094                0.032               0.000               0.000          -26.213           669436.296              1.00000 
  2048.247           3.920    397.910       0.098       2.094                0.032               0.000               0.000          -26.146           669436.328              1.00000 
  2049.247           3.890    397.656       0.098       2.094                0.032               0.000               0.000          -26.079           669436.359              1.00000 
  2050.247           3.860    397.404       0.098       2.094                0.031               0.000               0.000          -26.013           669436.391              1.00000 
  2051.247           3.831    397.151       0.098       2.094                0.031               0.000               0.000          -25.947           669436.422              1.00000 
  2052.247           3.801    396.900       0.098       2.094                0.031               0.000               0.000          -25.881           669436.453              1.00000 
  2053.247           3.772    396.649       0.098       2.094                0.031               0.000               0.000          -25.815           669436.484              1.00000 
  2054.247           3.742    396.398       0.098       2.094                0.031               0.000               0.000          -25.750           669436.515              1.00000 
  2055.247           3.713    396.149       0.098       2.094                0.031               0.000               0.000          -25.685           669436.546              1.00000 
  2056.247           3.684    395.900       0.098       2.094                0.031               0.000               0.000          -25.620           669436.577              1.00000 
  2057.247           3.654    395.651       0.098       2.094                0.031               0.000               0.000          -25.556           669436.608              1.00000 
  2058.247           3.625    395.404       0.098       2.094                0.031               0.000               0.000          -25.492           669436.639              1.00000 
  2059.247           3.596    395.156       0.098       2.094                0.031               0.000               0.000          -25.428           669436.669              1.00000 
  2060.247           3.567    394.910       0.098       2.094                0.030               0.000               0.000          -25.365           669436.699              1.00000 
  2061.247           3.538    394.664       0.098       2.094                0.030               0.000               0.000          -25.301           669436.730              1.00000 
  2062.247           3.509    394.418       0.098       2.094                0.030               0.000               0.000          -25.238           669436.760              1.00000 
  2063.247           3.480    394.174       0.098       2.094                0.030               0.000               0.000          -25.176           669436.790              1.00000 
  2064.247           3.451    393.930       0.098       2.094                0.030               0.000               0.000          -25.113           669436.820              1.00000 
  2065.247           3.422    393.686       0.098       2.094                0.030               0.000               0.000          -25.051           669436.850              1.00000 
  2066.247           3.393    393.443       0.098       2.094                0.030               0.000               0.000          -24.989           669436.880              1.00000 
  2067.247           3.364    393.201       0.098       2.094                0.030               0.000               0.000          -24.928           669436.910              1.00000 
  2068.247           3.335    392.959       0.098       2.094                0.030               0.000               0.000          -24.866           669436.939              1.00000 
  2069.247           3.306    392.718       0.098       2.094                0.030               0.000               0.000          -24.805           669436.969              1.00000 
  2070.247           3.278    392.477       0.098       2.094                0.029               0.000               0.000          -24.744           669436.998              1.00000 
  2071.247           3.249    392.237       0.098       2.094                0.029               0.000               0.000          -24.684           669437.028              1.00000 
  2072.247           3.220    391.998       0.098       2.094                0.029               0.000               0.000          -24.624           669437.057              1.00000 
  2073.247           3.192    391.759       0.098       2.094                0.029               0.000               0.000          -24.563           669437.086              1.00000 
  2074.247           3.163    391.521       0.098       2.094                0.029               0.000               0.000          -24.504           669437.115              1.00000 
  2075.247           3.135    391.283       0.098       2.094                0.029               0.000               0.000          -24.444           669437.144              1.00000 
  2076.247           3.106    391.046       0.098       2.094                0.029               0.000               0.000          -24.385           669437.173              1.00000 
  2077.247           3.078    390.810       0.098       2.094                0.029               0.000               0.000          -24.326           669437.202              1.00000 
  2078.247           3.049    390.574       0.098       2.094                0.029               0.000               0.000          -24.267           669437.230              1.00000 
  2079.247           3.021    390.339       0.098       2.094                0.029               0.000               0.000          -24.208           669437.259              1.00000 
  2080.247           2.993    390.104       0.098       2.094                0.029               0.000               0.000          -24.150           669437.288              1.00000 
  2081.247           2.965    389.870       0.098       2.094                0.028               0.000               0.000          -24.092           669437.316              1.00000 
  2082.247           2.936    389.636       0.098       2.094                0.028               0.000               0.000          -24.034           669437.344              1.00000 
  2083.247           2.908    389.403       0.098       2.094                0.028               0.000               0.000          -23.977           669437.373              1.00000 
  2084.247           2.880    389.170       0.098       2.094                0.028               0.000               0.000          -23.919           669437.401              1.00000 
  2085.247           2.852    388.939       0.098       2.094                0.028               0.000               0.000          -23.862           669437.429              1.00000 
  2086.247           2.824    388.707       0.098       2.094                0.028               0.000               0.000          -23.806           669437.457              1.00000 
  2087.247           2.796    388.476       0.098       2.094                0.028               0.000               0.000          -23.749           669437.485              1.00000 
  2088.247           2.768    388.246       0.098       2.094                0.028               0.000               0.000          -23.693           669437.513              1.00000 
  2089.247           2.740    388.016       0.098       2.094                0.028               0.000               0.000          -23.636           669437.540              1.00000 
  2090.247           2.712    387.787       0.098       2.094                0.028               0.000               0.000          -23.581           669437.568              1.00000 
  2091.247           2.684    387.558       0.098       2.094                0.028               0.000               0.000          -23.525           669437.596              1.00000 
  2092.247           2.656    387.330       0.098       2.094                0.027               0.000               0.000          -23.469           669437.623              1.00000 
  2093.247           2.629    387.102       0.098       2.094                0.027               0.000               0.000          -23.414           669437.650              1.00000 
  2094.247           2.601    386.875       0.098       2.094                0.027               0.000               0.000          -23.359           669437.678              1.00000 
  2095.247           2.573    386.649       0.098       2.094                0.027               0.000               0.000          -23.304           669437.705              1.00000 
  2096.247           2.546    386.423       0.098       2.094                0.027               0.000               0.000          -23.250           669437.732              1.00000 
  2097.247           2.518    386.197       0.098       2.094                0.027               0.000               0.000          -23.196           669437.759              1.00000 
  2098.247           2.490    385.972       0.098       2.094                0.027               0.000               0.000          -23.141           669437.786              1.00000 
  2099.247           2.463    385.748       0.098       2.094                0.027               0.000               0.000          -23.088           669437.813              1.00000 
  2100.247           2.435    385.524       0.098       2.094                0.027               0.000               0.000          -23.034           669437.840              1.00000 
  2101.247           2.408    385.301       0.098       2.094                0.027               0.000               0.000          -22.980           669437.867              1.00000 
  2102.247           2.380    385.078       0.098       2.094                0.027               0.000               0.000          -22.927           669437.893              1.00000 
  2103.247           2.353    384.855       0.098       2.094                0.027               0.000               0.000          -22.874           669437.920              1.00000 
  2104.247           2.326    384.633       0.098       2.094                0.027               0.000               0.000          -22.821           669437.946              1.00000 
  2105.247           2.298    384.412       0.098       2.094                0.026               0.000               0.000          -22.769           669437.973              1.00000 
  2106.247           2.271    384.191       0.098       2.094                0.026               0.000               0.000          -22.717           669437.999              1.00000 
  2107.247           2.244    383.971       0.098       2.094                0.026               0.000               0.000          -22.664           669438.026              1.00000 
  2108.247           2.217    383.751       0.098       2.094                0.026               0.000               0.000          -22.612           669438.052              1.00000 
  2109.247           2.190    383.532       0.098       2.094                0.026               0.000               0.000          -22.561           669438.078              1.00000 
  2110.247           2.162    383.313       0.098       2.094                0.026               0.000               0.000          -22.509           669438.104              1.00000 
  2111.247           2.135    383.095       0.098       2.094                0.026               0.000               0.000          -22.458           669438.130              1.00000 
  2112.247           2.108    382.877       0.098       2.094                0.026               0.000               0.000          -22.407           669438.156              1.00000 
  2113.247           2.081    382.659       0.098       2.094                0.026               0.000               0.000          -22.356           669438.182              1.00000 
  2114.247           2.054    382.443       0.098       2.094                0.026               0.000               0.000          -22.305           669438.207              1.00000 
  2115.247           2.027    382.226       0.098       2.094                0.026               0.000               0.000          -22.255           669438.233              1.00000 
  2116.247           2.000    382.010       0.098       2.094                0.026               0.000               0.000          -22.204           669438.258              1.00000 
  2117.247           1.974    381.795       0.098       2.094                0.026               0.000               0.000          -22.154           669438.284              1.00000 
  2118.247           1.947    381.580       0.098       2.094                0.025               0.000               0.000          -22.104           669438.309              1.00000 
  2119.247           1.920    381.366       0.098       2.094                0.025               0.000               0.000          -22.054           669438.335              1.00000 
  2120.247           1.893    381.152       0.098       2.094                0.025               0.000               0.000          -22.005           669438.360              1.00000 
  2121.247           1.866    380.938       0.098       2.094                0.025               0.000               0.000          -21.956           669438.385              1.00000 
  2122.247           1.840    380.725       0.098       2.094                0.025               0.000               0.000          -21.907           669438.410              1.00000 
  2123.247           1.813    380.513       0.098       2.094                0.025               0.000               0.000          -21.858           669438.436              1.00000 
  2124.247           1.787    380.301       0.098       2.094                0.025               0.000               0.000          -21.809           669438.461              1.00000 
  2125.247           1.760    380.089       0.098       2.094                0.025               0.000               0.000          -21.760           669438.485              1.00000 
  2126.247           1.733    379.878       0.098       2.094                0.025               0.000               0.000          -21.712           669438.510              1.00000 
  2127.247           1.707    379.668       0.098       2.094                0.025               0.000               0.000          -21.664           669438.535              1.00000 
  2128.247           1.680    379.458       0.098       2.094                0.025               0.000               0.000          -21.616           669438.560              1.00000 
  2129.247           1.654    379.248       0.098       2.094                0.025               0.000               0.000          -21.568           669438.584              1.00000 
  2130.247           1.628    379.039       0.098       2.094                0.025               0.000               0.000          -21.520           669438.609              1.00000 
  2131.247           1.601    378.830       0.098       2.094                0.025               0.000               0.000          -21.473           669438.634              1.00000 
  2132.247           1.575    378.622       0.098       2.094                0.024               0.000               0.000          -21.426           669438.658              1.00000 
  2133.247           1.549    378.414       0.098       2.094                0.024               0.000               0.000          -21.378           669438.682              1.00000 
  2134.247           1.522    378.206       0.098       2.094                0.024               0.000               0.000          -21.332           669438.707              1.00000 
  2135.247           1.496    378.000       0.098       2.094                0.024               0.000               0.000          -21.285           669438.731              1.00000 
  2136.247           1.470    377.793       0.098       2.094                0.024               0.000               0.000          -21.238           669438.755              1.00000 
  2137.247           1.444    377.587       0.098       2.094                0.024               0.000               0.000          -21.192           669438.779              1.00000 
  2138.247           1.418    377.381       0.098       2.094                0.024               0.000               0.000          -21.146           669438.803              1.00000 
  2139.247           1.392    377.176       0.098       2.094                0.024               0.000               0.000          -21.100           669438.827              1.00000 
  2140.247           1.365    376.972       0.098       2.094                0.024               0.000               0.000          -21.054           669438.851              1.00000 
  2141.247           1.339    376.767       0.098       2.094                0.024               0.000               0.000          -21.008           669438.875              1.00000 
  2142.247           1.313    376.564       0.098       2.094                0.024               0.000               0.000          -20.963           669438.899              1.00000 
  2143.247           1.287    376.360       0.098       2.094                0.024               0.000               0.000          -20.917           669438.922              1.00000 
  2144.247           1.262    376.157       0.098       2.094                0.024               0.000               0.000          -20.872           669438.946              1.00000 
  2145.247           1.236    375.955       0.098       2.094                0.024               0.000               0.000          -20.827           669438.970              1.00000 
  2146.247           1.210    375.753       0.098       2.094                0.024               0.000               0.000          -20.782           669438.993              1.00000 
  2147.247           1.184    375.551       0.098       2.094                0.023               0.000               0.000          -20.738           669439.017              1.00000 
  2148.247           1.158    375.350       0.098       2.094                0.023               0.000               0.000          -20.693           669439.040              1.00000 
  2149.247           1.132    375.149       0.098       2.094                0.023               0.000               0.000          -20.649           669439.063              1.00000 
  2150.247           1.107    374.949       0.098       2.094                0.023               0.000               0.000          -20.605           669439.086              1.00000 
  2151.247           1.081    374.749       0.098       2.094                0.023               0.000               0.000          -20.561           669439.110              1.00000 
  2152.247           1.055    374.550       0.098       2.094                0.023               0.000               0.000          -20.517           669439.133              1.00000 
  2153.247           1.030    374.351       0.098       2.094                0.023               0.000               0.000          -20.473           669439.156              1.00000 
  2154.247           1.004    374.152       0.098       2.094                0.023               0.000               0.000          -20.430           669439.179              1.00000 
  2155.247           0.979    373.954       0.098       2.094                0.023               0.000               0.000          -20.387           669439.202              1.00000 
  2156.247           0.953    373.756       0.098       2.094                0.023               0.000               0.000          -20.344           669439.225              1.00000 
  2157.247           0.927    373.559       0.098       2.094                0.023               0.000               0.000          -20.301           669439.247              1.00000 
  2158.247           0.902    373.362       0.098       2.094                0.023               0.000               0.000          -20.258           669439.270              1.00000 
  2159.247           0.877    373.165       0.098       2.094                0.023               0.000               0.000          -20.215           669439.293              1.00000 
  2160.247           0.851    372.969       0.098       2.094                0.023               0.000               0.000          -20.172           669439.316              1.00000 
  2161.247           0.826    372.773       0.098       2.094                0.023               0.000               0.000          -20.130           669439.338              1.00000 
  2162.247           0.800    372.578       0.098       2.094                0.023               0.000               0.000          -20.088           669439.361              1.00000 
  2163.247           0.775    372.383       0.098       2.094                0.022               0.000               0.000          -20.046           669439.383              1.00000 
  2164.247           0.750    372.189       0.098       2.094                0.022               0.000               0.000          -20.004           669439.405              1.00000 
  2165.247           0.725    371.995       0.098       2.094                0.022               0.000               0.000          -19.962           669439.428              1.00000 
  2166.247           0.699    371.801       0.098       2.094                0.022               0.000               0.000          -19.921           669439.450              1.00000 
  2167.247           0.674    371.608       0.098       2.094                0.022               0.000               0.000          -19.879           669439.472              1.00000 
  2168.247           0.649    371.415       0.098       2.094                0.022               0.000               0.000          -19.838           669439.494              1.00000 
  2169.247           0.624    371.222       0.098       2.094                0.022               0.000               0.000          -19.797           669439.517              1.00000 
  2170.247           0.599    371.030       0.098       2.094                0.022               0.000               0.000          -19.756           669439.539              1.00000 
  2171.247           0.574    370.839       0.098       2.094                0.022               0.000               0.000          -19.715           669439.561              1.00000 
  2172.247           0.549    370.647       0.098       2.094                0.022               0.000               0.000          -19.674           669439.582              1.00000 
  2173.247           0.524    370.457       0.098       2.094                0.022               0.000               0.000          -19.634           669439.604              1.00000 
  2174.247           0.499    370.266       0.098       2.094                0.022               0.000               0.000          -19.593           669439.626              1.00000 
  2175.247           0.474    370.076       0.098       2.094                0.022               0.000               0.000          -19.553           669439.648              1.00000 
  2176.247           0.449    369.886       0.098       2.094                0.022               0.000               0.000          -19.513           669439.670              1.00000 
  2177.247           0.424    369.697       0.098       2.094                0.022               0.000               0.000          -19.473           669439.691              1.00000 
  2178.247           0.399    369.508       0.098       2.094                0.022               0.000               0.000          -19.433           669439.713              1.00000 
  2179.247           0.374    369.320       0.098       2.094                0.022               0.000               0.000          -19.393           669439.734              1.00000 
  2180.247           0.349    369.131       0.098       2.094                0.021               0.000               0.000          -19.354           669439.756              1.00000 
  2181.247           0.325    368.944       0.098       2.094                0.021               0.000               0.000          -19.314           669439.777              1.00000 
  2182.247           0.300    368.756       0.098       2.094                0.021               0.000               0.000          -19.275           669439.799              1.00000 
  2183.247           0.275    368.569       0.098       2.094                0.021               0.000               0.000          -19.236           669439.820              1.00000 
  2184.247           0.251    368.383       0.098       2.094                0.021               0.000               0.000          -19.197           669439.841              1.00000 
  2185.247           0.226    368.196       0.098       2.094                0.021               0.000               0.000          -19.158           669439.862              1.00000 
  2186.247           0.201    368.010       0.098       2.094                0.021               0.000               0.000          -19.119           669439.883              1.00000 
  2187.247           0.177    367.825       0.098       2.094                0.021               0.000               0.000          -19.081           669439.905              1.00000 
  2188.247           0.152    367.640       0.098       2.094                0.021               0.000               0.000          -19.042           669439.926              1.00000 
  2189.247           0.128    367.455       0.098       2.094                0.021               0.000               0.000          -19.004           669439.947              1.00000 
  2190.247           0.103    367.271       0.098       2.094                0.021               0.000               0.000          -18.966           669439.968              1.00000 
  2191.247           0.079    367.087       0.098       2.094                0.021               0.000               0.000          -18.928           669439.988              1.00000 
  2192.247           0.054    366.903       0.098       2.094                0.021               0.000               0.000          -18.890           669440.009              1.00000 
  2193.247           0.030    366.720       0.098       2.094                0.021               0.000               0.000          -18.852           669440.030              1.00000 
  2194.247           0.005    366.537       0.098       2.094                0.021               0.000               0.000          -18.814           669440.051              1.00000 
  2195.247           0.000    366.354       0.098       2.094                0.021               0.000               0.000          -18.777           669440.071              1.00000 
