2026-08-04 20:20:00,056 - INFO - dmf.workflows.DmfWorkflow - Creating workflow 895a7f2e-89a1-4464-82e7-64aea3936383
2026-08-04 20:20:02,662 - INFO - dmf.workflows.analysis_modules.SaraOnlyWorkflow - Creating configurations
2026-08-04 20:20:02,662 - INFO - dmf.processes.DmfProcess - Creating cstate process 7d5100b1-cb5d-4ea3-92ff-c1dcd66abb97
2026-08-04 20:20:02,662 - INFO - dmf.processes.DmfProcess - Creating cstate process 485c23e9-eb03-4e31-ae52-987fe856a6d5
2026-08-04 20:20:02,662 - INFO - dmf.processes.CStateProcess - Transformation of orbital state needed
2026-08-04 20:20:07,986 - INFO - dmf.processes.CStateProcess - Starting to execute 7d5100b1-cb5d-4ea3-92ff-c1dcd66abb97
2026-08-04 20:20:08,044 - INFO - dmf.processes.CStateProcess - Starting to execute 485c23e9-eb03-4e31-ae52-987fe856a6d5
2026-08-04 20:20:08,505 - INFO - dmf.processes.CStateProcess - Finished 485c23e9-eb03-4e31-ae52-987fe856a6d5
2026-08-04 20:20:08,505 - INFO - dmf.processes.CStateProcess - Finished 7d5100b1-cb5d-4ea3-92ff-c1dcd66abb97
2026-08-04 20:20:08,822 - INFO - dmf.processes.DmfProcess - Creating sara process c3ee65fe-16a2-4a0e-88a6-85457b5dcd56
2026-08-04 20:20:08,838 - INFO - dmf.processes.DmfProcess - Creating sara process 7b5451a1-0006-4a56-897a-9e05b72ff1e7
2026-08-04 20:20:13,690 - INFO - dmf.processes.SaraProcess - Starting to execute SARA 7b5451a1-0006-4a56-897a-9e05b72ff1e7
2026-08-04 20:20:13,692 - INFO - dmf.processes.SaraProcess - Starting to execute SARA c3ee65fe-16a2-4a0e-88a6-85457b5dcd56
2026-08-04 20:20:13,752 - INFO - dmf.processes.SaraProcess - Stored pySARA inputs in F:\\Survival_analysis of satellite re entry\\linear_cubesat\\input\\last_sara.json
2026-08-04 20:20:13,752 - INFO - dmf.processes.SaraProcess - Stored pySARA inputs in F:\\Survival_analysis of satellite re entry\\linear_cubesat\\input\\last_sara.json
2026-08-04 20:20:34,261 - INFO - PySara - Using default fap_day file from installation directory: F:\\TOOLS\\OSCAR\\data
2026-08-04 20:20:34,291 - INFO - PySara - Using default fap_day file from installation directory: F:\\TOOLS\\OSCAR\\data
2026-08-04 20:20:34,411 - INFO - PySara - Using default fap_mon file from installation directory: F:\\TOOLS\\OSCAR\\data
2026-08-04 20:20:34,411 - INFO - PySara - Using default fap_mon file from installation directory: F:\\TOOLS\\OSCAR\\data
2026-08-04 20:20:36,324 - INFO - sara_live_log - Reentry #_______________________________________________________________________________
2026-08-04 20:20:36,324 - INFO - sara_live_log - Reentry #    ######   ####     ##             #####   #####     ##    #    #    ##
2026-08-04 20:20:36,324 - INFO - sara_live_log - Reentry #    #       #        #  #            #    #  #    #   #  #   ##  ##   #  #
2026-08-04 20:20:36,324 - INFO - sara_live_log - Reentry #    #####    ####   ######           #    #  #####   ######  # ## #  ######
2026-08-04 20:20:36,324 - INFO - sara_live_log - Reentry #    #            #  #    #           #    #  #    #  #    #  #    #  #    #
2026-08-04 20:20:36,324 - INFO - sara_live_log - Reentry #____######__#####___#____#___________#####___#____#__#____#__#____#__#____#____
2026-08-04 20:20:36,324 - INFO - sara_live_log - Reentry #
2026-08-04 20:20:36,324 - INFO - sara_live_log - Reentry #               ESA Debris Risk Assessment and Mitigation Analysis
2026-08-04 20:20:36,324 - INFO - sara_live_log - Reentry #
2026-08-04 20:20:36,324 - INFO - sara_live_log - Reentry #   ---- DRAMA ( SESAM 2.3.0 ( built Mar 17 2026 16:55:01) ) ----
2026-08-04 20:20:36,330 - INFO - sara_live_log - Reentry #                                      ESA 2022
2026-08-04 20:20:36,330 - INFO - sara_live_log - Reentry #
2026-08-04 20:20:36,330 - INFO - sara_live_log - Reentry #                        execution log file -sesam.log-
2026-08-04 20:20:36,330 - INFO - sara_live_log - Reentry #                   run date+time: Tue Aug  4 20:20:36 2026
2026-08-04 20:20:36,330 - INFO - sara_live_log - Reentry info: Starting Sesam
2026-08-04 20:20:36,330 - INFO - sara_live_log - Reentry info: SESAM module initialising
2026-08-04 20:20:36,330 - INFO - sara_live_log - Reentry info: Using voxelator cache dir: F:\\Survival_analysis of satellite re entry\\linear_cubesat\\data
2026-08-04 20:20:36,332 - WARNING - sara_live_log - Reentry warning: oxideReactionProbability for drama-AA7075 < 1.0E-5 or not found. Continuing without oxidation for this material.
2026-08-04 20:20:36,332 - WARNING - sara_live_log - Reentry warning: oxideReactionProbability for drama-A316 < 1.0E-5 or not found. Continuing without oxidation for this material.
2026-08-04 20:20:36,332 - WARNING - sara_live_log - Reentry warning: oxideReactionProbability for drama-A316_Semi-Empirical < 1.0E-5 or not found. Continuing without oxidation for this material.
2026-08-04 20:20:36,332 - WARNING - sara_live_log - Reentry warning: oxideReactionProbability for drama-BatCell-ABSL < 1.0E-5 or not found. Continuing without oxidation for this material.
2026-08-04 20:20:36,332 - WARNING - sara_live_log - Reentry warning: oxideReactionProbability for drama-Bat-Li < 1.0E-5 or not found. Continuing without oxidation for this material.
2026-08-04 20:20:36,332 - WARNING - sara_live_log - Reentry warning: oxideReactionProbability for drama-Bat-NiCd < 1.0E-5 or not found. Continuing without oxidation for this material.
2026-08-04 20:20:36,334 - INFO - sara_live_log - Reentry #_______________________________________________________________________________
2026-08-04 20:20:36,334 - WARNING - sara_live_log - Reentry warning: oxideReactionProbability for drama-Beryllium < 1.0E-5 or not found. Continuing without oxidation for this material.
2026-08-04 20:20:36,334 - INFO - sara_live_log - Reentry #    ######   ####     ##             #####   #####     ##    #    #    ##
2026-08-04 20:20:36,334 - WARNING - sara_live_log - Reentry warning: oxideReactionProbability for drama-Carbon-Carbon < 1.0E-5 or not found. Continuing without oxidation for this material.
2026-08-04 20:20:36,334 - WARNING - sara_live_log - Reentry warning: oxideReactionProbability for drama-Copper < 1.0E-5 or not found. Continuing without oxidation for this material.
2026-08-04 20:20:36,334 - INFO - sara_live_log - Reentry #    #       #        #  #            #    #  #    #   #  #   ##  ##   #  #
2026-08-04 20:20:36,334 - WARNING - sara_live_log - Reentry warning: oxideReactionProbability for drama-El-Mat < 1.0E-5 or not found. Continuing without oxidation for this material.
2026-08-04 20:20:36,334 - INFO - sara_live_log - Reentry #    #####    ####   ######           #    #  #####   ######  # ## #  ######
2026-08-04 20:20:36,334 - INFO - sara_live_log - Reentry #    #            #  #    #           #    #  #    #  #    #  #    #  #    #
2026-08-04 20:20:36,334 - WARNING - sara_live_log - Reentry warning: oxideReactionProbability for drama-FusedSilicaProxy < 1.0E-5 or not found. Continuing without oxidation for this material.
2026-08-04 20:20:36,334 - INFO - sara_live_log - Reentry #____######__#####___#____#___________#####___#____#__#____#__#____#__#____#____
2026-08-04 20:20:36,334 - WARNING - sara_live_log - Reentry warning: oxideReactionProbability for drama-GFRPProxy < 1.0E-5 or not found. Continuing without oxidation for this material.
2026-08-04 20:20:36,334 - INFO - sara_live_log - Reentry #
2026-08-04 20:20:36,337 - WARNING - sara_live_log - Reentry warning: oxideReactionProbability for drama-Haynes25Thick < 1.0E-5 or not found. Continuing without oxidation for this material.
2026-08-04 20:20:36,337 - INFO - sara_live_log - Reentry #               ESA Debris Risk Assessment and Mitigation Analysis
2026-08-04 20:20:36,337 - WARNING - sara_live_log - Reentry warning: oxideReactionProbability for drama-Haynes25Thin < 1.0E-5 or not found. Continuing without oxidation for this material.
2026-08-04 20:20:36,337 - WARNING - sara_live_log - Reentry warning: oxideReactionProbability for drama-HC-AA7075 < 1.0E-5 or not found. Continuing without oxidation for this material.
2026-08-04 20:20:36,337 - INFO - sara_live_log - Reentry #
2026-08-04 20:20:36,337 - WARNING - sara_live_log - Reentry warning: oxideReactionProbability for drama-HC-CFRP-4ply < 1.0E-5 or not found. Continuing without oxidation for this material.
2026-08-04 20:20:36,337 - INFO - sara_live_log - Reentry #   ---- DRAMA ( SESAM 2.3.0 ( built Mar 17 2026 16:55:01) ) ----
2026-08-04 20:20:36,337 - WARNING - sara_live_log - Reentry warning: oxideReactionProbability for drama-HC-CFRP-8ply < 1.0E-5 or not found. Continuing without oxidation for this material.
2026-08-04 20:20:36,337 - INFO - sara_live_log - Reentry #                                      ESA 2022
2026-08-04 20:20:36,337 - WARNING - sara_live_log - Reentry warning: oxideReactionProbability for drama-HiperCo < 1.0E-5 or not found. Continuing without oxidation for this material.
2026-08-04 20:20:36,337 - INFO - sara_live_log - Reentry #
2026-08-04 20:20:36,337 - WARNING - sara_live_log - Reentry warning: oxideReactionProbability for drama-Inconel718 < 1.0E-5 or not found. Continuing without oxidation for this material.
2026-08-04 20:20:36,337 - INFO - sara_live_log - Reentry #                        execution log file -sesam.log-
2026-08-04 20:20:36,337 - WARNING - sara_live_log - Reentry warning: oxideReactionProbability for drama-Inermet < 1.0E-5 or not found. Continuing without oxidation for this material.
2026-08-04 20:20:36,337 - INFO - sara_live_log - Reentry #                   run date+time: Tue Aug  4 20:20:36 2026
2026-08-04 20:20:36,337 - WARNING - sara_live_log - Reentry warning: oxideReactionProbability for drama-Invar < 1.0E-5 or not found. Continuing without oxidation for this material.
2026-08-04 20:20:36,337 - INFO - sara_live_log - Reentry info: Starting Sesam
2026-08-04 20:20:36,337 - WARNING - sara_live_log - Reentry warning: oxideReactionProbability for drama-Iron < 1.0E-5 or not found. Continuing without oxidation for this material.
2026-08-04 20:20:36,337 - INFO - sara_live_log - Reentry info: SESAM module initialising
2026-08-04 20:20:36,337 - WARNING - sara_live_log - Reentry warning: oxideReactionProbability for drama-Molybdenum < 1.0E-5 or not found. Continuing without oxidation for this material.
2026-08-04 20:20:36,337 - INFO - sara_live_log - Reentry info: Using voxelator cache dir: F:\\Survival_analysis of satellite re entry\\linear_cubesat\\data
2026-08-04 20:20:36,337 - WARNING - sara_live_log - Reentry warning: oxideReactionProbability for drama-SiC < 1.0E-5 or not found. Continuing without oxidation for this material.
2026-08-04 20:20:36,337 - WARNING - sara_live_log - Reentry warning: oxideReactionProbability for drama-AA7075 < 1.0E-5 or not found. Continuing without oxidation for this material.
2026-08-04 20:20:36,337 - WARNING - sara_live_log - Reentry warning: oxideReactionProbability for drama-SolarPanel-Mat < 1.0E-5 or not found. Continuing without oxidation for this material.
2026-08-04 20:20:36,337 - WARNING - sara_live_log - Reentry warning: oxideReactionProbability for drama-A316 < 1.0E-5 or not found. Continuing without oxidation for this material.
2026-08-04 20:20:36,337 - WARNING - sara_live_log - Reentry warning: oxideReactionProbability for drama-TiAl6v4 < 1.0E-5 or not found. Continuing without oxidation for this material.
2026-08-04 20:20:36,337 - WARNING - sara_live_log - Reentry warning: oxideReactionProbability for drama-A316_Semi-Empirical < 1.0E-5 or not found. Continuing without oxidation for this material.
2026-08-04 20:20:36,337 - WARNING - sara_live_log - Reentry warning: oxideReactionProbability for drama-TiAl6v4_Semi-Empirical < 1.0E-5 or not found. Continuing without oxidation for this material.
2026-08-04 20:20:36,337 - WARNING - sara_live_log - Reentry warning: oxideReactionProbability for drama-BatCell-ABSL < 1.0E-5 or not found. Continuing without oxidation for this material.
2026-08-04 20:20:36,337 - WARNING - sara_live_log - Reentry warning: oxideReactionProbability for drama-Tungsten < 1.0E-5 or not found. Continuing without oxidation for this material.
2026-08-04 20:20:36,337 - WARNING - sara_live_log - Reentry warning: oxideReactionProbability for drama-Bat-Li < 1.0E-5 or not found. Continuing without oxidation for this material.
2026-08-04 20:20:36,337 - WARNING - sara_live_log - Reentry warning: oxideReactionProbability for drama-ZerodurProxy < 1.0E-5 or not found. Continuing without oxidation for this material.
2026-08-04 20:20:36,337 - WARNING - sara_live_log - Reentry warning: oxideReactionProbability for drama-Bat-NiCd < 1.0E-5 or not found. Continuing without oxidation for this material.
2026-08-04 20:20:36,337 - INFO - sara_live_log - Reentry info: Fragment satelliteOne initializing
2026-08-04 20:20:36,337 - WARNING - sara_live_log - Reentry warning: oxideReactionProbability for drama-Beryllium < 1.0E-5 or not found. Continuing without oxidation for this material.
2026-08-04 20:20:36,337 - INFO - sara_live_log - Reentry info: Creation of object list
2026-08-04 20:20:36,337 - WARNING - sara_live_log - Reentry warning: oxideReactionProbability for drama-Carbon-Carbon < 1.0E-5 or not found. Continuing without oxidation for this material.
2026-08-04 20:20:36,337 - INFO - sara_live_log - Reentry info: Creating Object with UniqueID: 641385a0-5f83-450a-a820-eea5ec3721e1
2026-08-04 20:20:36,337 - WARNING - sara_live_log - Reentry warning: oxideReactionProbability for drama-Copper < 1.0E-5 or not found. Continuing without oxidation for this material.
2026-08-04 20:20:36,337 - WARNING - sara_live_log - Reentry warning: oxideReactionProbability for drama-El-Mat < 1.0E-5 or not found. Continuing without oxidation for this material.
2026-08-04 20:20:36,337 - WARNING - sara_live_log - Reentry warning: oxideReactionProbability for drama-FusedSilicaProxy < 1.0E-5 or not found. Continuing without oxidation for this material.
2026-08-04 20:20:36,337 - WARNING - sara_live_log - Reentry warning: oxideReactionProbability for drama-GFRPProxy < 1.0E-5 or not found. Continuing without oxidation for this material.
2026-08-04 20:20:36,337 - WARNING - sara_live_log - Reentry warning: oxideReactionProbability for drama-Haynes25Thick < 1.0E-5 or not found. Continuing without oxidation for this material.
2026-08-04 20:20:36,337 - WARNING - sara_live_log - Reentry warning: oxideReactionProbability for drama-Haynes25Thin < 1.0E-5 or not found. Continuing without oxidation for this material.
2026-08-04 20:20:36,337 - WARNING - sara_live_log - Reentry warning: oxideReactionProbability for drama-HC-AA7075 < 1.0E-5 or not found. Continuing without oxidation for this material.
2026-08-04 20:20:36,337 - WARNING - sara_live_log - Reentry warning: oxideReactionProbability for drama-HC-CFRP-4ply < 1.0E-5 or not found. Continuing without oxidation for this material.
2026-08-04 20:20:36,337 - WARNING - sara_live_log - Reentry warning: oxideReactionProbability for drama-HC-CFRP-8ply < 1.0E-5 or not found. Continuing without oxidation for this material.
2026-08-04 20:20:36,337 - WARNING - sara_live_log - Reentry warning: oxideReactionProbability for drama-HiperCo < 1.0E-5 or not found. Continuing without oxidation for this material.
2026-08-04 20:20:36,337 - WARNING - sara_live_log - Reentry warning: oxideReactionProbability for drama-Inconel718 < 1.0E-5 or not found. Continuing without oxidation for this material.
2026-08-04 20:20:36,337 - WARNING - sara_live_log - Reentry warning: oxideReactionProbability for drama-Inermet < 1.0E-5 or not found. Continuing without oxidation for this material.
2026-08-04 20:20:36,337 - WARNING - sara_live_log - Reentry warning: oxideReactionProbability for drama-Invar < 1.0E-5 or not found. Continuing without oxidation for this material.
2026-08-04 20:20:36,337 - WARNING - sara_live_log - Reentry warning: oxideReactionProbability for drama-Iron < 1.0E-5 or not found. Continuing without oxidation for this material.
2026-08-04 20:20:36,337 - WARNING - sara_live_log - Reentry warning: oxideReactionProbability for drama-Molybdenum < 1.0E-5 or not found. Continuing without oxidation for this material.
2026-08-04 20:20:36,337 - WARNING - sara_live_log - Reentry warning: oxideReactionProbability for drama-SiC < 1.0E-5 or not found. Continuing without oxidation for this material.
2026-08-04 20:20:36,351 - WARNING - sara_live_log - Reentry warning: oxideReactionProbability for drama-SolarPanel-Mat < 1.0E-5 or not found. Continuing without oxidation for this material.
2026-08-04 20:20:36,351 - WARNING - sara_live_log - Reentry warning: oxideReactionProbability for drama-TiAl6v4 < 1.0E-5 or not found. Continuing without oxidation for this material.
2026-08-04 20:20:36,351 - WARNING - sara_live_log - Reentry warning: oxideReactionProbability for drama-TiAl6v4_Semi-Empirical < 1.0E-5 or not found. Continuing without oxidation for this material.
2026-08-04 20:20:36,351 - WARNING - sara_live_log - Reentry warning: oxideReactionProbability for drama-Tungsten < 1.0E-5 or not found. Continuing without oxidation for this material.
2026-08-04 20:20:36,351 - WARNING - sara_live_log - Reentry warning: oxideReactionProbability for drama-ZerodurProxy < 1.0E-5 or not found. Continuing without oxidation for this material.
2026-08-04 20:20:36,351 - INFO - sara_live_log - Reentry info: Fragment satelliteOne initializing
2026-08-04 20:20:36,353 - INFO - sara_live_log - Reentry info: Creation of object list
2026-08-04 20:20:36,353 - INFO - sara_live_log - Reentry info: Creating Object with UniqueID: 641385a0-5f83-450a-a820-eea5ec3721e1
2026-08-04 20:20:36,353 - INFO - sara_live_log - Reentry info: Opening netCDF file F:\\TOOLS\\SARA\\REENTRY/data/ATDB_BOX.nc for reading DONE.
2026-08-04 20:20:36,353 - INFO - sara_live_log - Reentry info: Using ATDB for BOX created with SAM on 20200306 from data created by Belstead Research Limited.
2026-08-04 20:20:36,448 - INFO - sara_live_log - Reentry info: Opening netCDF file F:\\TOOLS\\SARA\\REENTRY/data/ATDB_BOX.nc for reading DONE.
2026-08-04 20:20:36,448 - INFO - sara_live_log - Reentry info: Using ATDB for BOX created with SAM on 20200306 from data created by Belstead Research Limited.
"2026-08-04 20:20:36,543 - INFO - sara_live_log - Reentry info: Included new object Structure to fragment list"
2026-08-04 20:20:36,545 - INFO - sara_live_log - Reentry info: Creating Object with UniqueID: be7c5bf2-c0a2-44f3-bb33-d90404150716
2026-08-04 20:20:36,545 - INFO - sara_live_log - Reentry info: Opening netCDF file F:\\TOOLS\\SARA\\REENTRY/data/ATDB_CYLINDER.nc for reading DONE.
2026-08-04 20:20:36,545 - INFO - sara_live_log - Reentry info: Using ATDB for CYLINDER created with ATDB_converter r1933 on 20190411 from data created by Hyperschall Technologie Göttingen GmbH.
"2026-08-04 20:20:36,545 - INFO - sara_live_log - Reentry info: Included new object Antenna to fragment list"
2026-08-04 20:20:36,545 - INFO - sara_live_log - Reentry info: Creating Object with UniqueID: 7cd7767b-ebe1-4361-a403-3e94664c9816
"2026-08-04 20:20:36,545 - INFO - sara_live_log - Reentry info: Included new object ADCS to fragment list"
2026-08-04 20:20:36,545 - INFO - sara_live_log - Reentry info: Creating Object with UniqueID: 7cf9a9a5-596a-4c61-8c9d-53a4c37759a8
"2026-08-04 20:20:36,545 - INFO - sara_live_log - Reentry info: Included new object EPS to fragment list"
2026-08-04 20:20:36,545 - INFO - sara_live_log - Reentry info: Creating Object with UniqueID: b4eebe26-0f45-4dee-903e-d1fdc93bd52e
"2026-08-04 20:20:36,545 - INFO - sara_live_log - Reentry info: Included new object OBC to fragment list"
2026-08-04 20:20:36,545 - INFO - sara_live_log - Reentry info: Creating Object with UniqueID: f03116e5-b2c9-4716-881e-afee90665229
"2026-08-04 20:20:36,545 - INFO - sara_live_log - Reentry info: Included new object COMM to fragment list"
"2026-08-04 20:20:36,610 - INFO - sara_live_log - Reentry info: Included new object Structure to fragment list"
2026-08-04 20:20:36,612 - INFO - sara_live_log - Reentry info: Creating Object with UniqueID: be7c5bf2-c0a2-44f3-bb33-d90404150716
2026-08-04 20:20:36,612 - INFO - sara_live_log - Reentry info: Opening netCDF file F:\\TOOLS\\SARA\\REENTRY/data/ATDB_CYLINDER.nc for reading DONE.
2026-08-04 20:20:36,612 - INFO - sara_live_log - Reentry info: Using ATDB for CYLINDER created with ATDB_converter r1933 on 20190411 from data created by Hyperschall Technologie Göttingen GmbH.
"2026-08-04 20:20:36,612 - INFO - sara_live_log - Reentry info: Included new object Antenna to fragment list"
2026-08-04 20:20:36,612 - INFO - sara_live_log - Reentry info: Creating Object with UniqueID: 7cd7767b-ebe1-4361-a403-3e94664c9816
"2026-08-04 20:20:36,612 - INFO - sara_live_log - Reentry info: Included new object ADCS to fragment list"
2026-08-04 20:20:36,612 - INFO - sara_live_log - Reentry info: Creating Object with UniqueID: 7cf9a9a5-596a-4c61-8c9d-53a4c37759a8
"2026-08-04 20:20:36,612 - INFO - sara_live_log - Reentry info: Included new object EPS to fragment list"
2026-08-04 20:20:36,612 - INFO - sara_live_log - Reentry info: Creating Object with UniqueID: b4eebe26-0f45-4dee-903e-d1fdc93bd52e
"2026-08-04 20:20:36,612 - INFO - sara_live_log - Reentry info: Included new object OBC to fragment list"
2026-08-04 20:20:36,612 - INFO - sara_live_log - Reentry info: Creating Object with UniqueID: f03116e5-b2c9-4716-881e-afee90665229
"2026-08-04 20:20:36,612 - INFO - sara_live_log - Reentry info: Included new object COMM to fragment list"
2026-08-04 20:20:36,612 - INFO - sara_live_log - Reentry info: Creating Object with UniqueID: b51424f8-fd76-4e5f-9316-42778b83ca39
"2026-08-04 20:20:36,612 - INFO - sara_live_log - Reentry info: Included new object PAYLOAD to fragment list"
2026-08-04 20:20:36,612 - INFO - sara_live_log - Reentry info: Creating Object with UniqueID: cb109bb6-e00d-4d1e-88f9-d77e3396d29e
"2026-08-04 20:20:36,612 - INFO - sara_live_log - Reentry info: Included new object SOLAR PANEL +X to fragment list"
2026-08-04 20:20:36,612 - INFO - sara_live_log - Reentry info: Creating Object with UniqueID: 14293697-d071-44f0-a193-a06ad36408cf
"2026-08-04 20:20:36,612 - INFO - sara_live_log - Reentry info: Included new object SOLAR PANEL -X to fragment list"
2026-08-04 20:20:36,617 - INFO - sara_live_log - Reentry info: Creating Object with UniqueID: 909d6c11-5860-4faf-95ad-9caca83cbaab
"2026-08-04 20:20:36,617 - INFO - sara_live_log - Reentry info: Included new object SOLAR PANEL+Y to fragment list"
2026-08-04 20:20:36,617 - INFO - sara_live_log - Reentry info: Creating Object with UniqueID: 977a7ad8-0dc4-41a0-8565-8459b641d630
"2026-08-04 20:20:36,617 - INFO - sara_live_log - Reentry info: Included new object SOLAR PANEL-Y to fragment list"
2026-08-04 20:20:36,617 - INFO - sara_live_log - Reentry info: Creating Object with UniqueID: 848e52c9-2076-4c7c-8aff-e4e7354094ec
"2026-08-04 20:20:36,617 - INFO - sara_live_log - Reentry info: Included new object SOLAR PANEL +Z to fragment list"
2026-08-04 20:20:36,617 - INFO - sara_live_log - Reentry info: Creating Object with UniqueID: 8bc30e9f-23da-4053-94d7-a85ea5a2183e
"2026-08-04 20:20:36,617 - INFO - sara_live_log - Reentry info: Included new object SOLAR PANEL -Z to fragment list"
2026-08-04 20:20:36,617 - INFO - sara_live_log - Reentry info: Handling of inclusions
2026-08-04 20:20:36,617 - INFO - sara_live_log - Reentry info: inclusion with parent ID: 641385a0-5f83-450a-a820-eea5ec3721e1
2026-08-04 20:20:36,617 - INFO - sara_live_log - Reentry info: childID: be7c5bf2-c0a2-44f3-bb33-d90404150716
2026-08-04 20:20:36,617 - INFO - sara_live_log - Reentry info: childID: 7cd7767b-ebe1-4361-a403-3e94664c9816
2026-08-04 20:20:36,617 - INFO - sara_live_log - Reentry info: childID: 7cf9a9a5-596a-4c61-8c9d-53a4c37759a8
2026-08-04 20:20:36,621 - INFO - sara_live_log - Reentry info: childID: b4eebe26-0f45-4dee-903e-d1fdc93bd52e
2026-08-04 20:20:36,621 - INFO - sara_live_log - Reentry info: childID: f03116e5-b2c9-4716-881e-afee90665229
2026-08-04 20:20:36,621 - INFO - sara_live_log - Reentry info: childID: b51424f8-fd76-4e5f-9316-42778b83ca39
2026-08-04 20:20:36,621 - INFO - sara_live_log - Reentry info: childID: cb109bb6-e00d-4d1e-88f9-d77e3396d29e
2026-08-04 20:20:36,621 - INFO - sara_live_log - Reentry info: childID: 14293697-d071-44f0-a193-a06ad36408cf
2026-08-04 20:20:36,621 - INFO - sara_live_log - Reentry info: childID: 909d6c11-5860-4faf-95ad-9caca83cbaab
2026-08-04 20:20:36,621 - INFO - sara_live_log - Reentry info: childID: 977a7ad8-0dc4-41a0-8565-8459b641d630
2026-08-04 20:20:36,621 - INFO - sara_live_log - Reentry info: childID: 848e52c9-2076-4c7c-8aff-e4e7354094ec
2026-08-04 20:20:36,621 - INFO - sara_live_log - Reentry info: childID: 8bc30e9f-23da-4053-94d7-a85ea5a2183e
2026-08-04 20:20:36,621 - INFO - sara_live_log - Reentry info: Setting-up break-up triggers
2026-08-04 20:20:36,621 - INFO - sara_live_log - Reentry info: Handling of connections
2026-08-04 20:20:36,621 - INFO - sara_live_log - Reentry info: Using spacecraft mass calculated from objects hierarchy: 0.919650
2026-08-04 20:20:36,690 - INFO - sara_live_log - Reentry info: Creating Object with UniqueID: b51424f8-fd76-4e5f-9316-42778b83ca39
"2026-08-04 20:20:36,690 - INFO - sara_live_log - Reentry info: Included new object PAYLOAD to fragment list"
2026-08-04 20:20:36,690 - INFO - sara_live_log - Reentry info: Creating Object with UniqueID: cb109bb6-e00d-4d1e-88f9-d77e3396d29e
"2026-08-04 20:20:36,690 - INFO - sara_live_log - Reentry info: Included new object SOLAR PANEL +X to fragment list"
2026-08-04 20:20:36,690 - INFO - sara_live_log - Reentry info: Creating Object with UniqueID: 14293697-d071-44f0-a193-a06ad36408cf
"2026-08-04 20:20:36,690 - INFO - sara_live_log - Reentry info: Included new object SOLAR PANEL -X to fragment list"
2026-08-04 20:20:36,690 - INFO - sara_live_log - Reentry info: Creating Object with UniqueID: 909d6c11-5860-4faf-95ad-9caca83cbaab
"2026-08-04 20:20:36,690 - INFO - sara_live_log - Reentry info: Included new object SOLAR PANEL+Y to fragment list"
2026-08-04 20:20:36,690 - INFO - sara_live_log - Reentry info: Creating Object with UniqueID: 977a7ad8-0dc4-41a0-8565-8459b641d630
"2026-08-04 20:20:36,690 - INFO - sara_live_log - Reentry info: Included new object SOLAR PANEL-Y to fragment list"
2026-08-04 20:20:36,690 - INFO - sara_live_log - Reentry info: Creating Object with UniqueID: 848e52c9-2076-4c7c-8aff-e4e7354094ec
"2026-08-04 20:20:36,690 - INFO - sara_live_log - Reentry info: Included new object SOLAR PANEL +Z to fragment list"
2026-08-04 20:20:36,690 - INFO - sara_live_log - Reentry info: Creating Object with UniqueID: 8bc30e9f-23da-4053-94d7-a85ea5a2183e
"2026-08-04 20:20:36,690 - INFO - sara_live_log - Reentry info: Included new object SOLAR PANEL -Z to fragment list"
2026-08-04 20:20:36,690 - INFO - sara_live_log - Reentry info: Handling of inclusions
2026-08-04 20:20:36,690 - INFO - sara_live_log - Reentry info: inclusion with parent ID: 641385a0-5f83-450a-a820-eea5ec3721e1
2026-08-04 20:20:36,690 - INFO - sara_live_log - Reentry info: childID: be7c5bf2-c0a2-44f3-bb33-d90404150716
2026-08-04 20:20:36,690 - INFO - sara_live_log - Reentry info: childID: 7cd7767b-ebe1-4361-a403-3e94664c9816
2026-08-04 20:20:36,690 - INFO - sara_live_log - Reentry info: childID: 7cf9a9a5-596a-4c61-8c9d-53a4c37759a8
2026-08-04 20:20:36,690 - INFO - sara_live_log - Reentry info: childID: b4eebe26-0f45-4dee-903e-d1fdc93bd52e
2026-08-04 20:20:36,690 - INFO - sara_live_log - Reentry info: childID: f03116e5-b2c9-4716-881e-afee90665229
2026-08-04 20:20:36,690 - INFO - sara_live_log - Reentry info: childID: b51424f8-fd76-4e5f-9316-42778b83ca39
2026-08-04 20:20:36,690 - INFO - sara_live_log - Reentry info: childID: cb109bb6-e00d-4d1e-88f9-d77e3396d29e
2026-08-04 20:20:36,690 - INFO - sara_live_log - Reentry info: childID: 14293697-d071-44f0-a193-a06ad36408cf
2026-08-04 20:20:36,690 - INFO - sara_live_log - Reentry info: childID: 909d6c11-5860-4faf-95ad-9caca83cbaab
2026-08-04 20:20:36,690 - INFO - sara_live_log - Reentry info: childID: 977a7ad8-0dc4-41a0-8565-8459b641d630
2026-08-04 20:20:36,690 - INFO - sara_live_log - Reentry info: childID: 848e52c9-2076-4c7c-8aff-e4e7354094ec
2026-08-04 20:20:36,690 - INFO - sara_live_log - Reentry info: childID: 8bc30e9f-23da-4053-94d7-a85ea5a2183e
2026-08-04 20:20:36,690 - INFO - sara_live_log - Reentry info: Setting-up break-up triggers
2026-08-04 20:20:36,701 - INFO - sara_live_log - Reentry info: Handling of connections
2026-08-04 20:20:36,701 - INFO - sara_live_log - Reentry info: Using spacecraft mass calculated from objects hierarchy: 0.919650
2026-08-04 20:20:36,954 - INFO - sara_live_log - Reentry info: Testing for altitude above149km with input State: system= 232132
epoch= 2024-08-01T12:00:00
elements= 6783.997502
0.001520
51.646167
184.583226
16.277857
343.574890
2026-08-04 20:20:36,954 - INFO - sara_live_log - Reentry info: Testing for altitude above149km with input State: system= 232132
epoch= 2024-08-01T12:00:00
elements= 6783.997502
0.001520
51.646167
184.583226
16.277857
343.574890
2026-08-04 20:20:37,884 - INFO - sara_live_log - Reentry info: Initial altitude above 149.000000km. Propagating with oscar.
2026-08-04 20:20:37,884 - INFO - sara_live_log - Reentry info: starting CstateConvertToOscar with input State: system= 232132
epoch= 2024-08-01T12:00:00
elements= 6783.997502
0.001520
51.646167
184.583226
16.277857
343.574890
2026-08-04 20:20:37,884 - INFO - sara_live_log - Reentry info: starting PropagateWithOscar with input State: system= 231831
epoch= 2024-08-01T12:00:00
elements= 6777.998641
0.000743
51.605942
183.722939
35.329051
324.926808
2026-08-04 20:20:37,886 - INFO - sara_live_log - Reentry info: using fragment mass of 0.919650
2026-08-04 20:20:37,904 - INFO - sara_live_log - Reentry info: Initial altitude above 149.000000km. Propagating with oscar.
2026-08-04 20:20:37,920 - INFO - sara_live_log - Reentry info: starting CstateConvertToOscar with input State: system= 232132
epoch= 2024-08-01T12:00:00
elements= 6783.997502
0.001520
51.646167
184.583226
16.277857
343.574890
2026-08-04 20:20:37,920 - INFO - sara_live_log - Reentry info: starting PropagateWithOscar with input State: system= 231831
epoch= 2024-08-01T12:00:00
elements= 6777.998641
0.000743
51.605942
183.722939
35.329051
324.926808
2026-08-04 20:20:37,920 - INFO - sara_live_log - Reentry info: using fragment mass of 0.919650
2026-08-04 20:20:45,147 - INFO - sara_live_log - Reentry info: Propagation ended with State: system= 231831
epoch= 2024-12-25T06:26:31
elements= 6497.309000
0.000128
51.577140
155.970980
103.018970
208.135370
2026-08-04 20:20:45,147 - INFO - sara_live_log - Reentry info: Testing for altitude above149km with input State: system= 231831
epoch= 2024-12-25T06:26:31
elements= 6497.309000
0.000128
51.577140
155.970980
103.018970
208.135370
2026-08-04 20:20:45,147 - INFO - sara_live_log - Reentry info: Propagation ended with State: system= 231831
epoch= 2024-12-25T06:26:31
elements= 6497.309000
0.000128
51.577140
155.970980
103.018970
208.135370
2026-08-04 20:20:45,147 - INFO - sara_live_log - Reentry info: starting CstateConvertToHtgSesam with input State: system= 231831
epoch= 2024-12-25T06:26:31
elements= 6497.309000
0.000128
51.577140
155.970980
103.018970
208.135370
2026-08-04 20:20:45,147 - INFO - sara_live_log - Reentry info: Testing for altitude above149km with input State: system= 231831
epoch= 2024-12-25T06:26:31
elements= 6497.309000
0.000128
51.577140
155.970980
103.018970
208.135370
2026-08-04 20:20:45,147 - INFO - sara_live_log - Reentry info: Passing geodetic state below 149.000000km to sesam: State: system= 235102
epoch= 2024-12-25T06:26:31
elements= 126.495950
-36.536165
-69.663979
7.540607
-0.103179
41.068362
2026-08-04 20:20:45,147 - INFO - sara_live_log - Reentry info: starting CstateConvertToHtgSesam with input State: system= 231831
epoch= 2024-12-25T06:26:31
elements= 6497.309000
0.000128
51.577140
155.970980
103.018970
208.135370
2026-08-04 20:20:45,267 - INFO - sara_live_log - Reentry info: Using static environment from CSV file F:\\TOOLS\\SARA\\REENTRY/data/StaticEnvironmentData.csv.
2026-08-04 20:20:45,267 - INFO - sara_live_log - Reentry info: SESAM initialisation DONE.
2026-08-04 20:20:45,267 - INFO - sara_live_log - Reentry info: Passing geodetic state below 149.000000km to sesam: State: system= 235102
epoch= 2024-12-25T06:26:31
elements= 126.495950
-36.536165
-69.663979
7.540607
-0.103179
41.068362
2026-08-04 20:20:45,267 - INFO - sara_live_log - Reentry info: Using static environment from CSV file F:\\TOOLS\\SARA\\REENTRY/data/StaticEnvironmentData.csv.
2026-08-04 20:20:45,267 - INFO - sara_live_log - Reentry info: SESAM initialisation DONE.
2026-08-04 20:20:45,392 - INFO - sara_live_log - Reentry info: SESAM propagation started
2026-08-04 20:20:45,392 - INFO - sara_live_log - Reentry info: Starting propagation of Fragment with uniqueID 641385a0-5f83-450a-a820-eea5ec3721e1.
2026-08-04 20:20:45,392 - INFO - sara_live_log - Reentry info: EVENT area 641385a0-5f83-450a-a820-eea5ec3721e1 0.015000
2026-08-04 20:20:45,394 - INFO - sara_live_log - Reentry info: EVENT start 641385a0-5f83-450a-a820-eea5ec3721e1 0.919650 0.015000 2024-12-25T06:26:31
2026-08-04 20:20:45,395 - INFO - sara_live_log - Reentry info: SESAM propagation started
2026-08-04 20:20:45,395 - INFO - sara_live_log - Reentry info: Starting propagation of Fragment with uniqueID 641385a0-5f83-450a-a820-eea5ec3721e1.
2026-08-04 20:20:45,395 - INFO - sara_live_log - Reentry info: EVENT area 641385a0-5f83-450a-a820-eea5ec3721e1 0.015000
2026-08-04 20:20:45,395 - INFO - sara_live_log - Reentry info: EVENT start 641385a0-5f83-450a-a820-eea5ec3721e1 0.919650 0.015000 2024-12-25T06:26:31
2026-08-04 20:20:46,083 - INFO - sara_live_log - Reentry info: Object 641385a0-5f83-450a-a820-eea5ec3721e1 demised.
2026-08-04 20:20:46,083 - INFO - sara_live_log - Reentry info: EVENT object 641385a0-5f83-450a-a820-eea5ec3721e1 demise
2026-08-04 20:20:46,083 - INFO - sara_live_log - Reentry info: Object 641385a0-5f83-450a-a820-eea5ec3721e1 reached end of life.
2026-08-04 20:20:46,083 - INFO - sara_live_log - Reentry info: ObjectTrajectory Written: PySara.Structure.641385a0-5f83-450a-a820-eea5ec3721e1_Trajectory.txt
2026-08-04 20:20:46,083 - INFO - sara_live_log - Reentry info: GnuPlotGeneration::GenerateSingleObjectScript Wrote PySara.Structure.641385a0-5f83-450a-a820-eea5ec3721e1.gnu
2026-08-04 20:20:46,085 - INFO - sara_live_log - Reentry info: Object 641385a0-5f83-450a-a820-eea5ec3721e1 demised.
2026-08-04 20:20:46,086 - INFO - sara_live_log - Reentry info: EVENT object 641385a0-5f83-450a-a820-eea5ec3721e1 demise
2026-08-04 20:20:46,086 - INFO - sara_live_log - Reentry info: Object 641385a0-5f83-450a-a820-eea5ec3721e1 reached end of life.
2026-08-04 20:20:46,086 - INFO - sara_live_log - Reentry info: ObjectTrajectory Written: PySara.Structure.641385a0-5f83-450a-a820-eea5ec3721e1_Trajectory.txt
2026-08-04 20:20:46,087 - INFO - sara_live_log - Reentry info: GnuPlotGeneration::GenerateSingleObjectScript Wrote PySara.Structure.641385a0-5f83-450a-a820-eea5ec3721e1.gnu
2026-08-04 20:20:46,219 - INFO - sara_live_log - Reentry info: AeroThermalHistory Written: PySara.Structure.641385a0-5f83-450a-a820-eea5ec3721e1_AeroThermalHistory.txt
2026-08-04 20:20:46,219 - INFO - sara_live_log - Reentry info: EVENT end 641385a0-5f83-450a-a820-eea5ec3721e1 0.708450
2026-08-04 20:20:46,219 - INFO - sara_live_log - Reentry info: Adding 12 new fragments to fragmentList.
2026-08-04 20:20:46,219 - INFO - sara_live_log - Reentry info: Starting propagation of Fragment with uniqueID be7c5bf2-c0a2-44f3-bb33-d90404150716.
2026-08-04 20:20:46,219 - INFO - sara_live_log - Reentry info: EVENT area be7c5bf2-c0a2-44f3-bb33-d90404150716 0.000363
2026-08-04 20:20:46,219 - INFO - sara_live_log - Reentry info: EVENT start be7c5bf2-c0a2-44f3-bb33-d90404150716 0.089000 0.000363 2024-12-25T06:53:57
2026-08-04 20:20:46,219 - INFO - sara_live_log - Reentry info: Object be7c5bf2-c0a2-44f3-bb33-d90404150716 demised.
2026-08-04 20:20:46,221 - INFO - sara_live_log - Reentry info: EVENT object be7c5bf2-c0a2-44f3-bb33-d90404150716 demise
2026-08-04 20:20:46,221 - INFO - sara_live_log - Reentry info: Fragment be7c5bf2-c0a2-44f3-bb33-d90404150716 reached end of life because uncritical.
2026-08-04 20:20:46,221 - INFO - sara_live_log - Reentry info: Object be7c5bf2-c0a2-44f3-bb33-d90404150716 reached end of life.
2026-08-04 20:20:46,221 - INFO - sara_live_log - Reentry info: ObjectTrajectory Written: PySara.Antenna.be7c5bf2-c0a2-44f3-bb33-d90404150716_Trajectory.txt
2026-08-04 20:20:46,221 - INFO - sara_live_log - Reentry info: GnuPlotGeneration::GenerateSingleObjectScript Wrote PySara.Antenna.be7c5bf2-c0a2-44f3-bb33-d90404150716.gnu
2026-08-04 20:20:46,221 - INFO - sara_live_log - Reentry info: AeroThermalHistory Written: PySara.Antenna.be7c5bf2-c0a2-44f3-bb33-d90404150716_AeroThermalHistory.txt
2026-08-04 20:20:46,223 - INFO - sara_live_log - Reentry info: EVENT end be7c5bf2-c0a2-44f3-bb33-d90404150716 0.000000
2026-08-04 20:20:46,223 - INFO - sara_live_log - Reentry info: Adding 0 new fragments to fragmentList.
2026-08-04 20:20:46,223 - INFO - sara_live_log - Reentry info: Starting propagation of Fragment with uniqueID 7cd7767b-ebe1-4361-a403-3e94664c9816.
2026-08-04 20:20:46,223 - INFO - sara_live_log - Reentry info: EVENT area 7cd7767b-ebe1-4361-a403-3e94664c9816 0.005733
2026-08-04 20:20:46,223 - INFO - sara_live_log - Reentry info: EVENT start 7cd7767b-ebe1-4361-a403-3e94664c9816 0.196000 0.005733 2024-12-25T06:53:57
2026-08-04 20:20:46,233 - INFO - sara_live_log - Reentry info: AeroThermalHistory Written: PySara.Structure.641385a0-5f83-450a-a820-eea5ec3721e1_AeroThermalHistory.txt
2026-08-04 20:20:46,233 - INFO - sara_live_log - Reentry info: EVENT end 641385a0-5f83-450a-a820-eea5ec3721e1 0.708450
2026-08-04 20:20:46,233 - INFO - sara_live_log - Reentry info: Adding 12 new fragments to fragmentList.
2026-08-04 20:20:46,234 - INFO - sara_live_log - Reentry info: Starting propagation of Fragment with uniqueID be7c5bf2-c0a2-44f3-bb33-d90404150716.
2026-08-04 20:20:46,234 - INFO - sara_live_log - Reentry info: EVENT area be7c5bf2-c0a2-44f3-bb33-d90404150716 0.000363
2026-08-04 20:20:46,234 - INFO - sara_live_log - Reentry info: EVENT start be7c5bf2-c0a2-44f3-bb33-d90404150716 0.089000 0.000363 2024-12-25T06:53:57
2026-08-04 20:20:46,234 - INFO - sara_live_log - Reentry info: Object be7c5bf2-c0a2-44f3-bb33-d90404150716 demised.
2026-08-04 20:20:46,234 - INFO - sara_live_log - Reentry info: EVENT object be7c5bf2-c0a2-44f3-bb33-d90404150716 demise
2026-08-04 20:20:46,236 - INFO - sara_live_log - Reentry info: Fragment be7c5bf2-c0a2-44f3-bb33-d90404150716 reached end of life because uncritical.
2026-08-04 20:20:46,236 - INFO - sara_live_log - Reentry info: Object be7c5bf2-c0a2-44f3-bb33-d90404150716 reached end of life.
2026-08-04 20:20:46,236 - INFO - sara_live_log - Reentry info: ObjectTrajectory Written: PySara.Antenna.be7c5bf2-c0a2-44f3-bb33-d90404150716_Trajectory.txt
2026-08-04 20:20:46,236 - INFO - sara_live_log - Reentry info: GnuPlotGeneration::GenerateSingleObjectScript Wrote PySara.Antenna.be7c5bf2-c0a2-44f3-bb33-d90404150716.gnu
2026-08-04 20:20:46,236 - INFO - sara_live_log - Reentry info: AeroThermalHistory Written: PySara.Antenna.be7c5bf2-c0a2-44f3-bb33-d90404150716_AeroThermalHistory.txt
2026-08-04 20:20:46,236 - INFO - sara_live_log - Reentry info: EVENT end be7c5bf2-c0a2-44f3-bb33-d90404150716 0.000000
2026-08-04 20:20:46,236 - INFO - sara_live_log - Reentry info: Adding 0 new fragments to fragmentList.
2026-08-04 20:20:46,238 - INFO - sara_live_log - Reentry info: Starting propagation of Fragment with uniqueID 7cd7767b-ebe1-4361-a403-3e94664c9816.
2026-08-04 20:20:46,238 - INFO - sara_live_log - Reentry info: EVENT area 7cd7767b-ebe1-4361-a403-3e94664c9816 0.005733
2026-08-04 20:20:46,238 - INFO - sara_live_log - Reentry info: EVENT start 7cd7767b-ebe1-4361-a403-3e94664c9816 0.196000 0.005733 2024-12-25T06:53:57
2026-08-04 20:20:46,361 - INFO - sara_live_log - Reentry info: Object 7cd7767b-ebe1-4361-a403-3e94664c9816 demised.
2026-08-04 20:20:46,361 - INFO - sara_live_log - Reentry info: EVENT object 7cd7767b-ebe1-4361-a403-3e94664c9816 demise
2026-08-04 20:20:46,363 - INFO - sara_live_log - Reentry info: Fragment 7cd7767b-ebe1-4361-a403-3e94664c9816 reached end of life because uncritical.
2026-08-04 20:20:46,363 - INFO - sara_live_log - Reentry info: Object 7cd7767b-ebe1-4361-a403-3e94664c9816 reached end of life.
2026-08-04 20:20:46,363 - INFO - sara_live_log - Reentry info: ObjectTrajectory Written: PySara.ADCS.7cd7767b-ebe1-4361-a403-3e94664c9816_Trajectory.txt
2026-08-04 20:20:46,363 - INFO - sara_live_log - Reentry info: GnuPlotGeneration::GenerateSingleObjectScript Wrote PySara.ADCS.7cd7767b-ebe1-4361-a403-3e94664c9816.gnu
2026-08-04 20:20:46,363 - INFO - sara_live_log - Reentry info: AeroThermalHistory Written: PySara.ADCS.7cd7767b-ebe1-4361-a403-3e94664c9816_AeroThermalHistory.txt
2026-08-04 20:20:46,363 - INFO - sara_live_log - Reentry info: EVENT end 7cd7767b-ebe1-4361-a403-3e94664c9816 0.000000
2026-08-04 20:20:46,363 - INFO - sara_live_log - Reentry info: Adding 0 new fragments to fragmentList.
2026-08-04 20:20:46,365 - INFO - sara_live_log - Reentry info: Starting propagation of Fragment with uniqueID 7cf9a9a5-596a-4c61-8c9d-53a4c37759a8.
2026-08-04 20:20:46,365 - INFO - sara_live_log - Reentry info: EVENT area 7cf9a9a5-596a-4c61-8c9d-53a4c37759a8 0.004779
2026-08-04 20:20:46,365 - INFO - sara_live_log - Reentry info: EVENT start 7cf9a9a5-596a-4c61-8c9d-53a4c37759a8 0.050000 0.004779 2024-12-25T06:53:57
2026-08-04 20:20:46,365 - INFO - sara_live_log - Reentry info: Object 7cf9a9a5-596a-4c61-8c9d-53a4c37759a8 demised.
2026-08-04 20:20:46,365 - INFO - sara_live_log - Reentry info: EVENT object 7cf9a9a5-596a-4c61-8c9d-53a4c37759a8 demise
2026-08-04 20:20:46,367 - INFO - sara_live_log - Reentry info: Fragment 7cf9a9a5-596a-4c61-8c9d-53a4c37759a8 reached end of life because uncritical.
2026-08-04 20:20:46,367 - INFO - sara_live_log - Reentry info: Object 7cf9a9a5-596a-4c61-8c9d-53a4c37759a8 reached end of life.
2026-08-04 20:20:46,367 - INFO - sara_live_log - Reentry info: ObjectTrajectory Written: PySara.EPS.7cf9a9a5-596a-4c61-8c9d-53a4c37759a8_Trajectory.txt
2026-08-04 20:20:46,367 - INFO - sara_live_log - Reentry info: GnuPlotGeneration::GenerateSingleObjectScript Wrote PySara.EPS.7cf9a9a5-596a-4c61-8c9d-53a4c37759a8.gnu
2026-08-04 20:20:46,367 - INFO - sara_live_log - Reentry info: AeroThermalHistory Written: PySara.EPS.7cf9a9a5-596a-4c61-8c9d-53a4c37759a8_AeroThermalHistory.txt
2026-08-04 20:20:46,367 - INFO - sara_live_log - Reentry info: Object 7cd7767b-ebe1-4361-a403-3e94664c9816 demised.
2026-08-04 20:20:46,369 - INFO - sara_live_log - Reentry info: EVENT end 7cf9a9a5-596a-4c61-8c9d-53a4c37759a8 0.000000
2026-08-04 20:20:46,369 - INFO - sara_live_log - Reentry info: EVENT object 7cd7767b-ebe1-4361-a403-3e94664c9816 demise
2026-08-04 20:20:46,369 - INFO - sara_live_log - Reentry info: Adding 0 new fragments to fragmentList.
2026-08-04 20:20:46,369 - INFO - sara_live_log - Reentry info: Fragment 7cd7767b-ebe1-4361-a403-3e94664c9816 reached end of life because uncritical.
2026-08-04 20:20:46,370 - INFO - sara_live_log - Reentry info: Starting propagation of Fragment with uniqueID b4eebe26-0f45-4dee-903e-d1fdc93bd52e.
2026-08-04 20:20:46,370 - INFO - sara_live_log - Reentry info: Object 7cd7767b-ebe1-4361-a403-3e94664c9816 reached end of life.
2026-08-04 20:20:46,370 - INFO - sara_live_log - Reentry info: EVENT area b4eebe26-0f45-4dee-903e-d1fdc93bd52e 0.005440
2026-08-04 20:20:46,370 - INFO - sara_live_log - Reentry info: ObjectTrajectory Written: PySara.ADCS.7cd7767b-ebe1-4361-a403-3e94664c9816_Trajectory.txt
2026-08-04 20:20:46,371 - INFO - sara_live_log - Reentry info: EVENT start b4eebe26-0f45-4dee-903e-d1fdc93bd52e 0.094000 0.005440 2024-12-25T06:53:57
2026-08-04 20:20:46,371 - INFO - sara_live_log - Reentry info: GnuPlotGeneration::GenerateSingleObjectScript Wrote PySara.ADCS.7cd7767b-ebe1-4361-a403-3e94664c9816.gnu
2026-08-04 20:20:46,372 - INFO - sara_live_log - Reentry info: Object b4eebe26-0f45-4dee-903e-d1fdc93bd52e demised.
2026-08-04 20:20:46,372 - INFO - sara_live_log - Reentry info: AeroThermalHistory Written: PySara.ADCS.7cd7767b-ebe1-4361-a403-3e94664c9816_AeroThermalHistory.txt
2026-08-04 20:20:46,372 - INFO - sara_live_log - Reentry info: EVENT object b4eebe26-0f45-4dee-903e-d1fdc93bd52e demise
2026-08-04 20:20:46,372 - INFO - sara_live_log - Reentry info: EVENT end 7cd7767b-ebe1-4361-a403-3e94664c9816 0.000000
2026-08-04 20:20:46,372 - INFO - sara_live_log - Reentry info: Fragment b4eebe26-0f45-4dee-903e-d1fdc93bd52e reached end of life because uncritical.
2026-08-04 20:20:46,372 - INFO - sara_live_log - Reentry info: Adding 0 new fragments to fragmentList.
2026-08-04 20:20:46,372 - INFO - sara_live_log - Reentry info: Object b4eebe26-0f45-4dee-903e-d1fdc93bd52e reached end of life.
2026-08-04 20:20:46,372 - INFO - sara_live_log - Reentry info: Starting propagation of Fragment with uniqueID 7cf9a9a5-596a-4c61-8c9d-53a4c37759a8.
2026-08-04 20:20:46,372 - INFO - sara_live_log - Reentry info: ObjectTrajectory Written: PySara.OBC.b4eebe26-0f45-4dee-903e-d1fdc93bd52e_Trajectory.txt
2026-08-04 20:20:46,372 - INFO - sara_live_log - Reentry info: EVENT area 7cf9a9a5-596a-4c61-8c9d-53a4c37759a8 0.004779
2026-08-04 20:20:46,372 - INFO - sara_live_log - Reentry info: GnuPlotGeneration::GenerateSingleObjectScript Wrote PySara.OBC.b4eebe26-0f45-4dee-903e-d1fdc93bd52e.gnu
2026-08-04 20:20:46,375 - INFO - sara_live_log - Reentry info: EVENT start 7cf9a9a5-596a-4c61-8c9d-53a4c37759a8 0.050000 0.004779 2024-12-25T06:53:57
2026-08-04 20:20:46,375 - INFO - sara_live_log - Reentry info: AeroThermalHistory Written: PySara.OBC.b4eebe26-0f45-4dee-903e-d1fdc93bd52e_AeroThermalHistory.txt
2026-08-04 20:20:46,376 - INFO - sara_live_log - Reentry info: EVENT end b4eebe26-0f45-4dee-903e-d1fdc93bd52e 0.000000
2026-08-04 20:20:46,375 - INFO - sara_live_log - Reentry info: Object 7cf9a9a5-596a-4c61-8c9d-53a4c37759a8 demised.
2026-08-04 20:20:46,376 - INFO - sara_live_log - Reentry info: Adding 0 new fragments to fragmentList.
2026-08-04 20:20:46,376 - INFO - sara_live_log - Reentry info: EVENT object 7cf9a9a5-596a-4c61-8c9d-53a4c37759a8 demise
2026-08-04 20:20:46,377 - INFO - sara_live_log - Reentry info: Starting propagation of Fragment with uniqueID f03116e5-b2c9-4716-881e-afee90665229.
2026-08-04 20:20:46,377 - INFO - sara_live_log - Reentry info: Fragment 7cf9a9a5-596a-4c61-8c9d-53a4c37759a8 reached end of life because uncritical.
2026-08-04 20:20:46,377 - INFO - sara_live_log - Reentry info: EVENT area f03116e5-b2c9-4716-881e-afee90665229 0.005013
2026-08-04 20:20:46,377 - INFO - sara_live_log - Reentry info: Object 7cf9a9a5-596a-4c61-8c9d-53a4c37759a8 reached end of life.
2026-08-04 20:20:46,378 - INFO - sara_live_log - Reentry info: EVENT start f03116e5-b2c9-4716-881e-afee90665229 0.094000 0.005013 2024-12-25T06:53:57
2026-08-04 20:20:46,378 - INFO - sara_live_log - Reentry info: ObjectTrajectory Written: PySara.EPS.7cf9a9a5-596a-4c61-8c9d-53a4c37759a8_Trajectory.txt
2026-08-04 20:20:46,378 - INFO - sara_live_log - Reentry info: GnuPlotGeneration::GenerateSingleObjectScript Wrote PySara.EPS.7cf9a9a5-596a-4c61-8c9d-53a4c37759a8.gnu
2026-08-04 20:20:46,379 - INFO - sara_live_log - Reentry info: AeroThermalHistory Written: PySara.EPS.7cf9a9a5-596a-4c61-8c9d-53a4c37759a8_AeroThermalHistory.txt
2026-08-04 20:20:46,379 - INFO - sara_live_log - Reentry info: EVENT end 7cf9a9a5-596a-4c61-8c9d-53a4c37759a8 0.000000
2026-08-04 20:20:46,379 - INFO - sara_live_log - Reentry info: Adding 0 new fragments to fragmentList.
2026-08-04 20:20:46,381 - INFO - sara_live_log - Reentry info: Starting propagation of Fragment with uniqueID b4eebe26-0f45-4dee-903e-d1fdc93bd52e.
2026-08-04 20:20:46,381 - INFO - sara_live_log - Reentry info: EVENT area b4eebe26-0f45-4dee-903e-d1fdc93bd52e 0.005440
2026-08-04 20:20:46,381 - INFO - sara_live_log - Reentry info: EVENT start b4eebe26-0f45-4dee-903e-d1fdc93bd52e 0.094000 0.005440 2024-12-25T06:53:57
2026-08-04 20:20:46,381 - INFO - sara_live_log - Reentry info: Object b4eebe26-0f45-4dee-903e-d1fdc93bd52e demised.
2026-08-04 20:20:46,381 - INFO - sara_live_log - Reentry info: EVENT object b4eebe26-0f45-4dee-903e-d1fdc93bd52e demise
2026-08-04 20:20:46,383 - INFO - sara_live_log - Reentry info: Fragment b4eebe26-0f45-4dee-903e-d1fdc93bd52e reached end of life because uncritical.
2026-08-04 20:20:46,383 - INFO - sara_live_log - Reentry info: Object b4eebe26-0f45-4dee-903e-d1fdc93bd52e reached end of life.
2026-08-04 20:20:46,383 - INFO - sara_live_log - Reentry info: ObjectTrajectory Written: PySara.OBC.b4eebe26-0f45-4dee-903e-d1fdc93bd52e_Trajectory.txt
2026-08-04 20:20:46,383 - INFO - sara_live_log - Reentry info: GnuPlotGeneration::GenerateSingleObjectScript Wrote PySara.OBC.b4eebe26-0f45-4dee-903e-d1fdc93bd52e.gnu
2026-08-04 20:20:46,383 - INFO - sara_live_log - Reentry info: AeroThermalHistory Written: PySara.OBC.b4eebe26-0f45-4dee-903e-d1fdc93bd52e_AeroThermalHistory.txt
2026-08-04 20:20:46,383 - INFO - sara_live_log - Reentry info: EVENT end b4eebe26-0f45-4dee-903e-d1fdc93bd52e 0.000000
2026-08-04 20:20:46,385 - INFO - sara_live_log - Reentry info: Adding 0 new fragments to fragmentList.
2026-08-04 20:20:46,385 - INFO - sara_live_log - Reentry info: Starting propagation of Fragment with uniqueID f03116e5-b2c9-4716-881e-afee90665229.
2026-08-04 20:20:46,385 - INFO - sara_live_log - Reentry info: EVENT area f03116e5-b2c9-4716-881e-afee90665229 0.005013
2026-08-04 20:20:46,385 - INFO - sara_live_log - Reentry info: EVENT start f03116e5-b2c9-4716-881e-afee90665229 0.094000 0.005013 2024-12-25T06:53:57
2026-08-04 20:20:46,503 - INFO - sara_live_log - Reentry info: Object f03116e5-b2c9-4716-881e-afee90665229 demised.
2026-08-04 20:20:46,503 - INFO - sara_live_log - Reentry info: EVENT object f03116e5-b2c9-4716-881e-afee90665229 demise
2026-08-04 20:20:46,503 - INFO - sara_live_log - Reentry info: Fragment f03116e5-b2c9-4716-881e-afee90665229 reached end of life because uncritical.
2026-08-04 20:20:46,503 - INFO - sara_live_log - Reentry info: Object f03116e5-b2c9-4716-881e-afee90665229 reached end of life.
2026-08-04 20:20:46,503 - INFO - sara_live_log - Reentry info: ObjectTrajectory Written: PySara.COMM.f03116e5-b2c9-4716-881e-afee90665229_Trajectory.txt
2026-08-04 20:20:46,503 - INFO - sara_live_log - Reentry info: GnuPlotGeneration::GenerateSingleObjectScript Wrote PySara.COMM.f03116e5-b2c9-4716-881e-afee90665229.gnu
2026-08-04 20:20:46,503 - INFO - sara_live_log - Reentry info: AeroThermalHistory Written: PySara.COMM.f03116e5-b2c9-4716-881e-afee90665229_AeroThermalHistory.txt
2026-08-04 20:20:46,503 - INFO - sara_live_log - Reentry info: Object f03116e5-b2c9-4716-881e-afee90665229 demised.
2026-08-04 20:20:46,503 - INFO - sara_live_log - Reentry info: EVENT end f03116e5-b2c9-4716-881e-afee90665229 0.000000
2026-08-04 20:20:46,503 - INFO - sara_live_log - Reentry info: EVENT object f03116e5-b2c9-4716-881e-afee90665229 demise
2026-08-04 20:20:46,503 - INFO - sara_live_log - Reentry info: Adding 0 new fragments to fragmentList.
2026-08-04 20:20:46,508 - INFO - sara_live_log - Reentry info: Fragment f03116e5-b2c9-4716-881e-afee90665229 reached end of life because uncritical.
2026-08-04 20:20:46,508 - INFO - sara_live_log - Reentry info: Object f03116e5-b2c9-4716-881e-afee90665229 reached end of life.
2026-08-04 20:20:46,508 - INFO - sara_live_log - Reentry info: Starting propagation of Fragment with uniqueID b51424f8-fd76-4e5f-9316-42778b83ca39.
2026-08-04 20:20:46,508 - INFO - sara_live_log - Reentry info: ObjectTrajectory Written: PySara.COMM.f03116e5-b2c9-4716-881e-afee90665229_Trajectory.txt
2026-08-04 20:20:46,508 - INFO - sara_live_log - Reentry info: EVENT area b51424f8-fd76-4e5f-9316-42778b83ca39 0.007461
2026-08-04 20:20:46,508 - INFO - sara_live_log - Reentry info: EVENT start b51424f8-fd76-4e5f-9316-42778b83ca39 0.135500 0.007461 2024-12-25T06:53:57
2026-08-04 20:20:46,508 - INFO - sara_live_log - Reentry info: GnuPlotGeneration::GenerateSingleObjectScript Wrote PySara.COMM.f03116e5-b2c9-4716-881e-afee90665229.gnu
2026-08-04 20:20:46,508 - INFO - sara_live_log - Reentry info: AeroThermalHistory Written: PySara.COMM.f03116e5-b2c9-4716-881e-afee90665229_AeroThermalHistory.txt
2026-08-04 20:20:46,508 - INFO - sara_live_log - Reentry info: EVENT end f03116e5-b2c9-4716-881e-afee90665229 0.000000
2026-08-04 20:20:46,508 - INFO - sara_live_log - Reentry info: Adding 0 new fragments to fragmentList.
2026-08-04 20:20:46,508 - INFO - sara_live_log - Reentry info: Starting propagation of Fragment with uniqueID b51424f8-fd76-4e5f-9316-42778b83ca39.
2026-08-04 20:20:46,508 - INFO - sara_live_log - Reentry info: EVENT area b51424f8-fd76-4e5f-9316-42778b83ca39 0.007461
2026-08-04 20:20:46,508 - INFO - sara_live_log - Reentry info: EVENT start b51424f8-fd76-4e5f-9316-42778b83ca39 0.135500 0.007461 2024-12-25T06:53:57
2026-08-04 20:20:46,876 - WARNING - sara_live_log - Reentry warning: The altitude is below the lowest value in the data. Therefore
the lowest altitude for which data are given is used (altitude = 0.000000 m).
2026-08-04 20:20:46,876 - INFO - sara_live_log - Reentry This message is shown only once.
2026-08-04 20:20:46,876 - INFO - sara_live_log - Reentry info: Fragment b51424f8-fd76-4e5f-9316-42778b83ca39 reached end of life because of ground impact.
2026-08-04 20:20:46,877 - INFO - sara_live_log - Reentry info: Object b51424f8-fd76-4e5f-9316-42778b83ca39 reached end of life.
2026-08-04 20:20:46,877 - INFO - sara_live_log - Reentry info: EVENT fragment b51424f8-fd76-4e5f-9316-42778b83ca39 impact
2026-08-04 20:20:46,877 - INFO - sara_live_log - Reentry info: ObjectTrajectory Written: PySara.PAYLOAD.b51424f8-fd76-4e5f-9316-42778b83ca39_Trajectory.txt
2026-08-04 20:20:46,877 - INFO - sara_live_log - Reentry info: GnuPlotGeneration::GenerateSingleObjectScript Wrote PySara.PAYLOAD.b51424f8-fd76-4e5f-9316-42778b83ca39.gnu
2026-08-04 20:20:46,877 - WARNING - sara_live_log - Reentry warning: The altitude is below the lowest value in the data. Therefore
the lowest altitude for which data are given is used (altitude = 0.000000 m).
2026-08-04 20:20:46,877 - INFO - sara_live_log - Reentry This message is shown only once.
2026-08-04 20:20:46,879 - INFO - sara_live_log - Reentry info: Fragment b51424f8-fd76-4e5f-9316-42778b83ca39 reached end of life because of ground impact.
2026-08-04 20:20:46,879 - INFO - sara_live_log - Reentry info: Object b51424f8-fd76-4e5f-9316-42778b83ca39 reached end of life.
2026-08-04 20:20:46,880 - INFO - sara_live_log - Reentry info: EVENT fragment b51424f8-fd76-4e5f-9316-42778b83ca39 impact
2026-08-04 20:20:46,880 - INFO - sara_live_log - Reentry info: ObjectTrajectory Written: PySara.PAYLOAD.b51424f8-fd76-4e5f-9316-42778b83ca39_Trajectory.txt
2026-08-04 20:20:46,880 - INFO - sara_live_log - Reentry info: GnuPlotGeneration::GenerateSingleObjectScript Wrote PySara.PAYLOAD.b51424f8-fd76-4e5f-9316-42778b83ca39.gnu
2026-08-04 20:20:47,021 - INFO - sara_live_log - Reentry info: AeroThermalHistory Written: PySara.PAYLOAD.b51424f8-fd76-4e5f-9316-42778b83ca39_AeroThermalHistory.txt
2026-08-04 20:20:47,022 - INFO - sara_live_log - Reentry info: EVENT end b51424f8-fd76-4e5f-9316-42778b83ca39 0.135500
2026-08-04 20:20:47,022 - INFO - sara_live_log - Reentry info: Adding 0 new fragments to fragmentList.
2026-08-04 20:20:47,022 - INFO - sara_live_log - Reentry info: Starting propagation of Fragment with uniqueID cb109bb6-e00d-4d1e-88f9-d77e3396d29e.
2026-08-04 20:20:47,023 - INFO - sara_live_log - Reentry info: EVENT area cb109bb6-e00d-4d1e-88f9-d77e3396d29e 0.005200
2026-08-04 20:20:47,023 - INFO - sara_live_log - Reentry info: AeroThermalHistory Written: PySara.PAYLOAD.b51424f8-fd76-4e5f-9316-42778b83ca39_AeroThermalHistory.txt
2026-08-04 20:20:47,023 - INFO - sara_live_log - Reentry info: EVENT start cb109bb6-e00d-4d1e-88f9-d77e3396d29e 0.008330 0.005200 2024-12-25T06:53:57
2026-08-04 20:20:47,023 - INFO - sara_live_log - Reentry info: EVENT end b51424f8-fd76-4e5f-9316-42778b83ca39 0.135500
2026-08-04 20:20:47,024 - INFO - sara_live_log - Reentry info: Object cb109bb6-e00d-4d1e-88f9-d77e3396d29e demised.
2026-08-04 20:20:47,024 - INFO - sara_live_log - Reentry info: EVENT object cb109bb6-e00d-4d1e-88f9-d77e3396d29e demise
2026-08-04 20:20:47,024 - INFO - sara_live_log - Reentry info: Adding 0 new fragments to fragmentList.
2026-08-04 20:20:47,024 - INFO - sara_live_log - Reentry info: Fragment cb109bb6-e00d-4d1e-88f9-d77e3396d29e reached end of life because uncritical.
2026-08-04 20:20:47,024 - INFO - sara_live_log - Reentry info: Starting propagation of Fragment with uniqueID cb109bb6-e00d-4d1e-88f9-d77e3396d29e.
2026-08-04 20:20:47,025 - INFO - sara_live_log - Reentry info: Object cb109bb6-e00d-4d1e-88f9-d77e3396d29e reached end of life.
2026-08-04 20:20:47,025 - INFO - sara_live_log - Reentry info: EVENT area cb109bb6-e00d-4d1e-88f9-d77e3396d29e 0.005200
2026-08-04 20:20:47,025 - INFO - sara_live_log - Reentry info: ObjectTrajectory Written: PySara.SOLAR_PANEL_+X.cb109bb6-e00d-4d1e-88f9-d77e3396d29e_Trajectory.txt
2026-08-04 20:20:47,025 - INFO - sara_live_log - Reentry info: EVENT start cb109bb6-e00d-4d1e-88f9-d77e3396d29e 0.008330 0.005200 2024-12-25T06:53:57
2026-08-04 20:20:47,026 - INFO - sara_live_log - Reentry info: GnuPlotGeneration::GenerateSingleObjectScript Wrote PySara.SOLAR_PANEL_+X.cb109bb6-e00d-4d1e-88f9-d77e3396d29e.gnu
2026-08-04 20:20:47,026 - INFO - sara_live_log - Reentry info: Object cb109bb6-e00d-4d1e-88f9-d77e3396d29e demised.
2026-08-04 20:20:47,027 - INFO - sara_live_log - Reentry info: AeroThermalHistory Written: PySara.SOLAR_PANEL_+X.cb109bb6-e00d-4d1e-88f9-d77e3396d29e_AeroThermalHistory.txt
2026-08-04 20:20:47,027 - INFO - sara_live_log - Reentry info: EVENT object cb109bb6-e00d-4d1e-88f9-d77e3396d29e demise
2026-08-04 20:20:47,027 - INFO - sara_live_log - Reentry info: EVENT end cb109bb6-e00d-4d1e-88f9-d77e3396d29e 0.000000
2026-08-04 20:20:47,027 - INFO - sara_live_log - Reentry info: Fragment cb109bb6-e00d-4d1e-88f9-d77e3396d29e reached end of life because uncritical.
2026-08-04 20:20:47,028 - INFO - sara_live_log - Reentry info: Adding 0 new fragments to fragmentList.
2026-08-04 20:20:47,028 - INFO - sara_live_log - Reentry info: Object cb109bb6-e00d-4d1e-88f9-d77e3396d29e reached end of life.
2026-08-04 20:20:47,028 - INFO - sara_live_log - Reentry info: Starting propagation of Fragment with uniqueID 14293697-d071-44f0-a193-a06ad36408cf.
2026-08-04 20:20:47,028 - INFO - sara_live_log - Reentry info: ObjectTrajectory Written: PySara.SOLAR_PANEL_+X.cb109bb6-e00d-4d1e-88f9-d77e3396d29e_Trajectory.txt
2026-08-04 20:20:47,029 - INFO - sara_live_log - Reentry info: EVENT area 14293697-d071-44f0-a193-a06ad36408cf 0.005200
2026-08-04 20:20:47,029 - INFO - sara_live_log - Reentry info: GnuPlotGeneration::GenerateSingleObjectScript Wrote PySara.SOLAR_PANEL_+X.cb109bb6-e00d-4d1e-88f9-d77e3396d29e.gnu
2026-08-04 20:20:47,029 - INFO - sara_live_log - Reentry info: EVENT start 14293697-d071-44f0-a193-a06ad36408cf 0.008330 0.005200 2024-12-25T06:53:57
2026-08-04 20:20:47,029 - INFO - sara_live_log - Reentry info: AeroThermalHistory Written: PySara.SOLAR_PANEL_+X.cb109bb6-e00d-4d1e-88f9-d77e3396d29e_AeroThermalHistory.txt
2026-08-04 20:20:47,029 - INFO - sara_live_log - Reentry info: Object 14293697-d071-44f0-a193-a06ad36408cf demised.
2026-08-04 20:20:47,030 - INFO - sara_live_log - Reentry info: EVENT end cb109bb6-e00d-4d1e-88f9-d77e3396d29e 0.000000
2026-08-04 20:20:47,030 - INFO - sara_live_log - Reentry info: EVENT object 14293697-d071-44f0-a193-a06ad36408cf demise
2026-08-04 20:20:47,031 - INFO - sara_live_log - Reentry info: Adding 0 new fragments to fragmentList.
2026-08-04 20:20:47,031 - INFO - sara_live_log - Reentry info: Fragment 14293697-d071-44f0-a193-a06ad36408cf reached end of life because uncritical.
2026-08-04 20:20:47,031 - INFO - sara_live_log - Reentry info: Object 14293697-d071-44f0-a193-a06ad36408cf reached end of life.
2026-08-04 20:20:47,031 - INFO - sara_live_log - Reentry info: Starting propagation of Fragment with uniqueID 14293697-d071-44f0-a193-a06ad36408cf.
2026-08-04 20:20:47,032 - INFO - sara_live_log - Reentry info: ObjectTrajectory Written: PySara.SOLAR_PANEL_-X.14293697-d071-44f0-a193-a06ad36408cf_Trajectory.txt
2026-08-04 20:20:47,032 - INFO - sara_live_log - Reentry info: EVENT area 14293697-d071-44f0-a193-a06ad36408cf 0.005200
2026-08-04 20:20:47,032 - INFO - sara_live_log - Reentry info: GnuPlotGeneration::GenerateSingleObjectScript Wrote PySara.SOLAR_PANEL_-X.14293697-d071-44f0-a193-a06ad36408cf.gnu
2026-08-04 20:20:47,033 - INFO - sara_live_log - Reentry info: EVENT start 14293697-d071-44f0-a193-a06ad36408cf 0.008330 0.005200 2024-12-25T06:53:57
2026-08-04 20:20:47,033 - INFO - sara_live_log - Reentry info: AeroThermalHistory Written: PySara.SOLAR_PANEL_-X.14293697-d071-44f0-a193-a06ad36408cf_AeroThermalHistory.txt
2026-08-04 20:20:47,035 - INFO - sara_live_log - Reentry info: Object 14293697-d071-44f0-a193-a06ad36408cf demised.
2026-08-04 20:20:47,035 - INFO - sara_live_log - Reentry info: EVENT end 14293697-d071-44f0-a193-a06ad36408cf 0.000000
2026-08-04 20:20:47,035 - INFO - sara_live_log - Reentry info: EVENT object 14293697-d071-44f0-a193-a06ad36408cf demise
2026-08-04 20:20:47,035 - INFO - sara_live_log - Reentry info: Adding 0 new fragments to fragmentList.
2026-08-04 20:20:47,036 - INFO - sara_live_log - Reentry info: Fragment 14293697-d071-44f0-a193-a06ad36408cf reached end of life because uncritical.
2026-08-04 20:20:47,036 - INFO - sara_live_log - Reentry info: Starting propagation of Fragment with uniqueID 909d6c11-5860-4faf-95ad-9caca83cbaab.
2026-08-04 20:20:47,036 - INFO - sara_live_log - Reentry info: Object 14293697-d071-44f0-a193-a06ad36408cf reached end of life.
2026-08-04 20:20:47,036 - INFO - sara_live_log - Reentry info: EVENT area 909d6c11-5860-4faf-95ad-9caca83cbaab 0.005200
2026-08-04 20:20:47,036 - INFO - sara_live_log - Reentry info: ObjectTrajectory Written: PySara.SOLAR_PANEL_-X.14293697-d071-44f0-a193-a06ad36408cf_Trajectory.txt
2026-08-04 20:20:47,036 - INFO - sara_live_log - Reentry info: GnuPlotGeneration::GenerateSingleObjectScript Wrote PySara.SOLAR_PANEL_-X.14293697-d071-44f0-a193-a06ad36408cf.gnu
2026-08-04 20:20:47,036 - INFO - sara_live_log - Reentry info: EVENT start 909d6c11-5860-4faf-95ad-9caca83cbaab 0.008330 0.005200 2024-12-25T06:53:57
2026-08-04 20:20:47,037 - INFO - sara_live_log - Reentry info: AeroThermalHistory Written: PySara.SOLAR_PANEL_-X.14293697-d071-44f0-a193-a06ad36408cf_AeroThermalHistory.txt
2026-08-04 20:20:47,037 - INFO - sara_live_log - Reentry info: Object 909d6c11-5860-4faf-95ad-9caca83cbaab demised.
2026-08-04 20:20:47,038 - INFO - sara_live_log - Reentry info: EVENT end 14293697-d071-44f0-a193-a06ad36408cf 0.000000
2026-08-04 20:20:47,038 - INFO - sara_live_log - Reentry info: EVENT object 909d6c11-5860-4faf-95ad-9caca83cbaab demise
2026-08-04 20:20:47,038 - INFO - sara_live_log - Reentry info: Adding 0 new fragments to fragmentList.
2026-08-04 20:20:47,039 - INFO - sara_live_log - Reentry info: Fragment 909d6c11-5860-4faf-95ad-9caca83cbaab reached end of life because uncritical.
2026-08-04 20:20:47,039 - INFO - sara_live_log - Reentry info: Starting propagation of Fragment with uniqueID 909d6c11-5860-4faf-95ad-9caca83cbaab.
2026-08-04 20:20:47,039 - INFO - sara_live_log - Reentry info: Object 909d6c11-5860-4faf-95ad-9caca83cbaab reached end of life.
2026-08-04 20:20:47,039 - INFO - sara_live_log - Reentry info: EVENT area 909d6c11-5860-4faf-95ad-9caca83cbaab 0.005200
2026-08-04 20:20:47,039 - INFO - sara_live_log - Reentry info: ObjectTrajectory Written: PySara.SOLAR_PANEL+Y.909d6c11-5860-4faf-95ad-9caca83cbaab_Trajectory.txt
2026-08-04 20:20:47,039 - INFO - sara_live_log - Reentry info: EVENT start 909d6c11-5860-4faf-95ad-9caca83cbaab 0.008330 0.005200 2024-12-25T06:53:57
2026-08-04 20:20:47,041 - INFO - sara_live_log - Reentry info: GnuPlotGeneration::GenerateSingleObjectScript Wrote PySara.SOLAR_PANEL+Y.909d6c11-5860-4faf-95ad-9caca83cbaab.gnu
2026-08-04 20:20:47,042 - INFO - sara_live_log - Reentry info: AeroThermalHistory Written: PySara.SOLAR_PANEL+Y.909d6c11-5860-4faf-95ad-9caca83cbaab_AeroThermalHistory.txt
2026-08-04 20:20:47,041 - INFO - sara_live_log - Reentry info: Object 909d6c11-5860-4faf-95ad-9caca83cbaab demised.
2026-08-04 20:20:47,042 - INFO - sara_live_log - Reentry info: EVENT end 909d6c11-5860-4faf-95ad-9caca83cbaab 0.000000
2026-08-04 20:20:47,042 - INFO - sara_live_log - Reentry info: EVENT object 909d6c11-5860-4faf-95ad-9caca83cbaab demise
2026-08-04 20:20:47,043 - INFO - sara_live_log - Reentry info: Adding 0 new fragments to fragmentList.
2026-08-04 20:20:47,043 - INFO - sara_live_log - Reentry info: Fragment 909d6c11-5860-4faf-95ad-9caca83cbaab reached end of life because uncritical.
2026-08-04 20:20:47,043 - INFO - sara_live_log - Reentry info: Starting propagation of Fragment with uniqueID 977a7ad8-0dc4-41a0-8565-8459b641d630.
2026-08-04 20:20:47,043 - INFO - sara_live_log - Reentry info: Object 909d6c11-5860-4faf-95ad-9caca83cbaab reached end of life.
2026-08-04 20:20:47,044 - INFO - sara_live_log - Reentry info: EVENT area 977a7ad8-0dc4-41a0-8565-8459b641d630 0.000100
2026-08-04 20:20:47,044 - INFO - sara_live_log - Reentry info: ObjectTrajectory Written: PySara.SOLAR_PANEL+Y.909d6c11-5860-4faf-95ad-9caca83cbaab_Trajectory.txt
2026-08-04 20:20:47,045 - INFO - sara_live_log - Reentry info: GnuPlotGeneration::GenerateSingleObjectScript Wrote PySara.SOLAR_PANEL+Y.909d6c11-5860-4faf-95ad-9caca83cbaab.gnu
2026-08-04 20:20:47,045 - INFO - sara_live_log - Reentry info: EVENT start 977a7ad8-0dc4-41a0-8565-8459b641d630 0.008330 0.000100 2024-12-25T06:53:57
2026-08-04 20:20:47,045 - INFO - sara_live_log - Reentry info: AeroThermalHistory Written: PySara.SOLAR_PANEL+Y.909d6c11-5860-4faf-95ad-9caca83cbaab_AeroThermalHistory.txt
2026-08-04 20:20:47,045 - INFO - sara_live_log - Reentry info: EVENT end 909d6c11-5860-4faf-95ad-9caca83cbaab 0.000000
2026-08-04 20:20:47,045 - ERROR - sara_live_log - Reentry error: GetLinear x is not a valid number in Interpolation::GetLinear()
2026-08-04 20:20:47,046 - INFO - sara_live_log - Reentry info: Adding 0 new fragments to fragmentList.
2026-08-04 20:20:47,046 - ERROR - sara_live_log - Reentry fatal: Out of range exception in GetLinear in CalculateParameter for property emissivity: std::exception
2026-08-04 20:20:47,046 - INFO - sara_live_log - Reentry info: Starting propagation of Fragment with uniqueID 977a7ad8-0dc4-41a0-8565-8459b641d630.
2026-08-04 20:20:47,046 - INFO - sara_live_log - Reentry info: EVENT area 977a7ad8-0dc4-41a0-8565-8459b641d630 0.000100
2026-08-04 20:20:47,047 - INFO - sara_live_log - Reentry info: EVENT start 977a7ad8-0dc4-41a0-8565-8459b641d630 0.008330 0.000100 2024-12-25T06:53:57
2026-08-04 20:20:47,047 - ERROR - sara_live_log - Reentry error: GetLinear x is not a valid number in Interpolation::GetLinear()
2026-08-04 20:20:47,048 - ERROR - sara_live_log - Reentry fatal: Out of range exception in GetLinear in CalculateParameter for property emissivity: std::exception
2026-08-04 20:20:53,183 - ERROR - dmf.processes.SaraProcess - Finished sara c3ee65fe-16a2-4a0e-88a6-85457b5dcd56 with errors
2026-08-04 20:20:53,234 - ERROR - dmf.processes.SaraProcess - {\config\: {\ap\: 8,\n             \assumedCrossSection\: 0.01,\n             \atmosphericModel\: \_\,\n             \attack\: 0,\n             \attitude\: \tumbling\,\n             \bank\: 0,\n             \beginDate\: datetime.datetime(2024
8
1
12
0
tzinfo=tzutc()),\n             \casualtyThreshold\: 15,\n             \comment1\: \Satellite: 1U linear cubesat\,\n             \comment2\: \Mission Phase: Operational\,\n             \connections\: ,\n             \coordinateSystem\: \keplerian\,\n             \dataPath\: \_\,\n             \densityScalingFactor\: 1,\n             \dragCoefficient\: 2.2,\n             \dynamicEnvironment\: True,\n             \element1\: 6783.997502133014,\n             \element2\: 0.0015200926977148638,\n             \element3\: 51.6461671596427,\n             \element4\: 184.58322579867965,\n             \element5\: 16.27785652829764,\n             \element6\: 343.574890464684,\n             \energyThreshold\: 15,\n             \environmentCSV\: \data/environment.csv\,\n             \f107a\: 170,\n             \fragments\: {\crossSectionArea\: 0.7671528486698371,\n                            \epoch\: \2016-01-01T12:10:30.999Z\,\n                            \isFloating\: False,\n                            \latitude\: 0.0093382532381921,\n                            \longitude\: 14.790803750900944,\n                            \mass\: 2.2632022361761943,\n                            \name\: \fragment_0\,\n                            \objects\: {\uniqueID\: \979a2b11-8171-4e88-926f-49c693fbc998\},\n                            \quantity\: 10,\n                            \shape\: \connected\,\n                            \uniqueID\: \1ae4ab69-8c4c-423b-99fd-621fef349c21\,\n                            \velocity\: 9.599778331139706},\n             \fragmentsAttitudeAfterBreakup\: \inherited\,\n             \globalSpacecraftTemperature\: 300,\n             \growthScenario\: \CONSTANT-FERTILITY\,\n             \inclinationAngle\: 0,\n             \inclusions\: {\children\: {\uniqueID\: \be7c5bf2-c0a2-44f3-bb33-d90404150716\,\n                                                       \7cd7767b-ebe1-4361-a403-3e94664c9816\,\n                                                       \7cf9a9a5-596a-4c61-8c9d-53a4c37759a8\,\n                                                       \b4eebe26-0f45-4dee-903e-d1fdc93bd52e\,\n                                                       \f03116e5-b2c9-4716-881e-afee90665229\,\n                                                       \b51424f8-fd76-4e5f-9316-42778b83ca39\,\n                                                       \cb109bb6-e00d-4d1e-88f9-d77e3396d29e\,\n                                                       \14293697-d071-44f0-a193-a06ad36408cf\,\n                                                       \909d6c11-5860-4faf-95ad-9caca83cbaab\,\n                                                       \977a7ad8-0dc4-41a0-8565-8459b641d630\,\n                                                       \848e52c9-2076-4c7c-8aff-e4e7354094ec\,\n                                                       \8bc30e9f-23da-4053-94d7-a85ea5a2183e\},\n                             \parent\: {\uniqueID\: \641385a0-5f83-450a-a820-eea5ec3721e1\}},\n             \initialDate\: datetime.datetime(2024
8
1
12
0
tzinfo=tzutc()),\n             \materialList\: {\absorptionFactor\: 0.5,\n                               \accommodationCoefficientNormal\: 0.5,\n                               \accommodationCoefficientTangential\: 0.5,\n                               \catalycity\: 1,\n                               \comment\: \Class example for aluminium alloys
\\n                                          \values from ESTIMATE
calibrated in \\n                                          \MADRE activity\,\n                               \density\: 2813,\n                               \diffuseReflectionFraction\: 0.5,\n                               \emissivity\: {\values\: \50,0.4\},\n                               \heatConductivity\: {\values\: \293,163.89;313,164.95;333,166.53;353,168.46;373,170.61;393,172.84;413,175.05;433,177.1;453,178.92;473,180.43;493,181.58;513,182.31;533,182.6;553,182.44;573,181.84;593,180.83;613,179.45;633,177.78;653,175.93;673,173.97;693,172.06;713,170.36;733,169.08;753,168.39;773,168.54;793,169.05;813,162.63;833,145.74;850,128.19\},\n                               \id\: \4d08cbba-5124-4d0b-bf8c-ec88e7fe16ca\,\n                               \materialType\: \metal\,\n                               \meltingHeat\: 400000,\n                               \meltingTemperature\: 850,\n                               \name\: \drama-AA7075\,\n                               \oxideActivationTemperature\: 0,\n                               \oxideEmissivity\: 50
0.8,\n                               \oxideHeatOfFormation\: 0,\n                               \oxideReactionProbability\: 0,\n                               \specificHeatCapacity\: {\values\: \293,877.5;313,885.5;333,893.5;353,901.5;373,911.5;393,923.5;413,936.6;433,947.6;453,965.6;473,1002.6;493,1068.6;513,1106.6;533,1084.6;553,1049.6;573,1042.6;593,1079.6;613,1120.6;633,1159.6;653,1198.7;673,1233.7;693,1259.7;713,1257.7;733,1102.7;753,1069.7;773,1069.7;793,1077.7;813,1086.4;833,1096.1;850,1131.6\}},\n                              {\absorptionFactor\: 0.5,\n                               \accommodationCoefficientNormal\: 0.5,\n                               \accommodationCoefficientTangential\: 0.5,\n                               \catalycity\: 0.4,\n                               \comment\: \Class example for steel alloys
\\n                                          \values from ESTIMATE
calibrated in \\n                                          \MADRE activity and literature. It \\n                                          \accounts for emissivity drop of the \\n                                          \molten material\,\n                               \density\: 7951,\n                               \diffuseReflectionFraction\: 0.5,\n                               \emissivity\: {\values\: \50,0.85;1664,0.85;1664.9,0.5\},\n                               \heatConductivity\: {\values\: \293,14.259;333,14.934;373,15.593;413,16.239;453,16.876;493,17.501;533,18.116;573,18.729;613,19.332;653,19.939;693,20.547;733,21.031;773,21.492;813,21.96;853,22.759;893,23.752;933,24.358;973,24.9;1013,25.419;1053,25.92;1093,26.405;1133,26.884;1173,27.363;1213,27.85;1253,28.346;1293,28.861;1333,29.408;1373,29.989;1413,30.608;1453,31.282;1493,32.015;1533,32.811;1573,33.688;1613,34.648;1653,35.695;1693,35.718;1722.15,35.15192\},\n                               \id\: \8c27bad4-d59f-411b-aaad-b629d15c106e\,\n                               \materialType\: \metal\,\n                               \meltingHeat\: 270300,\n                               \meltingTemperature\: 1665,\n                               \name\: \drama-A316\,\n                               \oxideActivationTemperature\: 0,\n                               \oxideEmissivity\: 50
0.8,\n                               \oxideHeatOfFormation\: 0,\n                               \oxideReactionProbability\: 0,\n                               \specificHeatCapacity\: {\values\: \293,473.5;333,483;373,491.7;413,499.8;453,507.4;493,514.5;533,521.2;573,527.7;613,533.9;653,540.1;693,546.3;733,549.2;773,551.6;813,554.3;853,565.3;893,580.9;933,586.9;973,591.4;1013,595.4;1053,599.1;1093,602.5;1133,605.9;1173,609.4;1213,613.2;1253,617.3;1293,621.9;1333,627.3;1373,633.5;1413,640.6;1453,648.9;1493,658.5;1533,669.4;1573,682;1613,696.3;1653,712.4;1693,757;1722.15,803.9\},\n                               \strength\: {\values\: \20,1447;77,1275;233,716;300,630;330,588;373,554;473,510;560,490;673,475;773,441;850,392;885,343;930,294;973,235;1030,196;1073,157;1173,98;1300,40;1430,10;1650,0\}},\n                              {\absorptionFactor\: 0.5,\n                               \accommodationCoefficientNormal\: 0.5,\n                               \accommodationCoefficientTangential\: 0.5,\n                               \catalycity\: 0.4,\n                               \comment\: \Class example for steel alloys
\\n                                          \values from ESTIMATE
calibrated in \\n                                          \MADRE activity and literature\,\n                               \density\: 7951,\n                               \diffuseReflectionFraction\: 0.5,\n                               \emissivity\: {\values\: \1100,0.25;1655,0.8\},\n                               \heatConductivity\: {\values\: \293,14.259;333,14.934;373,15.593;413,16.239;453,16.876;493,17.501;533,18.116;573,18.729;613,19.332;653,19.939;693,20.547;733,21.031;773,21.492;813,21.96;853,22.759;893,23.752;933,24.358;973,24.9;1013,25.419;1053,25.92;1093,26.405;1133,26.884;1173,27.363;1213,27.85;1253,28.346;1293,28.861;1333,29.408;1373,29.989;1413,30.608;1453,31.282;1493,32.015;1533,32.811;1573,33.688;1613,34.648;1653,35.695;1693,35.718;1722.15,35.15192\},\n                               \id\: \e5965a6d-6bfc-478a-b67e-beb82df730ab\,\n                               \materialType\: \metal\,\n                               \meltingHeat\: 270300,\n                               \meltingTemperature\: 1665,\n                               \name\: \drama-A316_Semi-Empirical\,\n                               \oxideActivationTemperature\: 0,\n                               \oxideEmissivity\: 50
0.8,\n                               \oxideHeatOfFormation\: 0,\n                               \oxideReactionProbability\: 0,\n                               \specificHeatCapacity\: {\values\: \293,473.5;333,483;373,491.7;413,499.8;453,507.4;493,514.5;533,521.2;573,527.7;613,533.9;653,540.1;693,546.3;733,549.2;773,551.6;813,554.3;853,565.3;893,580.9;933,586.9;973,591.4;1013,595.4;1053,599.1;1093,602.5;1133,605.9;1173,609.4;1213,613.2;1253,617.3;1293,621.9;1333,627.3;1373,633.5;1413,640.6;1453,648.9;1493,658.5;1533,669.4;1573,682;1613,696.3;1653,712.4;1693,757;1722.15,803.9\},\n                               \strength\: {\values\: \20,1447;77,1275;233,716;300,630;330,588;373,554;473,510;560,490;673,475;773,441;850,392;885,343;930,294;973,235;1030,196;1073,157;1173,98;1300,40;1430,10;1650,0\}},\n                              {\absorptionFactor\: 0.5,\n                               \accommodationCoefficientNormal\: 0.5,\n                               \accommodationCoefficientTangential\: 0.5,\n                               \catalycity\: 0.4,\n                               \comment\: \Modified steel A316 material to \\n                                          \capture demise behaviour of ABSL \\n                                          \batteries. Calibrated in D4DOnE \\n                                          \activity\,\n                               \density\: 7951,\n                               \diffuseReflectionFraction\: 0.5,\n                               \emissivity\: {\values\: \50,0.85;1664,0.85;1664.9,0.5\},\n                               \heatConductivity\: {\values\: \293,1.4259;333,1.4934;373,1.5593;413,1.6239;453,1.6876;493,1.7501;533,1.8116;573,1.8729;613,1.9332;653,1.9939;693,2.0547;733,2.1031;773,2.1492;813,2.196;853,2.2759;893,2.3752;933,2.4358;973,2.49;1013,2.5419;1053,2.592;1093,2.6405;1133,2.6884;1173,2.7363;1213,2.785;1253,2.8346;1293,2.8861;1333,2.9408;1373,2.9989;1413,3.0608;1453,3.1282;1493,3.2015;1533,3.2811;1573,3.3688;1613,3.4648;1653,3.5695;1693,3.5718;1722.15,3.515192\},\n                               \id\: \7dfe2d79-004a-4773-ab2e-0952ab366388\,\n                               \materialType\: \metal\,\n                               \meltingHeat\: 100000,\n                               \meltingTemperature\: 1665,\n                               \name\: \drama-BatCell-ABSL\,\n                               \oxideActivationTemperature\: 0,\n                               \oxideEmissivity\: 50
0.8,\n                               \oxideHeatOfFormation\: 0,\n                               \oxideReactionProbability\: 0,\n                               \specificHeatCapacity\: {\values\: \293,473.5;333,483;373,491.7;413,499.8;453,507.4;493,514.5;533,521.2;573,527.7;613,533.9;653,540.1;693,546.3;733,549.2;773,551.6;813,554.3;853,565.3;893,580.9;933,586.9;973,591.4;1013,595.4;1053,599.1;1093,602.5;1133,605.9;1173,609.4;1213,613.2;1253,617.3;1293,621.9;1333,627.3;1373,633.5;1413,640.6;1453,648.9;1493,658.5;1533,669.4;1573,682;1613,696.3;1653,712.4;1693,757;1722.15,803.9\}},\n                              {\absorptionFactor\: 0.5,\n                               \accommodationCoefficientNormal\: 0.5,\n                               \accommodationCoefficientTangential\: 0.5,\n                               \catalycity\: 1,\n                               \comment\: \Equivalent material
based on \\n                                          \engineering fit of the properties
\\n                                          \should be nested\,\n                               \density\: 2000,\n                               \diffuseReflectionFraction\: 0.5,\n                               \emissivity\: {\values\: \300,0.5;630,0.5\},\n                               \heatConductivity\: {\values\: \300,72.5;630,72.5\},\n                               \id\: \751ca206-44fa-4af7-aa32-8b726b35f293\,\n                               \materialType\: \metal\,\n                               \meltingHeat\: 261000,\n                               \meltingTemperature\: 630,\n                               \name\: \drama-Bat-Li\,\n                               \oxideActivationTemperature\: 0,\n                               \oxideEmissivity\: 50
0.8,\n                               \oxideHeatOfFormation\: 0,\n                               \oxideReactionProbability\: 0,\n                               \specificHeatCapacity\: {\values\: \300,2780;630,2780\}},\n                              {\absorptionFactor\: 0.5,\n                               \accommodationCoefficientNormal\: 0.5,\n                               \accommodationCoefficientTangential\: 0.5,\n                               \catalycity\: 1,\n                               \comment\: \Equivalent material
based on \\n                                          \engineering fit of the properties
\\n                                          \should be nested\,\n                               \density\: 8770,\n                               \diffuseReflectionFraction\: 0.5,\n                               \emissivity\: {\values\: \300,0.5;1160,0.5\},\n                               \heatConductivity\: {\values\: \300,93.9;1160,93.9\},\n                               \id\: \b03640b8-8016-487c-a282-5558b10b122a\,\n                               \materialType\: \metal\,\n                               \meltingHeat\: 174500,\n                               \meltingTemperature\: 1160,\n                               \name\: \drama-Bat-NiCd\,\n                               \oxideActivationTemperature\: 0,\n                               \oxideEmissivity\: 50
0.8,\n                               \oxideHeatOfFormation\: 0,\n                               \oxideReactionProbability\: 0,\n                               \specificHeatCapacity\: {\values\: \300,338;1160,338\}},\n                              {\absorptionFactor\: 0.5,\n                               \accommodationCoefficientNormal\: 0.5,\n                               \accommodationCoefficientTangential\: 0.5,\n                               \catalycity\: 1,\n                               \comment\: \Pure metal
values based on \\n                                          \literature
conservative estimates \\n                                          \according to DIVE\,\n                               \density\: 1848,\n                               \diffuseReflectionFraction\: 0.5,\n                               \emissivity\: {\values\: \50,0.8\},\n                               \heatConductivity\: {\values\: \300,216;1550,216\},\n                               \id\: \46ef2e45-dd77-4fd4-a1b2-856cede24491\,\n                               \materialType\: \metal\,\n                               \meltingHeat\: 1133000,\n                               \meltingTemperature\: 1543.5,\n                               \name\: \drama-Beryllium\,\n                               \oxideActivationTemperature\: 0,\n                               \oxideEmissivity\: 50
0.8,\n                               \oxideHeatOfFormation\: 0,\n                               \oxideReactionProbability\: 0,\n                               \specificHeatCapacity\: {\values\: \100,201.8379123;200,1107.833819;300,1827.748263;400,2215.334755;500,2434.815453;600,2589.384014;700,2714.43697;800,2824.843085;900,2927.592896;1000,3026.348114;1100,3123.216997;1200,3219.642036;1300,3316.178035;1400,3413.490762;1500,3511.913097;1526,3538.76564;1527,3328.82758;1560,3328.82758\}},\n                              {\absorptionFactor\: 0.5,\n                               \accommodationCoefficientNormal\: 0.5,\n                               \accommodationCoefficientTangential\: 0.5,\n                               \catalycity\: 1,\n                               \comment\: \Class example for carbon-carbon \\n                                          \composite materials
based on \\n                                          \literature
equivalent metal \\n                                          \according to DIVE\,\n                               \density\: 1770,\n                               \diffuseReflectionFraction\: 0.5,\n                               \emissivity\: {\values\: \295,0.85;3600,0.85\},\n                               \heatConductivity\: {\values\: \295,5.193;479,6.813;580,6.721;678,6.568;810,6.605;898,6.605;995,5.935;1083,5.73;1183,5.727;1275,5.985;1612,6.078;1953,5.69;2207,5.775;2446,5.268;3600,5.268\},\n                               \id\: \8d91469e-eacc-4f4e-a34d-54e2362aabe9\,\n                               \materialType\: \metal\,\n                               \meltingHeat\: 365000,\n                               \meltingTemperature\: 3600,\n                               \name\: \drama-Carbon-Carbon\,\n                               \oxideActivationTemperature\: 0,\n                               \oxideEmissivity\: 50
0.8,\n                               \oxideHeatOfFormation\: 0,\n                               \oxideReactionProbability\: 0,\n                               \specificHeatCapacity\: {\values\: \295,687;479,1174;580,1356;687,1490;810,1623;898,1689;995,1746;1083,1789;1183,1828;1275,1858;1612,1940;1953,2009;2207,2065;2446,2126;3600,2126\}},\n                              {\absorptionFactor\: 0.5,\n                               \accommodationCoefficientNormal\: 0.5,\n                               \accommodationCoefficientTangential\: 0.5,\n                               \catalycity\: 1,\n                               \comment\: \Pure metal
values based on \\n                                          \literature and ESTIMATE
calibrated \\n                                          \according to DIVE\,\n                               \density\: 8960,\n                               \diffuseReflectionFraction\: 0.5,\n                               \emissivity\: {\values\: \50,0.6\},\n                               \heatConductivity\: {\values\: \200,413;293,393;373,384;473,380;573,376.5;650,363;750,357;850,351;950,344;1050,337;1150,331;1250,323;1356,323\},\n                               \id\: \f4d6b577-d61b-418c-a4d2-504e46b5126d\,\n                               \materialType\: \metal\,\n                               \meltingHeat\: 243000,\n                               \meltingTemperature\: 1356,\n                               \name\: \drama-Copper\,\n                               \oxideActivationTemperature\: 0,\n                               \oxideEmissivity\: 50
0.8,\n                               \oxideHeatOfFormation\: 0,\n                               \oxideReactionProbability\: 0,\n                               \specificHeatCapacity\: {\values\: \0,252;100,252;200,356;300,385;400,399;500,408;600,417;700,425;800,433;900,442;1000,451;1100,464;1200,480;1300,506;1356,525\}},\n                              {\absorptionFactor\: 0.5,\n                               \accommodationCoefficientNormal\: 0.5,\n                               \accommodationCoefficientTangential\: 0.5,\n                               \catalycity\: 1,\n                               \comment\: \Equivalent material
based on \\n                                          \engineering fit of the properties
\\n                                          \should be nested\,\n                               \density\: 3000,\n                               \diffuseReflectionFraction\: 0.5,\n                               \emissivity\: {\values\: \50,0.4\},\n                               \heatConductivity\: {\values\: \293,41.9;646,41.9\},\n                               \id\: \115708ee-c918-48b1-9574-048f96fb15f9\,\n                               \materialType\: \metal\,\n                               \meltingHeat\: 49000,\n                               \meltingTemperature\: 646,\n                               \name\: \drama-El-Mat\,\n                               \oxideActivationTemperature\: 0,\n                               \oxideEmissivity\: 50
0.8,\n                               \oxideHeatOfFormation\: 0,\n                               \oxideReactionProbability\: 0,\n                               \specificHeatCapacity\: {\values\: \293,790;646,790\}},\n                              {\absorptionFactor\: 0.5,\n                               \accommodationCoefficientNormal\: 0.5,\n                               \accommodationCoefficientTangential\: 0.5,\n                               \catalycity\: 0.005,\n                               \comment\: \Class example for FusedSilica. \\n                                          \Metal proxy model
values from \\n                                          \ESTIMATE
calibrated as part of \\n                                          \COPPER activity\,\n                               \density\: 2200,\n                               \diffuseReflectionFraction\: 0.5,\n                               \emissivity\: {\values\: \250,0.8;3695,0.8\},\n                               \heatConductivity\: {\values\: \300,1.33;400,1.44;500,1.54;600,1.65;700,1.76;800,1.86;900,1.97;1000,2.07;1100,2.18;1200,2.29;1300,2.39;1400,2.5;1500,2.6;1600,2.7;1700,2.8;1800,2.9;1900,3\},\n                               \id\: \0ee71c2f-2e9e-4399-a0fa-2f81f2cec2d5\,\n                               \materialType\: \metal\,\n                               \meltingHeat\: 10000000,\n                               \meltingTemperature\: 2725,\n                               \name\: \drama-FusedSilicaProxy\,\n                               \oxideActivationTemperature\: 0,\n                               \oxideEmissivity\: ,\n                               \oxideHeatOfFormation\: 0,\n                               \oxideReactionProbability\: 0,\n                               \specificHeatCapacity\: {\values\: \300,746;400,878;500,968;600,1031;700,1075;800,1108;900,1133;1000,1153;1100,1170;1200,1185;1300,1197;1400,1211;1500,1230;1600,1250;1700,1266;1800,1283;1900,1300\}},\n                              {\absorptionFactor\: 0.5,\n                               \accommodationCoefficientNormal\: 0.5,\n                               \accommodationCoefficientTangential\: 0.5,\n                               \catalycity\: 0.02,\n                               \comment\: \Class example for GFRP. Metal proxy \\n                                          \model
values from ESTIMATE
\\n                                          \calibrated as part of D4DOnE \\n                                          \activity\,\n                               \density\: 2200,\n                               \diffuseReflectionFraction\: 0.5,\n                               \emissivity\: {\values\: \250,0.8;1473,0.8\},\n                               \heatConductivity\: {\values\: \293,0.15;1473,0.15\},\n                               \id\: \13abc6c3-84b9-4b34-b724-4cdfff530bd9\,\n                               \materialType\: \metal\,\n                               \meltingHeat\: 800000,\n                               \meltingTemperature\: 1473,\n                               \name\: \drama-GFRPProxy\,\n                               \oxideActivationTemperature\: 0,\n                               \oxideEmissivity\: ,\n                               \oxideHeatOfFormation\: 0,\n                               \oxideReactionProbability\: 0,\n                               \specificHeatCapacity\: {\values\: \293,1046.8;1473,1046.8\}},\n                              {\absorptionFactor\: 0.5,\n                               \accommodationCoefficientNormal\: 0.5,\n                               \accommodationCoefficientTangential\: 0.5,\n                               \catalycity\: 1,\n                               \comment\: \Class example for \\n                                          \Cobalt-nickel-chromium-tungsten \\n                                          \alloy
values from literature and \\n                                          \ESTIMATE
calibrated in SCORED. Use \\n                                          \for materials with thickness \\n                                          \greater than 3mm\,\n                               \density\: 9070,\n                               \diffuseReflectionFraction\: 0.5,\n                               \emissivity\: {\values\: \1050,0.2;1300,0.65;1523,0.95;1643,0.95\},\n                               \heatConductivity\: {\values\: \298,10.5;373,12;473,14;573,15.9;673,17.7;773,19.5;873,21.2;973,22.9;1073,24.5;1173,26;1273,27.5;1373,28;1473,29.5;1573,31;1673,32.5\},\n                               \id\: \8c8ae0d7-301d-4e18-8fcc-093040a105f7\,\n                               \materialType\: \metal\,\n                               \meltingHeat\: 1500000,\n                               \meltingTemperature\: 1800,\n                               \name\: \drama-Haynes25Thick\,\n                               \oxideActivationTemperature\: 0,\n                               \oxideEmissivity\: ,\n                               \oxideHeatOfFormation\: 0,\n                               \oxideReactionProbability\: 0,\n                               \specificHeatCapacity\: {\values\: \298,403;373,424;473,445;573,455;673,462;773,495;873,508;973,582;1073,592;1173,596;1273,598;1373,605;1473,620;1573,635;1673,650\}},\n                              {\absorptionFactor\: 0.5,\n                               \accommodationCoefficientNormal\: 0.5,\n                               \accommodationCoefficientTangential\: 0.5,\n                               \catalycity\: 1,\n                               \comment\: \Class example for \\n                                          \Cobalt-nickel-chromium-tungsten \\n                                          \alloy
values from literature and \\n                                          \ESTIMATE
calibrated in SCORED. Use \\n                                          \for materials with thickness less \\n                                          \than 3mm\,\n                               \density\: 9070,\n                               \diffuseReflectionFraction\: 0.5,\n                               \emissivity\: {\values\: \1050,0.2;1300,0.65;1523,0.95;1643,0.95\},\n                               \heatConductivity\: {\values\: \298,10.5;373,12;473,14;573,15.9;673,17.7;773,19.5;873,21.2;973,22.9;1073,24.5;1173,26;1273,27.5;1373,28;1473,29.5;1573,31;1673,32.5\},\n                               \id\: \e4f22470-d1a3-43b7-8300-4a3bb641e936\,\n                               \materialType\: \metal\,\n                               \meltingHeat\: 275000,\n                               \meltingTemperature\: 1643,\n                               \name\: \drama-Haynes25Thin\,\n                               \oxideActivationTemperature\: 0,\n                               \oxideEmissivity\: ,\n                               \oxideHeatOfFormation\: 0,\n                               \oxideReactionProbability\: 0,\n                               \specificHeatCapacity\: {\values\: \298,403;373,424;473,445;573,455;673,462;773,495;873,508;973,582;1073,592;1173,596;1273,598;1373,605;1473,620;1573,635;1673,650\}},\n                              {\absorptionFactor\: 0.5,\n                               \accommodationCoefficientNormal\: 0.5,\n                               \accommodationCoefficientTangential\: 0.5,\n                               \catalycity\: 1,\n                               \comment\: \Class example for honey-comb \\n                                          \aluminium walls
values from \\n                                          \ESTIMATE calibrated in MADRE \\n                                          \activity
based on drama-AA7075\,\n                               \density\: 450,\n                               \diffuseReflectionFraction\: 0.5,\n                               \emissivity\: {\values\: \50,0.4\},\n                               \heatConductivity\: {\values\: \293,163.89;313,164.95;333,166.53;353,168.46;373,170.61;393,172.84;413,175.05;433,177.1;453,178.92;473,180.43;493,181.58;513,182.31;533,182.6;553,182.44;573,181.84;593,180.83;613,179.45;633,177.78;653,175.93;673,173.97;693,172.06;713,170.36;733,169.08;753,168.39;773,168.54;793,169.05;813,162.63;833,145.74;850,128.19\},\n                               \id\: \5421e4ea-f470-4c29-8aa7-29edf1434136\,\n                               \materialType\: \metal\,\n                               \meltingHeat\: 400000,\n                               \meltingTemperature\: 850,\n                               \name\: \drama-HC-AA7075\,\n                               \oxideActivationTemperature\: 0,\n                               \oxideEmissivity\: 50
0.8,\n                               \oxideHeatOfFormation\: 0,\n                               \oxideReactionProbability\: 0,\n                               \specificHeatCapacity\: {\values\: \293,877.5;313,885.5;333,893.5;353,901.5;373,911.5;393,923.5;413,936.6;433,947.6;453,965.6;473,1002.6;493,1068.6;513,1106.6;533,1084.6;553,1049.6;573,1042.6;593,1079.6;613,1120.6;633,1159.6;653,1198.7;673,1233.7;693,1259.7;713,1257.7;733,1102.7;753,1069.7;773,1069.7;793,1077.7;813,1086.4;833,1096.1;850,1131.6\}},\n                              {\absorptionFactor\: 0.5,\n                               \accommodationCoefficientNormal\: 0.5,\n                               \accommodationCoefficientTangential\: 0.5,\n                               \catalycity\: 1,\n                               \comment\: \Class example for honey-comb \\n                                          \aluminium walls with CFRP face \\n                                          \sheets
values from ESTIMATE \\n                                          \calibrated in MADRE activity
based \\n                                          \on drama-HC-AA7075\,\n                               \density\: 450,\n                               \diffuseReflectionFraction\: 0.5,\n                               \emissivity\: {\values\: \250,0.8;890,0.8\},\n                               \heatConductivity\: {\values\: \293,163.89;313,164.95;333,166.53;353,168.46;373,170.61;393,172.84;413,175.05;433,177.1;453,178.92;473,180.43;493,181.58;513,182.31;533,182.6;553,182.44;573,181.84;593,180.83;613,179.45;633,177.78;653,175.93;673,173.97;693,172.06;713,170.36;733,169.08;753,168.39;773,168.54;793,169.05;813,162.63;833,145.74;853,128.19;873,109.69;890,89.99\},\n                               \id\: \3b3d3a2b-f5b6-4879-9b71-e0033d727893\,\n                               \materialType\: \metal\,\n                               \meltingHeat\: 400000,\n                               \meltingTemperature\: 890,\n                               \name\: \drama-HC-CFRP-4ply\,\n                               \oxideActivationTemperature\: 0,\n                               \oxideEmissivity\: 50
0.8,\n                               \oxideHeatOfFormation\: 0,\n                               \oxideReactionProbability\: 0,\n                               \specificHeatCapacity\: {\values\: \200,913;300,913;400,1183;500,1332;600,1458;700,1522;800,1580;890,1623\}},\n                              {\absorptionFactor\: 0.5,\n                               \accommodationCoefficientNormal\: 0.5,\n                               \accommodationCoefficientTangential\: 0.5,\n                               \catalycity\: 1,\n                               \comment\: \Class example for honey-comb \\n                                          \aluminium walls with CFRP face \\n                                          \sheets
values from ESTIMATE \\n                                          \calibrated in MADRE activity
based \\n                                          \on drama-HC-AA7075\,\n                               \density\: 450,\n                               \diffuseReflectionFraction\: 0.5,\n                               \emissivity\: {\values\: \250,0.8;930,0.8\},\n                               \heatConductivity\: {\values\: \293,163.89;313,164.95;333,166.53;353,168.46;373,170.61;393,172.84;413,175.05;433,177.1;453,178.92;473,180.43;493,181.58;513,182.31;533,182.6;553,182.44;573,181.84;593,180.83;613,179.45;633,177.78;653,175.93;673,173.97;693,172.06;713,170.36;733,169.08;753,168.39;773,168.54;793,169.05;813,162.63;833,145.74;853,128.19;873,109.69;893,89.99;930,77.20739\},\n                               \id\: \057872af-59be-4ec8-85c2-cedcf0e8673d\,\n                               \materialType\: \metal\,\n                               \meltingHeat\: 400000,\n                               \meltingTemperature\: 930,\n                               \name\: \drama-HC-CFRP-8ply\,\n                               \oxideActivationTemperature\: 0,\n                               \oxideEmissivity\: 50
0.8,\n                               \oxideHeatOfFormation\: 0,\n                               \oxideReactionProbability\: 0,\n                               \specificHeatCapacity\: {\values\: \200,913;300,913;400,1183;500,1332;600,1458;700,1522;800,1580;890,1623\}},\n                              {\absorptionFactor\: 0.5,\n                               \accommodationCoefficientNormal\: 0.5,\n                               \accommodationCoefficientTangential\: 0.5,\n                               \catalycity\: 1,\n                               \comment\: \Class example for Iron-Cobalt \\n                                          \ferromagnetic alloy
values from \\n                                          \literature and ESTIMATE
calibrated \\n                                          \on equipment test\,\n                               \density\: 8120,\n                               \diffuseReflectionFraction\: 0.5,\n                               \emissivity\: {\values\: \300,0.75;1750,0.75;1752,0.5\},\n                               \heatConductivity\: {\values\: \300,10\},\n                               \id\: \d016ac78-b55a-48e6-a3f6-66ab97e66f74\,\n                               \materialType\: \metal\,\n                               \meltingHeat\: 275000,\n                               \meltingTemperature\: 1753,\n                               \name\: \drama-HiperCo\,\n                               \oxideActivationTemperature\: 0,\n                               \oxideEmissivity\: 50
0.8,\n                               \oxideHeatOfFormation\: 0,\n                               \oxideReactionProbability\: 0,\n                               \specificHeatCapacity\: {\values\: \200,378;300,421;400,450;500,479;600,503;700,527;800,550;900,586;1000,628;1100,678;1200,733;1300,826;1400,750;1500,674;1600,650;1700,641;1770,645\}},\n                              {\absorptionFactor\: 0.5,\n                               \accommodationCoefficientNormal\: 0.5,\n                               \accommodationCoefficientTangential\: 0.5,\n                               \catalycity\: 0.4,\n                               \comment\: \Class example for Nickel-Chromium \\n                                          \alloy
values from literature and \\n                                          \ESTIMATE
calibrated in SCORED\,\n                               \density\: 8190,\n                               \diffuseReflectionFraction\: 0.5,\n                               \emissivity\: {\values\: \250,0.9;1630,0.9\},\n                               \heatConductivity\: {\values\: \300,13.4;400,15.6;500,17.2;600,18.9;700,20.4;800,22.3;900,24.1;1000,25.8;1100,26.7;1200,27.4;1300,28.5;1400,29.3;1500,30.1;1600,30.7\},\n                               \id\: \77d5695a-c3c8-413f-a2f7-981279a8aea5\,\n                               \materialType\: \metal\,\n                               \meltingHeat\: 609000,\n                               \meltingTemperature\: 1630,\n                               \name\: \drama-Inconel718\,\n                               \oxideActivationTemperature\: 0,\n                               \oxideEmissivity\: ,\n                               \oxideHeatOfFormation\: 0,\n                               \oxideReactionProbability\: 0,\n                               \specificHeatCapacity\: {\values\: \300,425;400,447;500,468;600,489;700,510;800,531;900,592;1000,620;1100,635;1200,635;1300,635;1400,635;1500,635;1600,635\}},\n                              {\absorptionFactor\: 0.5,\n                               \accommodationCoefficientNormal\: 0.5,\n                               \accommodationCoefficientTangential\: 0.5,\n                               \catalycity\: 1,\n                               \comment\: \Class example for \\n                                          \Tungsten-Nickel-Copper alloy
\\n                                          \values from literature
calibrated \\n                                          \according to DIVE\,\n                               \density\: 17350,\n                               \diffuseReflectionFraction\: 0.5,\n                               \emissivity\: {\values\: \300,0.8;2708,0.8\},\n                               \heatConductivity\: {\values\: \300,141.4;373,147.2;473,152.4;673,159;873,169.1;1073,175.6;2708,175.6\},\n                               \id\: \81117cb3-8ee8-45fe-a3f4-7d0a208295f8\,\n                               \materialType\: \metal\,\n                               \meltingHeat\: 189800,\n                               \meltingTemperature\: 2708,\n                               \name\: \drama-Inermet\,\n                               \oxideActivationTemperature\: 0,\n                               \oxideEmissivity\: 50
0.8,\n                               \oxideHeatOfFormation\: 0,\n                               \oxideReactionProbability\: 0,\n                               \specificHeatCapacity\: {\values\: \300,149;373,166;473,187;673,233;873,286;1073,333;2708,333\}},\n                              {\absorptionFactor\: 0.5,\n                               \accommodationCoefficientNormal\: 0.5,\n                               \accommodationCoefficientTangential\: 0.5,\n                               \catalycity\: 1,\n                               \comment\: \Class example for Iron-Nickel \\n                                          \alloy
values from literature and \\n                                          \ESTIMATE
calibrated according to \\n                                          \DIVE\,\n                               \density\: 8050,\n                               \diffuseReflectionFraction\: 0.5,\n                               \emissivity\: {\values\: \800,0.25;1150,0.75;1400,0.75;1450,0.7\},\n                               \heatConductivity\: {\values\: \123,8.9;273,12.82;423,15.44;573,18.06;773,19.63;873,21.2;1200,22;1700,22\},\n                               \id\: \c8c5076d-4ee0-4d64-a369-af392df6a223\,\n                               \materialType\: \metal\,\n                               \meltingHeat\: 274000,\n                               \meltingTemperature\: 1700,\n                               \name\: \drama-Invar\,\n                               \oxideActivationTemperature\: 0,\n                               \oxideEmissivity\: 50
0.8,\n                               \oxideHeatOfFormation\: 0,\n                               \oxideReactionProbability\: 0,\n                               \specificHeatCapacity\: {\values\: \293,515;800,540;1200,590;1500,620;1700,630\}},\n                              {\absorptionFactor\: 0.5,\n                               \accommodationCoefficientNormal\: 0.5,\n                               \accommodationCoefficientTangential\: 0.5,\n                               \catalycity\: 0.4,\n                               \comment\: \Pure metal
values based on \\n                                          \literature and ESTIMATE
calibrated \\n                                          \on equipment test\,\n                               \density\: 7870,\n                               \diffuseReflectionFraction\: 0.5,\n                               \emissivity\: {\values\: \50,0.75\},\n                               \heatConductivity\: {\values\: \300,76.2;1808,76.2\},\n                               \id\: \91cf29d8-0ed6-4c56-bceb-6facee71f0ab\,\n                               \materialType\: \metal\,\n                               \meltingHeat\: 272000,\n                               \meltingTemperature\: 1808,\n                               \name\: \drama-Iron\,\n                               \oxideActivationTemperature\: 0,\n                               \oxideEmissivity\: 50
0.8,\n                               \oxideHeatOfFormation\: 0,\n                               \oxideReactionProbability\: 0,\n                               \specificHeatCapacity\: {\values\: \300,440;1808,440\}},\n                              {\absorptionFactor\: 0.5,\n                               \accommodationCoefficientNormal\: 0.5,\n                               \accommodationCoefficientTangential\: 0.5,\n                               \catalycity\: 1,\n                               \comment\: \Class example for Molybdenum. Based \\n                                          \on testing of molybdenum bolts in \\n                                          \D4C activities.\,\n                               \density\: 10220,\n                               \diffuseReflectionFraction\: 0.5,\n                               \emissivity\: {\values\: \250,0.1;2896,0.1\},\n                               \heatConductivity\: {\values\: \300,127;400,125;500,123;600,121;700,118;800,116;900,113;1000,110;1100,107;1200,104;1300,101;1400,98;1500,95;1600,91;1700,88;1800,85;1900,83;2000,80;2100,78;2200,75;2300,73;2400,71;2500,69;2600,67;2700,65;2800,63;2896,61\},\n                               \id\: \63992056-981a-4fe4-8a99-805f22a35214\,\n                               \materialType\: \metal\,\n                               \meltingHeat\: 374800,\n                               \meltingTemperature\: 2896,\n                               \name\: \drama-Molybdenum\,\n                               \oxideActivationTemperature\: 0,\n                               \oxideEmissivity\: ,\n                               \oxideHeatOfFormation\: 0,\n                               \oxideReactionProbability\: 0,\n                               \specificHeatCapacity\: {\values\: \300,250;400,261;500,270;600,276;700,281;800,291;900,295;1000,301;1100,307;1200,314;1300,322;1400,330;1500,339;1600,348;1700,358;1800,370;1900,382;2000,395;2100,408;2200,424;2300,440;2500,478;2600,478;2700,504;2800,538;2896,571\}},\n                              {\absorptionFactor\: 0.5,\n                               \accommodationCoefficientNormal\: 0.5,\n                               \accommodationCoefficientTangential\: 0.5,\n                               \catalycity\: 1,\n                               \comment\: \Class example for silicon carbide \\n                                          \semiconductor materials
based on \\n                                          \literature and ESTIMATE
equivalent \\n                                          \metal according to DIVE\,\n                               \density\: 3159.5,\n                               \diffuseReflectionFraction\: 0.5,\n                               \emissivity\: {\values\: \50,0.85\},\n                               \heatConductivity\: {\values\: \293,176.98;343,152.61;393,134.19;443,120.63;493,110.44;543,102.43;593,95.77;643,89.96;693,84.71;743,79.88;793,75.38;843,71.17;893,67.25;943,63.59;993,60.2;1043,57.05;1093,54.15;1143,51.47;1193,49;1243,46.72;1293,44.62;1343,42.69;1393,40.9;1443,39.26;1493,37.74;1543,36.34;1593,35.05;1643,33.87;1693,32.79;3100,30\},\n                               \id\: \e59a7426-e8e8-4420-854e-077dfb07ee9d\,\n                               \materialType\: \metal\,\n                               \meltingHeat\: 365000,\n                               \meltingTemperature\: 3100,\n                               \name\: \drama-SiC\,\n                               \oxideActivationTemperature\: 0,\n                               \oxideEmissivity\: 50
0.8,\n                               \oxideHeatOfFormation\: 0,\n                               \oxideReactionProbability\: 0,\n                               \specificHeatCapacity\: {\values\: \293,663.3;343,762.2;393,844.7;443,913.1;493,969.6;543,1016;593,1054;643,1085.1;693,1110.5;743,1131.5;793,1148.7;843,1163.2;893,1175.4;943,1185.9;993,1195.1;1043,1203.3;1093,1210.7;1143,1217.4;1193,1223.6;1243,1229.2;1293,1234.2;1343,1238.7;1393,1242.5;1443,1245.8;1493,1248.6;1543,1250.7;1593,1252.5;1643,1253.9;1693,1255.4;3100,1260\}},\n                              {\absorptionFactor\: 0.5,\n                               \accommodationCoefficientNormal\: 0.5,\n                               \accommodationCoefficientTangential\: 0.5,\n                               \catalycity\: 1,\n                               \comment\: \Equivalent material for solar \\n                                          \panels
based on engineering fit of \\n                                          \the properties
based on \\n                                          \drama-HC-AA7075\,\n                               \density\: 150,\n                               \diffuseReflectionFraction\: 0.5,\n                               \emissivity\: {\values\: \50,0.4\},\n                               \heatConductivity\: {\values\: \293,163.89;313,164.95;333,166.53;353,168.46;373,170.61;393,172.84;413,175.05;433,177.1;453,178.92;473,180.43;493,181.58;513,182.31;533,182.6;553,182.44;573,181.84;593,180.83;613,179.45;633,177.78;653,175.93;673,173.97;693,172.06;713,170.36;733,169.08;753,168.39;773,168.54;793,169.05;813,162.63;833,145.74;850,128.19\},\n                               \id\: \d250d554-2614-4691-a62e-cbc5c9ac0971\,\n                               \materialType\: \metal\,\n                               \meltingHeat\: 400000,\n                               \meltingTemperature\: 850,\n                               \name\: \drama-SolarPanel-Mat\,\n                               \oxideActivationTemperature\: 0,\n                               \oxideEmissivity\: 50
0.8,\n                               \oxideHeatOfFormation\: 0,\n                               \oxideReactionProbability\: 0,\n                               \specificHeatCapacity\: {\values\: \293,877.5;313,885.5;333,893.5;353,901.5;373,911.5;393,923.5;413,936.6;433,947.6;453,965.6;473,1002.6;493,1068.6;513,1106.6;533,1084.6;553,1049.6;573,1042.6;593,1079.6;613,1120.6;633,1159.6;653,1198.7;673,1233.7;693,1259.7;713,1257.7;733,1102.7;753,1069.7;773,1069.7;793,1077.7;813,1086.4;833,1096.1;850,1131.6\}},\n                              {\absorptionFactor\: 0.5,\n                               \accommodationCoefficientNormal\: 0.5,\n                               \accommodationCoefficientTangential\: 0.5,\n                               \catalycity\: 1,\n                               \comment\: \Class example for titanium alloys
\\n                                          \values from ESTIMATE
calibrated in \\n                                          \D4DOnE activity. It accounts for \\n                                          \emissivity drop of the molten \\n                                          \materia\,\n                               \density\: 4417,\n                               \diffuseReflectionFraction\: 0.5,\n                               \emissivity\: {\values\: \250,0.77;1904,0.77;1905,0.6\},\n                               \heatConductivity\: {\values\: \293.15,6.6896;333,7.129;373,7.581;413,8.042;453,8.514;493,8.996;533,9.487;573,9.986;613,10.493;653,11.007;693,11.528;733,12.056;773,12.589;813,13.127;853,13.669;893,14.216;933,14.766;973,15.319;1013,15.874;1053,16.431;1093,16.989;1133,17.548;1173,18.106;1213,18.664;1253,19.221;1293,19.777;1333,20.33;1373,20.881;1413,21.428;1453,21.971;1493,22.51;1533,23.044;1573,23.572;1613,24.094;1653,24.609;1693,25.117;1733,25.617;1773,26.109;1813,26.592;1853,27.066;1893,27.529;1905,27.666\},\n                               \id\: \2a086768-0679-4f32-95f1-56786ebea866\,\n                               \materialType\: \metal\,\n                               \meltingHeat\: 337700,\n                               \meltingTemperature\: 1905,\n                               \name\: \drama-TiAl6v4\,\n                               \oxideActivationTemperature\: 0,\n                               \oxideEmissivity\: ,\n                               \oxideHeatOfFormation\: 0,\n                               \oxideReactionProbability\: 0,\n                               \specificHeatCapacity\: {\values\: \293,545.9;333,555.2;373,564.5;413,573.8;453,583.1;493,592.4;533,601.7;573,611;613,620.3;653,629.6;693,637.1;733,643.6;773,646.1;813,648.8;853,666;893,706.6;933,747.2;973,771;1013,787;1053,806.8;1093,846.9;1133,920.9;1173,1073.4;1213,1292.7;1253,1043.1;1293,679.3;1333,681;1373,688.8;1413,698.4;1453,708.2;1493,718.3;1533,728.7;1573,739.4;1613,750.5;1653,762.1;1693,774.1;1733,786.5;1773,799.5;1813,813;1853,827.1;1893,841.8;1905,846.4\},\n                               \strength\: {\values\: \294,1157;373,1064;473,964;573,885;673,810;700,785;773,680;796,588;868,392;1000,150;1200,50;1500,10;1873,0\}},\n                              {\absorptionFactor\: 0.5,\n                               \accommodationCoefficientNormal\: 0.5,\n                               \accommodationCoefficientTangential\: 0.5,\n                               \catalycity\: 0.1,\n                               \comment\: \Class example for titanium alloys
\\n                                          \values from ESTIMATE
measured by \\n                                          \PROMES.\,\n                               \density\: 4417,\n                               \diffuseReflectionFraction\: 0.5,\n                               \emissivity\: {\values\: \1000,0.25;1400,0.8\},\n                               \heatConductivity\: {\values\: \293.15,6.6896;333,7.129;373,7.581;413,8.042;453,8.514;493,8.996;533,9.487;573,9.986;613,10.493;653,11.007;693,11.528;733,12.056;773,12.589;813,13.127;853,13.669;893,14.216;933,14.766;973,15.319;1013,15.874;1053,16.431;1093,16.989;1133,17.548;1173,18.106;1213,18.664;1253,19.221;1293,19.777;1333,20.33;1373,20.881;1413,21.428;1453,21.971;1493,22.51;1533,23.044;1573,23.572;1613,24.094;1653,24.609;1693,25.117;1733,25.617;1773,26.109;1813,26.592;1853,27.066;1893,27.529;1933,27.982;1973,27.191;1978.15,27.0403\},\n                               \id\: \0f598eb5-e681-4653-8e60-47600bc138b9\,\n                               \materialType\: \metal\,\n                               \meltingHeat\: 337700,\n                               \meltingTemperature\: 1905,\n                               \name\: \drama-TiAl6v4_Semi-Empirical\,\n                               \oxideActivationTemperature\: 0,\n                               \oxideEmissivity\: 50
0.8,\n                               \oxideHeatOfFormation\: 0,\n                               \oxideReactionProbability\: 0,\n                               \specificHeatCapacity\: {\values\: \293,545.9;333,555.2;373,564.5;413,573.8;453,583.1;493,592.4;533,601.7;573,611;613,620.3;653,629.6;693,637.1;733,643.6;773,646.1;813,648.8;853,666;893,706.6;933,747.2;973,771;1013,787;1053,806.8;1093,846.9;1133,920.9;1173,1073.4;1213,1292.7;1253,1043.1;1293,679.3;1333,681;1373,688.8;1413,698.4;1453,708.2;1493,718.3;1533,728.7;1573,739.4;1613,750.5;1653,762.1;1693,774.1;1733,786.5;1773,799.5;1813,813;1853,827.1;1893,841.8;1905,846.4\},\n                               \strength\: {\values\: \294,1157;373,1064;473,964;573,885;673,810;700,785;773,680;796,588;868,392;1000,150;1200,50;1500,10;1873,0\}},\n                              {\absorptionFactor\: 0.5,\n                               \accommodationCoefficientNormal\: 0.5,\n                               \accommodationCoefficientTangential\: 0.5,\n                               \catalycity\: 1,\n                               \comment\: \Class example for Tungsten. Pure \\n                                          \metal
values based on testing in \\n                                          \D4C activities\,\n                               \density\: 19300,\n                               \diffuseReflectionFraction\: 0.5,\n                               \emissivity\: {\values\: \250,0.5;3695,0.5\},\n                               \heatConductivity\: {\values\: \200,173;400,142;600,129.8;800,125.6;1000,119.3;1200,116;1400,112.6;1600,108.8;1800,105.5;2000,102.9;3673,100\},\n                               \id\: \ed4cf0b3-a12d-4204-8036-8035887db491\,\n                               \materialType\: \metal\,\n                               \meltingHeat\: 192000,\n                               \meltingTemperature\: 3695,\n                               \name\: \drama-Tungsten\,\n                               \oxideActivationTemperature\: 0,\n                               \oxideEmissivity\: ,\n                               \oxideHeatOfFormation\: 0,\n                               \oxideReactionProbability\: 0,\n                               \specificHeatCapacity\: {\values\: \300,132;500,138;700,142;1000,150;1500,163;2000,176;2500,189;2800,203;3000,223;3200,250;3400,284;3600,335;3695,359\}},\n                              {\absorptionFactor\: 0.5,\n                               \accommodationCoefficientNormal\: 0.5,\n                               \accommodationCoefficientTangential\: 0.5,\n                               \catalycity\: 0.005,\n                               \comment\: \Class example for Zerodur. Values \\n                                          \from ESTIMATE
calibrated as part \\n                                          \of COPPER\,\n                               \density\: 2530,\n                               \diffuseReflectionFraction\: 0.5,\n                               \emissivity\: {\values\: \250,0.8;2896,0.8\},\n                               \heatConductivity\: {\values\: \300,1.46;400,1.57;500,1.68;600,1.79;700,1.9;800,2.01;900,2.12;1000,2.22;1100,2.33;1200,2.44;1300,2.55;1400,2.66;1500,2.77;1600,2.88;1700,2.99;1800,3.1;1900,3.21\},\n                               \id\: \db08eb5c-f2b4-4c32-8131-87a507c97204\,\n                               \materialType\: \metal\,\n                               \meltingHeat\: 400000,\n                               \meltingTemperature\: 1565,\n                               \name\: \drama-ZerodurProxy\,\n                               \oxideActivationTemperature\: 0,\n                               \oxideEmissivity\: ,\n                               \oxideHeatOfFormation\: 0,\n                               \oxideReactionProbability\: 0,\n                               \specificHeatCapacity\: {\values\: \300,802;400,939;500,1033;600,1099;700,1144;800,1177;900,1200;1000,1217;1100,1230;1200,1239;1300,1247;1400,1254;1500,1259;1600,1264;1700,1269;1800,1274;1900,1279\}},\n                              {\absorptionFactor\: 0.5,\n                               \accommodationCoefficientNormal\: 0.5,\n                               \accommodationCoefficientTangential\: 0.5,\n                               \blockingFactor\: 2.1,\n                               \blowingFactor\: 10.4,\n                               \comment\: \Class example for COPV tanks
based \\n                                          \on literature
calibrated in \\n                                          \literature\,\n                               \compositionRatio\: 0.367,\n                               \densityEpoxy\: 1210,\n                               \densityFibre\: 1800,\n                               \diffuseReflectionFraction\: 0.5,\n                               \emissivity\: {\values\: \200,0.997;600,0.99;800,0.977;1000,0.957;1500,0.879;2000,0.759;3000,0.759\},\n                               \heatConductivityChar\: {\values\: \200,0.0481;2000,0.0527\},\n                               \heatConductivityVirgin\: {\values\: \273,0.1;2500,0.15\},\n                               \heatPyrolysis\: 152000,\n                               \id\: \2453b981-9174-4a5c-adb6-333683386fd8\,\n                               \materialType\: \cfrp\,\n                               \name\: \drama-CFRP\,\n                               \oxideActivationTemperature\: 1160,\n                               \oxideHeatOfFormation\: 30300,\n                               \oxideReactionRate\: 1.65,\n                               \pyroActivationEnergy\: 150500,\n                               \pyroReactionRate\: 32600000500,\n                               \pyroReactionTerms\: 1,\n                               \specificHeatCapacityEpoxy\: {\values\: \200,650.2;708,1570.8;718,1422.5;728,1433.1;2500,1577.3\},\n                               \specificHeatCapacityFibre\: {\values\: \200,422.27;708,1832.15;718,1422.45;728,1433.06;2500,1577.25\},\n                               \specificHeatCapacityPyrolyzedGas\: 1675,\n                               \strength\: {\values\: \293,1000;393,1000;443,800;593,0\}},\n                              {\absorptionFactor\: 0.5,\n                               \accommodationCoefficientNormal\: 0.5,\n                               \accommodationCoefficientTangential\: 0.5,\n                               \catalycity\: 1,\n                               \charDensity\: 1240,\n                               \charTemperature\: 700,\n                               \comment\: \CFRP material with an EX1515 matrix \\n                                          \based on an Simple Balance Integral \\n                                          \model\,\n                               \demiseTemperature\: 2500,\n                               \density\: 1580,\n                               \diffuseReflectionFraction\: 0.5,\n                               \emissivity\: {\values\: \0,0.9\},\n                               \heatAblation\: 1300000,\n                               \heatConductivity\: {\values\: \300,0.67;400,0.72;530,0.45;600,0.3;670,0.1;1150,0.1;1600,0.11;2000,0.13\},\n                               \id\: \de7e852e-7578-48b0-a11c-b3bdbbe0b3f4\,\n                               \materialType\: \ablative\,\n                               \name\: \drama-CFRP-EX1515\,\n                               \recessionGradient\: 1.17e-08,\n                               \recessionTemperature\: 1273,\n                               \specificHeatCapacity\: {\values\: \300,610;400,640;530,1000;600,2250;670,2500;850,2150;1150,2150;1600,2600;2000,2800\}},\n                              {\absorptionFactor\: 0.5,\n                               \accommodationCoefficientNormal\: 0.5,\n                               \accommodationCoefficientTangential\: 0.5,\n                               \catalycity\: 1,\n                               \charDensity\: 1250,\n                               \charTemperature\: 700,\n                               \comment\: \CFRP material with an L20 matrix \\n                                          \based on an Simple Balance Integral \\n                                          \model\,\n                               \demiseTemperature\: 2500,\n                               \density\: 1580,\n                               \diffuseReflectionFraction\: 0.5,\n                               \emissivity\: {\values\: \0,0.9\},\n                               \heatAblation\: 1300000,\n                               \heatConductivity\: {\values\: \300,0.5;400,0.8;450,0.5;600,0.4;670,0.1;1500,0.1;2000,0.13\},\n                               \id\: \2cb98fc9-a1f6-4e79-8f20-1bb27b6a82e7\,\n                               \materialType\: \ablative\,\n                               \name\: \drama-CFRP-L20\,\n                               \recessionGradient\: 6.6e-08,\n                               \recessionTemperature\: 915,\n                               \specificHeatCapacity\: {\values\: \300,850;450,850;600,2000;670,4000;850,3500;1150,2500;1500,2000\}},\n                              {\absorptionFactor\: 0.5,\n                               \accommodationCoefficientNormal\: 0.5,\n                               \accommodationCoefficientTangential\: 0.5,\n                               \catalycity\: 1,\n                               \charDensity\: 1265,\n                               \charTemperature\: 700,\n                               \comment\: \CFRP material with an LY556 matrix \\n                                          \based on an Simple Balance Integral \\n                                          \model\,\n                               \demiseTemperature\: 2500,\n                               \density\: 1580,\n                               \diffuseReflectionFraction\: 0.5,\n                               \emissivity\: {\values\: \0,0.9\},\n                               \heatAblation\: 1300000,\n                               \heatConductivity\: {\values\: \430,0.5;500,0.3;600,0.15;720,0.1;1500,0.1;2000,0.13\},\n                               \id\: \7eeabdb5-79c9-470d-b0d8-afdfc9474be3\,\n                               \materialType\: \ablative\,\n                               \name\: \drama-CFRP-LY556\,\n                               \recessionGradient\: 2.33e-08,\n                               \recessionTemperature\: 1187,\n                               \specificHeatCapacity\: {\values\: \300,750;430,760;500,770;600,1000;720,3300;850,3300;1150,1550;1500,1700;2000,1750\}},\n                              {\absorptionFactor\: 0.5,\n                               \accommodationCoefficientNormal\: 0.5,\n                               \accommodationCoefficientTangential\: 0.5,\n                               \catalycity\: 0.005,\n                               \comment\: \Borosilicate glass material based \\n                                          \on an Simple Balance Integral model\,\n                               \density\: 2200,\n                               \diffuseReflectionFraction\: 0.5,\n                               \emissivity\: {\values\: \0,0.8\},\n                               \heatConductivity\: {\values\: \0,1.4\},\n                               \id\: \fe393870-067f-45ba-9b03-008ccf4c6ed5\,\n                               \materialType\: \glass\,\n                               \name\: \drama-BorosilicateGlass\,\n                               \specificHeatCapacity\: {\values\: \0,261;100,261;200,544;300,746;400,890;500,994;600,1074;700,1146;800,1228;900,1132;1000,1149;1100,1166;1200,1183;1300,1199;1400,1216;1500,1233;1600,1250;1700,1266;1800,1283;1900,1300\},\n                               \viscosityVftA\: -2.56,\n                               \viscosityVftB\: 4852,\n                               \viscosityVftT0\: 465.5},\n                              {\absorptionFactor\: 0.5,\n                               \accommodationCoefficientNormal\: 0.5,\n                               \accommodationCoefficientTangential\: 0.5,\n                               \catalycity\: 0.005,\n                               \comment\: \Fused silica glass material based \\n                                          \on an Simple Balance Integral model\,\n                               \density\: 2200,\n                               \diffuseReflectionFraction\: 0.5,\n                               \emissivity\: {\values\: \0,0.8\},\n                               \heatConductivity\: {\values\: \0,1.33;300,1.33;400,1.44;500,1.54;600,1.65;700,1.76;800,1.86;900,1.97;1000,2.07;1100,2.18;1200,2.29;1300,2.39;1400,2.5;1500,2.6;1600,2.7;1700,2.8;1800,2.9;1900,3\},\n                               \id\: \34be44d0-5c98-47ad-94ec-849bcd3d6baf\,\n                               \materialType\: \glass\,\n                               \name\: \drama-FusedSilicaGlass\,\n                               \specificHeatCapacity\: {\values\: \0,745;300,745;400,878;500,968;600,1031;700,1075;800,1108;900,1133;1000,1153;1100,1170;1200,1185;1300,1197;1400,1211;1500,1230;1600,1250;1700,1266;1800,1283;1900,1300\},\n                               \viscosityVftA\: -2.56,\n                               \viscosityVftB\: 11520,\n                               \viscosityVftT0\: 662},\n                              {\absorptionFactor\: 0.5,\n                               \accommodationCoefficientNormal\: 0.5,\n                               \accommodationCoefficientTangential\: 0.5,\n                               \catalycity\: 0.02,\n                               \comment\: \GFRP glass material based on an \\n                                          \Simple Balance Integral model\,\n                               \density\: 2200,\n                               \diffuseReflectionFraction\: 0.5,\n                               \emissivity\: {\values\: \0,0.8\},\n                               \heatConductivity\: {\values\: \0,0.15\},\n                               \id\: \b7ae7d49-e52e-4bd3-8fed-2b251c1fa548\,\n                               \materialType\: \glass\,\n                               \name\: \drama-Gfrp\,\n                               \specificHeatCapacity\: {\values\: \0,261;100,261;200,544;300,746;400,890;500,994;600,1074;700,1146;800,1228;900,1132;1000,1149;1100,1166;1200,1183;1300,1199;1400,1216;1500,1233;1600,1250;1700,1266;1800,1283;1900,1300\},\n                               \viscosityVftA\: -2.9,\n                               \viscosityVftB\: 5711,\n                               \viscosityVftT0\: 496.25},\n                              {\absorptionFactor\: 0.5,\n                               \accommodationCoefficientNormal\: 0.5,\n                               \accommodationCoefficientTangential\: 0.5,\n                               \catalycity\: 0.005,\n                               \comment\: \Soda lime glass material based on \\n                                          \an Simple Balance Integral model\,\n                               \density\: 2200,\n                               \diffuseReflectionFraction\: 0.5,\n                               \emissivity\: {\values\: \0,0.8\},\n                               \heatConductivity\: {\values\: \0,1.4\},\n                               \id\: \845c97be-57a9-48c5-abab-6be41786e6fa\,\n                               \materialType\: \glass\,\n                               \name\: \drama-SodaLimeGlass\,\n                               \specificHeatCapacity\: {\values\: \0,261;100,261;200,544;300,746;400,890;500,994;600,1074;700,1146;800,1228;900,1132;1000,1149;1100,1166;1200,1183;1300,1199;1400,1216;1500,1233;1600,1250;1700,1266;1800,1283;1900,1300\},\n                               \viscosityVftA\: -2.729,\n                               \viscosityVftB\: 4650,\n                               \viscosityVftT0\: 213.8},\n                              {\absorptionFactor\: 0.5,\n                               \accommodationCoefficientNormal\: 0.5,\n                               \accommodationCoefficientTangential\: 0.5,\n                               \catalycity\: 0.005,\n                               \comment\: \Zerodur glass material based on an \\n                                          \Simple Balance Integral model\,\n                               \density\: 2530,\n                               \diffuseReflectionFraction\: 0.5,\n                               \emissivity\: {\values\: \0,0.8\},\n                               \heatConductivity\: {\values\: \0,1.46;300,1.46;400,1.57;500,1.68;600,1.79;700,1.9;800,2.01;900,2.12;1000,2.22;1100,2.33;1200,2.44;1300,2.55;1400,2.66;1500,2.77;1600,2.88;1700,2.99;1800,3.1;1900,3.21\},\n                               \id\: \f987d9b6-2781-43a5-82f7-1d5d5a99cfec\,\n                               \materialType\: \glass\,\n                               \name\: \drama-Zerodur\,\n                               \specificHeatCapacity\: {\values\: \0,802;300,802;400,939;500,1033;600,1099;700,1144;800,1177;900,1200;1000,1217;1100,1230;1200,1239;1300,1247;1400,1254;1500,1259;1600,1264;1700,1269;1800,1274;1900,1279\},\n                               \viscosityVftA\: -2.9,\n                               \viscosityVftB\: 6211,\n                               \viscosityVftT0\: 496.25},\n                              {\absorptionFactor\: 0.5,\n                               \accommodationCoefficientNormal\: 0.5,\n                               \accommodationCoefficientTangential\: 0.5,\n                               \diffuseReflectionFraction\: 0.5,\n                               \heatCapacityGas\: {\values\: \200,5.2;2000,5.2\},\n                               \id\: \9d28ae2e-c031-4538-9299-b4173fefff4e\,\n                               \materialType\: \pressureGas\,\n                               \name\: \drama-helium\,\n                               \weight\: 4.0026},\n                              {\absorptionFactor\: 0.5,\n                               \accommodationCoefficientNormal\: 0.5,\n                               \accommodationCoefficientTangential\: 0.5,\n                               \diffuseReflectionFraction\: 0.5,\n                               \heatCapacityGas\: {\values\: \298.15,1.0395;400,1.0441;500,1.0559;600,1.0748;700,1.098;800,1.122;900,1.1459;1000,1.1673;1100,1.1869;1200,1.2044;1300,1.2194;1400,1.2326;1500,1.244\},\n                               \id\: \b2e2d364-d123-49d2-8310-ed5a8900a962\,\n                               \materialType\: \pressureGas\,\n                               \name\: \drama-nitrogen\,\n                               \weight\: 28.0134},\n                              {\absorptionFactor\: 0.5,\n                               \accommodationCoefficientNormal\: 0.5,\n                               \accommodationCoefficientTangential\: 0.5,\n                               \d_t_c\: 653,\n                               \density\: {\coefficients\: \-7.5355,3.0526,9.727,-4.3297\,\n                                           \d_rho_c\: 0.2307},\n                               \diffuseReflectionFraction\: 0.5,\n                               \heatCapacityGas\: {\values\: \298.15,1.6446;400,1.9722;500,2.2063;600,2.3873;700,2.5464;800,2.69;900,2.8054;1000,2.9115\},\n                               \heatCapacityLiquid\: {\values\: \274.69,3.0407;280,3.0513;290,3.0697;298.16,3.0838;300,3.0878;310,3.1075;320,3.1269;330,3.1518;340,3.1768\},\n                               \heatOfEvaporation_c\: 1304.416,\n                               \id\: \d03d955b-87c6-41c3-9bf9-8fec6c93d1a4\,\n                               \materialType\: \propellant\,\n                               \name\: \drama-hydrazine\,\n                               \temperatureOfEvaporation_c\: 386.65,\n                               \triplePointTemperature\: 274.69,\n                               \vaporPressureRelation\: {\coefficients\: \-1947.45,-12.3521,7.71977,-0.00652302\},\n                               \weight\: 32.045},\n                              {\absorptionFactor\: 0.5,\n                               \accommodationCoefficientNormal\: 0.5,\n                               \accommodationCoefficientTangential\: 0.5,\n                               \d_t_c\: 585,\n                               \density\: {\coefficients\: \-0.6653,1.1673,0.0985,0.2196\,\n                                           \d_rho_c\: 0.29},\n                               \diffuseReflectionFraction\: 0.5,\n                               \heatCapacityGas\: {\values\: \298.15,1.5439;400,1.9079;500,2.2139;600,2.4527;700,2.6697;800,2.8434;900,2.9953;1000,3.1473;1500,3.6248\},\n                               \heatCapacityLiquid\: {\values\: \220.79,2.839;230,2.8521;240,2.8629;250,2.8738;260,2.8846;270,2.8955;280,2.9063;290,2.9194;298.16,2.928\},\n                               \heatOfEvaporation_c\: 876.241,\n                               \id\: \2b0e2f97-449d-4a53-b145-baac6cda8000\,\n                               \materialType\: \propellant\,\n                               \name\: \drama-mmh\,\n                               \temperatureOfEvaporation_c\: 360.8,\n                               \triplePointTemperature\: 219.2,\n                               \vaporPressureRelation\: {\coefficients\: \4787.54,-220.339,88.2929,-0.0516844\},\n                               \weight\: 46.0718},\n             \monteCarlo\: False,\n             \objects\: {\attack\: 0,\n                          \attitude\: \tumbling\,\n                          \bank\: 0,\n                          \color\: {\Blue\: 128
\Green\: 128
\Red\: 128},\n                          \isExplosive\: False,\n                          \isMovable\: False,\n                          \isSolarPanel\: False,\n                          \mass\: 0.2112,\n                          \material\: \drama-AA7075\,\n                          \name\: \Structure\,\n                          \primitive\: {\box\: {\height\: 0.1,\n                                                \length\: 0.1,\n                                                \width\: 0.1}},\n                          \quantity\: 1,\n                          \relativePosition\: {\cartX\: 0,\n                                               \cartY\: 0,\n                                               \cartZ\: 0,\n                                               \pitch\: 90,\n                                               \roll\: 0,\n                                               \yaw\: 0},\n                          \reschedule\: False,\n                          \scalingFactors\: {\averageHeatFlux\: 1,\n                                             \averageHeatFluxCT\: 1,\n                                             \averageHeatFluxFM\: 1,\n                                             \averageHeatFluxTR\: 1,\n                                             \drag\: 1,\n                                             \lift\: 1,\n                                             \sideForce\: 1},\n                          \sideSlip\: 0,\n                          \solid\: False,\n                          \temperature\: 300,\n                          \uniqueID\: \641385a0-5f83-450a-a820-eea5ec3721e1\,\n                          \useOrientationOverride\: False,\n                          \useOverrideShape\: False,\n                          \useRescheduleMass\: False},\n                         {\attack\: 0,\n                          \attitude\: \tumbling\,\n                          \bank\: 0,\n                          \color\: {\Blue\: 128
\Green\: 128
\Red\: 128},\n                          \isExplosive\: False,\n                          \isMovable\: False,\n                          \isSolarPanel\: False,\n                          \isTank\: False,\n                          \length\: 1,\n                          \mass\: 0.089,\n                          \material\: \drama-TiAl6v4\,\n                          \name\: \Antenna\,\n                          \primitive\: {\cylinder\: {\height\: 0.09,\n                                                     \radius\: 0.0025}},\n                          \quantity\: 1,\n                          \relativePosition\: {\cartX\: 0.05,\n                                               \cartY\: 0,\n                                               \cartZ\: -0.045,\n                                               \pitch\: 0,\n                                               \roll\: 0,\n                                               \yaw\: 0},\n                          \reschedule\: True,\n                          \scalingFactors\: {\averageHeatFlux\: 1,\n                                             \averageHeatFluxCT\: 1,\n                                             \averageHeatFluxFM\: 1,\n                                             \averageHeatFluxTR\: 1,\n                                             \drag\: 1,\n                                             \lift\: 1,\n                                             \sideForce\: 1},\n                          \sideSlip\: 0,\n                          \solid\: False,\n                          \temperature\: 300,\n                          \uniqueID\: \be7c5bf2-c0a2-44f3-bb33-d90404150716\,\n                          \useOrientationOverride\: False,\n                          \useOverrideShape\: False,\n                          \useRescheduleMass\: True,\n                          \width\: 1},\n                         {\attack\: 0,\n                          \attitude\: \tumbling\,\n                          \bank\: 0,\n                          \color\: {\Blue\: 128
\Green\: 128
\Red\: 128},\n                          \isExplosive\: False,\n                          \isMovable\: False,\n                          \isSolarPanel\: False,\n                          \mass\: 0.196,\n                          \material\: \drama-AA7075\,\n                          \name\: \ADCS\,\n                          \primitive\: {\box\: {\height\: 0.09,\n                                                \length\: 0.0187,\n                                                \width\: 0.09}},\n                          \quantity\: 1,\n                          \relativePosition\: {\cartX\: 0,\n                                               \cartY\: 0,\n                                               \cartZ\: 0.0376,\n                                               \pitch\: 0,\n                                               \roll\: 0,\n                                               \yaw\: 0},\n                          \reschedule\: True,\n                          \scalingFactors\: {\averageHeatFlux\: 1,\n                                             \averageHeatFluxCT\: 1,\n                                             \averageHeatFluxFM\: 1,\n                                             \averageHeatFluxTR\: 1,\n                                             \drag\: 1,\n                                             \lift\: 1,\n                                             \sideForce\: 1},\n                          \sideSlip\: 0,\n                          \solid\: False,\n                          \temperature\: 300,\n                          \uniqueID\: \7cd7767b-ebe1-4361-a403-3e94664c9816\,\n                          \useOrientationOverride\: False,\n                          \useOverrideShape\: False,\n                          \useRescheduleMass\: True},\n                         {\attack\: 0,\n                          \attitude\: \tumbling\,\n                          \bank\: 0,\n                          \color\: {\Blue\: 128
\Green\: 128
\Red\: 128},\n                          \isExplosive\: False,\n                          \isMovable\: False,\n                          \isSolarPanel\: False,\n                          \mass\: 0.05,\n                          \material\: \drama-AA7075\,\n                          \name\: \EPS\,\n                          \primitive\: {\box\: {\height\: 0.09,\n                                                \length\: 0.0081,\n                                                \width\: 0.09}},\n                          \quantity\: 1,\n                          \relativePosition\: {\cartX\: 0,\n                                               \cartY\: 0,\n                                               \cartZ\: 0.0232,\n                                               \pitch\: 0,\n                                               \roll\: 0,\n                                               \yaw\: 0},\n                          \reschedule\: True,\n                          \scalingFactors\: {\averageHeatFlux\: 1,\n                                             \averageHeatFluxCT\: 1,\n                                             \averageHeatFluxFM\: 1,\n                                             \averageHeatFluxTR\: 1,\n                                             \drag\: 1,\n                                             \lift\: 1,\n                                             \sideForce\: 1},\n                          \sideSlip\: 0,\n                          \solid\: False,\n                          \temperature\: 300,\n                          \uniqueID\: \7cf9a9a5-596a-4c61-8c9d-53a4c37759a8\,\n                          \useOrientationOverride\: False,\n                          \useOverrideShape\: False,\n                          \useRescheduleMass\: True},\n                         {\attack\: 0,\n                          \attitude\: \tumbling\,\n                          \bank\: 0,\n                          \color\: {\Blue\: 128
\Green\: 128
\Red\: 128},\n                          \isExplosive\: False,\n                          \isMovable\: False,\n                          \isSolarPanel\: False,\n                          \mass\: 0.094,\n                          \material\: \drama-AA7075\,\n                          \name\: \OBC\,\n                          \primitive\: {\box\: {\height\: 0.09,\n                                                \length\: 0.01545,\n                                                \width\: 0.09}},\n                          \quantity\: 1,\n                          \relativePosition\: {\cartX\: 0,\n                                               \cartY\: 0,\n                                               \cartZ\: 0.0104,\n                                               \pitch\: 0,\n                                               \roll\: 0,\n                                               \yaw\: 0},\n                          \reschedule\: True,\n                          \scalingFactors\: {\averageHeatFlux\: 1,\n                                             \averageHeatFluxCT\: 1,\n                                             \averageHeatFluxFM\: 1,\n                                             \averageHeatFluxTR\: 1,\n                                             \drag\: 1,\n                                             \lift\: 1,\n                                             \sideForce\: 1},\n                          \sideSlip\: 0,\n                          \solid\: False,\n                          \temperature\: 300,\n                          \uniqueID\: \b4eebe26-0f45-4dee-903e-d1fdc93bd52e\,\n                          \useOrientationOverride\: False,\n                          \useOverrideShape\: False,\n                          \useRescheduleMass\: True},\n                         {\attack\: 0,\n                          \attitude\: \tumbling\,\n                          \bank\: 0,\n                          \color\: {\Blue\: 128
\Green\: 128
\Red\: 128},\n                          \isExplosive\: False,\n                          \isMovable\: False,\n                          \isSolarPanel\: False,\n                          \mass\: 0.094,\n                          \material\: \drama-AA7075\,\n                          \name\: \COMM\,\n                          \primitive\: {\box\: {\height\: 0.09,\n                                                \length\: 0.0107,\n                                                \width\: 0.09}},\n                          \quantity\: 1,\n                          \relativePosition\: {\cartX\: 0,\n                                               \cartY\: 0,\n                                               \cartZ\: -0.0037,\n                                               \pitch\: 0,\n                                               \roll\: 0,\n                                               \yaw\: 0},\n                          \reschedule\: True,\n                          \scalingFactors\: {\averageHeatFlux\: 1,\n                                             \averageHeatFluxCT\: 1,\n                                             \averageHeatFluxFM\: 1,\n                                             \averageHeatFluxTR\: 1,\n                                             \drag\: 1,\n                                             \lift\: 1,\n                                             \sideForce\: 1},\n                          \sideSlip\: 0,\n                          \solid\: False,\n                          \temperature\: 300,\n                          \uniqueID\: \f03116e5-b2c9-4716-881e-afee90665229\,\n                          \useOrientationOverride\: False,\n                          \useOverrideShape\: False,\n                          \useRescheduleMass\: True},\n                         {\attack\: 0,\n                          \attitude\: \tumbling\,\n                          \bank\: 0,\n                          \color\: {\Blue\: 128
\Green\: 128
\Red\: 128},\n                          \isExplosive\: False,\n                          \isMovable\: False,\n                          \isSolarPanel\: False,\n                          \mass\: 0.1355,\n                          \material\: \drama-Gfrp\,\n                          \name\: \PAYLOAD\,\n                          \primitive\: {\box\: {\height\: 0.09,\n                                                \length\: 0.0379,\n                                                \width\: 0.09}},\n                          \quantity\: 1,\n                          \relativePosition\: {\cartX\: 0,\n                                               \cartY\: 0,\n                                               \cartZ\: -0.0289,\n                                               \pitch\: 0,\n                                               \roll\: 0,\n                                               \yaw\: 0},\n                          \reschedule\: True,\n                          \scalingFactors\: {\averageHeatFlux\: 1,\n                                             \averageHeatFluxCT\: 1,\n                                             \averageHeatFluxFM\: 1,\n                                             \averageHeatFluxTR\: 1,\n                                             \drag\: 1,\n                                             \lift\: 1,\n                                             \sideForce\: 1},\n                          \sideSlip\: 0,\n                          \solid\: False,\n                          \temperature\: 300,\n                          \uniqueID\: \b51424f8-fd76-4e5f-9316-42778b83ca39\,\n                          \useOrientationOverride\: False,\n                          \useOverrideShape\: False,\n                          \useRescheduleMass\: True},\n                         {\attack\: 0,\n                          \attitude\: \tumbling\,\n                          \bank\: 0,\n                          \color\: {\Blue\: 128
\Green\: 128
\Red\: 128},\n                          \isExplosive\: False,\n                          \isMovable\: False,\n                          \isSolarPanel\: False,\n                          \mass\: 0.00833,\n                          \material\: \drama-SolarPanel-Mat\,\n                          \name\: \SOLAR PANEL +X\,\n                          \primitive\: {\box\: {\height\: 0.1,\n                                                \length\: 0.1,\n                                                \width\: 0.002}},\n                          \quantity\: 1,\n                          \relativePosition\: {\cartX\: 0.051,\n                                               \cartY\: 0,\n                                               \cartZ\: 0,\n                                               \pitch\: 0,\n                                               \roll\: 0,\n                                               \yaw\: -1},\n                          \reschedule\: True,\n                          \scalingFactors\: {\averageHeatFlux\: 1,\n                                             \averageHeatFluxCT\: 1,\n                                             \averageHeatFluxFM\: 1,\n                                             \averageHeatFluxTR\: 1,\n                                             \drag\: 1,\n                                             \lift\: 1,\n                                             \sideForce\: 1},\n                          \sideSlip\: 0,\n                          \solid\: False,\n                          \temperature\: 300,\n                          \uniqueID\: \cb109bb6-e00d-4d1e-88f9-d77e3396d29e\,\n                          \useOrientationOverride\: False,\n                          \useOverrideShape\: False,\n                          \useRescheduleMass\: True},\n                         {\attack\: 0,\n                          \attitude\: \tumbling\,\n                          \bank\: 0,\n                          \color\: {\Blue\: 128
\Green\: 128
\Red\: 128},\n                          \isExplosive\: False,\n                          \isMovable\: False,\n                          \isSolarPanel\: False,\n                          \mass\: 0.00833,\n                          \material\: \drama-SolarPanel-Mat\,\n                          \name\: \SOLAR PANEL -X\,\n                          \primitive\: {\box\: {\height\: 0.1,\n                                                \length\: 0.1,\n                                                \width\: 0.002}},\n                          \quantity\: 1,\n                          \relativePosition\: {\cartX\: -0.051,\n                                               \cartY\: 0,\n                                               \cartZ\: 0,\n                                               \pitch\: 0,\n                                               \roll\: 0,\n                                               \yaw\: 0},\n                          \reschedule\: True,\n                          \scalingFactors\: {\averageHeatFlux\: 1,\n                                             \averageHeatFluxCT\: 1,\n                                             \averageHeatFluxFM\: 1,\n                                             \averageHeatFluxTR\: 1,\n                                             \drag\: 1,\n                                             \lift\: 1,\n                                             \sideForce\: 1},\n                          \sideSlip\: 0,\n                          \solid\: False,\n                          \temperature\: 300,\n                          \uniqueID\: \14293697-d071-44f0-a193-a06ad36408cf\,\n                          \useOrientationOverride\: False,\n                          \useOverrideShape\: False,\n                          \useRescheduleMass\: True},\n                         {\attack\: 0,\n                          \attitude\: \tumbling\,\n                          \bank\: 0,\n                          \color\: {\Blue\: 128
\Green\: 128
\Red\: 128},\n                          \isExplosive\: False,\n                          \isMovable\: False,\n                          \isSolarPanel\: False,\n                          \mass\: 0.00833,\n                          \material\: \drama-SolarPanel-Mat\,\n                          \name\: \SOLAR PANEL+Y\,\n                          \primitive\: {\box\: {\height\: 0.002,\n                                                \length\: 0.1,\n                                                \width\: 0.1}},\n                          \quantity\: 1,\n                          \relativePosition\: {\cartX\: 0,\n                                               \cartY\: 0.051,\n                                               \cartZ\: 0,\n                                               \pitch\: 0,\n                                               \roll\: 0,\n                                               \yaw\: 0},\n                          \reschedule\: True,\n                          \scalingFactors\: {\averageHeatFlux\: 1,\n                                             \averageHeatFluxCT\: 1,\n                                             \averageHeatFluxFM\: 1,\n                                             \averageHeatFluxTR\: 1,\n                                             \drag\: 1,\n                                             \lift\: 1,\n                                             \sideForce\: 1},\n                          \sideSlip\: 0,\n                          \solid\: False,\n                          \temperature\: 300,\n                          \uniqueID\: \909d6c11-5860-4faf-95ad-9caca83cbaab\,\n                          \useOrientationOverride\: False,\n                          \useOverrideShape\: False,\n                          \useRescheduleMass\: True},\n                         {\attack\: 0,\n                          \attitude\: \tumbling\,\n                          \bank\: 0,\n                          \color\: {\Blue\: 128
\Green\: 128
\Red\: 128},\n                          \isExplosive\: False,\n                          \isMovable\: False,\n                          \isSolarPanel\: False,\n                          \mass\: 0.00833,\n                          \material\: \drama-SolarPanel-Mat\,\n                          \name\: \SOLAR PANEL-Y\,\n                          \primitive\: {\box\: {\height\: 0.002,\n                                                \length\: 0,\n                                                \width\: 0.1}},\n                          \quantity\: 1,\n                          \relativePosition\: {\cartX\: 0,\n                                               \cartY\: -0.051,\n                                               \cartZ\: 0,\n                                               \pitch\: 0,\n                                               \roll\: 0,\n                                               \yaw\: 0},\n                          \reschedule\: True,\n                          \scalingFactors\: {\averageHeatFlux\: 1,\n                                             \averageHeatFluxCT\: 1,\n                                             \averageHeatFluxFM\: 1,\n                                             \averageHeatFluxTR\: 1,\n                                             \drag\: 1,\n                                             \lift\: 1,\n                                             \sideForce\: 1},\n                          \sideSlip\: 0,\n                          \solid\: False,\n                          \temperature\: 300,\n                          \uniqueID\: \977a7ad8-0dc4-41a0-8565-8459b641d630\,\n                          \useOrientationOverride\: False,\n                          \useOverrideShape\: False,\n                          \useRescheduleMass\: True},\n                         {\attack\: 0,\n                          \attitude\: \tumbling\,\n                          \bank\: 0,\n                          \color\: {\Blue\: 128
\Green\: 128
\Red\: 128},\n                          \isExplosive\: False,\n                          \isMovable\: False,\n                          \isSolarPanel\: False,\n                          \mass\: 0.0083,\n                          \material\: \drama-SolarPanel-Mat\,\n                          \name\: \SOLAR PANEL +Z\,\n                          \primitive\: {\box\: {\height\: 0.1,\n                                                \length\: 0.002,\n                                                \width\: 0.1}},\n                          \quantity\: 1,\n                          \relativePosition\: {\cartX\: 0,\n                                               \cartY\: 0,\n                                               \cartZ\: 0.051,\n                                               \pitch\: 0,\n                                               \roll\: 0,\n                                               \yaw\: 0},\n                          \reschedule\: True,\n                          \scalingFactors\: {\averageHeatFlux\: 1,\n                                             \averageHeatFluxCT\: 1,\n                                             \averageHeatFluxFM\: 1,\n                                             \averageHeatFluxTR\: 1,\n                                             \drag\: 1,\n                                             \lift\: 1,\n                                             \sideForce\: 1},\n                          \sideSlip\: 0,\n                          \solid\: False,\n                          \temperature\: 300,\n                          \uniqueID\: \848e52c9-2076-4c7c-8aff-e4e7354094ec\,\n                          \useOrientationOverride\: False,\n                          \useOverrideShape\: False,\n                          \useRescheduleMass\: True},\n                         {\attack\: 0,\n                          \attitude\: \tumbling\,\n                          \bank\: 0,\n                          \color\: {\Blue\: 128
\Green\: 128
\Red\: 128},\n                          \isExplosive\: False,\n                          \isMovable\: False,\n                          \isSolarPanel\: False,\n                          \mass\: 0.00833,\n                          \material\: \drama-SolarPanel-Mat\,\n                          \name\: \SOLAR PANEL -Z\,\n                          \primitive\: {\box\: {\height\: 0.1,\n                                                \length\: 0.002,\n                                                \width\: 0.1}},\n                          \quantity\: 1,\n                          \relativePosition\: {\cartX\: 0,\n                                               \cartY\: 0,\n                                               \cartZ\: -0.051,\n                                               \pitch\: 0,\n                                               \roll\: 0,\n                                               \yaw\: 0},\n                          \reschedule\: True,\n                          \scalingFactors\: {\averageHeatFlux\: 1,\n                                             \averageHeatFluxCT\: 1,\n                                             \averageHeatFluxFM\: 1,\n                                             \averageHeatFluxTR\: 1,\n                                             \drag\: 1,\n                                             \lift\: 1,\n                                             \sideForce\: 1},\n                          \sideSlip\: 0,\n                          \solid\: False,\n                          \temperature\: 300,\n                          \uniqueID\: \8bc30e9f-23da-4053-94d7-a85ea5a2183e\,\n                          \useOrientationOverride\: False,\n                          \useOverrideShape\: False,\n                          \useRescheduleMass\: True},\n             \plotObjectTrajectories\: True,\n             \plotVisibilityMaps\: True,\n             \reentryType\: \uncontrolled\,\n             \reflectivityCoefficient\: 1.3,\n             \runID\: \PySara\,\n             \runMode\: \reentry-risk\,\n             \sideSlip\: 0,\n             \solarActivityFromFile\: True,\n             \uncontrolledMethod\: \circular\,\n             \useEnvironmentCSV\: False,\n             \useWind\: True,\n             \voxelatorMode\: 1},\n  \reentry_logfile\: \#_______________________________________________________________________________\\n\\n                     \#    ######   ####     ##             #####   #####     \\n                     \##    #    #    ##\\n\\n                     \#    #       #        #  #            #    #  #    #   \\n                     \#  #   ##  ##   #  #\\n\\n                     \#    #####    ####   ######           #    #  #####   \\n                     \######  # ## #  ######\\n\\n                     \#    #            #  #    #           #    #  #    #  \\n                     \#    #  #    #  #    #\\n\\n                     \#____######__#####___#____#___________#####___#____#__#____#__#____#__#____#____\\n\\n                     \#\\n\\n                     \#               ESA Debris Risk Assessment and \\n                     \Mitigation Analysis\\n\\n                     \#\\n\\n                     \#   ---- DRAMA ( SESAM 2.3.0 ( built Mar 17 2026 \\n                     \16:55:01) ) ----\\n\\n                     \#                                      ESA 2022\\n\\n                     \#\\n\\n                     \#                        execution log file -sesam.log-\\n\\n                     \#                   run date+time: Tue Aug  4 20:20:36 \\n                     \2026\\n\\n                     \\\n\\n                     \info: Starting Sesam\\n\\n                     \info: SESAM module initialising\\n\\n                     \info: Using voxelator cache dir: F:\\\\Survival_analysis \\n                     \of satellite re entry\\\\linear_cubesat\\\\data\\n\\n                     \warning: oxideReactionProbability for drama-AA7075 < \\n                     \1.0E-5 or not found. Continuing without oxidation for \\n                     \this material.\\n\\n                     \warning: oxideReactionProbability for drama-A316 < \\n                     \1.0E-5 or not found. Continuing without oxidation for \\n                     \this material.\\n\\n                     \warning: oxideReactionProbability for \\n                     \drama-A316_Semi-Empirical < 1.0E-5 or not found. \\n                     \Continuing without oxidation for this material.\\n\\n                     \warning: oxideReactionProbability for drama-BatCell-ABSL \\n                     \< 1.0E-5 or not found. Continuing without oxidation for \\n                     \this material.\\n\\n                     \warning: oxideReactionProbability for drama-Bat-Li < \\n                     \1.0E-5 or not found. Continuing without oxidation for \\n                     \this material.\\n\\n                     \warning: oxideReactionProbability for drama-Bat-NiCd < \\n                     \1.0E-5 or not found. Continuing without oxidation for \\n                     \this material.\\n\\n                     \warning: oxideReactionProbability for drama-Beryllium < \\n                     \1.0E-5 or not found. Continuing without oxidation for \\n                     \this material.\\n\\n                     \warning: oxideReactionProbability for \\n                     \drama-Carbon-Carbon < 1.0E-5 or not found. Continuing \\n                     \without oxidation for this material.\\n\\n                     \warning: oxideReactionProbability for drama-Copper < \\n                     \1.0E-5 or not found. Continuing without oxidation for \\n                     \this material.\\n\\n                     \warning: oxideReactionProbability for drama-El-Mat < \\n                     \1.0E-5 or not found. Continuing without oxidation for \\n                     \this material.\\n\\n                     \warning: oxideReactionProbability for \\n                     \drama-FusedSilicaProxy < 1.0E-5 or not found. Continuing \\n                     \without oxidation for this material.\\n\\n                     \warning: oxideReactionProbability for drama-GFRPProxy < \\n                     \1.0E-5 or not found. Continuing without oxidation for \\n                     \this material.\\n\\n                     \warning: oxideReactionProbability for \\n                     \drama-Haynes25Thick < 1.0E-5 or not found. Continuing \\n                     \without oxidation for this material.\\n\\n                     \warning: oxideReactionProbability for drama-Haynes25Thin \\n                     \< 1.0E-5 or not found. Continuing without oxidation for \\n                     \this material.\\n\\n                     \warning: oxideReactionProbability for drama-HC-AA7075 < \\n                     \1.0E-5 or not found. Continuing without oxidation for \\n                     \this material.\\n\\n                     \warning: oxideReactionProbability for drama-HC-CFRP-4ply \\n                     \< 1.0E-5 or not found. Continuing without oxidation for \\n                     \this material.\\n\\n                     \warning: oxideReactionProbability for drama-HC-CFRP-8ply \\n                     \< 1.0E-5 or not found. Continuing without oxidation for \\n                     \this material.\\n\\n                     \warning: oxideReactionProbability for drama-HiperCo < \\n                     \1.0E-5 or not found. Continuing without oxidation for \\n                     \this material.\\n\\n                     \warning: oxideReactionProbability for drama-Inconel718 < \\n                     \1.0E-5 or not found. Continuing without oxidation for \\n                     \this material.\\n\\n                     \warning: oxideReactionProbability for drama-Inermet < \\n                     \1.0E-5 or not found. Continuing without oxidation for \\n                     \this material.\\n\\n                     \warning: oxideReactionProbability for drama-Invar < \\n                     \1.0E-5 or not found. Continuing without oxidation for \\n                     \this material.\\n\\n                     \warning: oxideReactionProbability for drama-Iron < \\n                     \1.0E-5 or not found. Continuing without oxidation for \\n                     \this material.\\n\\n                     \warning: oxideReactionProbability for drama-Molybdenum < \\n                     \1.0E-5 or not found. Continuing without oxidation for \\n                     \this material.\\n\\n                     \warning: oxideReactionProbability for drama-SiC < 1.0E-5 \\n                     \or not found. Continuing without oxidation for this \\n                     \material.\\n\\n                     \warning: oxideReactionProbability for \\n                     \drama-SolarPanel-Mat < 1.0E-5 or not found. Continuing \\n                     \without oxidation for this material.\\n\\n                     \warning: oxideReactionProbability for drama-TiAl6v4 < \\n                     \1.0E-5 or not found. Continuing without oxidation for \\n                     \this material.\\n\\n                     \warning: oxideReactionProbability for \\n                     \drama-TiAl6v4_Semi-Empirical < 1.0E-5 or not found. \\n                     \Continuing without oxidation for this material.\\n\\n                     \warning: oxideReactionProbability for drama-Tungsten < \\n                     \1.0E-5 or not found. Continuing without oxidation for \\n                     \this material.\\n\\n                     \warning: oxideReactionProbability for drama-ZerodurProxy \\n                     \< 1.0E-5 or not found. Continuing without oxidation for \\n                     \this material.\\n\\n                     \info: Fragment satelliteOne initializing\\n\\n                     \info: Creation of object list\\n\\n                     \info: Creating Object with UniqueID: \\n                     \641385a0-5f83-450a-a820-eea5ec3721e1\\n\\n                     \info: Opening netCDF file \\n                     \F:\\\\TOOLS\\\\SARA\\\\REENTRY/data/ATDB_BOX.nc for reading \\n                     \DONE.\\n\\n                     \info: Using ATDB for BOX created with SAM on 20200306 \\n                     \from data created by Belstead Research Limited.\\n\\n                     "info: Included new object \Structure\ to fragment list\\n"\n                     \info: Creating Object with UniqueID: \\n                     \be7c5bf2-c0a2-44f3-bb33-d90404150716\\n\\n                     \info: Opening netCDF file \\n                     \F:\\\\TOOLS\\\\SARA\\\\REENTRY/data/ATDB_CYLINDER.nc for \\n                     \reading DONE.\\n\\n                     \info: Using ATDB for CYLINDER created with \\n                     \ATDB_converter r1933 on 20190411 from data created by \\n                     \Hyperschall Technologie GÃ¶ttingen GmbH.\\n\\n                     "info: Included new object \Antenna\ to fragment list\\n"\n                     \info: Creating Object with UniqueID: \\n                     \7cd7767b-ebe1-4361-a403-3e94664c9816\\n\\n                     "info: Included new object \ADCS\ to fragment list\\n"\n                     \info: Creating Object with UniqueID: \\n                     \7cf9a9a5-596a-4c61-8c9d-53a4c37759a8\\n\\n                     "info: Included new object \EPS\ to fragment list\\n"\n                     \info: Creating Object with UniqueID: \\n                     \b4eebe26-0f45-4dee-903e-d1fdc93bd52e\\n\\n                     "info: Included new object \OBC\ to fragment list\\n"\n                     \info: Creating Object with UniqueID: \\n                     \f03116e5-b2c9-4716-881e-afee90665229\\n\\n                     "info: Included new object \COMM\ to fragment list\\n"\n                     \info: Creating Object with UniqueID: \\n                     \b51424f8-fd76-4e5f-9316-42778b83ca39\\n\\n                     "info: Included new object \PAYLOAD\ to fragment list\\n"\n                     \info: Creating Object with UniqueID: \\n                     \cb109bb6-e00d-4d1e-88f9-d77e3396d29e\\n\\n                     "info: Included new object \SOLAR PANEL +X\ to fragment "\n                     \list\\n\\n                     \info: Creating Object with UniqueID: \\n                     \14293697-d071-44f0-a193-a06ad36408cf\\n\\n                     "info: Included new object \SOLAR PANEL -X\ to fragment "\n                     \list\\n\\n                     \info: Creating Object with UniqueID: \\n                     \909d6c11-5860-4faf-95ad-9caca83cbaab\\n\\n                     "info: Included new object \SOLAR PANEL+Y\ to fragment "\n                     \list\\n\\n                     \info: Creating Object with UniqueID: \\n                     \977a7ad8-0dc4-41a0-8565-8459b641d630\\n\\n                     "info: Included new object \SOLAR PANEL-Y\ to fragment "\n                     \list\\n\\n                     \info: Creating Object with UniqueID: \\n                     \848e52c9-2076-4c7c-8aff-e4e7354094ec\\n\\n                     "info: Included new object \SOLAR PANEL +Z\ to fragment "\n                     \list\\n\\n                     \info: Creating Object with UniqueID: \\n                     \8bc30e9f-23da-4053-94d7-a85ea5a2183e\\n\\n                     "info: Included new object \SOLAR PANEL -Z\ to fragment "\n                     \list\\n\\n                     \info: Handling of inclusions\\n\\n                     \info: inclusion with parent ID: \\n                     \641385a0-5f83-450a-a820-eea5ec3721e1\\n\\n                     \info: childID: be7c5bf2-c0a2-44f3-bb33-d90404150716\\n\\n                     \info: childID: 7cd7767b-ebe1-4361-a403-3e94664c9816\\n\\n                     \info: childID: 7cf9a9a5-596a-4c61-8c9d-53a4c37759a8\\n\\n                     \info: childID: b4eebe26-0f45-4dee-903e-d1fdc93bd52e\\n\\n                     \info: childID: f03116e5-b2c9-4716-881e-afee90665229\\n\\n                     \info: childID: b51424f8-fd76-4e5f-9316-42778b83ca39\\n\\n                     \info: childID: cb109bb6-e00d-4d1e-88f9-d77e3396d29e\\n\\n                     \info: childID: 14293697-d071-44f0-a193-a06ad36408cf\\n\\n                     \info: childID: 909d6c11-5860-4faf-95ad-9caca83cbaab\\n\\n                     \info: childID: 977a7ad8-0dc4-41a0-8565-8459b641d630\\n\\n                     \info: childID: 848e52c9-2076-4c7c-8aff-e4e7354094ec\\n\\n                     \info: childID: 8bc30e9f-23da-4053-94d7-a85ea5a2183e\\n\\n                     \info: Setting-up break-up triggers\\n\\n                     \info: Handling of connections\\n\\n                     \info: Using spacecraft mass calculated from objects \\n                     \hierarchy: 0.919650\\n\\n                     \info: Testing for altitude above149km with input State: \\n                     \system= 232132
epoch= 2024-08-01T12:00:00
elements= \\n                     \6783.997502
0.001520
51.646167
184.583226
16.277857
\\n                     \343.574890\\n\\n                     \info: Initial altitude above 149.000000km. Propagating \\n                     \with oscar.\\n\\n                     \info: starting CstateConvertToOscar with input State: \\n                     \system= 232132
epoch= 2024-08-01T12:00:00
elements= \\n                     \6783.997502
0.001520
51.646167
184.583226
16.277857
\\n                     \343.574890\\n\\n                     \info: starting PropagateWithOscar with input State: \\n                     \system= 231831
epoch= 2024-08-01T12:00:00
elements= \\n                     \6777.998641
0.000743
51.605942
183.722939
35.329051
\\n                     \324.926808\\n\\n                     \info: using fragment mass of 0.919650\\n\\n                     \info: Propagation ended with State: system= 231831
\\n                     \epoch= 2024-12-25T06:26:31
elements= 6497.309000
\\n                     \0.000128
51.577140
155.970980
103.018970
208.135370\\n\\n                     \info: Testing for altitude above149km with input State: \\n                     \system= 231831
epoch= 2024-12-25T06:26:31
elements= \\n                     \6497.309000
0.000128
51.577140
155.970980
\\n                     \103.018970
208.135370\\n\\n                     \info: starting CstateConvertToHtgSesam with input State: \\n                     \system= 231831
epoch= 2024-12-25T06:26:31
elements= \\n                     \6497.309000
0.000128
51.577140
155.970980
\\n                     \103.018970
208.135370\\n\\n                     \info: Passing geodetic state below 149.000000km to \\n                     \sesam: State: system= 235102
epoch= \\n                     \2024-12-25T06:26:31
elements= 126.495950
-36.536165
\\n                     \-69.663979
7.540607
-0.103179
41.068362\\n\\n                     \info: Using static environment from CSV file \\n                     \F:\\\\TOOLS\\\\SARA\\\\REENTRY/data/StaticEnvironmentData.csv.\\n\\n                     \info: SESAM initialisation DONE.\\n\\n                     \info: SESAM propagation started\\n\\n                     \info: Starting propagation of Fragment with uniqueID \\n                     \641385a0-5f83-450a-a820-eea5ec3721e1.\\n\\n                     \info: EVENT area 641385a0-5f83-450a-a820-eea5ec3721e1 \\n                     \0.015000\\n\\n                     \info: EVENT start 641385a0-5f83-450a-a820-eea5ec3721e1 \\n                     \0.919650 0.015000 2024-12-25T06:26:31\\n\\n                     \info: Object 641385a0-5f83-450a-a820-eea5ec3721e1 \\n                     \demised.\\n\\n                     \info: EVENT object 641385a0-5f83-450a-a820-eea5ec3721e1 \\n                     \demise\\n\\n                     \info: Object 641385a0-5f83-450a-a820-eea5ec3721e1 \\n                     \reached end of life.\\n\\n                     \info: ObjectTrajectory Written: \\n                     \PySara.Structure.641385a0-5f83-450a-a820-eea5ec3721e1_Trajectory.txt\\n\\n                     \info: GnuPlotGeneration::GenerateSingleObjectScript \\n                     \Wrote \\n                     \PySara.Structure.641385a0-5f83-450a-a820-eea5ec3721e1.gnu\\n\\n                     \info: AeroThermalHistory Written: \\n                     \PySara.Structure.641385a0-5f83-450a-a820-eea5ec3721e1_AeroThermalHistory.txt\\n\\n                     \info: EVENT end 641385a0-5f83-450a-a820-eea5ec3721e1 \\n                     \0.708450\\n\\n                     \info: Adding 12 new fragments to fragmentList.\\n\\n                     \info: Starting propagation of Fragment with uniqueID \\n                     \be7c5bf2-c0a2-44f3-bb33-d90404150716.\\n\\n                     \info: EVENT area be7c5bf2-c0a2-44f3-bb33-d90404150716 \\n                     \0.000363\\n\\n                     \info: EVENT start be7c5bf2-c0a2-44f3-bb33-d90404150716 \\n                     \0.089000 0.000363 2024-12-25T06:53:57\\n\\n                     \info: Object be7c5bf2-c0a2-44f3-bb33-d90404150716 \\n                     \demised.\\n\\n                     \info: EVENT object be7c5bf2-c0a2-44f3-bb33-d90404150716 \\n                     \demise\\n\\n                     \info: Fragment be7c5bf2-c0a2-44f3-bb33-d90404150716 \\n                     \reached end of life because uncritical.\\n\\n                     \info: Object be7c5bf2-c0a2-44f3-bb33-d90404150716 \\n                     \reached end of life.\\n\\n                     \info: ObjectTrajectory Written: \\n                     \PySara.Antenna.be7c5bf2-c0a2-44f3-bb33-d90404150716_Trajectory.txt\\n\\n                     \info: GnuPlotGeneration::GenerateSingleObjectScript \\n                     \Wrote \\n                     \PySara.Antenna.be7c5bf2-c0a2-44f3-bb33-d90404150716.gnu\\n\\n                     \info: AeroThermalHistory Written: \\n                     \PySara.Antenna.be7c5bf2-c0a2-44f3-bb33-d90404150716_AeroThermalHistory.txt\\n\\n                     \info: EVENT end be7c5bf2-c0a2-44f3-bb33-d90404150716 \\n                     \0.000000\\n\\n                     \info: Adding 0 new fragments to fragmentList.\\n\\n                     \info: Starting propagation of Fragment with uniqueID \\n                     \7cd7767b-ebe1-4361-a403-3e94664c9816.\\n\\n                     \info: EVENT area 7cd7767b-ebe1-4361-a403-3e94664c9816 \\n                     \0.005733\\n\\n                     \info: EVENT start 7cd7767b-ebe1-4361-a403-3e94664c9816 \\n                     \0.196000 0.005733 2024-12-25T06:53:57\\n\\n                     \info: Object 7cd7767b-ebe1-4361-a403-3e94664c9816 \\n                     \demised.\\n\\n                     \info: EVENT object 7cd7767b-ebe1-4361-a403-3e94664c9816 \\n                     \demise\\n\\n                     \info: Fragment 7cd7767b-ebe1-4361-a403-3e94664c9816 \\n                     \reached end of life because uncritical.\\n\\n                     \info: Object 7cd7767b-ebe1-4361-a403-3e94664c9816 \\n                     \reached end of life.\\n\\n                     \info: ObjectTrajectory Written: \\n                     \PySara.ADCS.7cd7767b-ebe1-4361-a403-3e94664c9816_Trajectory.txt\\n\\n                     \info: GnuPlotGeneration::GenerateSingleObjectScript \\n                     \Wrote \\n                     \PySara.ADCS.7cd7767b-ebe1-4361-a403-3e94664c9816.gnu\\n\\n                     \info: AeroThermalHistory Written: \\n                     \PySara.ADCS.7cd7767b-ebe1-4361-a403-3e94664c9816_AeroThermalHistory.txt\\n\\n                     \info: EVENT end 7cd7767b-ebe1-4361-a403-3e94664c9816 \\n                     \0.000000\\n\\n                     \info: Adding 0 new fragments to fragmentList.\\n\\n                     \info: Starting propagation of Fragment with uniqueID \\n                     \7cf9a9a5-596a-4c61-8c9d-53a4c37759a8.\\n\\n                     \info: EVENT area 7cf9a9a5-596a-4c61-8c9d-53a4c37759a8 \\n                     \0.004779\\n\\n                     \info: EVENT start 7cf9a9a5-596a-4c61-8c9d-53a4c37759a8 \\n                     \0.050000 0.004779 2024-12-25T06:53:57\\n\\n                     \info: Object 7cf9a9a5-596a-4c61-8c9d-53a4c37759a8 \\n                     \demised.\\n\\n                     \info: EVENT object 7cf9a9a5-596a-4c61-8c9d-53a4c37759a8 \\n                     \demise\\n\\n                     \info: Fragment 7cf9a9a5-596a-4c61-8c9d-53a4c37759a8 \\n                     \reached end of life because uncritical.\\n\\n                     \info: Object 7cf9a9a5-596a-4c61-8c9d-53a4c37759a8 \\n                     \reached end of life.\\n\\n                     \info: ObjectTrajectory Written: \\n                     \PySara.EPS.7cf9a9a5-596a-4c61-8c9d-53a4c37759a8_Trajectory.txt\\n\\n                     \info: GnuPlotGeneration::GenerateSingleObjectScript \\n                     \Wrote \\n                     \PySara.EPS.7cf9a9a5-596a-4c61-8c9d-53a4c37759a8.gnu\\n\\n                     \info: AeroThermalHistory Written: \\n                     \PySara.EPS.7cf9a9a5-596a-4c61-8c9d-53a4c37759a8_AeroThermalHistory.txt\\n\\n                     \info: EVENT end 7cf9a9a5-596a-4c61-8c9d-53a4c37759a8 \\n                     \0.000000\\n\\n                     \info: Adding 0 new fragments to fragmentList.\\n\\n                     \info: Starting propagation of Fragment with uniqueID \\n                     \b4eebe26-0f45-4dee-903e-d1fdc93bd52e.\\n\\n                     \info: EVENT area b4eebe26-0f45-4dee-903e-d1fdc93bd52e \\n                     \0.005440\\n\\n                     \info: EVENT start b4eebe26-0f45-4dee-903e-d1fdc93bd52e \\n                     \0.094000 0.005440 2024-12-25T06:53:57\\n\\n                     \info: Object b4eebe26-0f45-4dee-903e-d1fdc93bd52e \\n                     \demised.\\n\\n                     \info: EVENT object b4eebe26-0f45-4dee-903e-d1fdc93bd52e \\n                     \demise\\n\\n                     \info: Fragment b4eebe26-0f45-4dee-903e-d1fdc93bd52e \\n                     \reached end of life because uncritical.\\n\\n                     \info: Object b4eebe26-0f45-4dee-903e-d1fdc93bd52e \\n                     \reached end of life.\\n\\n                     \info: ObjectTrajectory Written: \\n                     \PySara.OBC.b4eebe26-0f45-4dee-903e-d1fdc93bd52e_Trajectory.txt\\n\\n                     \info: GnuPlotGeneration::GenerateSingleObjectScript \\n                     \Wrote \\n                     \PySara.OBC.b4eebe26-0f45-4dee-903e-d1fdc93bd52e.gnu\\n\\n                     \info: AeroThermalHistory Written: \\n                     \PySara.OBC.b4eebe26-0f45-4dee-903e-d1fdc93bd52e_AeroThermalHistory.txt\\n\\n                     \info: EVENT end b4eebe26-0f45-4dee-903e-d1fdc93bd52e \\n                     \0.000000\\n\\n                     \info: Adding 0 new fragments to fragmentList.\\n\\n                     \info: Starting propagation of Fragment with uniqueID \\n                     \f03116e5-b2c9-4716-881e-afee90665229.\\n\\n                     \info: EVENT area f03116e5-b2c9-4716-881e-afee90665229 \\n                     \0.005013\\n\\n                     \info: EVENT start f03116e5-b2c9-4716-881e-afee90665229 \\n                     \0.094000 0.005013 2024-12-25T06:53:57\\n\\n                     \info: Object f03116e5-b2c9-4716-881e-afee90665229 \\n                     \demised.\\n\\n                     \info: EVENT object f03116e5-b2c9-4716-881e-afee90665229 \\n                     \demise\\n\\n                     \info: Fragment f03116e5-b2c9-4716-881e-afee90665229 \\n                     \reached end of life because uncritical.\\n\\n                     \info: Object f03116e5-b2c9-4716-881e-afee90665229 \\n                     \reached end of life.\\n\\n                     \info: ObjectTrajectory Written: \\n                     \PySara.COMM.f03116e5-b2c9-4716-881e-afee90665229_Trajectory.txt\\n\\n                     \info: GnuPlotGeneration::GenerateSingleObjectScript \\n                     \Wrote \\n                     \PySara.COMM.f03116e5-b2c9-4716-881e-afee90665229.gnu\\n\\n                     \info: AeroThermalHistory Written: \\n                     \PySara.COMM.f03116e5-b2c9-4716-881e-afee90665229_AeroThermalHistory.txt\\n\\n                     \info: EVENT end f03116e5-b2c9-4716-881e-afee90665229 \\n                     \0.000000\\n\\n                     \info: Adding 0 new fragments to fragmentList.\\n\\n                     \info: Starting propagation of Fragment with uniqueID \\n                     \b51424f8-fd76-4e5f-9316-42778b83ca39.\\n\\n                     \info: EVENT area b51424f8-fd76-4e5f-9316-42778b83ca39 \\n                     \0.007461\\n\\n                     \info: EVENT start b51424f8-fd76-4e5f-9316-42778b83ca39 \\n                     \0.135500 0.007461 2024-12-25T06:53:57\\n\\n                     \warning: The altitude is below the lowest value in the \\n                     \data. Therefore
the lowest altitude for which data are \\n                     \given is used (altitude = 0.000000 m).\\n\\n                     \This message is shown only once.\\n\\n                     \info: Fragment b51424f8-fd76-4e5f-9316-42778b83ca39 \\n                     \reached end of life because of ground impact.\\n\\n                     \info: Object b51424f8-fd76-4e5f-9316-42778b83ca39 \\n                     \reached end of life.\\n\\n                     \info: EVENT fragment \\n                     \b51424f8-fd76-4e5f-9316-42778b83ca39 impact\\n\\n                     \info: ObjectTrajectory Written: \\n                     \PySara.PAYLOAD.b51424f8-fd76-4e5f-9316-42778b83ca39_Trajectory.txt\\n\\n                     \info: GnuPlotGeneration::GenerateSingleObjectScript \\n                     \Wrote \\n                     \PySara.PAYLOAD.b51424f8-fd76-4e5f-9316-42778b83ca39.gnu\\n\\n                     \info: AeroThermalHistory Written: \\n                     \PySara.PAYLOAD.b51424f8-fd76-4e5f-9316-42778b83ca39_AeroThermalHistory.txt\\n\\n                     \info: EVENT end b51424f8-fd76-4e5f-9316-42778b83ca39 \\n                     \0.135500\\n\\n                     \info: Adding 0 new fragments to fragmentList.\\n\\n                     \info: Starting propagation of Fragment with uniqueID \\n                     \cb109bb6-e00d-4d1e-88f9-d77e3396d29e.\\n\\n                     \info: EVENT area cb109bb6-e00d-4d1e-88f9-d77e3396d29e \\n                     \0.005200\\n\\n                     \info: EVENT start cb109bb6-e00d-4d1e-88f9-d77e3396d29e \\n                     \0.008330 0.005200 2024-12-25T06:53:57\\n\\n                     \info: Object cb109bb6-e00d-4d1e-88f9-d77e3396d29e \\n                     \demised.\\n\\n                     \info: EVENT object cb109bb6-e00d-4d1e-88f9-d77e3396d29e \\n                     \demise\\n\\n                     \info: Fragment cb109bb6-e00d-4d1e-88f9-d77e3396d29e \\n                     \reached end of life because uncritical.\\n\\n                     \info: Object cb109bb6-e00d-4d1e-88f9-d77e3396d29e \\n                     \reached end of life.\\n\\n                     \info: ObjectTrajectory Written: \\n                     \PySara.SOLAR_PANEL_+X.cb109bb6-e00d-4d1e-88f9-d77e3396d29e_Trajectory.txt\\n\\n                     \info: GnuPlotGeneration::GenerateSingleObjectScript \\n                     \Wrote \\n                     \PySara.SOLAR_PANEL_+X.cb109bb6-e00d-4d1e-88f9-d77e3396d29e.gnu\\n\\n                     \info: AeroThermalHistory Written: \\n                     \PySara.SOLAR_PANEL_+X.cb109bb6-e00d-4d1e-88f9-d77e3396d29e_AeroThermalHistory.txt\\n\\n                     \info: EVENT end cb109bb6-e00d-4d1e-88f9-d77e3396d29e \\n                     \0.000000\\n\\n                     \info: Adding 0 new fragments to fragmentList.\\n\\n                     \info: Starting propagation of Fragment with uniqueID \\n                     \14293697-d071-44f0-a193-a06ad36408cf.\\n\\n                     \info: EVENT area 14293697-d071-44f0-a193-a06ad36408cf \\n                     \0.005200\\n\\n                     \info: EVENT start 14293697-d071-44f0-a193-a06ad36408cf \\n                     \0.008330 0.005200 2024-12-25T06:53:57\\n\\n                     \info: Object 14293697-d071-44f0-a193-a06ad36408cf \\n                     \demised.\\n\\n                     \info: EVENT object 14293697-d071-44f0-a193-a06ad36408cf \\n                     \demise\\n\\n                     \info: Fragment 14293697-d071-44f0-a193-a06ad36408cf \\n                     \reached end of life because uncritical.\\n\\n                     \info: Object 14293697-d071-44f0-a193-a06ad36408cf \\n                     \reached end of life.\\n\\n                     \info: ObjectTrajectory Written: \\n                     \PySara.SOLAR_PANEL_-X.14293697-d071-44f0-a193-a06ad36408cf_Trajectory.txt\\n\\n                     \info: GnuPlotGeneration::GenerateSingleObjectScript \\n                     \Wrote \\n                     \PySara.SOLAR_PANEL_-X.14293697-d071-44f0-a193-a06ad36408cf.gnu\\n\\n                     \info: AeroThermalHistory Written: \\n                     \PySara.SOLAR_PANEL_-X.14293697-d071-44f0-a193-a06ad36408cf_AeroThermalHistory.txt\\n\\n                     \info: EVENT end 14293697-d071-44f0-a193-a06ad36408cf \\n                     \0.000000\\n\\n                     \info: Adding 0 new fragments to fragmentList.\\n\\n                     \info: Starting propagation of Fragment with uniqueID \\n                     \909d6c11-5860-4faf-95ad-9caca83cbaab.\\n\\n                     \info: EVENT area 909d6c11-5860-4faf-95ad-9caca83cbaab \\n                     \0.005200\\n\\n                     \info: EVENT start 909d6c11-5860-4faf-95ad-9caca83cbaab \\n                     \0.008330 0.005200 2024-12-25T06:53:57\\n\\n                     \info: Object 909d6c11-5860-4faf-95ad-9caca83cbaab \\n                     \demised.\\n\\n                     \info: EVENT object 909d6c11-5860-4faf-95ad-9caca83cbaab \\n                     \demise\\n\\n                     \info: Fragment 909d6c11-5860-4faf-95ad-9caca83cbaab \\n                     \reached end of life because uncritical.\\n\\n                     \info: Object 909d6c11-5860-4faf-95ad-9caca83cbaab \\n                     \reached end of life.\\n\\n                     \info: ObjectTrajectory Written: \\n                     \PySara.SOLAR_PANEL+Y.909d6c11-5860-4faf-95ad-9caca83cbaab_Trajectory.txt\\n\\n                     \info: GnuPlotGeneration::GenerateSingleObjectScript \\n                     \Wrote \\n                     \PySara.SOLAR_PANEL+Y.909d6c11-5860-4faf-95ad-9caca83cbaab.gnu\\n\\n                     \info: AeroThermalHistory Written: \\n                     \PySara.SOLAR_PANEL+Y.909d6c11-5860-4faf-95ad-9caca83cbaab_AeroThermalHistory.txt\\n\\n                     \info: EVENT end 909d6c11-5860-4faf-95ad-9caca83cbaab \\n                     \0.000000\\n\\n                     \info: Adding 0 new fragments to fragmentList.\\n\\n                     \info: Starting propagation of Fragment with uniqueID \\n                     \977a7ad8-0dc4-41a0-8565-8459b641d630.\\n\\n                     \info: EVENT area 977a7ad8-0dc4-41a0-8565-8459b641d630 \\n                     \0.000100\\n\\n                     \info: EVENT start 977a7ad8-0dc4-41a0-8565-8459b641d630 \\n                     \0.008330 0.000100 2024-12-25T06:53:57\\n\\n                     \error: GetLinear x is not a valid number in \\n                     \Interpolation::GetLinear()\\n\\n                     \fatal: Out of range exception in GetLinear in \\n                     \CalculateParameter for property emissivity: \\n                     \std::exception\\n\,\n  \reentry_output\: b\#_______________________________________________________\\n                    b\________________________\\n#    ######   ####     ##      \\n                    b\       #####   #####     ##    #    #    ##\\n#    #      \\n                    b\ #        #  #            #    #  #    #   #  #   ##  ##\\n                    b\   #  #\\n#    #####    ####   ######           #    #  ##\\n                    b\###   ######  # ## #  ######\\n#    #            #  #    #\\n                    b\           #    #  #    #  #    #  #    #  #    #\\n#____#\\n                    b\#####__#####___#____#___________#####___#____#__#____#__\\n                    b\#____#__#____#____\\n#\\n#               ESA Debris Risk\\n                    b\ Assessment and Mitigation Analysis\\n#\\n#   ---- DRAMA\\n                    b\ ( SESAM 2.3.0 ( built Mar 17 2026 16:55:01) ) ----\\n#   \\n                    b\                                   ESA 2022\\n#\\n#     \\n                    b\                   execution log file -sesam.log-\\n#     \\n                    b\              run date+time: Tue Aug  4 20:20:36 2026\\nin\\n                    b\fo: Starting Sesam\\ninfo: SESAM module initialising\\ni\\n                    b\nfo: Using voxelator cache dir: F:\\\\Survival_analysis of \\n                    b\satellite re entry\\\\linear_cubesat\\\\data\\nwarning: oxid\\n                    b\eReactionProbability for drama-AA7075 < 1.0E-5 or not fo\\n                    b\und. Continuing without oxidation for this material.\\nwar\\n                    b\ning: oxideReactionProbability for drama-A316 < 1.0E-5 o\\n                    b\r not found. Continuing without oxidation for this mater\\n                    b\ial.\\nwarning: oxideReactionProbability for drama-A316_Se\\n                    b\mi-Empirical < 1.0E-5 or not found. Continuing without o\\n                    b\xidation for this material.\\nwarning: oxideReactionProbab\\n                    b\ility for drama-BatCell-ABSL < 1.0E-5 or not found. Cont\\n                    b\inuing without oxidation for this material.\\nwarning: oxi\\n                    b\deReactionProbability for drama-Bat-Li < 1.0E-5 or not f\\n                    b\ound. Continuing without oxidation for this material.\\nwa\\n                    b\rning: oxideReactionProbability for drama-Bat-NiCd < 1.0\\n                    b\E-5 or not found. Continuing without oxidation for this \\n                    b\material.\\nwarning: oxideReactionProbability for drama-Be\\n                    b\ryllium < 1.0E-5 or not found. Continuing without oxidat\\n                    b\ion for this material.\\nwarning: oxideReactionProbability\\n                    b\ for drama-Carbon-Carbon < 1.0E-5 or not found. Continui\\n                    b\ng without oxidation for this material.\\nwarning: oxideRe\\n                    b\actionProbability for drama-Copper < 1.0E-5 or not found\\n                    b\. Continuing without oxidation for this material.\\nwarnin\\n                    b\g: oxideReactionProbability for drama-El-Mat < 1.0E-5 or\\n                    b\ not found. Continuing without oxidation for this materi\\n                    b\al.\\nwarning: oxideReactionProbability for drama-FusedSil\\n                    b\icaProxy < 1.0E-5 or not found. Continuing without oxida\\n                    b\tion for this material.\\nwarning: oxideReactionProbabilit\\n                    b\y for drama-GFRPProxy < 1.0E-5 or not found. Continuing \\n                    b\without oxidation for this material.\\nwarning: oxideReact\\n                    b\ionProbability for drama-Haynes25Thick < 1.0E-5 or not f\\n                    b\ound. Continuing without oxidation for this material.\\nwa\\n                    b\rning: oxideReactionProbability for drama-Haynes25Thin <\\n                    b\ 1.0E-5 or not found. Continuing without oxidation for t\\n                    b\his material.\\nwarning: oxideReactionProbability for dram\\n                    b\a-HC-AA7075 < 1.0E-5 or not found. Continuing without ox\\n                    b\idation for this material.\\nwarning: oxideReactionProbabi\\n                    b\lity for drama-HC-CFRP-4ply < 1.0E-5 or not found. Conti\\n                    b\nuing without oxidation for this material.\\nwarning: oxid\\n                    b\eReactionProbability for drama-HC-CFRP-8ply < 1.0E-5 or \\n                    b\not found. Continuing without oxidation for this materia\\n                    b\l.\\nwarning: oxideReactionProbability for drama-HiperCo <\\n                    b\ 1.0E-5 or not found. Continuing without oxidation for t\\n                    b\his material.\\nwarning: oxideReactionProbability for dram\\n                    b\a-Inconel718 < 1.0E-5 or not found. Continuing without o\\n                    b\xidation for this material.\\nwarning: oxideReactionProbab\\n                    b\ility for drama-Inermet < 1.0E-5 or not found. Continuin\\n                    b\g without oxidation for this material.\\nwarning: oxideRea\\n                    b\ctionProbability for drama-Invar < 1.0E-5 or not found. \\n                    b\Continuing without oxidation for this material.\\nwarning:\\n                    b\ oxideReactionProbability for drama-Iron < 1.0E-5 or not\\n                    b\ found. Continuing without oxidation for this material.\\n\\n                    b\warning: oxideReactionProbability for drama-Molybdenum <\\n                    b\ 1.0E-5 or not found. Continuing without oxidation for t\\n                    b\his material.\\nwarning: oxideReactionProbability for dram\\n                    b\a-SiC < 1.0E-5 or not found. Continuing without oxidatio\\n                    b\n for this material.\\nwarning: oxideReactionProbability f\\n                    b\or drama-SolarPanel-Mat < 1.0E-5 or not found. Continuin\\n                    b\g without oxidation for this material.\\nwarning: oxideRea\\n                    b\ctionProbability for drama-TiAl6v4 < 1.0E-5 or not found\\n                    b\. Continuing without oxidation for this material.\\nwarnin\\n                    b\g: oxideReactionProbability for drama-TiAl6v4_Semi-Empir\\n                    b\ical < 1.0E-5 or not found. Continuing without oxidation\\n                    b\ for this material.\\nwarning: oxideReactionProbability fo\\n                    b\r drama-Tungsten < 1.0E-5 or not found. Continuing witho\\n                    b\ut oxidation for this material.\\nwarning: oxideReactionPr\\n                    b\obability for drama-ZerodurProxy < 1.0E-5 or not found. \\n                    b\Continuing without oxidation for this material.\\ninfo: Fr\\n                    b\agment satelliteOne initializing\\ninfo: Creation of objec\\n                    b\t list\\ninfo: Creating Object with UniqueID: 641385a0-5f8\\n                    b\3-450a-a820-eea5ec3721e1\\ninfo: Opening netCDF file F\\n                    b\:\\\\TOOLS\\\\SARA\\\\REENTRY/data/ATDB_BOX.nc for reading DO\\n                    b\NE.\\ninfo: Using ATDB for BOX created with SAM on 2020030\\n                    b\6 from data created by Belstead Research Limited.\\ninfo: \\n                    b"Included new object \Structure\ to fragment list\\ninfo: C"\n                    b\reating Object with UniqueID: be7c5bf2-c0a2-44f3-bb33-d9\\n                    b\0404150716\\ninfo: Opening netCDF file F:\\\\TOOLS\\\\SARA\\\\R\\n                    b\EENTRY/data/ATDB_CYLINDER.nc for reading DONE.\\ninfo: Usi\\n                    b\ng ATDB for CYLINDER created with ATDB_converter r1933 o\\n                    b\n 20190411 from data created by Hyperschall Technologie \\n                    b"G\\xc3\\xb6ttingen GmbH.\\ninfo: Included new object \Ante"\n                    b"nna\ to fragment list\\ninfo: Creating Object with UniqueI"\n                    b\D: 7cd7767b-ebe1-4361-a403-3e94664c9816\\ninfo: Included n\\n                    b"ew object \ADCS\ to fragment list\\ninfo: Creating Object "\n                    b\with UniqueID: 7cf9a9a5-596a-4c61-8c9d-53a4c37759a8\\ninfo\\n                    b": Included new object \EPS\ to fragment list\\ninfo: Creat"\n                    b\ing Object with UniqueID: b4eebe26-0f45-4dee-903e-d1fdc9\\n                    b"3bd52e\\ninfo: Included new object \OBC\ to fragment l"\n                    b\ist\\ninfo: Creating Object with UniqueID: f03116e5-b2c9-4\\n                    b"716-881e-afee90665229\\ninfo: Included new object \COMM\ t"\n                    b\o fragment list\\ninfo: Creating Object with UniqueID: b51\\n                    b\424f8-fd76-4e5f-9316-42778b83ca39\\ninfo: Included new obj\\n                    b"ect \PAYLOAD\ to fragment list\\ninfo: Creating Object wit"\n                    b\h UniqueID: cb109bb6-e00d-4d1e-88f9-d77e3396d29e\\ninfo: I\\n                    b"ncluded new object \SOLAR PANEL +X\ to fragment list\\ninf"\n                    b\o: Creating Object with UniqueID: 14293697-d071-44f0-a19\\n                    b"3-a06ad36408cf\\ninfo: Included new object \SOLAR PANEL -X"\n                    b"\ to fragment list\\ninfo: Creating Object with UniqueID: "\n                    b\909d6c11-5860-4faf-95ad-9caca83cbaab\\ninfo: Included new \\n                    b"object \SOLAR PANEL+Y\ to fragment list\\ninfo: Creating O"\n                    b\bject with UniqueID: 977a7ad8-0dc4-41a0-8565-8459b641d63\\n                    b"0\\ninfo: Included new object \SOLAR PANEL-Y\ to fragment "\n                    b\list\\ninfo: Creating Object with UniqueID: 848e52c9-2076-\\n                    b"4c7c-8aff-e4e7354094ec\\ninfo: Included new object \SOLAR "\n                    b"PANEL +Z\ to fragment list\\ninfo: Creating Object with Un"\n                    b\iqueID: 8bc30e9f-23da-4053-94d7-a85ea5a2183e\\ninfo: Inclu\\n                    b"ded new object \SOLAR PANEL -Z\ to fragment list\\ninfo: H"\n                    b\andling of inclusions\\ninfo: inclusion with parent ID: 64\\n                    b\1385a0-5f83-450a-a820-eea5ec3721e1\\ninfo: childID: be7c5b\\n                    b\f2-c0a2-44f3-bb33-d90404150716\\ninfo: childID: 7cd7767b-e\\n                    b\be1-4361-a403-3e94664c9816\\ninfo: childID: 7cf9a9a5-596a-\\n                    b\4c61-8c9d-53a4c37759a8\\ninfo: childID: b4eebe26-0f45-4dee\\n                    b\-903e-d1fdc93bd52e\\ninfo: childID: f03116e5-b2c9-4716-881\\n                    b\e-afee90665229\\ninfo: childID: b51424f8-fd76-4e5f-9316-42\\n                    b\778b83ca39\\ninfo: childID: cb109bb6-e00d-4d1e-88f9-d77e33\\n                    b\96d29e\\ninfo: childID: 14293697-d071-44f0-a193-a06ad36408\\n                    b\cf\\ninfo: childID: 909d6c11-5860-4faf-95ad-9caca83cba\\n                    b\ab\\ninfo: childID: 977a7ad8-0dc4-41a0-8565-8459b641d6\\n                    b\30\\ninfo: childID: 848e52c9-2076-4c7c-8aff-e4e7354094\\n                    b\ec\\ninfo: childID: 8bc30e9f-23da-4053-94d7-a85ea5a218\\n                    b\3e\\ninfo: Setting-up break-up triggers\\ninfo: Handling\\n                    b\ of connections\\ninfo: Using spacecraft mass calculated f\\n                    b\rom objects hierarchy: 0.919650\\ninfo: Testing for altitu\\n                    b\de above149km with input State: system= 232132
epoch= 2\\n                    b\024-08-01T12:00:00
elements= 6783.997502
0.001520
51.\\n                    b\646167
184.583226
16.277857
343.574890\\ninfo: Initial \\n                    b\altitude above 149.000000km. Propagating with oscar.\\ninf\\n                    b\o: starting CstateConvertToOscar with input State: syste\\n                    b\m= 232132
epoch= 2024-08-01T12:00:00
elements= 6783.99\\n                    b\7502
0.001520
51.646167
184.583226
16.277857
343.57\\n                    b\4890\\ninfo: starting PropagateWithOscar with input State:\\n                    b\ system= 231831
epoch= 2024-08-01T12:00:00
elements= 6\\n                    b\777.998641
0.000743
51.605942
183.722939
35.329051
\\n                    b\324.926808\\ninfo: using fragment mass of 0.919650\\ninf\\n                    b\o: Propagation ended with State: system= 231831
epoch= \\n                    b\2024-12-25T06:26:31
elements= 6497.309000
0.000128
51\\n                    b\.577140
155.970980
103.018970
208.135370\\ninfo: Testin\\n                    b\g for altitude above149km with input State: system= 2318\\n                    b\31
epoch= 2024-12-25T06:26:31
elements= 6497.309000
0\\n                    b\.000128
51.577140
155.970980
103.018970
208.135370\\ni\\n                    b\nfo: starting CstateConvertToHtgSesam with input State: \\n                    b\system= 231831
epoch= 2024-12-25T06:26:31
elements= 64\\n                    b\97.309000
0.000128
51.577140
155.970980
103.018970
\\n                    b\208.135370\\ninfo: Passing geodetic state below 149.000000\\n                    b\km to sesam: State: system= 235102
epoch= 2024-12-25T06\\n                    b\:26:31
elements= 126.495950
-36.536165
-69.663979
7.\\n                    b\540607
-0.103179
41.068362\\ninfo: Using static environm\\n                    b\ent from CSV file F:\\\\TOOLS\\\\SARA\\\\REENTRY/data/StaticE\\n                    b\nvironmentData.csv.\\ninfo: SESAM initialisation DONE.\\n                    b\\\ninfo: SESAM propagation started\\ninfo: Starting prop\\n                    b\agation of Fragment with uniqueID 641385a0-5f83-450a-a82\\n                    b\0-eea5ec3721e1.\\ninfo: EVENT area 641385a0-5f83-450a-a820\\n                    b\-eea5ec3721e1 0.015000\\ninfo: EVENT start 641385a0-5f83-4\\n                    b\50a-a820-eea5ec3721e1 0.919650 0.015000 2024-12-25T06:26\\n                    b\:31\\ninfo: Object 641385a0-5f83-450a-a820-eea5ec3721e1 de\\n                    b\mised.\\ninfo: EVENT object 641385a0-5f83-450a-a820-eea5ec\\n                    b\3721e1 demise\\ninfo: Object 641385a0-5f83-450a-a820-eea5e\\n                    b\c3721e1 reached end of life.\\ninfo: ObjectTrajectory Writ\\n                    b\ten: PySara.Structure.641385a0-5f83-450a-a820-eea5ec3721\\n                    b\e1_Trajectory.txt\\ninfo: GnuPlotGeneration::GenerateSingl\\n                    b\eObjectScript Wrote PySara.Structure.641385a0-5f83-450a-\\n                    b\a820-eea5ec3721e1.gnu\\ninfo: AeroThermalHistory Written: \\n                    b\PySara.Structure.641385a0-5f83-450a-a820-eea5ec3721e1_Ae\\n                    b\roThermalHistory.txt\\ninfo: EVENT end 641385a0-5f83-450a-\\n                    b\a820-eea5ec3721e1 0.708450\\ninfo: Adding 12 new fragments\\n                    b\ to fragmentList.\\ninfo: Starting propagation of Fragment\\n                    b\ with uniqueID be7c5bf2-c0a2-44f3-bb33-d90404150716.\\ninf\\n                    b\o: EVENT area be7c5bf2-c0a2-44f3-bb33-d90404150716 0.000\\n                    b\363\\ninfo: EVENT start be7c5bf2-c0a2-44f3-bb33-d904041507\\n                    b\16 0.089000 0.000363 2024-12-25T06:53:57\\ninfo: Object be\\n                    b\7c5bf2-c0a2-44f3-bb33-d90404150716 demised.\\ninfo: EVENT \\n                    b\object be7c5bf2-c0a2-44f3-bb33-d90404150716 demise\\ninfo:\\n                    b\ Fragment be7c5bf2-c0a2-44f3-bb33-d90404150716 reached e\\n                    b\nd of life because uncritical.\\ninfo: Object be7c5bf2-c0a\\n                    b\2-44f3-bb33-d90404150716 reached end of life.\\ninfo: Obje\\n                    b\ctTrajectory Written: PySara.Antenna.be7c5bf2-c0a2-44f3-\\n                    b\bb33-d90404150716_Trajectory.txt\\ninfo: GnuPlotGeneration\\n                    b\::GenerateSingleObjectScript Wrote PySara.Antenna.be7c5b\\n                    b\f2-c0a2-44f3-bb33-d90404150716.gnu\\ninfo: AeroThermalHist\\n                    b\ory Written: PySara.Antenna.be7c5bf2-c0a2-44f3-bb33-d904\\n                    b\04150716_AeroThermalHistory.txt\\ninfo: EVENT end be7c5bf2\\n                    b\-c0a2-44f3-bb33-d90404150716 0.000000\\ninfo: Adding 0 new\\n                    b\ fragments to fragmentList.\\ninfo: Starting propagation o\\n                    b\f Fragment with uniqueID 7cd7767b-ebe1-4361-a403-3e94664\\n                    b\c9816.\\ninfo: EVENT area 7cd7767b-ebe1-4361-a403-3e94664c\\n                    b\9816 0.005733\\ninfo: EVENT start 7cd7767b-ebe1-4361-a403-\\n                    b\3e94664c9816 0.196000 0.005733 2024-12-25T06:53:57\\ninfo:\\n                    b\ Object 7cd7767b-ebe1-4361-a403-3e94664c9816 demised.\\nin\\n                    b\fo: EVENT object 7cd7767b-ebe1-4361-a403-3e94664c9816 de\\n                    b\mise\\ninfo: Fragment 7cd7767b-ebe1-4361-a403-3e94664c9816\\n                    b\ reached end of life because uncritical.\\ninfo: Object 7c\\n                    b\d7767b-ebe1-4361-a403-3e94664c9816 reached end of life.\\n\\n                    b\info: ObjectTrajectory Written: PySara.ADCS.7cd7767b-ebe\\n                    b\1-4361-a403-3e94664c9816_Trajectory.txt\\ninfo: GnuPlotGen\\n                    b\eration::GenerateSingleObjectScript Wrote PySara.ADCS.7c\\n                    b\d7767b-ebe1-4361-a403-3e94664c9816.gnu\\ninfo: AeroThermal\\n                    b\History Written: PySara.ADCS.7cd7767b-ebe1-4361-a403-3e9\\n                    b\4664c9816_AeroThermalHistory.txt\\ninfo: EVENT end 7cd7767\\n                    b\b-ebe1-4361-a403-3e94664c9816 0.000000\\ninfo: Adding 0 ne\\n                    b\w fragments to fragmentList.\\ninfo: Starting propagation \\n                    b\of Fragment with uniqueID 7cf9a9a5-596a-4c61-8c9d-53a4c3\\n                    b\7759a8.\\ninfo: EVENT area 7cf9a9a5-596a-4c61-8c9d-53a4c37\\n                    b\759a8 0.004779\\ninfo: EVENT start 7cf9a9a5-596a-4c61-8c9d\\n                    b\-53a4c37759a8 0.050000 0.004779 2024-12-25T06:53:57\\ninfo\\n                    b\: Object 7cf9a9a5-596a-4c61-8c9d-53a4c37759a8 demised.\\ni\\n                    b\nfo: EVENT object 7cf9a9a5-596a-4c61-8c9d-53a4c37759a8 d\\n                    b\emise\\ninfo: Fragment 7cf9a9a5-596a-4c61-8c9d-53a4c37759a\\n                    b\8 reached end of life because uncritical.\\ninfo: Object 7\\n                    b\cf9a9a5-596a-4c61-8c9d-53a4c37759a8 reached end of life.\\n                    b\\\ninfo: ObjectTrajectory Written: PySara.EPS.7cf9a9a5-596\\n                    b\a-4c61-8c9d-53a4c37759a8_Trajectory.txt\\ninfo: GnuPlotGen\\n                    b\eration::GenerateSingleObjectScript Wrote PySara.EPS.7cf\\n                    b\9a9a5-596a-4c61-8c9d-53a4c37759a8.gnu\\ninfo: AeroThermalH\\n                    b\istory Written: PySara.EPS.7cf9a9a5-596a-4c61-8c9d-53a4c\\n                    b\37759a8_AeroThermalHistory.txt\\ninfo: EVENT end 7cf9a9a5-\\n                    b\596a-4c61-8c9d-53a4c37759a8 0.000000\\ninfo: Adding 0 new \\n                    b\fragments to fragmentList.\\ninfo: Starting propagation of\\n                    b\ Fragment with uniqueID b4eebe26-0f45-4dee-903e-d1fdc93b\\n                    b\d52e.\\ninfo: EVENT area b4eebe26-0f45-4dee-903e-d1fdc93bd\\n                    b\52e 0.005440\\ninfo: EVENT start b4eebe26-0f45-4dee-903e-d\\n                    b\1fdc93bd52e 0.094000 0.005440 2024-12-25T06:53:57\\ninfo: \\n                    b\Object b4eebe26-0f45-4dee-903e-d1fdc93bd52e demised.\\ninf\\n                    b\o: EVENT object b4eebe26-0f45-4dee-903e-d1fdc93bd52e dem\\n                    b\ise\\ninfo: Fragment b4eebe26-0f45-4dee-903e-d1fdc93bd52e \\n                    b\reached end of life because uncritical.\\ninfo: Object b4e\\n                    b\ebe26-0f45-4dee-903e-d1fdc93bd52e reached end of life.\\ni\\n                    b\nfo: ObjectTrajectory Written: PySara.OBC.b4eebe26-0f45-\\n                    b\4dee-903e-d1fdc93bd52e_Trajectory.txt\\ninfo: GnuPlotGener\\n                    b\ation::GenerateSingleObjectScript Wrote PySara.OBC.b4eeb\\n                    b\e26-0f45-4dee-903e-d1fdc93bd52e.gnu\\ninfo: AeroThermalHis\\n                    b\tory Written: PySara.OBC.b4eebe26-0f45-4dee-903e-d1fdc93\\n                    b\bd52e_AeroThermalHistory.txt\\ninfo: EVENT end b4eebe26-0f\\n                    b\45-4dee-903e-d1fdc93bd52e 0.000000\\ninfo: Adding 0 new fr\\n                    b\agments to fragmentList.\\ninfo: Starting propagation of F\\n                    b\ragment with uniqueID f03116e5-b2c9-4716-881e-afee906652\\n                    b\29.\\ninfo: EVENT area f03116e5-b2c9-4716-881e-afee9066522\\n                    b\9 0.005013\\ninfo: EVENT start f03116e5-b2c9-4716-881e-afe\\n                    b\e90665229 0.094000 0.005013 2024-12-25T06:53:57\\ninfo: Ob\\n                    b\ject f03116e5-b2c9-4716-881e-afee90665229 demised.\\ninfo:\\n                    b\ EVENT object f03116e5-b2c9-4716-881e-afee90665229 demis\\n                    b\e\\ninfo: Fragment f03116e5-b2c9-4716-881e-afee90665229 re\\n                    b\ached end of life because uncritical.\\ninfo: Object f0311\\n                    b\6e5-b2c9-4716-881e-afee90665229 reached end of life.\\ninf\\n                    b\o: ObjectTrajectory Written: PySara.COMM.f03116e5-b2c9-4\\n                    b\716-881e-afee90665229_Trajectory.txt\\ninfo: GnuPlotGenera\\n                    b\tion::GenerateSingleObjectScript Wrote PySara.COMM.f0311\\n                    b\6e5-b2c9-4716-881e-afee90665229.gnu\\ninfo: AeroThermalHis\\n                    b\tory Written: PySara.COMM.f03116e5-b2c9-4716-881e-afee90\\n                    b\665229_AeroThermalHistory.txt\\ninfo: EVENT end f03116e5-b\\n                    b\2c9-4716-881e-afee90665229 0.000000\\ninfo: Adding 0 new f\\n                    b\ragments to fragmentList.\\ninfo: Starting propagation of \\n                    b\Fragment with uniqueID b51424f8-fd76-4e5f-9316-42778b83c\\n                    b\a39.\\ninfo: EVENT area b51424f8-fd76-4e5f-9316-42778b83ca\\n                    b\39 0.007461\\ninfo: EVENT start b51424f8-fd76-4e5f-9316-42\\n                    b\778b83ca39 0.135500 0.007461 2024-12-25T06:53:57\\nwarning\\n                    b\: The altitude is below the lowest value in the data. Th\\n                    b\erefore
the lowest altitude for which data are given is\\n                    b\ used (altitude = 0.000000 m).\\nThis message is shown onl\\n                    b\y once.\\ninfo: Fragment b51424f8-fd76-4e5f-9316-42778b83c\\n                    b\a39 reached end of life because of ground impact.\\ninfo: \\n                    b\Object b51424f8-fd76-4e5f-9316-42778b83ca39 reached end \\n                    b\of life.\\ninfo: EVENT fragment b51424f8-fd76-4e5f-9316-42\\n                    b\778b83ca39 impact\\ninfo: ObjectTrajectory Written: PySara\\n                    b\.PAYLOAD.b51424f8-fd76-4e5f-9316-42778b83ca39_Trajectory\\n                    b\.txt\\ninfo: GnuPlotGeneration::GenerateSingleObjectScript\\n                    b\ Wrote PySara.PAYLOAD.b51424f8-fd76-4e5f-9316-42778b83ca\\n                    b\39.gnu\\ninfo: AeroThermalHistory Written: PySara.PAYLOAD.\\n                    b\b51424f8-fd76-4e5f-9316-42778b83ca39_AeroThermalHistory.\\n                    b\txt\\ninfo: EVENT end b51424f8-fd76-4e5f-9316-42778b83ca39\\n                    b\ 0.135500\\ninfo: Adding 0 new fragments to fragmentLi\\n                    b\st.\\ninfo: Starting propagation of Fragment with uniqueID\\n                    b\ cb109bb6-e00d-4d1e-88f9-d77e3396d29e.\\ninfo: EVENT area \\n                    b\cb109bb6-e00d-4d1e-88f9-d77e3396d29e 0.005200\\ninfo: EVEN\\n                    b\T start cb109bb6-e00d-4d1e-88f9-d77e3396d29e 0.008330 0.\\n                    b\005200 2024-12-25T06:53:57\\ninfo: Object cb109bb6-e00d-4d\\n                    b\1e-88f9-d77e3396d29e demised.\\ninfo: EVENT object cb109bb\\n                    b\6-e00d-4d1e-88f9-d77e3396d29e demise\\ninfo: Fragment cb10\\n                    b\9bb6-e00d-4d1e-88f9-d77e3396d29e reached end of life bec\\n                    b\ause uncritical.\\ninfo: Object cb109bb6-e00d-4d1e-88f9-d7\\n                    b\7e3396d29e reached end of life.\\ninfo: ObjectTrajectory W\\n                    b\ritten: PySara.SOLAR_PANEL_+X.cb109bb6-e00d-4d1e-88f9-d7\\n                    b\7e3396d29e_Trajectory.txt\\ninfo: GnuPlotGeneration::Gener\\n                    b\ateSingleObjectScript Wrote PySara.SOLAR_PANEL_+X.cb109b\\n                    b\b6-e00d-4d1e-88f9-d77e3396d29e.gnu\\ninfo: AeroThermalHist\\n                    b\ory Written: PySara.SOLAR_PANEL_+X.cb109bb6-e00d-4d1e-88\\n                    b\f9-d77e3396d29e_AeroThermalHistory.txt\\ninfo: EVENT end c\\n                    b\b109bb6-e00d-4d1e-88f9-d77e3396d29e 0.000000\\ninfo: Addin\\n                    b\g 0 new fragments to fragmentList.\\ninfo: Starting propag\\n                    b\ation of Fragment with uniqueID 14293697-d071-44f0-a193-\\n                    b\a06ad36408cf.\\ninfo: EVENT area 14293697-d071-44f0-a193-a\\n                    b\06ad36408cf 0.005200\\ninfo: EVENT start 14293697-d071-44f\\n                    b\0-a193-a06ad36408cf 0.008330 0.005200 2024-12-25T06:53:5\\n                    b\7\\ninfo: Object 14293697-d071-44f0-a193-a06ad36408cf demi\\n                    b\sed.\\ninfo: EVENT object 14293697-d071-44f0-a193-a06ad364\\n                    b\08cf demise\\ninfo: Fragment 14293697-d071-44f0-a193-a06ad\\n                    b\36408cf reached end of life because uncritical.\\ninfo: Ob\\n                    b\ject 14293697-d071-44f0-a193-a06ad36408cf reached end of\\n                    b\ life.\\ninfo: ObjectTrajectory Written: PySara.SOLAR_PANE\\n                    b\L_-X.14293697-d071-44f0-a193-a06ad36408cf_Trajectory.txt\\n                    b\\\ninfo: GnuPlotGeneration::GenerateSingleObjectScript Wro\\n                    b\te PySara.SOLAR_PANEL_-X.14293697-d071-44f0-a193-a06ad36\\n                    b\408cf.gnu\\ninfo: AeroThermalHistory Written: PySara.SOLAR\\n                    b\_PANEL_-X.14293697-d071-44f0-a193-a06ad36408cf_AeroTherm\\n                    b\alHistory.txt\\ninfo: EVENT end 14293697-d071-44f0-a193-a0\\n                    b\6ad36408cf 0.000000\\ninfo: Adding 0 new fragments to frag\\n                    b\mentList.\\ninfo: Starting propagation of Fragment with un\\n                    b\iqueID 909d6c11-5860-4faf-95ad-9caca83cbaab.\\ninfo: EVENT\\n                    b\ area 909d6c11-5860-4faf-95ad-9caca83cbaab 0.005200\\ninfo\\n                    b\: EVENT start 909d6c11-5860-4faf-95ad-9caca83cbaab 0.008\\n                    b\330 0.005200 2024-12-25T06:53:57\\ninfo: Object 909d6c11-5\\n                    b\860-4faf-95ad-9caca83cbaab demised.\\ninfo: EVENT object 9\\n                    b\09d6c11-5860-4faf-95ad-9caca83cbaab demise\\ninfo: Fragmen\\n                    b\t 909d6c11-5860-4faf-95ad-9caca83cbaab reached end of li\\n                    b\fe because uncritical.\\ninfo: Object 909d6c11-5860-4faf-9\\n                    b\5ad-9caca83cbaab reached end of life.\\ninfo: ObjectTrajec\\n                    b\tory Written: PySara.SOLAR_PANEL+Y.909d6c11-5860-4faf-95\\n                    b\ad-9caca83cbaab_Trajectory.txt\\ninfo: GnuPlotGeneration::\\n                    b\GenerateSingleObjectScript Wrote PySara.SOLAR_PANEL+Y.90\\n                    b\9d6c11-5860-4faf-95ad-9caca83cbaab.gnu\\ninfo: AeroThermal\\n                    b\History Written: PySara.SOLAR_PANEL+Y.909d6c11-5860-4faf\\n                    b\-95ad-9caca83cbaab_AeroThermalHistory.txt\\ninfo: EVENT en\\n                    b\d 909d6c11-5860-4faf-95ad-9caca83cbaab 0.000000\\ninfo: Ad\\n                    b\ding 0 new fragments to fragmentList.\\ninfo: Starting pro\\n                    b\pagation of Fragment with uniqueID 977a7ad8-0dc4-41a0-85\\n                    b\65-8459b641d630.\\ninfo: EVENT area 977a7ad8-0dc4-41a0-856\\n                    b\5-8459b641d630 0.000100\\ninfo: EVENT start 977a7ad8-0dc4-\\n                    b\41a0-8565-8459b641d630 0.008330 0.000100 2024-12-25T06:5\\n                    b\3:57\\nerror: GetLinear x is not a valid number in Interpo\\n                    b\lation::GetLinear()\\nfatal: Out of range exception in Get\\n                    b\Linear in CalculateParameter for property emissivity: st\\n                    b\d::exception\,\n  \risk_logfile\: \not running risk\,\n  \risk_output\: b\not running risk\,\n  \status\: \error in reentry\}
2026-08-04 20:20:53,488 - ERROR - dmf.processes.SaraProcess - Finished sara 7b5451a1-0006-4a56-897a-9e05b72ff1e7 with errors
2026-08-04 20:20:53,545 - ERROR - dmf.processes.SaraProcess - {\config\: {\ap\: 8,\n             \assumedCrossSection\: 0.01,\n             \atmosphericModel\: \_\,\n             \attack\: 0,\n             \attitude\: \tumbling\,\n             \bank\: 0,\n             \beginDate\: datetime.datetime(2024
8
1
12
0
tzinfo=tzutc()),\n             \casualtyThreshold\: 15,\n             \comment1\: \Satellite: 1U linear cubesat\,\n             \comment2\: \Mission Phase: Re entry\,\n             \connections\: ,\n             \coordinateSystem\: \keplerian\,\n             \dataPath\: \_\,\n             \densityScalingFactor\: 1,\n             \dragCoefficient\: 2.2,\n             \dynamicEnvironment\: True,\n             \element1\: 6783.997502133014,\n             \element2\: 0.0015200926977148638,\n             \element3\: 51.6461671596427,\n             \element4\: 184.58322579867965,\n             \element5\: 16.27785652829764,\n             \element6\: 343.574890464684,\n             \energyThreshold\: 15,\n             \environmentCSV\: \data/environment.csv\,\n             \f107a\: 170,\n             \fragments\: {\crossSectionArea\: 0.7671528486698371,\n                            \epoch\: \2016-01-01T12:10:30.999Z\,\n                            \isFloating\: False,\n                            \latitude\: 0.0093382532381921,\n                            \longitude\: 14.790803750900944,\n                            \mass\: 2.2632022361761943,\n                            \name\: \fragment_0\,\n                            \objects\: {\uniqueID\: \979a2b11-8171-4e88-926f-49c693fbc998\},\n                            \quantity\: 10,\n                            \shape\: \connected\,\n                            \uniqueID\: \1ae4ab69-8c4c-423b-99fd-621fef349c21\,\n                            \velocity\: 9.599778331139706},\n             \fragmentsAttitudeAfterBreakup\: \inherited\,\n             \globalSpacecraftTemperature\: 300,\n             \growthScenario\: \CONSTANT-FERTILITY\,\n             \inclinationAngle\: 0,\n             \inclusions\: {\children\: {\uniqueID\: \be7c5bf2-c0a2-44f3-bb33-d90404150716\,\n                                                       \7cd7767b-ebe1-4361-a403-3e94664c9816\,\n                                                       \7cf9a9a5-596a-4c61-8c9d-53a4c37759a8\,\n                                                       \b4eebe26-0f45-4dee-903e-d1fdc93bd52e\,\n                                                       \f03116e5-b2c9-4716-881e-afee90665229\,\n                                                       \b51424f8-fd76-4e5f-9316-42778b83ca39\,\n                                                       \cb109bb6-e00d-4d1e-88f9-d77e3396d29e\,\n                                                       \14293697-d071-44f0-a193-a06ad36408cf\,\n                                                       \909d6c11-5860-4faf-95ad-9caca83cbaab\,\n                                                       \977a7ad8-0dc4-41a0-8565-8459b641d630\,\n                                                       \848e52c9-2076-4c7c-8aff-e4e7354094ec\,\n                                                       \8bc30e9f-23da-4053-94d7-a85ea5a2183e\},\n                             \parent\: {\uniqueID\: \641385a0-5f83-450a-a820-eea5ec3721e1\}},\n             \initialDate\: datetime.datetime(2024
8
1
12
0
tzinfo=tzutc()),\n             \materialList\: {\absorptionFactor\: 0.5,\n                               \accommodationCoefficientNormal\: 0.5,\n                               \accommodationCoefficientTangential\: 0.5,\n                               \catalycity\: 1,\n                               \comment\: \Class example for aluminium alloys
\\n                                          \values from ESTIMATE
calibrated in \\n                                          \MADRE activity\,\n                               \density\: 2813,\n                               \diffuseReflectionFraction\: 0.5,\n                               \emissivity\: {\values\: \50,0.4\},\n                               \heatConductivity\: {\values\: \293,163.89;313,164.95;333,166.53;353,168.46;373,170.61;393,172.84;413,175.05;433,177.1;453,178.92;473,180.43;493,181.58;513,182.31;533,182.6;553,182.44;573,181.84;593,180.83;613,179.45;633,177.78;653,175.93;673,173.97;693,172.06;713,170.36;733,169.08;753,168.39;773,168.54;793,169.05;813,162.63;833,145.74;850,128.19\},\n                               \id\: \4d08cbba-5124-4d0b-bf8c-ec88e7fe16ca\,\n                               \materialType\: \metal\,\n                               \meltingHeat\: 400000,\n                               \meltingTemperature\: 850,\n                               \name\: \drama-AA7075\,\n                               \oxideActivationTemperature\: 0,\n                               \oxideEmissivity\: 50
0.8,\n                               \oxideHeatOfFormation\: 0,\n                               \oxideReactionProbability\: 0,\n                               \specificHeatCapacity\: {\values\: \293,877.5;313,885.5;333,893.5;353,901.5;373,911.5;393,923.5;413,936.6;433,947.6;453,965.6;473,1002.6;493,1068.6;513,1106.6;533,1084.6;553,1049.6;573,1042.6;593,1079.6;613,1120.6;633,1159.6;653,1198.7;673,1233.7;693,1259.7;713,1257.7;733,1102.7;753,1069.7;773,1069.7;793,1077.7;813,1086.4;833,1096.1;850,1131.6\}},\n                              {\absorptionFactor\: 0.5,\n                               \accommodationCoefficientNormal\: 0.5,\n                               \accommodationCoefficientTangential\: 0.5,\n                               \catalycity\: 0.4,\n                               \comment\: \Class example for steel alloys
\\n                                          \values from ESTIMATE
calibrated in \\n                                          \MADRE activity and literature. It \\n                                          \accounts for emissivity drop of the \\n                                          \molten material\,\n                               \density\: 7951,\n                               \diffuseReflectionFraction\: 0.5,\n                               \emissivity\: {\values\: \50,0.85;1664,0.85;1664.9,0.5\},\n                               \heatConductivity\: {\values\: \293,14.259;333,14.934;373,15.593;413,16.239;453,16.876;493,17.501;533,18.116;573,18.729;613,19.332;653,19.939;693,20.547;733,21.031;773,21.492;813,21.96;853,22.759;893,23.752;933,24.358;973,24.9;1013,25.419;1053,25.92;1093,26.405;1133,26.884;1173,27.363;1213,27.85;1253,28.346;1293,28.861;1333,29.408;1373,29.989;1413,30.608;1453,31.282;1493,32.015;1533,32.811;1573,33.688;1613,34.648;1653,35.695;1693,35.718;1722.15,35.15192\},\n                               \id\: \8c27bad4-d59f-411b-aaad-b629d15c106e\,\n                               \materialType\: \metal\,\n                               \meltingHeat\: 270300,\n                               \meltingTemperature\: 1665,\n                               \name\: \drama-A316\,\n                               \oxideActivationTemperature\: 0,\n                               \oxideEmissivity\: 50
0.8,\n                               \oxideHeatOfFormation\: 0,\n                               \oxideReactionProbability\: 0,\n                               \specificHeatCapacity\: {\values\: \293,473.5;333,483;373,491.7;413,499.8;453,507.4;493,514.5;533,521.2;573,527.7;613,533.9;653,540.1;693,546.3;733,549.2;773,551.6;813,554.3;853,565.3;893,580.9;933,586.9;973,591.4;1013,595.4;1053,599.1;1093,602.5;1133,605.9;1173,609.4;1213,613.2;1253,617.3;1293,621.9;1333,627.3;1373,633.5;1413,640.6;1453,648.9;1493,658.5;1533,669.4;1573,682;1613,696.3;1653,712.4;1693,757;1722.15,803.9\},\n                               \strength\: {\values\: \20,1447;77,1275;233,716;300,630;330,588;373,554;473,510;560,490;673,475;773,441;850,392;885,343;930,294;973,235;1030,196;1073,157;1173,98;1300,40;1430,10;1650,0\}},\n                              {\absorptionFactor\: 0.5,\n                               \accommodationCoefficientNormal\: 0.5,\n                               \accommodationCoefficientTangential\: 0.5,\n                               \catalycity\: 0.4,\n                               \comment\: \Class example for steel alloys
\\n                                          \values from ESTIMATE
calibrated in \\n                                          \MADRE activity and literature\,\n                               \density\: 7951,\n                               \diffuseReflectionFraction\: 0.5,\n                               \emissivity\: {\values\: \1100,0.25;1655,0.8\},\n                               \heatConductivity\: {\values\: \293,14.259;333,14.934;373,15.593;413,16.239;453,16.876;493,17.501;533,18.116;573,18.729;613,19.332;653,19.939;693,20.547;733,21.031;773,21.492;813,21.96;853,22.759;893,23.752;933,24.358;973,24.9;1013,25.419;1053,25.92;1093,26.405;1133,26.884;1173,27.363;1213,27.85;1253,28.346;1293,28.861;1333,29.408;1373,29.989;1413,30.608;1453,31.282;1493,32.015;1533,32.811;1573,33.688;1613,34.648;1653,35.695;1693,35.718;1722.15,35.15192\},\n                               \id\: \e5965a6d-6bfc-478a-b67e-beb82df730ab\,\n                               \materialType\: \metal\,\n                               \meltingHeat\: 270300,\n                               \meltingTemperature\: 1665,\n                               \name\: \drama-A316_Semi-Empirical\,\n                               \oxideActivationTemperature\: 0,\n                               \oxideEmissivity\: 50
0.8,\n                               \oxideHeatOfFormation\: 0,\n                               \oxideReactionProbability\: 0,\n                               \specificHeatCapacity\: {\values\: \293,473.5;333,483;373,491.7;413,499.8;453,507.4;493,514.5;533,521.2;573,527.7;613,533.9;653,540.1;693,546.3;733,549.2;773,551.6;813,554.3;853,565.3;893,580.9;933,586.9;973,591.4;1013,595.4;1053,599.1;1093,602.5;1133,605.9;1173,609.4;1213,613.2;1253,617.3;1293,621.9;1333,627.3;1373,633.5;1413,640.6;1453,648.9;1493,658.5;1533,669.4;1573,682;1613,696.3;1653,712.4;1693,757;1722.15,803.9\},\n                               \strength\: {\values\: \20,1447;77,1275;233,716;300,630;330,588;373,554;473,510;560,490;673,475;773,441;850,392;885,343;930,294;973,235;1030,196;1073,157;1173,98;1300,40;1430,10;1650,0\}},\n                              {\absorptionFactor\: 0.5,\n                               \accommodationCoefficientNormal\: 0.5,\n                               \accommodationCoefficientTangential\: 0.5,\n                               \catalycity\: 0.4,\n                               \comment\: \Modified steel A316 material to \\n                                          \capture demise behaviour of ABSL \\n                                          \batteries. Calibrated in D4DOnE \\n                                          \activity\,\n                               \density\: 7951,\n                               \diffuseReflectionFraction\: 0.5,\n                               \emissivity\: {\values\: \50,0.85;1664,0.85;1664.9,0.5\},\n                               \heatConductivity\: {\values\: \293,1.4259;333,1.4934;373,1.5593;413,1.6239;453,1.6876;493,1.7501;533,1.8116;573,1.8729;613,1.9332;653,1.9939;693,2.0547;733,2.1031;773,2.1492;813,2.196;853,2.2759;893,2.3752;933,2.4358;973,2.49;1013,2.5419;1053,2.592;1093,2.6405;1133,2.6884;1173,2.7363;1213,2.785;1253,2.8346;1293,2.8861;1333,2.9408;1373,2.9989;1413,3.0608;1453,3.1282;1493,3.2015;1533,3.2811;1573,3.3688;1613,3.4648;1653,3.5695;1693,3.5718;1722.15,3.515192\},\n                               \id\: \7dfe2d79-004a-4773-ab2e-0952ab366388\,\n                               \materialType\: \metal\,\n                               \meltingHeat\: 100000,\n                               \meltingTemperature\: 1665,\n                               \name\: \drama-BatCell-ABSL\,\n                               \oxideActivationTemperature\: 0,\n                               \oxideEmissivity\: 50
0.8,\n                               \oxideHeatOfFormation\: 0,\n                               \oxideReactionProbability\: 0,\n                               \specificHeatCapacity\: {\values\: \293,473.5;333,483;373,491.7;413,499.8;453,507.4;493,514.5;533,521.2;573,527.7;613,533.9;653,540.1;693,546.3;733,549.2;773,551.6;813,554.3;853,565.3;893,580.9;933,586.9;973,591.4;1013,595.4;1053,599.1;1093,602.5;1133,605.9;1173,609.4;1213,613.2;1253,617.3;1293,621.9;1333,627.3;1373,633.5;1413,640.6;1453,648.9;1493,658.5;1533,669.4;1573,682;1613,696.3;1653,712.4;1693,757;1722.15,803.9\}},\n                              {\absorptionFactor\: 0.5,\n                               \accommodationCoefficientNormal\: 0.5,\n                               \accommodationCoefficientTangential\: 0.5,\n                               \catalycity\: 1,\n                               \comment\: \Equivalent material
based on \\n                                          \engineering fit of the properties
\\n                                          \should be nested\,\n                               \density\: 2000,\n                               \diffuseReflectionFraction\: 0.5,\n                               \emissivity\: {\values\: \300,0.5;630,0.5\},\n                               \heatConductivity\: {\values\: \300,72.5;630,72.5\},\n                               \id\: \751ca206-44fa-4af7-aa32-8b726b35f293\,\n                               \materialType\: \metal\,\n                               \meltingHeat\: 261000,\n                               \meltingTemperature\: 630,\n                               \name\: \drama-Bat-Li\,\n                               \oxideActivationTemperature\: 0,\n                               \oxideEmissivity\: 50
0.8,\n                               \oxideHeatOfFormation\: 0,\n                               \oxideReactionProbability\: 0,\n                               \specificHeatCapacity\: {\values\: \300,2780;630,2780\}},\n                              {\absorptionFactor\: 0.5,\n                               \accommodationCoefficientNormal\: 0.5,\n                               \accommodationCoefficientTangential\: 0.5,\n                               \catalycity\: 1,\n                               \comment\: \Equivalent material
based on \\n                                          \engineering fit of the properties
\\n                                          \should be nested\,\n                               \density\: 8770,\n                               \diffuseReflectionFraction\: 0.5,\n                               \emissivity\: {\values\: \300,0.5;1160,0.5\},\n                               \heatConductivity\: {\values\: \300,93.9;1160,93.9\},\n                               \id\: \b03640b8-8016-487c-a282-5558b10b122a\,\n                               \materialType\: \metal\,\n                               \meltingHeat\: 174500,\n                               \meltingTemperature\: 1160,\n                               \name\: \drama-Bat-NiCd\,\n                               \oxideActivationTemperature\: 0,\n                               \oxideEmissivity\: 50
0.8,\n                               \oxideHeatOfFormation\: 0,\n                               \oxideReactionProbability\: 0,\n                               \specificHeatCapacity\: {\values\: \300,338;1160,338\}},\n                              {\absorptionFactor\: 0.5,\n                               \accommodationCoefficientNormal\: 0.5,\n                               \accommodationCoefficientTangential\: 0.5,\n                               \catalycity\: 1,\n                               \comment\: \Pure metal
values based on \\n                                          \literature
conservative estimates \\n                                          \according to DIVE\,\n                               \density\: 1848,\n                               \diffuseReflectionFraction\: 0.5,\n                               \emissivity\: {\values\: \50,0.8\},\n                               \heatConductivity\: {\values\: \300,216;1550,216\},\n                               \id\: \46ef2e45-dd77-4fd4-a1b2-856cede24491\,\n                               \materialType\: \metal\,\n                               \meltingHeat\: 1133000,\n                               \meltingTemperature\: 1543.5,\n                               \name\: \drama-Beryllium\,\n                               \oxideActivationTemperature\: 0,\n                               \oxideEmissivity\: 50
0.8,\n                               \oxideHeatOfFormation\: 0,\n                               \oxideReactionProbability\: 0,\n                               \specificHeatCapacity\: {\values\: \100,201.8379123;200,1107.833819;300,1827.748263;400,2215.334755;500,2434.815453;600,2589.384014;700,2714.43697;800,2824.843085;900,2927.592896;1000,3026.348114;1100,3123.216997;1200,3219.642036;1300,3316.178035;1400,3413.490762;1500,3511.913097;1526,3538.76564;1527,3328.82758;1560,3328.82758\}},\n                              {\absorptionFactor\: 0.5,\n                               \accommodationCoefficientNormal\: 0.5,\n                               \accommodationCoefficientTangential\: 0.5,\n                               \catalycity\: 1,\n                               \comment\: \Class example for carbon-carbon \\n                                          \composite materials
based on \\n                                          \literature
equivalent metal \\n                                          \according to DIVE\,\n                               \density\: 1770,\n                               \diffuseReflectionFraction\: 0.5,\n                               \emissivity\: {\values\: \295,0.85;3600,0.85\},\n                               \heatConductivity\: {\values\: \295,5.193;479,6.813;580,6.721;678,6.568;810,6.605;898,6.605;995,5.935;1083,5.73;1183,5.727;1275,5.985;1612,6.078;1953,5.69;2207,5.775;2446,5.268;3600,5.268\},\n                               \id\: \8d91469e-eacc-4f4e-a34d-54e2362aabe9\,\n                               \materialType\: \metal\,\n                               \meltingHeat\: 365000,\n                               \meltingTemperature\: 3600,\n                               \name\: \drama-Carbon-Carbon\,\n                               \oxideActivationTemperature\: 0,\n                               \oxideEmissivity\: 50
0.8,\n                               \oxideHeatOfFormation\: 0,\n                               \oxideReactionProbability\: 0,\n                               \specificHeatCapacity\: {\values\: \295,687;479,1174;580,1356;687,1490;810,1623;898,1689;995,1746;1083,1789;1183,1828;1275,1858;1612,1940;1953,2009;2207,2065;2446,2126;3600,2126\}},\n                              {\absorptionFactor\: 0.5,\n                               \accommodationCoefficientNormal\: 0.5,\n                               \accommodationCoefficientTangential\: 0.5,\n                               \catalycity\: 1,\n                               \comment\: \Pure metal
values based on \\n                                          \literature and ESTIMATE
calibrated \\n                                          \according to DIVE\,\n                               \density\: 8960,\n                               \diffuseReflectionFraction\: 0.5,\n                               \emissivity\: {\values\: \50,0.6\},\n                               \heatConductivity\: {\values\: \200,413;293,393;373,384;473,380;573,376.5;650,363;750,357;850,351;950,344;1050,337;1150,331;1250,323;1356,323\},\n                               \id\: \f4d6b577-d61b-418c-a4d2-504e46b5126d\,\n                               \materialType\: \metal\,\n                               \meltingHeat\: 243000,\n                               \meltingTemperature\: 1356,\n                               \name\: \drama-Copper\,\n                               \oxideActivationTemperature\: 0,\n                               \oxideEmissivity\: 50
0.8,\n                               \oxideHeatOfFormation\: 0,\n                               \oxideReactionProbability\: 0,\n                               \specificHeatCapacity\: {\values\: \0,252;100,252;200,356;300,385;400,399;500,408;600,417;700,425;800,433;900,442;1000,451;1100,464;1200,480;1300,506;1356,525\}},\n                              {\absorptionFactor\: 0.5,\n                               \accommodationCoefficientNormal\: 0.5,\n                               \accommodationCoefficientTangential\: 0.5,\n                               \catalycity\: 1,\n                               \comment\: \Equivalent material
based on \\n                                          \engineering fit of the properties
\\n                                          \should be nested\,\n                               \density\: 3000,\n                               \diffuseReflectionFraction\: 0.5,\n                               \emissivity\: {\values\: \50,0.4\},\n                               \heatConductivity\: {\values\: \293,41.9;646,41.9\},\n                               \id\: \115708ee-c918-48b1-9574-048f96fb15f9\,\n                               \materialType\: \metal\,\n                               \meltingHeat\: 49000,\n                               \meltingTemperature\: 646,\n                               \name\: \drama-El-Mat\,\n                               \oxideActivationTemperature\: 0,\n                               \oxideEmissivity\: 50
0.8,\n                               \oxideHeatOfFormation\: 0,\n                               \oxideReactionProbability\: 0,\n                               \specificHeatCapacity\: {\values\: \293,790;646,790\}},\n                              {\absorptionFactor\: 0.5,\n                               \accommodationCoefficientNormal\: 0.5,\n                               \accommodationCoefficientTangential\: 0.5,\n                               \catalycity\: 0.005,\n                               \comment\: \Class example for FusedSilica. \\n                                          \Metal proxy model
values from \\n                                          \ESTIMATE
calibrated as part of \\n                                          \COPPER activity\,\n                               \density\: 2200,\n                               \diffuseReflectionFraction\: 0.5,\n                               \emissivity\: {\values\: \250,0.8;3695,0.8\},\n                               \heatConductivity\: {\values\: \300,1.33;400,1.44;500,1.54;600,1.65;700,1.76;800,1.86;900,1.97;1000,2.07;1100,2.18;1200,2.29;1300,2.39;1400,2.5;1500,2.6;1600,2.7;1700,2.8;1800,2.9;1900,3\},\n                               \id\: \0ee71c2f-2e9e-4399-a0fa-2f81f2cec2d5\,\n                               \materialType\: \metal\,\n                               \meltingHeat\: 10000000,\n                               \meltingTemperature\: 2725,\n                               \name\: \drama-FusedSilicaProxy\,\n                               \oxideActivationTemperature\: 0,\n                               \oxideEmissivity\: ,\n                               \oxideHeatOfFormation\: 0,\n                               \oxideReactionProbability\: 0,\n                               \specificHeatCapacity\: {\values\: \300,746;400,878;500,968;600,1031;700,1075;800,1108;900,1133;1000,1153;1100,1170;1200,1185;1300,1197;1400,1211;1500,1230;1600,1250;1700,1266;1800,1283;1900,1300\}},\n                              {\absorptionFactor\: 0.5,\n                               \accommodationCoefficientNormal\: 0.5,\n                               \accommodationCoefficientTangential\: 0.5,\n                               \catalycity\: 0.02,\n                               \comment\: \Class example for GFRP. Metal proxy \\n                                          \model
values from ESTIMATE
\\n                                          \calibrated as part of D4DOnE \\n                                          \activity\,\n                               \density\: 2200,\n                               \diffuseReflectionFraction\: 0.5,\n                               \emissivity\: {\values\: \250,0.8;1473,0.8\},\n                               \heatConductivity\: {\values\: \293,0.15;1473,0.15\},\n                               \id\: \13abc6c3-84b9-4b34-b724-4cdfff530bd9\,\n                               \materialType\: \metal\,\n                               \meltingHeat\: 800000,\n                               \meltingTemperature\: 1473,\n                               \name\: \drama-GFRPProxy\,\n                               \oxideActivationTemperature\: 0,\n                               \oxideEmissivity\: ,\n                               \oxideHeatOfFormation\: 0,\n                               \oxideReactionProbability\: 0,\n                               \specificHeatCapacity\: {\values\: \293,1046.8;1473,1046.8\}},\n                              {\absorptionFactor\: 0.5,\n                               \accommodationCoefficientNormal\: 0.5,\n                               \accommodationCoefficientTangential\: 0.5,\n                               \catalycity\: 1,\n                               \comment\: \Class example for \\n                                          \Cobalt-nickel-chromium-tungsten \\n                                          \alloy
values from literature and \\n                                          \ESTIMATE
calibrated in SCORED. Use \\n                                          \for materials with thickness \\n                                          \greater than 3mm\,\n                               \density\: 9070,\n                               \diffuseReflectionFraction\: 0.5,\n                               \emissivity\: {\values\: \1050,0.2;1300,0.65;1523,0.95;1643,0.95\},\n                               \heatConductivity\: {\values\: \298,10.5;373,12;473,14;573,15.9;673,17.7;773,19.5;873,21.2;973,22.9;1073,24.5;1173,26;1273,27.5;1373,28;1473,29.5;1573,31;1673,32.5\},\n                               \id\: \8c8ae0d7-301d-4e18-8fcc-093040a105f7\,\n                               \materialType\: \metal\,\n                               \meltingHeat\: 1500000,\n                               \meltingTemperature\: 1800,\n                               \name\: \drama-Haynes25Thick\,\n                               \oxideActivationTemperature\: 0,\n                               \oxideEmissivity\: ,\n                               \oxideHeatOfFormation\: 0,\n                               \oxideReactionProbability\: 0,\n                               \specificHeatCapacity\: {\values\: \298,403;373,424;473,445;573,455;673,462;773,495;873,508;973,582;1073,592;1173,596;1273,598;1373,605;1473,620;1573,635;1673,650\}},\n                              {\absorptionFactor\: 0.5,\n                               \accommodationCoefficientNormal\: 0.5,\n                               \accommodationCoefficientTangential\: 0.5,\n                               \catalycity\: 1,\n                               \comment\: \Class example for \\n                                          \Cobalt-nickel-chromium-tungsten \\n                                          \alloy
values from literature and \\n                                          \ESTIMATE
calibrated in SCORED. Use \\n                                          \for materials with thickness less \\n                                          \than 3mm\,\n                               \density\: 9070,\n                               \diffuseReflectionFraction\: 0.5,\n                               \emissivity\: {\values\: \1050,0.2;1300,0.65;1523,0.95;1643,0.95\},\n                               \heatConductivity\: {\values\: \298,10.5;373,12;473,14;573,15.9;673,17.7;773,19.5;873,21.2;973,22.9;1073,24.5;1173,26;1273,27.5;1373,28;1473,29.5;1573,31;1673,32.5\},\n                               \id\: \e4f22470-d1a3-43b7-8300-4a3bb641e936\,\n                               \materialType\: \metal\,\n                               \meltingHeat\: 275000,\n                               \meltingTemperature\: 1643,\n                               \name\: \drama-Haynes25Thin\,\n                               \oxideActivationTemperature\: 0,\n                               \oxideEmissivity\: ,\n                               \oxideHeatOfFormation\: 0,\n                               \oxideReactionProbability\: 0,\n                               \specificHeatCapacity\: {\values\: \298,403;373,424;473,445;573,455;673,462;773,495;873,508;973,582;1073,592;1173,596;1273,598;1373,605;1473,620;1573,635;1673,650\}},\n                              {\absorptionFactor\: 0.5,\n                               \accommodationCoefficientNormal\: 0.5,\n                               \accommodationCoefficientTangential\: 0.5,\n                               \catalycity\: 1,\n                               \comment\: \Class example for honey-comb \\n                                          \aluminium walls
values from \\n                                          \ESTIMATE calibrated in MADRE \\n                                          \activity
based on drama-AA7075\,\n                               \density\: 450,\n                               \diffuseReflectionFraction\: 0.5,\n                               \emissivity\: {\values\: \50,0.4\},\n                               \heatConductivity\: {\values\: \293,163.89;313,164.95;333,166.53;353,168.46;373,170.61;393,172.84;413,175.05;433,177.1;453,178.92;473,180.43;493,181.58;513,182.31;533,182.6;553,182.44;573,181.84;593,180.83;613,179.45;633,177.78;653,175.93;673,173.97;693,172.06;713,170.36;733,169.08;753,168.39;773,168.54;793,169.05;813,162.63;833,145.74;850,128.19\},\n                               \id\: \5421e4ea-f470-4c29-8aa7-29edf1434136\,\n                               \materialType\: \metal\,\n                               \meltingHeat\: 400000,\n                               \meltingTemperature\: 850,\n                               \name\: \drama-HC-AA7075\,\n                               \oxideActivationTemperature\: 0,\n                               \oxideEmissivity\: 50
0.8,\n                               \oxideHeatOfFormation\: 0,\n                               \oxideReactionProbability\: 0,\n                               \specificHeatCapacity\: {\values\: \293,877.5;313,885.5;333,893.5;353,901.5;373,911.5;393,923.5;413,936.6;433,947.6;453,965.6;473,1002.6;493,1068.6;513,1106.6;533,1084.6;553,1049.6;573,1042.6;593,1079.6;613,1120.6;633,1159.6;653,1198.7;673,1233.7;693,1259.7;713,1257.7;733,1102.7;753,1069.7;773,1069.7;793,1077.7;813,1086.4;833,1096.1;850,1131.6\}},\n                              {\absorptionFactor\: 0.5,\n                               \accommodationCoefficientNormal\: 0.5,\n                               \accommodationCoefficientTangential\: 0.5,\n                               \catalycity\: 1,\n                               \comment\: \Class example for honey-comb \\n                                          \aluminium walls with CFRP face \\n                                          \sheets
values from ESTIMATE \\n                                          \calibrated in MADRE activity
based \\n                                          \on drama-HC-AA7075\,\n                               \density\: 450,\n                               \diffuseReflectionFraction\: 0.5,\n                               \emissivity\: {\values\: \250,0.8;890,0.8\},\n                               \heatConductivity\: {\values\: \293,163.89;313,164.95;333,166.53;353,168.46;373,170.61;393,172.84;413,175.05;433,177.1;453,178.92;473,180.43;493,181.58;513,182.31;533,182.6;553,182.44;573,181.84;593,180.83;613,179.45;633,177.78;653,175.93;673,173.97;693,172.06;713,170.36;733,169.08;753,168.39;773,168.54;793,169.05;813,162.63;833,145.74;853,128.19;873,109.69;890,89.99\},\n                               \id\: \3b3d3a2b-f5b6-4879-9b71-e0033d727893\,\n                               \materialType\: \metal\,\n                               \meltingHeat\: 400000,\n                               \meltingTemperature\: 890,\n                               \name\: \drama-HC-CFRP-4ply\,\n                               \oxideActivationTemperature\: 0,\n                               \oxideEmissivity\: 50
0.8,\n                               \oxideHeatOfFormation\: 0,\n                               \oxideReactionProbability\: 0,\n                               \specificHeatCapacity\: {\values\: \200,913;300,913;400,1183;500,1332;600,1458;700,1522;800,1580;890,1623\}},\n                              {\absorptionFactor\: 0.5,\n                               \accommodationCoefficientNormal\: 0.5,\n                               \accommodationCoefficientTangential\: 0.5,\n                               \catalycity\: 1,\n                               \comment\: \Class example for honey-comb \\n                                          \aluminium walls with CFRP face \\n                                          \sheets
values from ESTIMATE \\n                                          \calibrated in MADRE activity
based \\n                                          \on drama-HC-AA7075\,\n                               \density\: 450,\n                               \diffuseReflectionFraction\: 0.5,\n                               \emissivity\: {\values\: \250,0.8;930,0.8\},\n                               \heatConductivity\: {\values\: \293,163.89;313,164.95;333,166.53;353,168.46;373,170.61;393,172.84;413,175.05;433,177.1;453,178.92;473,180.43;493,181.58;513,182.31;533,182.6;553,182.44;573,181.84;593,180.83;613,179.45;633,177.78;653,175.93;673,173.97;693,172.06;713,170.36;733,169.08;753,168.39;773,168.54;793,169.05;813,162.63;833,145.74;853,128.19;873,109.69;893,89.99;930,77.20739\},\n                               \id\: \057872af-59be-4ec8-85c2-cedcf0e8673d\,\n                               \materialType\: \metal\,\n                               \meltingHeat\: 400000,\n                               \meltingTemperature\: 930,\n                               \name\: \drama-HC-CFRP-8ply\,\n                               \oxideActivationTemperature\: 0,\n                               \oxideEmissivity\: 50
0.8,\n                               \oxideHeatOfFormation\: 0,\n                               \oxideReactionProbability\: 0,\n                               \specificHeatCapacity\: {\values\: \200,913;300,913;400,1183;500,1332;600,1458;700,1522;800,1580;890,1623\}},\n                              {\absorptionFactor\: 0.5,\n                               \accommodationCoefficientNormal\: 0.5,\n                               \accommodationCoefficientTangential\: 0.5,\n                               \catalycity\: 1,\n                               \comment\: \Class example for Iron-Cobalt \\n                                          \ferromagnetic alloy
values from \\n                                          \literature and ESTIMATE
calibrated \\n                                          \on equipment test\,\n                               \density\: 8120,\n                               \diffuseReflectionFraction\: 0.5,\n                               \emissivity\: {\values\: \300,0.75;1750,0.75;1752,0.5\},\n                               \heatConductivity\: {\values\: \300,10\},\n                               \id\: \d016ac78-b55a-48e6-a3f6-66ab97e66f74\,\n                               \materialType\: \metal\,\n                               \meltingHeat\: 275000,\n                               \meltingTemperature\: 1753,\n                               \name\: \drama-HiperCo\,\n                               \oxideActivationTemperature\: 0,\n                               \oxideEmissivity\: 50
0.8,\n                               \oxideHeatOfFormation\: 0,\n                               \oxideReactionProbability\: 0,\n                               \specificHeatCapacity\: {\values\: \200,378;300,421;400,450;500,479;600,503;700,527;800,550;900,586;1000,628;1100,678;1200,733;1300,826;1400,750;1500,674;1600,650;1700,641;1770,645\}},\n                              {\absorptionFactor\: 0.5,\n                               \accommodationCoefficientNormal\: 0.5,\n                               \accommodationCoefficientTangential\: 0.5,\n                               \catalycity\: 0.4,\n                               \comment\: \Class example for Nickel-Chromium \\n                                          \alloy
values from literature and \\n                                          \ESTIMATE
calibrated in SCORED\,\n                               \density\: 8190,\n                               \diffuseReflectionFraction\: 0.5,\n                               \emissivity\: {\values\: \250,0.9;1630,0.9\},\n                               \heatConductivity\: {\values\: \300,13.4;400,15.6;500,17.2;600,18.9;700,20.4;800,22.3;900,24.1;1000,25.8;1100,26.7;1200,27.4;1300,28.5;1400,29.3;1500,30.1;1600,30.7\},\n                               \id\: \77d5695a-c3c8-413f-a2f7-981279a8aea5\,\n                               \materialType\: \metal\,\n                               \meltingHeat\: 609000,\n                               \meltingTemperature\: 1630,\n                               \name\: \drama-Inconel718\,\n                               \oxideActivationTemperature\: 0,\n                               \oxideEmissivity\: ,\n                               \oxideHeatOfFormation\: 0,\n                               \oxideReactionProbability\: 0,\n                               \specificHeatCapacity\: {\values\: \300,425;400,447;500,468;600,489;700,510;800,531;900,592;1000,620;1100,635;1200,635;1300,635;1400,635;1500,635;1600,635\}},\n                              {\absorptionFactor\: 0.5,\n                               \accommodationCoefficientNormal\: 0.5,\n                               \accommodationCoefficientTangential\: 0.5,\n                               \catalycity\: 1,\n                               \comment\: \Class example for \\n                                          \Tungsten-Nickel-Copper alloy
\\n                                          \values from literature
calibrated \\n                                          \according to DIVE\,\n                               \density\: 17350,\n                               \diffuseReflectionFraction\: 0.5,\n                               \emissivity\: {\values\: \300,0.8;2708,0.8\},\n                               \heatConductivity\: {\values\: \300,141.4;373,147.2;473,152.4;673,159;873,169.1;1073,175.6;2708,175.6\},\n                               \id\: \81117cb3-8ee8-45fe-a3f4-7d0a208295f8\,\n                               \materialType\: \metal\,\n                               \meltingHeat\: 189800,\n                               \meltingTemperature\: 2708,\n                               \name\: \drama-Inermet\,\n                               \oxideActivationTemperature\: 0,\n                               \oxideEmissivity\: 50
0.8,\n                               \oxideHeatOfFormation\: 0,\n                               \oxideReactionProbability\: 0,\n                               \specificHeatCapacity\: {\values\: \300,149;373,166;473,187;673,233;873,286;1073,333;2708,333\}},\n                              {\absorptionFactor\: 0.5,\n                               \accommodationCoefficientNormal\: 0.5,\n                               \accommodationCoefficientTangential\: 0.5,\n                               \catalycity\: 1,\n                               \comment\: \Class example for Iron-Nickel \\n                                          \alloy
values from literature and \\n                                          \ESTIMATE
calibrated according to \\n                                          \DIVE\,\n                               \density\: 8050,\n                               \diffuseReflectionFraction\: 0.5,\n                               \emissivity\: {\values\: \800,0.25;1150,0.75;1400,0.75;1450,0.7\},\n                               \heatConductivity\: {\values\: \123,8.9;273,12.82;423,15.44;573,18.06;773,19.63;873,21.2;1200,22;1700,22\},\n                               \id\: \c8c5076d-4ee0-4d64-a369-af392df6a223\,\n                               \materialType\: \metal\,\n                               \meltingHeat\: 274000,\n                               \meltingTemperature\: 1700,\n                               \name\: \drama-Invar\,\n                               \oxideActivationTemperature\: 0,\n                               \oxideEmissivity\: 50
0.8,\n                               \oxideHeatOfFormation\: 0,\n                               \oxideReactionProbability\: 0,\n                               \specificHeatCapacity\: {\values\: \293,515;800,540;1200,590;1500,620;1700,630\}},\n                              {\absorptionFactor\: 0.5,\n                               \accommodationCoefficientNormal\: 0.5,\n                               \accommodationCoefficientTangential\: 0.5,\n                               \catalycity\: 0.4,\n                               \comment\: \Pure metal
values based on \\n                                          \literature and ESTIMATE
calibrated \\n                                          \on equipment test\,\n                               \density\: 7870,\n                               \diffuseReflectionFraction\: 0.5,\n                               \emissivity\: {\values\: \50,0.75\},\n                               \heatConductivity\: {\values\: \300,76.2;1808,76.2\},\n                               \id\: \91cf29d8-0ed6-4c56-bceb-6facee71f0ab\,\n                               \materialType\: \metal\,\n                               \meltingHeat\: 272000,\n                               \meltingTemperature\: 1808,\n                               \name\: \drama-Iron\,\n                               \oxideActivationTemperature\: 0,\n                               \oxideEmissivity\: 50
0.8,\n                               \oxideHeatOfFormation\: 0,\n                               \oxideReactionProbability\: 0,\n                               \specificHeatCapacity\: {\values\: \300,440;1808,440\}},\n                              {\absorptionFactor\: 0.5,\n                               \accommodationCoefficientNormal\: 0.5,\n                               \accommodationCoefficientTangential\: 0.5,\n                               \catalycity\: 1,\n                               \comment\: \Class example for Molybdenum. Based \\n                                          \on testing of molybdenum bolts in \\n                                          \D4C activities.\,\n                               \density\: 10220,\n                               \diffuseReflectionFraction\: 0.5,\n                               \emissivity\: {\values\: \250,0.1;2896,0.1\},\n                               \heatConductivity\: {\values\: \300,127;400,125;500,123;600,121;700,118;800,116;900,113;1000,110;1100,107;1200,104;1300,101;1400,98;1500,95;1600,91;1700,88;1800,85;1900,83;2000,80;2100,78;2200,75;2300,73;2400,71;2500,69;2600,67;2700,65;2800,63;2896,61\},\n                               \id\: \63992056-981a-4fe4-8a99-805f22a35214\,\n                               \materialType\: \metal\,\n                               \meltingHeat\: 374800,\n                               \meltingTemperature\: 2896,\n                               \name\: \drama-Molybdenum\,\n                               \oxideActivationTemperature\: 0,\n                               \oxideEmissivity\: ,\n                               \oxideHeatOfFormation\: 0,\n                               \oxideReactionProbability\: 0,\n                               \specificHeatCapacity\: {\values\: \300,250;400,261;500,270;600,276;700,281;800,291;900,295;1000,301;1100,307;1200,314;1300,322;1400,330;1500,339;1600,348;1700,358;1800,370;1900,382;2000,395;2100,408;2200,424;2300,440;2500,478;2600,478;2700,504;2800,538;2896,571\}},\n                              {\absorptionFactor\: 0.5,\n                               \accommodationCoefficientNormal\: 0.5,\n                               \accommodationCoefficientTangential\: 0.5,\n                               \catalycity\: 1,\n                               \comment\: \Class example for silicon carbide \\n                                          \semiconductor materials
based on \\n                                          \literature and ESTIMATE
equivalent \\n                                          \metal according to DIVE\,\n                               \density\: 3159.5,\n                               \diffuseReflectionFraction\: 0.5,\n                               \emissivity\: {\values\: \50,0.85\},\n                               \heatConductivity\: {\values\: \293,176.98;343,152.61;393,134.19;443,120.63;493,110.44;543,102.43;593,95.77;643,89.96;693,84.71;743,79.88;793,75.38;843,71.17;893,67.25;943,63.59;993,60.2;1043,57.05;1093,54.15;1143,51.47;1193,49;1243,46.72;1293,44.62;1343,42.69;1393,40.9;1443,39.26;1493,37.74;1543,36.34;1593,35.05;1643,33.87;1693,32.79;3100,30\},\n                               \id\: \e59a7426-e8e8-4420-854e-077dfb07ee9d\,\n                               \materialType\: \metal\,\n                               \meltingHeat\: 365000,\n                               \meltingTemperature\: 3100,\n                               \name\: \drama-SiC\,\n                               \oxideActivationTemperature\: 0,\n                               \oxideEmissivity\: 50
0.8,\n                               \oxideHeatOfFormation\: 0,\n                               \oxideReactionProbability\: 0,\n                               \specificHeatCapacity\: {\values\: \293,663.3;343,762.2;393,844.7;443,913.1;493,969.6;543,1016;593,1054;643,1085.1;693,1110.5;743,1131.5;793,1148.7;843,1163.2;893,1175.4;943,1185.9;993,1195.1;1043,1203.3;1093,1210.7;1143,1217.4;1193,1223.6;1243,1229.2;1293,1234.2;1343,1238.7;1393,1242.5;1443,1245.8;1493,1248.6;1543,1250.7;1593,1252.5;1643,1253.9;1693,1255.4;3100,1260\}},\n                              {\absorptionFactor\: 0.5,\n                               \accommodationCoefficientNormal\: 0.5,\n                               \accommodationCoefficientTangential\: 0.5,\n                               \catalycity\: 1,\n                               \comment\: \Equivalent material for solar \\n                                          \panels
based on engineering fit of \\n                                          \the properties
based on \\n                                          \drama-HC-AA7075\,\n                               \density\: 150,\n                               \diffuseReflectionFraction\: 0.5,\n                               \emissivity\: {\values\: \50,0.4\},\n                               \heatConductivity\: {\values\: \293,163.89;313,164.95;333,166.53;353,168.46;373,170.61;393,172.84;413,175.05;433,177.1;453,178.92;473,180.43;493,181.58;513,182.31;533,182.6;553,182.44;573,181.84;593,180.83;613,179.45;633,177.78;653,175.93;673,173.97;693,172.06;713,170.36;733,169.08;753,168.39;773,168.54;793,169.05;813,162.63;833,145.74;850,128.19\},\n                               \id\: \d250d554-2614-4691-a62e-cbc5c9ac0971\,\n                               \materialType\: \metal\,\n                               \meltingHeat\: 400000,\n                               \meltingTemperature\: 850,\n                               \name\: \drama-SolarPanel-Mat\,\n                               \oxideActivationTemperature\: 0,\n                               \oxideEmissivity\: 50
0.8,\n                               \oxideHeatOfFormation\: 0,\n                               \oxideReactionProbability\: 0,\n                               \specificHeatCapacity\: {\values\: \293,877.5;313,885.5;333,893.5;353,901.5;373,911.5;393,923.5;413,936.6;433,947.6;453,965.6;473,1002.6;493,1068.6;513,1106.6;533,1084.6;553,1049.6;573,1042.6;593,1079.6;613,1120.6;633,1159.6;653,1198.7;673,1233.7;693,1259.7;713,1257.7;733,1102.7;753,1069.7;773,1069.7;793,1077.7;813,1086.4;833,1096.1;850,1131.6\}},\n                              {\absorptionFactor\: 0.5,\n                               \accommodationCoefficientNormal\: 0.5,\n                               \accommodationCoefficientTangential\: 0.5,\n                               \catalycity\: 1,\n                               \comment\: \Class example for titanium alloys
\\n                                          \values from ESTIMATE
calibrated in \\n                                          \D4DOnE activity. It accounts for \\n                                          \emissivity drop of the molten \\n                                          \materia\,\n                               \density\: 4417,\n                               \diffuseReflectionFraction\: 0.5,\n                               \emissivity\: {\values\: \250,0.77;1904,0.77;1905,0.6\},\n                               \heatConductivity\: {\values\: \293.15,6.6896;333,7.129;373,7.581;413,8.042;453,8.514;493,8.996;533,9.487;573,9.986;613,10.493;653,11.007;693,11.528;733,12.056;773,12.589;813,13.127;853,13.669;893,14.216;933,14.766;973,15.319;1013,15.874;1053,16.431;1093,16.989;1133,17.548;1173,18.106;1213,18.664;1253,19.221;1293,19.777;1333,20.33;1373,20.881;1413,21.428;1453,21.971;1493,22.51;1533,23.044;1573,23.572;1613,24.094;1653,24.609;1693,25.117;1733,25.617;1773,26.109;1813,26.592;1853,27.066;1893,27.529;1905,27.666\},\n                               \id\: \2a086768-0679-4f32-95f1-56786ebea866\,\n                               \materialType\: \metal\,\n                               \meltingHeat\: 337700,\n                               \meltingTemperature\: 1905,\n                               \name\: \drama-TiAl6v4\,\n                               \oxideActivationTemperature\: 0,\n                               \oxideEmissivity\: ,\n                               \oxideHeatOfFormation\: 0,\n                               \oxideReactionProbability\: 0,\n                               \specificHeatCapacity\: {\values\: \293,545.9;333,555.2;373,564.5;413,573.8;453,583.1;493,592.4;533,601.7;573,611;613,620.3;653,629.6;693,637.1;733,643.6;773,646.1;813,648.8;853,666;893,706.6;933,747.2;973,771;1013,787;1053,806.8;1093,846.9;1133,920.9;1173,1073.4;1213,1292.7;1253,1043.1;1293,679.3;1333,681;1373,688.8;1413,698.4;1453,708.2;1493,718.3;1533,728.7;1573,739.4;1613,750.5;1653,762.1;1693,774.1;1733,786.5;1773,799.5;1813,813;1853,827.1;1893,841.8;1905,846.4\},\n                               \strength\: {\values\: \294,1157;373,1064;473,964;573,885;673,810;700,785;773,680;796,588;868,392;1000,150;1200,50;1500,10;1873,0\}},\n                              {\absorptionFactor\: 0.5,\n                               \accommodationCoefficientNormal\: 0.5,\n                               \accommodationCoefficientTangential\: 0.5,\n                               \catalycity\: 0.1,\n                               \comment\: \Class example for titanium alloys
\\n                                          \values from ESTIMATE
measured by \\n                                          \PROMES.\,\n                               \density\: 4417,\n                               \diffuseReflectionFraction\: 0.5,\n                               \emissivity\: {\values\: \1000,0.25;1400,0.8\},\n                               \heatConductivity\: {\values\: \293.15,6.6896;333,7.129;373,7.581;413,8.042;453,8.514;493,8.996;533,9.487;573,9.986;613,10.493;653,11.007;693,11.528;733,12.056;773,12.589;813,13.127;853,13.669;893,14.216;933,14.766;973,15.319;1013,15.874;1053,16.431;1093,16.989;1133,17.548;1173,18.106;1213,18.664;1253,19.221;1293,19.777;1333,20.33;1373,20.881;1413,21.428;1453,21.971;1493,22.51;1533,23.044;1573,23.572;1613,24.094;1653,24.609;1693,25.117;1733,25.617;1773,26.109;1813,26.592;1853,27.066;1893,27.529;1933,27.982;1973,27.191;1978.15,27.0403\},\n                               \id\: \0f598eb5-e681-4653-8e60-47600bc138b9\,\n                               \materialType\: \metal\,\n                               \meltingHeat\: 337700,\n                               \meltingTemperature\: 1905,\n                               \name\: \drama-TiAl6v4_Semi-Empirical\,\n                               \oxideActivationTemperature\: 0,\n                               \oxideEmissivity\: 50
0.8,\n                               \oxideHeatOfFormation\: 0,\n                               \oxideReactionProbability\: 0,\n                               \specificHeatCapacity\: {\values\: \293,545.9;333,555.2;373,564.5;413,573.8;453,583.1;493,592.4;533,601.7;573,611;613,620.3;653,629.6;693,637.1;733,643.6;773,646.1;813,648.8;853,666;893,706.6;933,747.2;973,771;1013,787;1053,806.8;1093,846.9;1133,920.9;1173,1073.4;1213,1292.7;1253,1043.1;1293,679.3;1333,681;1373,688.8;1413,698.4;1453,708.2;1493,718.3;1533,728.7;1573,739.4;1613,750.5;1653,762.1;1693,774.1;1733,786.5;1773,799.5;1813,813;1853,827.1;1893,841.8;1905,846.4\},\n                               \strength\: {\values\: \294,1157;373,1064;473,964;573,885;673,810;700,785;773,680;796,588;868,392;1000,150;1200,50;1500,10;1873,0\}},\n                              {\absorptionFactor\: 0.5,\n                               \accommodationCoefficientNormal\: 0.5,\n                               \accommodationCoefficientTangential\: 0.5,\n                               \catalycity\: 1,\n                               \comment\: \Class example for Tungsten. Pure \\n                                          \metal
values based on testing in \\n                                          \D4C activities\,\n                               \density\: 19300,\n                               \diffuseReflectionFraction\: 0.5,\n                               \emissivity\: {\values\: \250,0.5;3695,0.5\},\n                               \heatConductivity\: {\values\: \200,173;400,142;600,129.8;800,125.6;1000,119.3;1200,116;1400,112.6;1600,108.8;1800,105.5;2000,102.9;3673,100\},\n                               \id\: \ed4cf0b3-a12d-4204-8036-8035887db491\,\n                               \materialType\: \metal\,\n                               \meltingHeat\: 192000,\n                               \meltingTemperature\: 3695,\n                               \name\: \drama-Tungsten\,\n                               \oxideActivationTemperature\: 0,\n                               \oxideEmissivity\: ,\n                               \oxideHeatOfFormation\: 0,\n                               \oxideReactionProbability\: 0,\n                               \specificHeatCapacity\: {\values\: \300,132;500,138;700,142;1000,150;1500,163;2000,176;2500,189;2800,203;3000,223;3200,250;3400,284;3600,335;3695,359\}},\n                              {\absorptionFactor\: 0.5,\n                               \accommodationCoefficientNormal\: 0.5,\n                               \accommodationCoefficientTangential\: 0.5,\n                               \catalycity\: 0.005,\n                               \comment\: \Class example for Zerodur. Values \\n                                          \from ESTIMATE
calibrated as part \\n                                          \of COPPER\,\n                               \density\: 2530,\n                               \diffuseReflectionFraction\: 0.5,\n                               \emissivity\: {\values\: \250,0.8;2896,0.8\},\n                               \heatConductivity\: {\values\: \300,1.46;400,1.57;500,1.68;600,1.79;700,1.9;800,2.01;900,2.12;1000,2.22;1100,2.33;1200,2.44;1300,2.55;1400,2.66;1500,2.77;1600,2.88;1700,2.99;1800,3.1;1900,3.21\},\n                               \id\: \db08eb5c-f2b4-4c32-8131-87a507c97204\,\n                               \materialType\: \metal\,\n                               \meltingHeat\: 400000,\n                               \meltingTemperature\: 1565,\n                               \name\: \drama-ZerodurProxy\,\n                               \oxideActivationTemperature\: 0,\n                               \oxideEmissivity\: ,\n                               \oxideHeatOfFormation\: 0,\n                               \oxideReactionProbability\: 0,\n                               \specificHeatCapacity\: {\values\: \300,802;400,939;500,1033;600,1099;700,1144;800,1177;900,1200;1000,1217;1100,1230;1200,1239;1300,1247;1400,1254;1500,1259;1600,1264;1700,1269;1800,1274;1900,1279\}},\n                              {\absorptionFactor\: 0.5,\n                               \accommodationCoefficientNormal\: 0.5,\n                               \accommodationCoefficientTangential\: 0.5,\n                               \blockingFactor\: 2.1,\n                               \blowingFactor\: 10.4,\n                               \comment\: \Class example for COPV tanks
based \\n                                          \on literature
calibrated in \\n                                          \literature\,\n                               \compositionRatio\: 0.367,\n                               \densityEpoxy\: 1210,\n                               \densityFibre\: 1800,\n                               \diffuseReflectionFraction\: 0.5,\n                               \emissivity\: {\values\: \200,0.997;600,0.99;800,0.977;1000,0.957;1500,0.879;2000,0.759;3000,0.759\},\n                               \heatConductivityChar\: {\values\: \200,0.0481;2000,0.0527\},\n                               \heatConductivityVirgin\: {\values\: \273,0.1;2500,0.15\},\n                               \heatPyrolysis\: 152000,\n                               \id\: \2453b981-9174-4a5c-adb6-333683386fd8\,\n                               \materialType\: \cfrp\,\n                               \name\: \drama-CFRP\,\n                               \oxideActivationTemperature\: 1160,\n                               \oxideHeatOfFormation\: 30300,\n                               \oxideReactionRate\: 1.65,\n                               \pyroActivationEnergy\: 150500,\n                               \pyroReactionRate\: 32600000500,\n                               \pyroReactionTerms\: 1,\n                               \specificHeatCapacityEpoxy\: {\values\: \200,650.2;708,1570.8;718,1422.5;728,1433.1;2500,1577.3\},\n                               \specificHeatCapacityFibre\: {\values\: \200,422.27;708,1832.15;718,1422.45;728,1433.06;2500,1577.25\},\n                               \specificHeatCapacityPyrolyzedGas\: 1675,\n                               \strength\: {\values\: \293,1000;393,1000;443,800;593,0\}},\n                              {\absorptionFactor\: 0.5,\n                               \accommodationCoefficientNormal\: 0.5,\n                               \accommodationCoefficientTangential\: 0.5,\n                               \catalycity\: 1,\n                               \charDensity\: 1240,\n                               \charTemperature\: 700,\n                               \comment\: \CFRP material with an EX1515 matrix \\n                                          \based on an Simple Balance Integral \\n                                          \model\,\n                               \demiseTemperature\: 2500,\n                               \density\: 1580,\n                               \diffuseReflectionFraction\: 0.5,\n                               \emissivity\: {\values\: \0,0.9\},\n                               \heatAblation\: 1300000,\n                               \heatConductivity\: {\values\: \300,0.67;400,0.72;530,0.45;600,0.3;670,0.1;1150,0.1;1600,0.11;2000,0.13\},\n                               \id\: \de7e852e-7578-48b0-a11c-b3bdbbe0b3f4\,\n                               \materialType\: \ablative\,\n                               \name\: \drama-CFRP-EX1515\,\n                               \recessionGradient\: 1.17e-08,\n                               \recessionTemperature\: 1273,\n                               \specificHeatCapacity\: {\values\: \300,610;400,640;530,1000;600,2250;670,2500;850,2150;1150,2150;1600,2600;2000,2800\}},\n                              {\absorptionFactor\: 0.5,\n                               \accommodationCoefficientNormal\: 0.5,\n                               \accommodationCoefficientTangential\: 0.5,\n                               \catalycity\: 1,\n                               \charDensity\: 1250,\n                               \charTemperature\: 700,\n                               \comment\: \CFRP material with an L20 matrix \\n                                          \based on an Simple Balance Integral \\n                                          \model\,\n                               \demiseTemperature\: 2500,\n                               \density\: 1580,\n                               \diffuseReflectionFraction\: 0.5,\n                               \emissivity\: {\values\: \0,0.9\},\n                               \heatAblation\: 1300000,\n                               \heatConductivity\: {\values\: \300,0.5;400,0.8;450,0.5;600,0.4;670,0.1;1500,0.1;2000,0.13\},\n                               \id\: \2cb98fc9-a1f6-4e79-8f20-1bb27b6a82e7\,\n                               \materialType\: \ablative\,\n                               \name\: \drama-CFRP-L20\,\n                               \recessionGradient\: 6.6e-08,\n                               \recessionTemperature\: 915,\n                               \specificHeatCapacity\: {\values\: \300,850;450,850;600,2000;670,4000;850,3500;1150,2500;1500,2000\}},\n                              {\absorptionFactor\: 0.5,\n                               \accommodationCoefficientNormal\: 0.5,\n                               \accommodationCoefficientTangential\: 0.5,\n                               \catalycity\: 1,\n                               \charDensity\: 1265,\n                               \charTemperature\: 700,\n                               \comment\: \CFRP material with an LY556 matrix \\n                                          \based on an Simple Balance Integral \\n                                          \model\,\n                               \demiseTemperature\: 2500,\n                               \density\: 1580,\n                               \diffuseReflectionFraction\: 0.5,\n                               \emissivity\: {\values\: \0,0.9\},\n                               \heatAblation\: 1300000,\n                               \heatConductivity\: {\values\: \430,0.5;500,0.3;600,0.15;720,0.1;1500,0.1;2000,0.13\},\n                               \id\: \7eeabdb5-79c9-470d-b0d8-afdfc9474be3\,\n                               \materialType\: \ablative\,\n                               \name\: \drama-CFRP-LY556\,\n                               \recessionGradient\: 2.33e-08,\n                               \recessionTemperature\: 1187,\n                               \specificHeatCapacity\: {\values\: \300,750;430,760;500,770;600,1000;720,3300;850,3300;1150,1550;1500,1700;2000,1750\}},\n                              {\absorptionFactor\: 0.5,\n                               \accommodationCoefficientNormal\: 0.5,\n                               \accommodationCoefficientTangential\: 0.5,\n                               \catalycity\: 0.005,\n                               \comment\: \Borosilicate glass material based \\n                                          \on an Simple Balance Integral model\,\n                               \density\: 2200,\n                               \diffuseReflectionFraction\: 0.5,\n                               \emissivity\: {\values\: \0,0.8\},\n                               \heatConductivity\: {\values\: \0,1.4\},\n                               \id\: \fe393870-067f-45ba-9b03-008ccf4c6ed5\,\n                               \materialType\: \glass\,\n                               \name\: \drama-BorosilicateGlass\,\n                               \specificHeatCapacity\: {\values\: \0,261;100,261;200,544;300,746;400,890;500,994;600,1074;700,1146;800,1228;900,1132;1000,1149;1100,1166;1200,1183;1300,1199;1400,1216;1500,1233;1600,1250;1700,1266;1800,1283;1900,1300\},\n                               \viscosityVftA\: -2.56,\n                               \viscosityVftB\: 4852,\n                               \viscosityVftT0\: 465.5},\n                              {\absorptionFactor\: 0.5,\n                               \accommodationCoefficientNormal\: 0.5,\n                               \accommodationCoefficientTangential\: 0.5,\n                               \catalycity\: 0.005,\n                               \comment\: \Fused silica glass material based \\n                                          \on an Simple Balance Integral model\,\n                               \density\: 2200,\n                               \diffuseReflectionFraction\: 0.5,\n                               \emissivity\: {\values\: \0,0.8\},\n                               \heatConductivity\: {\values\: \0,1.33;300,1.33;400,1.44;500,1.54;600,1.65;700,1.76;800,1.86;900,1.97;1000,2.07;1100,2.18;1200,2.29;1300,2.39;1400,2.5;1500,2.6;1600,2.7;1700,2.8;1800,2.9;1900,3\},\n                               \id\: \34be44d0-5c98-47ad-94ec-849bcd3d6baf\,\n                               \materialType\: \glass\,\n                               \name\: \drama-FusedSilicaGlass\,\n                               \specificHeatCapacity\: {\values\: \0,745;300,745;400,878;500,968;600,1031;700,1075;800,1108;900,1133;1000,1153;1100,1170;1200,1185;1300,1197;1400,1211;1500,1230;1600,1250;1700,1266;1800,1283;1900,1300\},\n                               \viscosityVftA\: -2.56,\n                               \viscosityVftB\: 11520,\n                               \viscosityVftT0\: 662},\n                              {\absorptionFactor\: 0.5,\n                               \accommodationCoefficientNormal\: 0.5,\n                               \accommodationCoefficientTangential\: 0.5,\n                               \catalycity\: 0.02,\n                               \comment\: \GFRP glass material based on an \\n                                          \Simple Balance Integral model\,\n                               \density\: 2200,\n                               \diffuseReflectionFraction\: 0.5,\n                               \emissivity\: {\values\: \0,0.8\},\n                               \heatConductivity\: {\values\: \0,0.15\},\n                               \id\: \b7ae7d49-e52e-4bd3-8fed-2b251c1fa548\,\n                               \materialType\: \glass\,\n                               \name\: \drama-Gfrp\,\n                               \specificHeatCapacity\: {\values\: \0,261;100,261;200,544;300,746;400,890;500,994;600,1074;700,1146;800,1228;900,1132;1000,1149;1100,1166;1200,1183;1300,1199;1400,1216;1500,1233;1600,1250;1700,1266;1800,1283;1900,1300\},\n                               \viscosityVftA\: -2.9,\n                               \viscosityVftB\: 5711,\n                               \viscosityVftT0\: 496.25},\n                              {\absorptionFactor\: 0.5,\n                               \accommodationCoefficientNormal\: 0.5,\n                               \accommodationCoefficientTangential\: 0.5,\n                               \catalycity\: 0.005,\n                               \comment\: \Soda lime glass material based on \\n                                          \an Simple Balance Integral model\,\n                               \density\: 2200,\n                               \diffuseReflectionFraction\: 0.5,\n                               \emissivity\: {\values\: \0,0.8\},\n                               \heatConductivity\: {\values\: \0,1.4\},\n                               \id\: \845c97be-57a9-48c5-abab-6be41786e6fa\,\n                               \materialType\: \glass\,\n                               \name\: \drama-SodaLimeGlass\,\n                               \specificHeatCapacity\: {\values\: \0,261;100,261;200,544;300,746;400,890;500,994;600,1074;700,1146;800,1228;900,1132;1000,1149;1100,1166;1200,1183;1300,1199;1400,1216;1500,1233;1600,1250;1700,1266;1800,1283;1900,1300\},\n                               \viscosityVftA\: -2.729,\n                               \viscosityVftB\: 4650,\n                               \viscosityVftT0\: 213.8},\n                              {\absorptionFactor\: 0.5,\n                               \accommodationCoefficientNormal\: 0.5,\n                               \accommodationCoefficientTangential\: 0.5,\n                               \catalycity\: 0.005,\n                               \comment\: \Zerodur glass material based on an \\n                                          \Simple Balance Integral model\,\n                               \density\: 2530,\n                               \diffuseReflectionFraction\: 0.5,\n                               \emissivity\: {\values\: \0,0.8\},\n                               \heatConductivity\: {\values\: \0,1.46;300,1.46;400,1.57;500,1.68;600,1.79;700,1.9;800,2.01;900,2.12;1000,2.22;1100,2.33;1200,2.44;1300,2.55;1400,2.66;1500,2.77;1600,2.88;1700,2.99;1800,3.1;1900,3.21\},\n                               \id\: \f987d9b6-2781-43a5-82f7-1d5d5a99cfec\,\n                               \materialType\: \glass\,\n                               \name\: \drama-Zerodur\,\n                               \specificHeatCapacity\: {\values\: \0,802;300,802;400,939;500,1033;600,1099;700,1144;800,1177;900,1200;1000,1217;1100,1230;1200,1239;1300,1247;1400,1254;1500,1259;1600,1264;1700,1269;1800,1274;1900,1279\},\n                               \viscosityVftA\: -2.9,\n                               \viscosityVftB\: 6211,\n                               \viscosityVftT0\: 496.25},\n                              {\absorptionFactor\: 0.5,\n                               \accommodationCoefficientNormal\: 0.5,\n                               \accommodationCoefficientTangential\: 0.5,\n                               \diffuseReflectionFraction\: 0.5,\n                               \heatCapacityGas\: {\values\: \200,5.2;2000,5.2\},\n                               \id\: \9d28ae2e-c031-4538-9299-b4173fefff4e\,\n                               \materialType\: \pressureGas\,\n                               \name\: \drama-helium\,\n                               \weight\: 4.0026},\n                              {\absorptionFactor\: 0.5,\n                               \accommodationCoefficientNormal\: 0.5,\n                               \accommodationCoefficientTangential\: 0.5,\n                               \diffuseReflectionFraction\: 0.5,\n                               \heatCapacityGas\: {\values\: \298.15,1.0395;400,1.0441;500,1.0559;600,1.0748;700,1.098;800,1.122;900,1.1459;1000,1.1673;1100,1.1869;1200,1.2044;1300,1.2194;1400,1.2326;1500,1.244\},\n                               \id\: \b2e2d364-d123-49d2-8310-ed5a8900a962\,\n                               \materialType\: \pressureGas\,\n                               \name\: \drama-nitrogen\,\n                               \weight\: 28.0134},\n                              {\absorptionFactor\: 0.5,\n                               \accommodationCoefficientNormal\: 0.5,\n                               \accommodationCoefficientTangential\: 0.5,\n                               \d_t_c\: 653,\n                               \density\: {\coefficients\: \-7.5355,3.0526,9.727,-4.3297\,\n                                           \d_rho_c\: 0.2307},\n                               \diffuseReflectionFraction\: 0.5,\n                               \heatCapacityGas\: {\values\: \298.15,1.6446;400,1.9722;500,2.2063;600,2.3873;700,2.5464;800,2.69;900,2.8054;1000,2.9115\},\n                               \heatCapacityLiquid\: {\values\: \274.69,3.0407;280,3.0513;290,3.0697;298.16,3.0838;300,3.0878;310,3.1075;320,3.1269;330,3.1518;340,3.1768\},\n                               \heatOfEvaporation_c\: 1304.416,\n                               \id\: \d03d955b-87c6-41c3-9bf9-8fec6c93d1a4\,\n                               \materialType\: \propellant\,\n                               \name\: \drama-hydrazine\,\n                               \temperatureOfEvaporation_c\: 386.65,\n                               \triplePointTemperature\: 274.69,\n                               \vaporPressureRelation\: {\coefficients\: \-1947.45,-12.3521,7.71977,-0.00652302\},\n                               \weight\: 32.045},\n                              {\absorptionFactor\: 0.5,\n                               \accommodationCoefficientNormal\: 0.5,\n                               \accommodationCoefficientTangential\: 0.5,\n                               \d_t_c\: 585,\n                               \density\: {\coefficients\: \-0.6653,1.1673,0.0985,0.2196\,\n                                           \d_rho_c\: 0.29},\n                               \diffuseReflectionFraction\: 0.5,\n                               \heatCapacityGas\: {\values\: \298.15,1.5439;400,1.9079;500,2.2139;600,2.4527;700,2.6697;800,2.8434;900,2.9953;1000,3.1473;1500,3.6248\},\n                               \heatCapacityLiquid\: {\values\: \220.79,2.839;230,2.8521;240,2.8629;250,2.8738;260,2.8846;270,2.8955;280,2.9063;290,2.9194;298.16,2.928\},\n                               \heatOfEvaporation_c\: 876.241,\n                               \id\: \2b0e2f97-449d-4a53-b145-baac6cda8000\,\n                               \materialType\: \propellant\,\n                               \name\: \drama-mmh\,\n                               \temperatureOfEvaporation_c\: 360.8,\n                               \triplePointTemperature\: 219.2,\n                               \vaporPressureRelation\: {\coefficients\: \4787.54,-220.339,88.2929,-0.0516844\},\n                               \weight\: 46.0718},\n             \monteCarlo\: False,\n             \objects\: {\attack\: 0,\n                          \attitude\: \tumbling\,\n                          \bank\: 0,\n                          \color\: {\Blue\: 128
\Green\: 128
\Red\: 128},\n                          \isExplosive\: False,\n                          \isMovable\: False,\n                          \isSolarPanel\: False,\n                          \mass\: 0.2112,\n                          \material\: \drama-AA7075\,\n                          \name\: \Structure\,\n                          \primitive\: {\box\: {\height\: 0.1,\n                                                \length\: 0.1,\n                                                \width\: 0.1}},\n                          \quantity\: 1,\n                          \relativePosition\: {\cartX\: 0,\n                                               \cartY\: 0,\n                                               \cartZ\: 0,\n                                               \pitch\: 90,\n                                               \roll\: 0,\n                                               \yaw\: 0},\n                          \reschedule\: False,\n                          \scalingFactors\: {\averageHeatFlux\: 1,\n                                             \averageHeatFluxCT\: 1,\n                                             \averageHeatFluxFM\: 1,\n                                             \averageHeatFluxTR\: 1,\n                                             \drag\: 1,\n                                             \lift\: 1,\n                                             \sideForce\: 1},\n                          \sideSlip\: 0,\n                          \solid\: False,\n                          \temperature\: 300,\n                          \uniqueID\: \641385a0-5f83-450a-a820-eea5ec3721e1\,\n                          \useOrientationOverride\: False,\n                          \useOverrideShape\: False,\n                          \useRescheduleMass\: False},\n                         {\attack\: 0,\n                          \attitude\: \tumbling\,\n                          \bank\: 0,\n                          \color\: {\Blue\: 128
\Green\: 128
\Red\: 128},\n                          \isExplosive\: False,\n                          \isMovable\: False,\n                          \isSolarPanel\: False,\n                          \isTank\: False,\n                          \length\: 1,\n                          \mass\: 0.089,\n                          \material\: \drama-TiAl6v4\,\n                          \name\: \Antenna\,\n                          \primitive\: {\cylinder\: {\height\: 0.09,\n                                                     \radius\: 0.0025}},\n                          \quantity\: 1,\n                          \relativePosition\: {\cartX\: 0.05,\n                                               \cartY\: 0,\n                                               \cartZ\: -0.045,\n                                               \pitch\: 0,\n                                               \roll\: 0,\n                                               \yaw\: 0},\n                          \reschedule\: True,\n                          \scalingFactors\: {\averageHeatFlux\: 1,\n                                             \averageHeatFluxCT\: 1,\n                                             \averageHeatFluxFM\: 1,\n                                             \averageHeatFluxTR\: 1,\n                                             \drag\: 1,\n                                             \lift\: 1,\n                                             \sideForce\: 1},\n                          \sideSlip\: 0,\n                          \solid\: False,\n                          \temperature\: 300,\n                          \uniqueID\: \be7c5bf2-c0a2-44f3-bb33-d90404150716\,\n                          \useOrientationOverride\: False,\n                          \useOverrideShape\: False,\n                          \useRescheduleMass\: True,\n                          \width\: 1},\n                         {\attack\: 0,\n                          \attitude\: \tumbling\,\n                          \bank\: 0,\n                          \color\: {\Blue\: 128
\Green\: 128
\Red\: 128},\n                          \isExplosive\: False,\n                          \isMovable\: False,\n                          \isSolarPanel\: False,\n                          \mass\: 0.196,\n                          \material\: \drama-AA7075\,\n                          \name\: \ADCS\,\n                          \primitive\: {\box\: {\height\: 0.09,\n                                                \length\: 0.0187,\n                                                \width\: 0.09}},\n                          \quantity\: 1,\n                          \relativePosition\: {\cartX\: 0,\n                                               \cartY\: 0,\n                                               \cartZ\: 0.0376,\n                                               \pitch\: 0,\n                                               \roll\: 0,\n                                               \yaw\: 0},\n                          \reschedule\: True,\n                          \scalingFactors\: {\averageHeatFlux\: 1,\n                                             \averageHeatFluxCT\: 1,\n                                             \averageHeatFluxFM\: 1,\n                                             \averageHeatFluxTR\: 1,\n                                             \drag\: 1,\n                                             \lift\: 1,\n                                             \sideForce\: 1},\n                          \sideSlip\: 0,\n                          \solid\: False,\n                          \temperature\: 300,\n                          \uniqueID\: \7cd7767b-ebe1-4361-a403-3e94664c9816\,\n                          \useOrientationOverride\: False,\n                          \useOverrideShape\: False,\n                          \useRescheduleMass\: True},\n                         {\attack\: 0,\n                          \attitude\: \tumbling\,\n                          \bank\: 0,\n                          \color\: {\Blue\: 128
\Green\: 128
\Red\: 128},\n                          \isExplosive\: False,\n                          \isMovable\: False,\n                          \isSolarPanel\: False,\n                          \mass\: 0.05,\n                          \material\: \drama-AA7075\,\n                          \name\: \EPS\,\n                          \primitive\: {\box\: {\height\: 0.09,\n                                                \length\: 0.0081,\n                                                \width\: 0.09}},\n                          \quantity\: 1,\n                          \relativePosition\: {\cartX\: 0,\n                                               \cartY\: 0,\n                                               \cartZ\: 0.0232,\n                                               \pitch\: 0,\n                                               \roll\: 0,\n                                               \yaw\: 0},\n                          \reschedule\: True,\n                          \scalingFactors\: {\averageHeatFlux\: 1,\n                                             \averageHeatFluxCT\: 1,\n                                             \averageHeatFluxFM\: 1,\n                                             \averageHeatFluxTR\: 1,\n                                             \drag\: 1,\n                                             \lift\: 1,\n                                             \sideForce\: 1},\n                          \sideSlip\: 0,\n                          \solid\: False,\n                          \temperature\: 300,\n                          \uniqueID\: \7cf9a9a5-596a-4c61-8c9d-53a4c37759a8\,\n                          \useOrientationOverride\: False,\n                          \useOverrideShape\: False,\n                          \useRescheduleMass\: True},\n                         {\attack\: 0,\n                          \attitude\: \tumbling\,\n                          \bank\: 0,\n                          \color\: {\Blue\: 128
\Green\: 128
\Red\: 128},\n                          \isExplosive\: False,\n                          \isMovable\: False,\n                          \isSolarPanel\: False,\n                          \mass\: 0.094,\n                          \material\: \drama-AA7075\,\n                          \name\: \OBC\,\n                          \primitive\: {\box\: {\height\: 0.09,\n                                                \length\: 0.01545,\n                                                \width\: 0.09}},\n                          \quantity\: 1,\n                          \relativePosition\: {\cartX\: 0,\n                                               \cartY\: 0,\n                                               \cartZ\: 0.0104,\n                                               \pitch\: 0,\n                                               \roll\: 0,\n                                               \yaw\: 0},\n                          \reschedule\: True,\n                          \scalingFactors\: {\averageHeatFlux\: 1,\n                                             \averageHeatFluxCT\: 1,\n                                             \averageHeatFluxFM\: 1,\n                                             \averageHeatFluxTR\: 1,\n                                             \drag\: 1,\n                                             \lift\: 1,\n                                             \sideForce\: 1},\n                          \sideSlip\: 0,\n                          \solid\: False,\n                          \temperature\: 300,\n                          \uniqueID\: \b4eebe26-0f45-4dee-903e-d1fdc93bd52e\,\n                          \useOrientationOverride\: False,\n                          \useOverrideShape\: False,\n                          \useRescheduleMass\: True},\n                         {\attack\: 0,\n                          \attitude\: \tumbling\,\n                          \bank\: 0,\n                          \color\: {\Blue\: 128
\Green\: 128
\Red\: 128},\n                          \isExplosive\: False,\n                          \isMovable\: False,\n                          \isSolarPanel\: False,\n                          \mass\: 0.094,\n                          \material\: \drama-AA7075\,\n                          \name\: \COMM\,\n                          \primitive\: {\box\: {\height\: 0.09,\n                                                \length\: 0.0107,\n                                                \width\: 0.09}},\n                          \quantity\: 1,\n                          \relativePosition\: {\cartX\: 0,\n                                               \cartY\: 0,\n                                               \cartZ\: -0.0037,\n                                               \pitch\: 0,\n                                               \roll\: 0,\n                                               \yaw\: 0},\n                          \reschedule\: True,\n                          \scalingFactors\: {\averageHeatFlux\: 1,\n                                             \averageHeatFluxCT\: 1,\n                                             \averageHeatFluxFM\: 1,\n                                             \averageHeatFluxTR\: 1,\n                                             \drag\: 1,\n                                             \lift\: 1,\n                                             \sideForce\: 1},\n                          \sideSlip\: 0,\n                          \solid\: False,\n                          \temperature\: 300,\n                          \uniqueID\: \f03116e5-b2c9-4716-881e-afee90665229\,\n                          \useOrientationOverride\: False,\n                          \useOverrideShape\: False,\n                          \useRescheduleMass\: True},\n                         {\attack\: 0,\n                          \attitude\: \tumbling\,\n                          \bank\: 0,\n                          \color\: {\Blue\: 128
\Green\: 128
\Red\: 128},\n                          \isExplosive\: False,\n                          \isMovable\: False,\n                          \isSolarPanel\: False,\n                          \mass\: 0.1355,\n                          \material\: \drama-Gfrp\,\n                          \name\: \PAYLOAD\,\n                          \primitive\: {\box\: {\height\: 0.09,\n                                                \length\: 0.0379,\n                                                \width\: 0.09}},\n                          \quantity\: 1,\n                          \relativePosition\: {\cartX\: 0,\n                                               \cartY\: 0,\n                                               \cartZ\: -0.0289,\n                                               \pitch\: 0,\n                                               \roll\: 0,\n                                               \yaw\: 0},\n                          \reschedule\: True,\n                          \scalingFactors\: {\averageHeatFlux\: 1,\n                                             \averageHeatFluxCT\: 1,\n                                             \averageHeatFluxFM\: 1,\n                                             \averageHeatFluxTR\: 1,\n                                             \drag\: 1,\n                                             \lift\: 1,\n                                             \sideForce\: 1},\n                          \sideSlip\: 0,\n                          \solid\: False,\n                          \temperature\: 300,\n                          \uniqueID\: \b51424f8-fd76-4e5f-9316-42778b83ca39\,\n                          \useOrientationOverride\: False,\n                          \useOverrideShape\: False,\n                          \useRescheduleMass\: True},\n                         {\attack\: 0,\n                          \attitude\: \tumbling\,\n                          \bank\: 0,\n                          \color\: {\Blue\: 128
\Green\: 128
\Red\: 128},\n                          \isExplosive\: False,\n                          \isMovable\: False,\n                          \isSolarPanel\: False,\n                          \mass\: 0.00833,\n                          \material\: \drama-SolarPanel-Mat\,\n                          \name\: \SOLAR PANEL +X\,\n                          \primitive\: {\box\: {\height\: 0.1,\n                                                \length\: 0.1,\n                                                \width\: 0.002}},\n                          \quantity\: 1,\n                          \relativePosition\: {\cartX\: 0.051,\n                                               \cartY\: 0,\n                                               \cartZ\: 0,\n                                               \pitch\: 0,\n                                               \roll\: 0,\n                                               \yaw\: -1},\n                          \reschedule\: True,\n                          \scalingFactors\: {\averageHeatFlux\: 1,\n                                             \averageHeatFluxCT\: 1,\n                                             \averageHeatFluxFM\: 1,\n                                             \averageHeatFluxTR\: 1,\n                                             \drag\: 1,\n                                             \lift\: 1,\n                                             \sideForce\: 1},\n                          \sideSlip\: 0,\n                          \solid\: False,\n                          \temperature\: 300,\n                          \uniqueID\: \cb109bb6-e00d-4d1e-88f9-d77e3396d29e\,\n                          \useOrientationOverride\: False,\n                          \useOverrideShape\: False,\n                          \useRescheduleMass\: True},\n                         {\attack\: 0,\n                          \attitude\: \tumbling\,\n                          \bank\: 0,\n                          \color\: {\Blue\: 128
\Green\: 128
\Red\: 128},\n                          \isExplosive\: False,\n                          \isMovable\: False,\n                          \isSolarPanel\: False,\n                          \mass\: 0.00833,\n                          \material\: \drama-SolarPanel-Mat\,\n                          \name\: \SOLAR PANEL -X\,\n                          \primitive\: {\box\: {\height\: 0.1,\n                                                \length\: 0.1,\n                                                \width\: 0.002}},\n                          \quantity\: 1,\n                          \relativePosition\: {\cartX\: -0.051,\n                                               \cartY\: 0,\n                                               \cartZ\: 0,\n                                               \pitch\: 0,\n                                               \roll\: 0,\n                                               \yaw\: 0},\n                          \reschedule\: True,\n                          \scalingFactors\: {\averageHeatFlux\: 1,\n                                             \averageHeatFluxCT\: 1,\n                                             \averageHeatFluxFM\: 1,\n                                             \averageHeatFluxTR\: 1,\n                                             \drag\: 1,\n                                             \lift\: 1,\n                                             \sideForce\: 1},\n                          \sideSlip\: 0,\n                          \solid\: False,\n                          \temperature\: 300,\n                          \uniqueID\: \14293697-d071-44f0-a193-a06ad36408cf\,\n                          \useOrientationOverride\: False,\n                          \useOverrideShape\: False,\n                          \useRescheduleMass\: True},\n                         {\attack\: 0,\n                          \attitude\: \tumbling\,\n                          \bank\: 0,\n                          \color\: {\Blue\: 128
\Green\: 128
\Red\: 128},\n                          \isExplosive\: False,\n                          \isMovable\: False,\n                          \isSolarPanel\: False,\n                          \mass\: 0.00833,\n                          \material\: \drama-SolarPanel-Mat\,\n                          \name\: \SOLAR PANEL+Y\,\n                          \primitive\: {\box\: {\height\: 0.002,\n                                                \length\: 0.1,\n                                                \width\: 0.1}},\n                          \quantity\: 1,\n                          \relativePosition\: {\cartX\: 0,\n                                               \cartY\: 0.051,\n                                               \cartZ\: 0,\n                                               \pitch\: 0,\n                                               \roll\: 0,\n                                               \yaw\: 0},\n                          \reschedule\: True,\n                          \scalingFactors\: {\averageHeatFlux\: 1,\n                                             \averageHeatFluxCT\: 1,\n                                             \averageHeatFluxFM\: 1,\n                                             \averageHeatFluxTR\: 1,\n                                             \drag\: 1,\n                                             \lift\: 1,\n                                             \sideForce\: 1},\n                          \sideSlip\: 0,\n                          \solid\: False,\n                          \temperature\: 300,\n                          \uniqueID\: \909d6c11-5860-4faf-95ad-9caca83cbaab\,\n                          \useOrientationOverride\: False,\n                          \useOverrideShape\: False,\n                          \useRescheduleMass\: True},\n                         {\attack\: 0,\n                          \attitude\: \tumbling\,\n                          \bank\: 0,\n                          \color\: {\Blue\: 128
\Green\: 128
\Red\: 128},\n                          \isExplosive\: False,\n                          \isMovable\: False,\n                          \isSolarPanel\: False,\n                          \mass\: 0.00833,\n                          \material\: \drama-SolarPanel-Mat\,\n                          \name\: \SOLAR PANEL-Y\,\n                          \primitive\: {\box\: {\height\: 0.002,\n                                                \length\: 0,\n                                                \width\: 0.1}},\n                          \quantity\: 1,\n                          \relativePosition\: {\cartX\: 0,\n                                               \cartY\: -0.051,\n                                               \cartZ\: 0,\n                                               \pitch\: 0,\n                                               \roll\: 0,\n                                               \yaw\: 0},\n                          \reschedule\: True,\n                          \scalingFactors\: {\averageHeatFlux\: 1,\n                                             \averageHeatFluxCT\: 1,\n                                             \averageHeatFluxFM\: 1,\n                                             \averageHeatFluxTR\: 1,\n                                             \drag\: 1,\n                                             \lift\: 1,\n                                             \sideForce\: 1},\n                          \sideSlip\: 0,\n                          \solid\: False,\n                          \temperature\: 300,\n                          \uniqueID\: \977a7ad8-0dc4-41a0-8565-8459b641d630\,\n                          \useOrientationOverride\: False,\n                          \useOverrideShape\: False,\n                          \useRescheduleMass\: True},\n                         {\attack\: 0,\n                          \attitude\: \tumbling\,\n                          \bank\: 0,\n                          \color\: {\Blue\: 128
\Green\: 128
\Red\: 128},\n                          \isExplosive\: False,\n                          \isMovable\: False,\n                          \isSolarPanel\: False,\n                          \mass\: 0.0083,\n                          \material\: \drama-SolarPanel-Mat\,\n                          \name\: \SOLAR PANEL +Z\,\n                          \primitive\: {\box\: {\height\: 0.1,\n                                                \length\: 0.002,\n                                                \width\: 0.1}},\n                          \quantity\: 1,\n                          \relativePosition\: {\cartX\: 0,\n                                               \cartY\: 0,\n                                               \cartZ\: 0.051,\n                                               \pitch\: 0,\n                                               \roll\: 0,\n                                               \yaw\: 0},\n                          \reschedule\: True,\n                          \scalingFactors\: {\averageHeatFlux\: 1,\n                                             \averageHeatFluxCT\: 1,\n                                             \averageHeatFluxFM\: 1,\n                                             \averageHeatFluxTR\: 1,\n                                             \drag\: 1,\n                                             \lift\: 1,\n                                             \sideForce\: 1},\n                          \sideSlip\: 0,\n                          \solid\: False,\n                          \temperature\: 300,\n                          \uniqueID\: \848e52c9-2076-4c7c-8aff-e4e7354094ec\,\n                          \useOrientationOverride\: False,\n                          \useOverrideShape\: False,\n                          \useRescheduleMass\: True},\n                         {\attack\: 0,\n                          \attitude\: \tumbling\,\n                          \bank\: 0,\n                          \color\: {\Blue\: 128
\Green\: 128
\Red\: 128},\n                          \isExplosive\: False,\n                          \isMovable\: False,\n                          \isSolarPanel\: False,\n                          \mass\: 0.00833,\n                          \material\: \drama-SolarPanel-Mat\,\n                          \name\: \SOLAR PANEL -Z\,\n                          \primitive\: {\box\: {\height\: 0.1,\n                                                \length\: 0.002,\n                                                \width\: 0.1}},\n                          \quantity\: 1,\n                          \relativePosition\: {\cartX\: 0,\n                                               \cartY\: 0,\n                                               \cartZ\: -0.051,\n                                               \pitch\: 0,\n                                               \roll\: 0,\n                                               \yaw\: 0},\n                          \reschedule\: True,\n                          \scalingFactors\: {\averageHeatFlux\: 1,\n                                             \averageHeatFluxCT\: 1,\n                                             \averageHeatFluxFM\: 1,\n                                             \averageHeatFluxTR\: 1,\n                                             \drag\: 1,\n                                             \lift\: 1,\n                                             \sideForce\: 1},\n                          \sideSlip\: 0,\n                          \solid\: False,\n                          \temperature\: 300,\n                          \uniqueID\: \8bc30e9f-23da-4053-94d7-a85ea5a2183e\,\n                          \useOrientationOverride\: False,\n                          \useOverrideShape\: False,\n                          \useRescheduleMass\: True},\n             \plotObjectTrajectories\: True,\n             \plotVisibilityMaps\: True,\n             \reentryType\: \uncontrolled\,\n             \reflectivityCoefficient\: 1.3,\n             \runID\: \PySara\,\n             \runMode\: \reentry-risk\,\n             \sideSlip\: 0,\n             \solarActivityFromFile\: True,\n             \uncontrolledMethod\: \circular\,\n             \useEnvironmentCSV\: False,\n             \useWind\: True,\n             \voxelatorMode\: 1},\n  \reentry_logfile\: \#_______________________________________________________________________________\\n\\n                     \#    ######   ####     ##             #####   #####     \\n                     \##    #    #    ##\\n\\n                     \#    #       #        #  #            #    #  #    #   \\n                     \#  #   ##  ##   #  #\\n\\n                     \#    #####    ####   ######           #    #  #####   \\n                     \######  # ## #  ######\\n\\n                     \#    #            #  #    #           #    #  #    #  \\n                     \#    #  #    #  #    #\\n\\n                     \#____######__#####___#____#___________#####___#____#__#____#__#____#__#____#____\\n\\n                     \#\\n\\n                     \#               ESA Debris Risk Assessment and \\n                     \Mitigation Analysis\\n\\n                     \#\\n\\n                     \#   ---- DRAMA ( SESAM 2.3.0 ( built Mar 17 2026 \\n                     \16:55:01) ) ----\\n\\n                     \#                                      ESA 2022\\n\\n                     \#\\n\\n                     \#                        execution log file -sesam.log-\\n\\n                     \#                   run date+time: Tue Aug  4 20:20:36 \\n                     \2026\\n\\n                     \\\n\\n                     \info: Starting Sesam\\n\\n                     \info: SESAM module initialising\\n\\n                     \info: Using voxelator cache dir: F:\\\\Survival_analysis \\n                     \of satellite re entry\\\\linear_cubesat\\\\data\\n\\n                     \warning: oxideReactionProbability for drama-AA7075 < \\n                     \1.0E-5 or not found. Continuing without oxidation for \\n                     \this material.\\n\\n                     \warning: oxideReactionProbability for drama-A316 < \\n                     \1.0E-5 or not found. Continuing without oxidation for \\n                     \this material.\\n\\n                     \warning: oxideReactionProbability for \\n                     \drama-A316_Semi-Empirical < 1.0E-5 or not found. \\n                     \Continuing without oxidation for this material.\\n\\n                     \warning: oxideReactionProbability for drama-BatCell-ABSL \\n                     \< 1.0E-5 or not found. Continuing without oxidation for \\n                     \this material.\\n\\n                     \warning: oxideReactionProbability for drama-Bat-Li < \\n                     \1.0E-5 or not found. Continuing without oxidation for \\n                     \this material.\\n\\n                     \warning: oxideReactionProbability for drama-Bat-NiCd < \\n                     \1.0E-5 or not found. Continuing without oxidation for \\n                     \this material.\\n\\n                     \warning: oxideReactionProbability for drama-Beryllium < \\n                     \1.0E-5 or not found. Continuing without oxidation for \\n                     \this material.\\n\\n                     \warning: oxideReactionProbability for \\n                     \drama-Carbon-Carbon < 1.0E-5 or not found. Continuing \\n                     \without oxidation for this material.\\n\\n                     \warning: oxideReactionProbability for drama-Copper < \\n                     \1.0E-5 or not found. Continuing without oxidation for \\n                     \this material.\\n\\n                     \warning: oxideReactionProbability for drama-El-Mat < \\n                     \1.0E-5 or not found. Continuing without oxidation for \\n                     \this material.\\n\\n                     \warning: oxideReactionProbability for \\n                     \drama-FusedSilicaProxy < 1.0E-5 or not found. Continuing \\n                     \without oxidation for this material.\\n\\n                     \warning: oxideReactionProbability for drama-GFRPProxy < \\n                     \1.0E-5 or not found. Continuing without oxidation for \\n                     \this material.\\n\\n                     \warning: oxideReactionProbability for \\n                     \drama-Haynes25Thick < 1.0E-5 or not found. Continuing \\n                     \without oxidation for this material.\\n\\n                     \warning: oxideReactionProbability for drama-Haynes25Thin \\n                     \< 1.0E-5 or not found. Continuing without oxidation for \\n                     \this material.\\n\\n                     \warning: oxideReactionProbability for drama-HC-AA7075 < \\n                     \1.0E-5 or not found. Continuing without oxidation for \\n                     \this material.\\n\\n                     \warning: oxideReactionProbability for drama-HC-CFRP-4ply \\n                     \< 1.0E-5 or not found. Continuing without oxidation for \\n                     \this material.\\n\\n                     \warning: oxideReactionProbability for drama-HC-CFRP-8ply \\n                     \< 1.0E-5 or not found. Continuing without oxidation for \\n                     \this material.\\n\\n                     \warning: oxideReactionProbability for drama-HiperCo < \\n                     \1.0E-5 or not found. Continuing without oxidation for \\n                     \this material.\\n\\n                     \warning: oxideReactionProbability for drama-Inconel718 < \\n                     \1.0E-5 or not found. Continuing without oxidation for \\n                     \this material.\\n\\n                     \warning: oxideReactionProbability for drama-Inermet < \\n                     \1.0E-5 or not found. Continuing without oxidation for \\n                     \this material.\\n\\n                     \warning: oxideReactionProbability for drama-Invar < \\n                     \1.0E-5 or not found. Continuing without oxidation for \\n                     \this material.\\n\\n                     \warning: oxideReactionProbability for drama-Iron < \\n                     \1.0E-5 or not found. Continuing without oxidation for \\n                     \this material.\\n\\n                     \warning: oxideReactionProbability for drama-Molybdenum < \\n                     \1.0E-5 or not found. Continuing without oxidation for \\n                     \this material.\\n\\n                     \warning: oxideReactionProbability for drama-SiC < 1.0E-5 \\n                     \or not found. Continuing without oxidation for this \\n                     \material.\\n\\n                     \warning: oxideReactionProbability for \\n                     \drama-SolarPanel-Mat < 1.0E-5 or not found. Continuing \\n                     \without oxidation for this material.\\n\\n                     \warning: oxideReactionProbability for drama-TiAl6v4 < \\n                     \1.0E-5 or not found. Continuing without oxidation for \\n                     \this material.\\n\\n                     \warning: oxideReactionProbability for \\n                     \drama-TiAl6v4_Semi-Empirical < 1.0E-5 or not found. \\n                     \Continuing without oxidation for this material.\\n\\n                     \warning: oxideReactionProbability for drama-Tungsten < \\n                     \1.0E-5 or not found. Continuing without oxidation for \\n                     \this material.\\n\\n                     \warning: oxideReactionProbability for drama-ZerodurProxy \\n                     \< 1.0E-5 or not found. Continuing without oxidation for \\n                     \this material.\\n\\n                     \info: Fragment satelliteOne initializing\\n\\n                     \info: Creation of object list\\n\\n                     \info: Creating Object with UniqueID: \\n                     \641385a0-5f83-450a-a820-eea5ec3721e1\\n\\n                     \info: Opening netCDF file \\n                     \F:\\\\TOOLS\\\\SARA\\\\REENTRY/data/ATDB_BOX.nc for reading \\n                     \DONE.\\n\\n                     \info: Using ATDB for BOX created with SAM on 20200306 \\n                     \from data created by Belstead Research Limited.\\n\\n                     "info: Included new object \Structure\ to fragment list\\n"\n                     \info: Creating Object with UniqueID: \\n                     \be7c5bf2-c0a2-44f3-bb33-d90404150716\\n\\n                     \info: Opening netCDF file \\n                     \F:\\\\TOOLS\\\\SARA\\\\REENTRY/data/ATDB_CYLINDER.nc for \\n                     \reading DONE.\\n\\n                     \info: Using ATDB for CYLINDER created with \\n                     \ATDB_converter r1933 on 20190411 from data created by \\n                     \Hyperschall Technologie GÃ¶ttingen GmbH.\\n\\n                     "info: Included new object \Antenna\ to fragment list\\n"\n                     \info: Creating Object with UniqueID: \\n                     \7cd7767b-ebe1-4361-a403-3e94664c9816\\n\\n                     "info: Included new object \ADCS\ to fragment list\\n"\n                     \info: Creating Object with UniqueID: \\n                     \7cf9a9a5-596a-4c61-8c9d-53a4c37759a8\\n\\n                     "info: Included new object \EPS\ to fragment list\\n"\n                     \info: Creating Object with UniqueID: \\n                     \b4eebe26-0f45-4dee-903e-d1fdc93bd52e\\n\\n                     "info: Included new object \OBC\ to fragment list\\n"\n                     \info: Creating Object with UniqueID: \\n                     \f03116e5-b2c9-4716-881e-afee90665229\\n\\n                     "info: Included new object \COMM\ to fragment list\\n"\n                     \info: Creating Object with UniqueID: \\n                     \b51424f8-fd76-4e5f-9316-42778b83ca39\\n\\n                     "info: Included new object \PAYLOAD\ to fragment list\\n"\n                     \info: Creating Object with UniqueID: \\n                     \cb109bb6-e00d-4d1e-88f9-d77e3396d29e\\n\\n                     "info: Included new object \SOLAR PANEL +X\ to fragment "\n                     \list\\n\\n                     \info: Creating Object with UniqueID: \\n                     \14293697-d071-44f0-a193-a06ad36408cf\\n\\n                     "info: Included new object \SOLAR PANEL -X\ to fragment "\n                     \list\\n\\n                     \info: Creating Object with UniqueID: \\n                     \909d6c11-5860-4faf-95ad-9caca83cbaab\\n\\n                     "info: Included new object \SOLAR PANEL+Y\ to fragment "\n                     \list\\n\\n                     \info: Creating Object with UniqueID: \\n                     \977a7ad8-0dc4-41a0-8565-8459b641d630\\n\\n                     "info: Included new object \SOLAR PANEL-Y\ to fragment "\n                     \list\\n\\n                     \info: Creating Object with UniqueID: \\n                     \848e52c9-2076-4c7c-8aff-e4e7354094ec\\n\\n                     "info: Included new object \SOLAR PANEL +Z\ to fragment "\n                     \list\\n\\n                     \info: Creating Object with UniqueID: \\n                     \8bc30e9f-23da-4053-94d7-a85ea5a2183e\\n\\n                     "info: Included new object \SOLAR PANEL -Z\ to fragment "\n                     \list\\n\\n                     \info: Handling of inclusions\\n\\n                     \info: inclusion with parent ID: \\n                     \641385a0-5f83-450a-a820-eea5ec3721e1\\n\\n                     \info: childID: be7c5bf2-c0a2-44f3-bb33-d90404150716\\n\\n                     \info: childID: 7cd7767b-ebe1-4361-a403-3e94664c9816\\n\\n                     \info: childID: 7cf9a9a5-596a-4c61-8c9d-53a4c37759a8\\n\\n                     \info: childID: b4eebe26-0f45-4dee-903e-d1fdc93bd52e\\n\\n                     \info: childID: f03116e5-b2c9-4716-881e-afee90665229\\n\\n                     \info: childID: b51424f8-fd76-4e5f-9316-42778b83ca39\\n\\n                     \info: childID: cb109bb6-e00d-4d1e-88f9-d77e3396d29e\\n\\n                     \info: childID: 14293697-d071-44f0-a193-a06ad36408cf\\n\\n                     \info: childID: 909d6c11-5860-4faf-95ad-9caca83cbaab\\n\\n                     \info: childID: 977a7ad8-0dc4-41a0-8565-8459b641d630\\n\\n                     \info: childID: 848e52c9-2076-4c7c-8aff-e4e7354094ec\\n\\n                     \info: childID: 8bc30e9f-23da-4053-94d7-a85ea5a2183e\\n\\n                     \info: Setting-up break-up triggers\\n\\n                     \info: Handling of connections\\n\\n                     \info: Using spacecraft mass calculated from objects \\n                     \hierarchy: 0.919650\\n\\n                     \info: Testing for altitude above149km with input State: \\n                     \system= 232132
epoch= 2024-08-01T12:00:00
elements= \\n                     \6783.997502
0.001520
51.646167
184.583226
16.277857
\\n                     \343.574890\\n\\n                     \info: Initial altitude above 149.000000km. Propagating \\n                     \with oscar.\\n\\n                     \info: starting CstateConvertToOscar with input State: \\n                     \system= 232132
epoch= 2024-08-01T12:00:00
elements= \\n                     \6783.997502
0.001520
51.646167
184.583226
16.277857
\\n                     \343.574890\\n\\n                     \info: starting PropagateWithOscar with input State: \\n                     \system= 231831
epoch= 2024-08-01T12:00:00
elements= \\n                     \6777.998641
0.000743
51.605942
183.722939
35.329051
\\n                     \324.926808\\n\\n                     \info: using fragment mass of 0.919650\\n\\n                     \info: Propagation ended with State: system= 231831
\\n                     \epoch= 2024-12-25T06:26:31
elements= 6497.309000
\\n                     \0.000128
51.577140
155.970980
103.018970
208.135370\\n\\n                     \info: Testing for altitude above149km with input State: \\n                     \system= 231831
epoch= 2024-12-25T06:26:31
elements= \\n                     \6497.309000
0.000128
51.577140
155.970980
\\n                     \103.018970
208.135370\\n\\n                     \info: starting CstateConvertToHtgSesam with input State: \\n                     \system= 231831
epoch= 2024-12-25T06:26:31
elements= \\n                     \6497.309000
0.000128
51.577140
155.970980
\\n                     \103.018970
208.135370\\n\\n                     \info: Passing geodetic state below 149.000000km to \\n                     \sesam: State: system= 235102
epoch= \\n                     \2024-12-25T06:26:31
elements= 126.495950
-36.536165
\\n                     \-69.663979
7.540607
-0.103179
41.068362\\n\\n                     \info: Using static environment from CSV file \\n                     \F:\\\\TOOLS\\\\SARA\\\\REENTRY/data/StaticEnvironmentData.csv.\\n\\n                     \info: SESAM initialisation DONE.\\n\\n                     \info: SESAM propagation started\\n\\n                     \info: Starting propagation of Fragment with uniqueID \\n                     \641385a0-5f83-450a-a820-eea5ec3721e1.\\n\\n                     \info: EVENT area 641385a0-5f83-450a-a820-eea5ec3721e1 \\n                     \0.015000\\n\\n                     \info: EVENT start 641385a0-5f83-450a-a820-eea5ec3721e1 \\n                     \0.919650 0.015000 2024-12-25T06:26:31\\n\\n                     \info: Object 641385a0-5f83-450a-a820-eea5ec3721e1 \\n                     \demised.\\n\\n                     \info: EVENT object 641385a0-5f83-450a-a820-eea5ec3721e1 \\n                     \demise\\n\\n                     \info: Object 641385a0-5f83-450a-a820-eea5ec3721e1 \\n                     \reached end of life.\\n\\n                     \info: ObjectTrajectory Written: \\n                     \PySara.Structure.641385a0-5f83-450a-a820-eea5ec3721e1_Trajectory.txt\\n\\n                     \info: GnuPlotGeneration::GenerateSingleObjectScript \\n                     \Wrote \\n                     \PySara.Structure.641385a0-5f83-450a-a820-eea5ec3721e1.gnu\\n\\n                     \info: AeroThermalHistory Written: \\n                     \PySara.Structure.641385a0-5f83-450a-a820-eea5ec3721e1_AeroThermalHistory.txt\\n\\n                     \info: EVENT end 641385a0-5f83-450a-a820-eea5ec3721e1 \\n                     \0.708450\\n\\n                     \info: Adding 12 new fragments to fragmentList.\\n\\n                     \info: Starting propagation of Fragment with uniqueID \\n                     \be7c5bf2-c0a2-44f3-bb33-d90404150716.\\n\\n                     \info: EVENT area be7c5bf2-c0a2-44f3-bb33-d90404150716 \\n                     \0.000363\\n\\n                     \info: EVENT start be7c5bf2-c0a2-44f3-bb33-d90404150716 \\n                     \0.089000 0.000363 2024-12-25T06:53:57\\n\\n                     \info: Object be7c5bf2-c0a2-44f3-bb33-d90404150716 \\n                     \demised.\\n\\n                     \info: EVENT object be7c5bf2-c0a2-44f3-bb33-d90404150716 \\n                     \demise\\n\\n                     \info: Fragment be7c5bf2-c0a2-44f3-bb33-d90404150716 \\n                     \reached end of life because uncritical.\\n\\n                     \info: Object be7c5bf2-c0a2-44f3-bb33-d90404150716 \\n                     \reached end of life.\\n\\n                     \info: ObjectTrajectory Written: \\n                     \PySara.Antenna.be7c5bf2-c0a2-44f3-bb33-d90404150716_Trajectory.txt\\n\\n                     \info: GnuPlotGeneration::GenerateSingleObjectScript \\n                     \Wrote \\n                     \PySara.Antenna.be7c5bf2-c0a2-44f3-bb33-d90404150716.gnu\\n\\n                     \info: AeroThermalHistory Written: \\n                     \PySara.Antenna.be7c5bf2-c0a2-44f3-bb33-d90404150716_AeroThermalHistory.txt\\n\\n                     \info: EVENT end be7c5bf2-c0a2-44f3-bb33-d90404150716 \\n                     \0.000000\\n\\n                     \info: Adding 0 new fragments to fragmentList.\\n\\n                     \info: Starting propagation of Fragment with uniqueID \\n                     \7cd7767b-ebe1-4361-a403-3e94664c9816.\\n\\n                     \info: EVENT area 7cd7767b-ebe1-4361-a403-3e94664c9816 \\n                     \0.005733\\n\\n                     \info: EVENT start 7cd7767b-ebe1-4361-a403-3e94664c9816 \\n                     \0.196000 0.005733 2024-12-25T06:53:57\\n\\n                     \info: Object 7cd7767b-ebe1-4361-a403-3e94664c9816 \\n                     \demised.\\n\\n                     \info: EVENT object 7cd7767b-ebe1-4361-a403-3e94664c9816 \\n                     \demise\\n\\n                     \info: Fragment 7cd7767b-ebe1-4361-a403-3e94664c9816 \\n                     \reached end of life because uncritical.\\n\\n                     \info: Object 7cd7767b-ebe1-4361-a403-3e94664c9816 \\n                     \reached end of life.\\n\\n                     \info: ObjectTrajectory Written: \\n                     \PySara.ADCS.7cd7767b-ebe1-4361-a403-3e94664c9816_Trajectory.txt\\n\\n                     \info: GnuPlotGeneration::GenerateSingleObjectScript \\n                     \Wrote \\n                     \PySara.ADCS.7cd7767b-ebe1-4361-a403-3e94664c9816.gnu\\n\\n                     \info: AeroThermalHistory Written: \\n                     \PySara.ADCS.7cd7767b-ebe1-4361-a403-3e94664c9816_AeroThermalHistory.txt\\n\\n                     \info: EVENT end 7cd7767b-ebe1-4361-a403-3e94664c9816 \\n                     \0.000000\\n\\n                     \info: Adding 0 new fragments to fragmentList.\\n\\n                     \info: Starting propagation of Fragment with uniqueID \\n                     \7cf9a9a5-596a-4c61-8c9d-53a4c37759a8.\\n\\n                     \info: EVENT area 7cf9a9a5-596a-4c61-8c9d-53a4c37759a8 \\n                     \0.004779\\n\\n                     \info: EVENT start 7cf9a9a5-596a-4c61-8c9d-53a4c37759a8 \\n                     \0.050000 0.004779 2024-12-25T06:53:57\\n\\n                     \info: Object 7cf9a9a5-596a-4c61-8c9d-53a4c37759a8 \\n                     \demised.\\n\\n                     \info: EVENT object 7cf9a9a5-596a-4c61-8c9d-53a4c37759a8 \\n                     \demise\\n\\n                     \info: Fragment 7cf9a9a5-596a-4c61-8c9d-53a4c37759a8 \\n                     \reached end of life because uncritical.\\n\\n                     \info: Object 7cf9a9a5-596a-4c61-8c9d-53a4c37759a8 \\n                     \reached end of life.\\n\\n                     \info: ObjectTrajectory Written: \\n                     \PySara.EPS.7cf9a9a5-596a-4c61-8c9d-53a4c37759a8_Trajectory.txt\\n\\n                     \info: GnuPlotGeneration::GenerateSingleObjectScript \\n                     \Wrote \\n                     \PySara.EPS.7cf9a9a5-596a-4c61-8c9d-53a4c37759a8.gnu\\n\\n                     \info: AeroThermalHistory Written: \\n                     \PySara.EPS.7cf9a9a5-596a-4c61-8c9d-53a4c37759a8_AeroThermalHistory.txt\\n\\n                     \info: EVENT end 7cf9a9a5-596a-4c61-8c9d-53a4c37759a8 \\n                     \0.000000\\n\\n                     \info: Adding 0 new fragments to fragmentList.\\n\\n                     \info: Starting propagation of Fragment with uniqueID \\n                     \b4eebe26-0f45-4dee-903e-d1fdc93bd52e.\\n\\n                     \info: EVENT area b4eebe26-0f45-4dee-903e-d1fdc93bd52e \\n                     \0.005440\\n\\n                     \info: EVENT start b4eebe26-0f45-4dee-903e-d1fdc93bd52e \\n                     \0.094000 0.005440 2024-12-25T06:53:57\\n\\n                     \info: Object b4eebe26-0f45-4dee-903e-d1fdc93bd52e \\n                     \demised.\\n\\n                     \info: EVENT object b4eebe26-0f45-4dee-903e-d1fdc93bd52e \\n                     \demise\\n\\n                     \info: Fragment b4eebe26-0f45-4dee-903e-d1fdc93bd52e \\n                     \reached end of life because uncritical.\\n\\n                     \info: Object b4eebe26-0f45-4dee-903e-d1fdc93bd52e \\n                     \reached end of life.\\n\\n                     \info: ObjectTrajectory Written: \\n                     \PySara.OBC.b4eebe26-0f45-4dee-903e-d1fdc93bd52e_Trajectory.txt\\n\\n                     \info: GnuPlotGeneration::GenerateSingleObjectScript \\n                     \Wrote \\n                     \PySara.OBC.b4eebe26-0f45-4dee-903e-d1fdc93bd52e.gnu\\n\\n                     \info: AeroThermalHistory Written: \\n                     \PySara.OBC.b4eebe26-0f45-4dee-903e-d1fdc93bd52e_AeroThermalHistory.txt\\n\\n                     \info: EVENT end b4eebe26-0f45-4dee-903e-d1fdc93bd52e \\n                     \0.000000\\n\\n                     \info: Adding 0 new fragments to fragmentList.\\n\\n                     \info: Starting propagation of Fragment with uniqueID \\n                     \f03116e5-b2c9-4716-881e-afee90665229.\\n\\n                     \info: EVENT area f03116e5-b2c9-4716-881e-afee90665229 \\n                     \0.005013\\n\\n                     \info: EVENT start f03116e5-b2c9-4716-881e-afee90665229 \\n                     \0.094000 0.005013 2024-12-25T06:53:57\\n\\n                     \info: Object f03116e5-b2c9-4716-881e-afee90665229 \\n                     \demised.\\n\\n                     \info: EVENT object f03116e5-b2c9-4716-881e-afee90665229 \\n                     \demise\\n\\n                     \info: Fragment f03116e5-b2c9-4716-881e-afee90665229 \\n                     \reached end of life because uncritical.\\n\\n                     \info: Object f03116e5-b2c9-4716-881e-afee90665229 \\n                     \reached end of life.\\n\\n                     \info: ObjectTrajectory Written: \\n                     \PySara.COMM.f03116e5-b2c9-4716-881e-afee90665229_Trajectory.txt\\n\\n                     \info: GnuPlotGeneration::GenerateSingleObjectScript \\n                     \Wrote \\n                     \PySara.COMM.f03116e5-b2c9-4716-881e-afee90665229.gnu\\n\\n                     \info: AeroThermalHistory Written: \\n                     \PySara.COMM.f03116e5-b2c9-4716-881e-afee90665229_AeroThermalHistory.txt\\n\\n                     \info: EVENT end f03116e5-b2c9-4716-881e-afee90665229 \\n                     \0.000000\\n\\n                     \info: Adding 0 new fragments to fragmentList.\\n\\n                     \info: Starting propagation of Fragment with uniqueID \\n                     \b51424f8-fd76-4e5f-9316-42778b83ca39.\\n\\n                     \info: EVENT area b51424f8-fd76-4e5f-9316-42778b83ca39 \\n                     \0.007461\\n\\n                     \info: EVENT start b51424f8-fd76-4e5f-9316-42778b83ca39 \\n                     \0.135500 0.007461 2024-12-25T06:53:57\\n\\n                     \warning: The altitude is below the lowest value in the \\n                     \data. Therefore
the lowest altitude for which data are \\n                     \given is used (altitude = 0.000000 m).\\n\\n                     \This message is shown only once.\\n\\n                     \info: Fragment b51424f8-fd76-4e5f-9316-42778b83ca39 \\n                     \reached end of life because of ground impact.\\n\\n                     \info: Object b51424f8-fd76-4e5f-9316-42778b83ca39 \\n                     \reached end of life.\\n\\n                     \info: EVENT fragment \\n                     \b51424f8-fd76-4e5f-9316-42778b83ca39 impact\\n\\n                     \info: ObjectTrajectory Written: \\n                     \PySara.PAYLOAD.b51424f8-fd76-4e5f-9316-42778b83ca39_Trajectory.txt\\n\\n                     \info: GnuPlotGeneration::GenerateSingleObjectScript \\n                     \Wrote \\n                     \PySara.PAYLOAD.b51424f8-fd76-4e5f-9316-42778b83ca39.gnu\\n\\n                     \info: AeroThermalHistory Written: \\n                     \PySara.PAYLOAD.b51424f8-fd76-4e5f-9316-42778b83ca39_AeroThermalHistory.txt\\n\\n                     \info: EVENT end b51424f8-fd76-4e5f-9316-42778b83ca39 \\n                     \0.135500\\n\\n                     \info: Adding 0 new fragments to fragmentList.\\n\\n                     \info: Starting propagation of Fragment with uniqueID \\n                     \cb109bb6-e00d-4d1e-88f9-d77e3396d29e.\\n\\n                     \info: EVENT area cb109bb6-e00d-4d1e-88f9-d77e3396d29e \\n                     \0.005200\\n\\n                     \info: EVENT start cb109bb6-e00d-4d1e-88f9-d77e3396d29e \\n                     \0.008330 0.005200 2024-12-25T06:53:57\\n\\n                     \info: Object cb109bb6-e00d-4d1e-88f9-d77e3396d29e \\n                     \demised.\\n\\n                     \info: EVENT object cb109bb6-e00d-4d1e-88f9-d77e3396d29e \\n                     \demise\\n\\n                     \info: Fragment cb109bb6-e00d-4d1e-88f9-d77e3396d29e \\n                     \reached end of life because uncritical.\\n\\n                     \info: Object cb109bb6-e00d-4d1e-88f9-d77e3396d29e \\n                     \reached end of life.\\n\\n                     \info: ObjectTrajectory Written: \\n                     \PySara.SOLAR_PANEL_+X.cb109bb6-e00d-4d1e-88f9-d77e3396d29e_Trajectory.txt\\n\\n                     \info: GnuPlotGeneration::GenerateSingleObjectScript \\n                     \Wrote \\n                     \PySara.SOLAR_PANEL_+X.cb109bb6-e00d-4d1e-88f9-d77e3396d29e.gnu\\n\\n                     \info: AeroThermalHistory Written: \\n                     \PySara.SOLAR_PANEL_+X.cb109bb6-e00d-4d1e-88f9-d77e3396d29e_AeroThermalHistory.txt\\n\\n                     \info: EVENT end cb109bb6-e00d-4d1e-88f9-d77e3396d29e \\n                     \0.000000\\n\\n                     \info: Adding 0 new fragments to fragmentList.\\n\\n                     \info: Starting propagation of Fragment with uniqueID \\n                     \14293697-d071-44f0-a193-a06ad36408cf.\\n\\n                     \info: EVENT area 14293697-d071-44f0-a193-a06ad36408cf \\n                     \0.005200\\n\\n                     \info: EVENT start 14293697-d071-44f0-a193-a06ad36408cf \\n                     \0.008330 0.005200 2024-12-25T06:53:57\\n\\n                     \info: Object 14293697-d071-44f0-a193-a06ad36408cf \\n                     \demised.\\n\\n                     \info: EVENT object 14293697-d071-44f0-a193-a06ad36408cf \\n                     \demise\\n\\n                     \info: Fragment 14293697-d071-44f0-a193-a06ad36408cf \\n                     \reached end of life because uncritical.\\n\\n                     \info: Object 14293697-d071-44f0-a193-a06ad36408cf \\n                     \reached end of life.\\n\\n                     \info: ObjectTrajectory Written: \\n                     \PySara.SOLAR_PANEL_-X.14293697-d071-44f0-a193-a06ad36408cf_Trajectory.txt\\n\\n                     \info: GnuPlotGeneration::GenerateSingleObjectScript \\n                     \Wrote \\n                     \PySara.SOLAR_PANEL_-X.14293697-d071-44f0-a193-a06ad36408cf.gnu\\n\\n                     \info: AeroThermalHistory Written: \\n                     \PySara.SOLAR_PANEL_-X.14293697-d071-44f0-a193-a06ad36408cf_AeroThermalHistory.txt\\n\\n                     \info: EVENT end 14293697-d071-44f0-a193-a06ad36408cf \\n                     \0.000000\\n\\n                     \info: Adding 0 new fragments to fragmentList.\\n\\n                     \info: Starting propagation of Fragment with uniqueID \\n                     \909d6c11-5860-4faf-95ad-9caca83cbaab.\\n\\n                     \info: EVENT area 909d6c11-5860-4faf-95ad-9caca83cbaab \\n                     \0.005200\\n\\n                     \info: EVENT start 909d6c11-5860-4faf-95ad-9caca83cbaab \\n                     \0.008330 0.005200 2024-12-25T06:53:57\\n\\n                     \info: Object 909d6c11-5860-4faf-95ad-9caca83cbaab \\n                     \demised.\\n\\n                     \info: EVENT object 909d6c11-5860-4faf-95ad-9caca83cbaab \\n                     \demise\\n\\n                     \info: Fragment 909d6c11-5860-4faf-95ad-9caca83cbaab \\n                     \reached end of life because uncritical.\\n\\n                     \info: Object 909d6c11-5860-4faf-95ad-9caca83cbaab \\n                     \reached end of life.\\n\\n                     \info: ObjectTrajectory Written: \\n                     \PySara.SOLAR_PANEL+Y.909d6c11-5860-4faf-95ad-9caca83cbaab_Trajectory.txt\\n\\n                     \info: GnuPlotGeneration::GenerateSingleObjectScript \\n                     \Wrote \\n                     \PySara.SOLAR_PANEL+Y.909d6c11-5860-4faf-95ad-9caca83cbaab.gnu\\n\\n                     \info: AeroThermalHistory Written: \\n                     \PySara.SOLAR_PANEL+Y.909d6c11-5860-4faf-95ad-9caca83cbaab_AeroThermalHistory.txt\\n\\n                     \info: EVENT end 909d6c11-5860-4faf-95ad-9caca83cbaab \\n                     \0.000000\\n\\n                     \info: Adding 0 new fragments to fragmentList.\\n\\n                     \info: Starting propagation of Fragment with uniqueID \\n                     \977a7ad8-0dc4-41a0-8565-8459b641d630.\\n\\n                     \info: EVENT area 977a7ad8-0dc4-41a0-8565-8459b641d630 \\n                     \0.000100\\n\\n                     \info: EVENT start 977a7ad8-0dc4-41a0-8565-8459b641d630 \\n                     \0.008330 0.000100 2024-12-25T06:53:57\\n\\n                     \error: GetLinear x is not a valid number in \\n                     \Interpolation::GetLinear()\\n\\n                     \fatal: Out of range exception in GetLinear in \\n                     \CalculateParameter for property emissivity: \\n                     \std::exception\\n\,\n  \reentry_output\: b\#_______________________________________________________\\n                    b\________________________\\n#    ######   ####     ##      \\n                    b\       #####   #####     ##    #    #    ##\\n#    #      \\n                    b\ #        #  #            #    #  #    #   #  #   ##  ##\\n                    b\   #  #\\n#    #####    ####   ######           #    #  ##\\n                    b\###   ######  # ## #  ######\\n#    #            #  #    #\\n                    b\           #    #  #    #  #    #  #    #  #    #\\n#____#\\n                    b\#####__#####___#____#___________#####___#____#__#____#__\\n                    b\#____#__#____#____\\n#\\n#               ESA Debris Risk\\n                    b\ Assessment and Mitigation Analysis\\n#\\n#   ---- DRAMA\\n                    b\ ( SESAM 2.3.0 ( built Mar 17 2026 16:55:01) ) ----\\n#   \\n                    b\                                   ESA 2022\\n#\\n#     \\n                    b\                   execution log file -sesam.log-\\n#     \\n                    b\              run date+time: Tue Aug  4 20:20:36 2026\\nin\\n                    b\fo: Starting Sesam\\ninfo: SESAM module initialising\\ni\\n                    b\nfo: Using voxelator cache dir: F:\\\\Survival_analysis of \\n                    b\satellite re entry\\\\linear_cubesat\\\\data\\nwarning: oxid\\n                    b\eReactionProbability for drama-AA7075 < 1.0E-5 or not fo\\n                    b\und. Continuing without oxidation for this material.\\nwar\\n                    b\ning: oxideReactionProbability for drama-A316 < 1.0E-5 o\\n                    b\r not found. Continuing without oxidation for this mater\\n                    b\ial.\\nwarning: oxideReactionProbability for drama-A316_Se\\n                    b\mi-Empirical < 1.0E-5 or not found. Continuing without o\\n                    b\xidation for this material.\\nwarning: oxideReactionProbab\\n                    b\ility for drama-BatCell-ABSL < 1.0E-5 or not found. Cont\\n                    b\inuing without oxidation for this material.\\nwarning: oxi\\n                    b\deReactionProbability for drama-Bat-Li < 1.0E-5 or not f\\n                    b\ound. Continuing without oxidation for this material.\\nwa\\n                    b\rning: oxideReactionProbability for drama-Bat-NiCd < 1.0\\n                    b\E-5 or not found. Continuing without oxidation for this \\n                    b\material.\\nwarning: oxideReactionProbability for drama-Be\\n                    b\ryllium < 1.0E-5 or not found. Continuing without oxidat\\n                    b\ion for this material.\\nwarning: oxideReactionProbability\\n                    b\ for drama-Carbon-Carbon < 1.0E-5 or not found. Continui\\n                    b\ng without oxidation for this material.\\nwarning: oxideRe\\n                    b\actionProbability for drama-Copper < 1.0E-5 or not found\\n                    b\. Continuing without oxidation for this material.\\nwarnin\\n                    b\g: oxideReactionProbability for drama-El-Mat < 1.0E-5 or\\n                    b\ not found. Continuing without oxidation for this materi\\n                    b\al.\\nwarning: oxideReactionProbability for drama-FusedSil\\n                    b\icaProxy < 1.0E-5 or not found. Continuing without oxida\\n                    b\tion for this material.\\nwarning: oxideReactionProbabilit\\n                    b\y for drama-GFRPProxy < 1.0E-5 or not found. Continuing \\n                    b\without oxidation for this material.\\nwarning: oxideReact\\n                    b\ionProbability for drama-Haynes25Thick < 1.0E-5 or not f\\n                    b\ound. Continuing without oxidation for this material.\\nwa\\n                    b\rning: oxideReactionProbability for drama-Haynes25Thin <\\n                    b\ 1.0E-5 or not found. Continuing without oxidation for t\\n                    b\his material.\\nwarning: oxideReactionProbability for dram\\n                    b\a-HC-AA7075 < 1.0E-5 or not found. Continuing without ox\\n                    b\idation for this material.\\nwarning: oxideReactionProbabi\\n                    b\lity for drama-HC-CFRP-4ply < 1.0E-5 or not found. Conti\\n                    b\nuing without oxidation for this material.\\nwarning: oxid\\n                    b\eReactionProbability for drama-HC-CFRP-8ply < 1.0E-5 or \\n                    b\not found. Continuing without oxidation for this materia\\n                    b\l.\\nwarning: oxideReactionProbability for drama-HiperCo <\\n                    b\ 1.0E-5 or not found. Continuing without oxidation for t\\n                    b\his material.\\nwarning: oxideReactionProbability for dram\\n                    b\a-Inconel718 < 1.0E-5 or not found. Continuing without o\\n                    b\xidation for this material.\\nwarning: oxideReactionProbab\\n                    b\ility for drama-Inermet < 1.0E-5 or not found. Continuin\\n                    b\g without oxidation for this material.\\nwarning: oxideRea\\n                    b\ctionProbability for drama-Invar < 1.0E-5 or not found. \\n                    b\Continuing without oxidation for this material.\\nwarning:\\n                    b\ oxideReactionProbability for drama-Iron < 1.0E-5 or not\\n                    b\ found. Continuing without oxidation for this material.\\n\\n                    b\warning: oxideReactionProbability for drama-Molybdenum <\\n                    b\ 1.0E-5 or not found. Continuing without oxidation for t\\n                    b\his material.\\nwarning: oxideReactionProbability for dram\\n                    b\a-SiC < 1.0E-5 or not found. Continuing without oxidatio\\n                    b\n for this material.\\nwarning: oxideReactionProbability f\\n                    b\or drama-SolarPanel-Mat < 1.0E-5 or not found. Continuin\\n                    b\g without oxidation for this material.\\nwarning: oxideRea\\n                    b\ctionProbability for drama-TiAl6v4 < 1.0E-5 or not found\\n                    b\. Continuing without oxidation for this material.\\nwarnin\\n                    b\g: oxideReactionProbability for drama-TiAl6v4_Semi-Empir\\n                    b\ical < 1.0E-5 or not found. Continuing without oxidation\\n                    b\ for this material.\\nwarning: oxideReactionProbability fo\\n                    b\r drama-Tungsten < 1.0E-5 or not found. Continuing witho\\n                    b\ut oxidation for this material.\\nwarning: oxideReactionPr\\n                    b\obability for drama-ZerodurProxy < 1.0E-5 or not found. \\n                    b\Continuing without oxidation for this material.\\ninfo: Fr\\n                    b\agment satelliteOne initializing\\ninfo: Creation of objec\\n                    b\t list\\ninfo: Creating Object with UniqueID: 641385a0-5f8\\n                    b\3-450a-a820-eea5ec3721e1\\ninfo: Opening netCDF file F\\n                    b\:\\\\TOOLS\\\\SARA\\\\REENTRY/data/ATDB_BOX.nc for reading DO\\n                    b\NE.\\ninfo: Using ATDB for BOX created with SAM on 2020030\\n                    b\6 from data created by Belstead Research Limited.\\ninfo: \\n                    b"Included new object \Structure\ to fragment list\\ninfo: C"\n                    b\reating Object with UniqueID: be7c5bf2-c0a2-44f3-bb33-d9\\n                    b\0404150716\\ninfo: Opening netCDF file F:\\\\TOOLS\\\\SARA\\\\R\\n                    b\EENTRY/data/ATDB_CYLINDER.nc for reading DONE.\\ninfo: Usi\\n                    b\ng ATDB for CYLINDER created with ATDB_converter r1933 o\\n                    b\n 20190411 from data created by Hyperschall Technologie \\n                    b"G\\xc3\\xb6ttingen GmbH.\\ninfo: Included new object \Ante"\n                    b"nna\ to fragment list\\ninfo: Creating Object with UniqueI"\n                    b\D: 7cd7767b-ebe1-4361-a403-3e94664c9816\\ninfo: Included n\\n                    b"ew object \ADCS\ to fragment list\\ninfo: Creating Object "\n                    b\with UniqueID: 7cf9a9a5-596a-4c61-8c9d-53a4c37759a8\\ninfo\\n                    b": Included new object \EPS\ to fragment list\\ninfo: Creat"\n                    b\ing Object with UniqueID: b4eebe26-0f45-4dee-903e-d1fdc9\\n                    b"3bd52e\\ninfo: Included new object \OBC\ to fragment l"\n                    b\ist\\ninfo: Creating Object with UniqueID: f03116e5-b2c9-4\\n                    b"716-881e-afee90665229\\ninfo: Included new object \COMM\ t"\n                    b\o fragment list\\ninfo: Creating Object with UniqueID: b51\\n                    b\424f8-fd76-4e5f-9316-42778b83ca39\\ninfo: Included new obj\\n                    b"ect \PAYLOAD\ to fragment list\\ninfo: Creating Object wit"\n                    b\h UniqueID: cb109bb6-e00d-4d1e-88f9-d77e3396d29e\\ninfo: I\\n                    b"ncluded new object \SOLAR PANEL +X\ to fragment list\\ninf"\n                    b\o: Creating Object with UniqueID: 14293697-d071-44f0-a19\\n                    b"3-a06ad36408cf\\ninfo: Included new object \SOLAR PANEL -X"\n                    b"\ to fragment list\\ninfo: Creating Object with UniqueID: "\n                    b\909d6c11-5860-4faf-95ad-9caca83cbaab\\ninfo: Included new \\n                    b"object \SOLAR PANEL+Y\ to fragment list\\ninfo: Creating O"\n                    b\bject with UniqueID: 977a7ad8-0dc4-41a0-8565-8459b641d63\\n                    b"0\\ninfo: Included new object \SOLAR PANEL-Y\ to fragment "\n                    b\list\\ninfo: Creating Object with UniqueID: 848e52c9-2076-\\n                    b"4c7c-8aff-e4e7354094ec\\ninfo: Included new object \SOLAR "\n                    b"PANEL +Z\ to fragment list\\ninfo: Creating Object with Un"\n                    b\iqueID: 8bc30e9f-23da-4053-94d7-a85ea5a2183e\\ninfo: Inclu\\n                    b"ded new object \SOLAR PANEL -Z\ to fragment list\\ninfo: H"\n                    b\andling of inclusions\\ninfo: inclusion with parent ID: 64\\n                    b\1385a0-5f83-450a-a820-eea5ec3721e1\\ninfo: childID: be7c5b\\n                    b\f2-c0a2-44f3-bb33-d90404150716\\ninfo: childID: 7cd7767b-e\\n                    b\be1-4361-a403-3e94664c9816\\ninfo: childID: 7cf9a9a5-596a-\\n                    b\4c61-8c9d-53a4c37759a8\\ninfo: childID: b4eebe26-0f45-4dee\\n                    b\-903e-d1fdc93bd52e\\ninfo: childID: f03116e5-b2c9-4716-881\\n                    b\e-afee90665229\\ninfo: childID: b51424f8-fd76-4e5f-9316-42\\n                    b\778b83ca39\\ninfo: childID: cb109bb6-e00d-4d1e-88f9-d77e33\\n                    b\96d29e\\ninfo: childID: 14293697-d071-44f0-a193-a06ad36408\\n                    b\cf\\ninfo: childID: 909d6c11-5860-4faf-95ad-9caca83cba\\n                    b\ab\\ninfo: childID: 977a7ad8-0dc4-41a0-8565-8459b641d6\\n                    b\30\\ninfo: childID: 848e52c9-2076-4c7c-8aff-e4e7354094\\n                    b\ec\\ninfo: childID: 8bc30e9f-23da-4053-94d7-a85ea5a218\\n                    b\3e\\ninfo: Setting-up break-up triggers\\ninfo: Handling\\n                    b\ of connections\\ninfo: Using spacecraft mass calculated f\\n                    b\rom objects hierarchy: 0.919650\\ninfo: Testing for altitu\\n                    b\de above149km with input State: system= 232132
epoch= 2\\n                    b\024-08-01T12:00:00
elements= 6783.997502
0.001520
51.\\n                    b\646167
184.583226
16.277857
343.574890\\ninfo: Initial \\n                    b\altitude above 149.000000km. Propagating with oscar.\\ninf\\n                    b\o: starting CstateConvertToOscar with input State: syste\\n                    b\m= 232132
epoch= 2024-08-01T12:00:00
elements= 6783.99\\n                    b\7502
0.001520
51.646167
184.583226
16.277857
343.57\\n                    b\4890\\ninfo: starting PropagateWithOscar with input State:\\n                    b\ system= 231831
epoch= 2024-08-01T12:00:00
elements= 6\\n                    b\777.998641
0.000743
51.605942
183.722939
35.329051
\\n                    b\324.926808\\ninfo: using fragment mass of 0.919650\\ninf\\n                    b\o: Propagation ended with State: system= 231831
epoch= \\n                    b\2024-12-25T06:26:31
elements= 6497.309000
0.000128
51\\n                    b\.577140
155.970980
103.018970
208.135370\\ninfo: Testin\\n                    b\g for altitude above149km with input State: system= 2318\\n                    b\31
epoch= 2024-12-25T06:26:31
elements= 6497.309000
0\\n                    b\.000128
51.577140
155.970980
103.018970
208.135370\\ni\\n                    b\nfo: starting CstateConvertToHtgSesam with input State: \\n                    b\system= 231831
epoch= 2024-12-25T06:26:31
elements= 64\\n                    b\97.309000
0.000128
51.577140
155.970980
103.018970
\\n                    b\208.135370\\ninfo: Passing geodetic state below 149.000000\\n                    b\km to sesam: State: system= 235102
epoch= 2024-12-25T06\\n                    b\:26:31
elements= 126.495950
-36.536165
-69.663979
7.\\n                    b\540607
-0.103179
41.068362\\ninfo: Using static environm\\n                    b\ent from CSV file F:\\\\TOOLS\\\\SARA\\\\REENTRY/data/StaticE\\n                    b\nvironmentData.csv.\\ninfo: SESAM initialisation DONE.\\n                    b\\\ninfo: SESAM propagation started\\ninfo: Starting prop\\n                    b\agation of Fragment with uniqueID 641385a0-5f83-450a-a82\\n                    b\0-eea5ec3721e1.\\ninfo: EVENT area 641385a0-5f83-450a-a820\\n                    b\-eea5ec3721e1 0.015000\\ninfo: EVENT start 641385a0-5f83-4\\n                    b\50a-a820-eea5ec3721e1 0.919650 0.015000 2024-12-25T06:26\\n                    b\:31\\ninfo: Object 641385a0-5f83-450a-a820-eea5ec3721e1 de\\n                    b\mised.\\ninfo: EVENT object 641385a0-5f83-450a-a820-eea5ec\\n                    b\3721e1 demise\\ninfo: Object 641385a0-5f83-450a-a820-eea5e\\n                    b\c3721e1 reached end of life.\\ninfo: ObjectTrajectory Writ\\n                    b\ten: PySara.Structure.641385a0-5f83-450a-a820-eea5ec3721\\n                    b\e1_Trajectory.txt\\ninfo: GnuPlotGeneration::GenerateSingl\\n                    b\eObjectScript Wrote PySara.Structure.641385a0-5f83-450a-\\n                    b\a820-eea5ec3721e1.gnu\\ninfo: AeroThermalHistory Written: \\n                    b\PySara.Structure.641385a0-5f83-450a-a820-eea5ec3721e1_Ae\\n                    b\roThermalHistory.txt\\ninfo: EVENT end 641385a0-5f83-450a-\\n                    b\a820-eea5ec3721e1 0.708450\\ninfo: Adding 12 new fragments\\n                    b\ to fragmentList.\\ninfo: Starting propagation of Fragment\\n                    b\ with uniqueID be7c5bf2-c0a2-44f3-bb33-d90404150716.\\ninf\\n                    b\o: EVENT area be7c5bf2-c0a2-44f3-bb33-d90404150716 0.000\\n                    b\363\\ninfo: EVENT start be7c5bf2-c0a2-44f3-bb33-d904041507\\n                    b\16 0.089000 0.000363 2024-12-25T06:53:57\\ninfo: Object be\\n                    b\7c5bf2-c0a2-44f3-bb33-d90404150716 demised.\\ninfo: EVENT \\n                    b\object be7c5bf2-c0a2-44f3-bb33-d90404150716 demise\\ninfo:\\n                    b\ Fragment be7c5bf2-c0a2-44f3-bb33-d90404150716 reached e\\n                    b\nd of life because uncritical.\\ninfo: Object be7c5bf2-c0a\\n                    b\2-44f3-bb33-d90404150716 reached end of life.\\ninfo: Obje\\n                    b\ctTrajectory Written: PySara.Antenna.be7c5bf2-c0a2-44f3-\\n                    b\bb33-d90404150716_Trajectory.txt\\ninfo: GnuPlotGeneration\\n                    b\::GenerateSingleObjectScript Wrote PySara.Antenna.be7c5b\\n                    b\f2-c0a2-44f3-bb33-d90404150716.gnu\\ninfo: AeroThermalHist\\n                    b\ory Written: PySara.Antenna.be7c5bf2-c0a2-44f3-bb33-d904\\n                    b\04150716_AeroThermalHistory.txt\\ninfo: EVENT end be7c5bf2\\n                    b\-c0a2-44f3-bb33-d90404150716 0.000000\\ninfo: Adding 0 new\\n                    b\ fragments to fragmentList.\\ninfo: Starting propagation o\\n                    b\f Fragment with uniqueID 7cd7767b-ebe1-4361-a403-3e94664\\n                    b\c9816.\\ninfo: EVENT area 7cd7767b-ebe1-4361-a403-3e94664c\\n                    b\9816 0.005733\\ninfo: EVENT start 7cd7767b-ebe1-4361-a403-\\n                    b\3e94664c9816 0.196000 0.005733 2024-12-25T06:53:57\\ninfo:\\n                    b\ Object 7cd7767b-ebe1-4361-a403-3e94664c9816 demised.\\nin\\n                    b\fo: EVENT object 7cd7767b-ebe1-4361-a403-3e94664c9816 de\\n                    b\mise\\ninfo: Fragment 7cd7767b-ebe1-4361-a403-3e94664c9816\\n                    b\ reached end of life because uncritical.\\ninfo: Object 7c\\n                    b\d7767b-ebe1-4361-a403-3e94664c9816 reached end of life.\\n\\n                    b\info: ObjectTrajectory Written: PySara.ADCS.7cd7767b-ebe\\n                    b\1-4361-a403-3e94664c9816_Trajectory.txt\\ninfo: GnuPlotGen\\n                    b\eration::GenerateSingleObjectScript Wrote PySara.ADCS.7c\\n                    b\d7767b-ebe1-4361-a403-3e94664c9816.gnu\\ninfo: AeroThermal\\n                    b\History Written: PySara.ADCS.7cd7767b-ebe1-4361-a403-3e9\\n                    b\4664c9816_AeroThermalHistory.txt\\ninfo: EVENT end 7cd7767\\n                    b\b-ebe1-4361-a403-3e94664c9816 0.000000\\ninfo: Adding 0 ne\\n                    b\w fragments to fragmentList.\\ninfo: Starting propagation \\n                    b\of Fragment with uniqueID 7cf9a9a5-596a-4c61-8c9d-53a4c3\\n                    b\7759a8.\\ninfo: EVENT area 7cf9a9a5-596a-4c61-8c9d-53a4c37\\n                    b\759a8 0.004779\\ninfo: EVENT start 7cf9a9a5-596a-4c61-8c9d\\n                    b\-53a4c37759a8 0.050000 0.004779 2024-12-25T06:53:57\\ninfo\\n                    b\: Object 7cf9a9a5-596a-4c61-8c9d-53a4c37759a8 demised.\\ni\\n                    b\nfo: EVENT object 7cf9a9a5-596a-4c61-8c9d-53a4c37759a8 d\\n                    b\emise\\ninfo: Fragment 7cf9a9a5-596a-4c61-8c9d-53a4c37759a\\n                    b\8 reached end of life because uncritical.\\ninfo: Object 7\\n                    b\cf9a9a5-596a-4c61-8c9d-53a4c37759a8 reached end of life.\\n                    b\\\ninfo: ObjectTrajectory Written: PySara.EPS.7cf9a9a5-596\\n                    b\a-4c61-8c9d-53a4c37759a8_Trajectory.txt\\ninfo: GnuPlotGen\\n                    b\eration::GenerateSingleObjectScript Wrote PySara.EPS.7cf\\n                    b\9a9a5-596a-4c61-8c9d-53a4c37759a8.gnu\\ninfo: AeroThermalH\\n                    b\istory Written: PySara.EPS.7cf9a9a5-596a-4c61-8c9d-53a4c\\n                    b\37759a8_AeroThermalHistory.txt\\ninfo: EVENT end 7cf9a9a5-\\n                    b\596a-4c61-8c9d-53a4c37759a8 0.000000\\ninfo: Adding 0 new \\n                    b\fragments to fragmentList.\\ninfo: Starting propagation of\\n                    b\ Fragment with uniqueID b4eebe26-0f45-4dee-903e-d1fdc93b\\n                    b\d52e.\\ninfo: EVENT area b4eebe26-0f45-4dee-903e-d1fdc93bd\\n                    b\52e 0.005440\\ninfo: EVENT start b4eebe26-0f45-4dee-903e-d\\n                    b\1fdc93bd52e 0.094000 0.005440 2024-12-25T06:53:57\\ninfo: \\n                    b\Object b4eebe26-0f45-4dee-903e-d1fdc93bd52e demised.\\ninf\\n                    b\o: EVENT object b4eebe26-0f45-4dee-903e-d1fdc93bd52e dem\\n                    b\ise\\ninfo: Fragment b4eebe26-0f45-4dee-903e-d1fdc93bd52e \\n                    b\reached end of life because uncritical.\\ninfo: Object b4e\\n                    b\ebe26-0f45-4dee-903e-d1fdc93bd52e reached end of life.\\ni\\n                    b\nfo: ObjectTrajectory Written: PySara.OBC.b4eebe26-0f45-\\n                    b\4dee-903e-d1fdc93bd52e_Trajectory.txt\\ninfo: GnuPlotGener\\n                    b\ation::GenerateSingleObjectScript Wrote PySara.OBC.b4eeb\\n                    b\e26-0f45-4dee-903e-d1fdc93bd52e.gnu\\ninfo: AeroThermalHis\\n                    b\tory Written: PySara.OBC.b4eebe26-0f45-4dee-903e-d1fdc93\\n                    b\bd52e_AeroThermalHistory.txt\\ninfo: EVENT end b4eebe26-0f\\n                    b\45-4dee-903e-d1fdc93bd52e 0.000000\\ninfo: Adding 0 new fr\\n                    b\agments to fragmentList.\\ninfo: Starting propagation of F\\n                    b\ragment with uniqueID f03116e5-b2c9-4716-881e-afee906652\\n                    b\29.\\ninfo: EVENT area f03116e5-b2c9-4716-881e-afee9066522\\n                    b\9 0.005013\\ninfo: EVENT start f03116e5-b2c9-4716-881e-afe\\n                    b\e90665229 0.094000 0.005013 2024-12-25T06:53:57\\ninfo: Ob\\n                    b\ject f03116e5-b2c9-4716-881e-afee90665229 demised.\\ninfo:\\n                    b\ EVENT object f03116e5-b2c9-4716-881e-afee90665229 demis\\n                    b\e\\ninfo: Fragment f03116e5-b2c9-4716-881e-afee90665229 re\\n                    b\ached end of life because uncritical.\\ninfo: Object f0311\\n                    b\6e5-b2c9-4716-881e-afee90665229 reached end of life.\\ninf\\n                    b\o: ObjectTrajectory Written: PySara.COMM.f03116e5-b2c9-4\\n                    b\716-881e-afee90665229_Trajectory.txt\\ninfo: GnuPlotGenera\\n                    b\tion::GenerateSingleObjectScript Wrote PySara.COMM.f0311\\n                    b\6e5-b2c9-4716-881e-afee90665229.gnu\\ninfo: AeroThermalHis\\n                    b\tory Written: PySara.COMM.f03116e5-b2c9-4716-881e-afee90\\n                    b\665229_AeroThermalHistory.txt\\ninfo: EVENT end f03116e5-b\\n                    b\2c9-4716-881e-afee90665229 0.000000\\ninfo: Adding 0 new f\\n                    b\ragments to fragmentList.\\ninfo: Starting propagation of \\n                    b\Fragment with uniqueID b51424f8-fd76-4e5f-9316-42778b83c\\n                    b\a39.\\ninfo: EVENT area b51424f8-fd76-4e5f-9316-42778b83ca\\n                    b\39 0.007461\\ninfo: EVENT start b51424f8-fd76-4e5f-9316-42\\n                    b\778b83ca39 0.135500 0.007461 2024-12-25T06:53:57\\nwarning\\n                    b\: The altitude is below the lowest value in the data. Th\\n                    b\erefore
the lowest altitude for which data are given is\\n                    b\ used (altitude = 0.000000 m).\\nThis message is shown onl\\n                    b\y once.\\ninfo: Fragment b51424f8-fd76-4e5f-9316-42778b83c\\n                    b\a39 reached end of life because of ground impact.\\ninfo: \\n                    b\Object b51424f8-fd76-4e5f-9316-42778b83ca39 reached end \\n                    b\of life.\\ninfo: EVENT fragment b51424f8-fd76-4e5f-9316-42\\n                    b\778b83ca39 impact\\ninfo: ObjectTrajectory Written: PySara\\n                    b\.PAYLOAD.b51424f8-fd76-4e5f-9316-42778b83ca39_Trajectory\\n                    b\.txt\\ninfo: GnuPlotGeneration::GenerateSingleObjectScript\\n                    b\ Wrote PySara.PAYLOAD.b51424f8-fd76-4e5f-9316-42778b83ca\\n                    b\39.gnu\\ninfo: AeroThermalHistory Written: PySara.PAYLOAD.\\n                    b\b51424f8-fd76-4e5f-9316-42778b83ca39_AeroThermalHistory.\\n                    b\txt\\ninfo: EVENT end b51424f8-fd76-4e5f-9316-42778b83ca39\\n                    b\ 0.135500\\ninfo: Adding 0 new fragments to fragmentLi\\n                    b\st.\\ninfo: Starting propagation of Fragment with uniqueID\\n                    b\ cb109bb6-e00d-4d1e-88f9-d77e3396d29e.\\ninfo: EVENT area \\n                    b\cb109bb6-e00d-4d1e-88f9-d77e3396d29e 0.005200\\ninfo: EVEN\\n                    b\T start cb109bb6-e00d-4d1e-88f9-d77e3396d29e 0.008330 0.\\n                    b\005200 2024-12-25T06:53:57\\ninfo: Object cb109bb6-e00d-4d\\n                    b\1e-88f9-d77e3396d29e demised.\\ninfo: EVENT object cb109bb\\n                    b\6-e00d-4d1e-88f9-d77e3396d29e demise\\ninfo: Fragment cb10\\n                    b\9bb6-e00d-4d1e-88f9-d77e3396d29e reached end of life bec\\n                    b\ause uncritical.\\ninfo: Object cb109bb6-e00d-4d1e-88f9-d7\\n                    b\7e3396d29e reached end of life.\\ninfo: ObjectTrajectory W\\n                    b\ritten: PySara.SOLAR_PANEL_+X.cb109bb6-e00d-4d1e-88f9-d7\\n                    b\7e3396d29e_Trajectory.txt\\ninfo: GnuPlotGeneration::Gener\\n                    b\ateSingleObjectScript Wrote PySara.SOLAR_PANEL_+X.cb109b\\n                    b\b6-e00d-4d1e-88f9-d77e3396d29e.gnu\\ninfo: AeroThermalHist\\n                    b\ory Written: PySara.SOLAR_PANEL_+X.cb109bb6-e00d-4d1e-88\\n                    b\f9-d77e3396d29e_AeroThermalHistory.txt\\ninfo: EVENT end c\\n                    b\b109bb6-e00d-4d1e-88f9-d77e3396d29e 0.000000\\ninfo: Addin\\n                    b\g 0 new fragments to fragmentList.\\ninfo: Starting propag\\n                    b\ation of Fragment with uniqueID 14293697-d071-44f0-a193-\\n                    b\a06ad36408cf.\\ninfo: EVENT area 14293697-d071-44f0-a193-a\\n                    b\06ad36408cf 0.005200\\ninfo: EVENT start 14293697-d071-44f\\n                    b\0-a193-a06ad36408cf 0.008330 0.005200 2024-12-25T06:53:5\\n                    b\7\\ninfo: Object 14293697-d071-44f0-a193-a06ad36408cf demi\\n                    b\sed.\\ninfo: EVENT object 14293697-d071-44f0-a193-a06ad364\\n                    b\08cf demise\\ninfo: Fragment 14293697-d071-44f0-a193-a06ad\\n                    b\36408cf reached end of life because uncritical.\\ninfo: Ob\\n                    b\ject 14293697-d071-44f0-a193-a06ad36408cf reached end of\\n                    b\ life.\\ninfo: ObjectTrajectory Written: PySara.SOLAR_PANE\\n                    b\L_-X.14293697-d071-44f0-a193-a06ad36408cf_Trajectory.txt\\n                    b\\\ninfo: GnuPlotGeneration::GenerateSingleObjectScript Wro\\n                    b\te PySara.SOLAR_PANEL_-X.14293697-d071-44f0-a193-a06ad36\\n                    b\408cf.gnu\\ninfo: AeroThermalHistory Written: PySara.SOLAR\\n                    b\_PANEL_-X.14293697-d071-44f0-a193-a06ad36408cf_AeroTherm\\n                    b\alHistory.txt\\ninfo: EVENT end 14293697-d071-44f0-a193-a0\\n                    b\6ad36408cf 0.000000\\ninfo: Adding 0 new fragments to frag\\n                    b\mentList.\\ninfo: Starting propagation of Fragment with un\\n                    b\iqueID 909d6c11-5860-4faf-95ad-9caca83cbaab.\\ninfo: EVENT\\n                    b\ area 909d6c11-5860-4faf-95ad-9caca83cbaab 0.005200\\ninfo\\n                    b\: EVENT start 909d6c11-5860-4faf-95ad-9caca83cbaab 0.008\\n                    b\330 0.005200 2024-12-25T06:53:57\\ninfo: Object 909d6c11-5\\n                    b\860-4faf-95ad-9caca83cbaab demised.\\ninfo: EVENT object 9\\n                    b\09d6c11-5860-4faf-95ad-9caca83cbaab demise\\ninfo: Fragmen\\n                    b\t 909d6c11-5860-4faf-95ad-9caca83cbaab reached end of li\\n                    b\fe because uncritical.\\ninfo: Object 909d6c11-5860-4faf-9\\n                    b\5ad-9caca83cbaab reached end of life.\\ninfo: ObjectTrajec\\n                    b\tory Written: PySara.SOLAR_PANEL+Y.909d6c11-5860-4faf-95\\n                    b\ad-9caca83cbaab_Trajectory.txt\\ninfo: GnuPlotGeneration::\\n                    b\GenerateSingleObjectScript Wrote PySara.SOLAR_PANEL+Y.90\\n                    b\9d6c11-5860-4faf-95ad-9caca83cbaab.gnu\\ninfo: AeroThermal\\n                    b\History Written: PySara.SOLAR_PANEL+Y.909d6c11-5860-4faf\\n                    b\-95ad-9caca83cbaab_AeroThermalHistory.txt\\ninfo: EVENT en\\n                    b\d 909d6c11-5860-4faf-95ad-9caca83cbaab 0.000000\\ninfo: Ad\\n                    b\ding 0 new fragments to fragmentList.\\ninfo: Starting pro\\n                    b\pagation of Fragment with uniqueID 977a7ad8-0dc4-41a0-85\\n                    b\65-8459b641d630.\\ninfo: EVENT area 977a7ad8-0dc4-41a0-856\\n                    b\5-8459b641d630 0.000100\\ninfo: EVENT start 977a7ad8-0dc4-\\n                    b\41a0-8565-8459b641d630 0.008330 0.000100 2024-12-25T06:5\\n                    b\3:57\\nerror: GetLinear x is not a valid number in Interpo\\n                    b\lation::GetLinear()\\nfatal: Out of range exception in Get\\n                    b\Linear in CalculateParameter for property emissivity: st\\n                    b\d::exception\,\n  \risk_logfile\: \not running risk\,\n  \risk_output\: b\not running risk\,\n  \status\: \error in reentry\}
2026-08-04 20:21:05,351 - INFO - dmf.workflows.DmfWorkflow - Workflow 895a7f2e-89a1-4464-82e7-64aea3936383 finished with error
2026-08-04 20:21:05,388 - INFO - dmf.workflows.DmfWorkflow - Cancelling workflow 895a7f2e-89a1-4464-82e7-64aea3936383 due to error in processes
2026-08-04 20:21:05,388 - ERROR - dmf.workflows.analysis_modules.SaraOnlyWorkflow - Errors in workflow
2026-08-04 20:21:08,593 - ERROR - dmf.workflows.analysis_modules.SaraOnlyWorkflow - Errors in workflow